{"time":"2026-07-21 18:37:18,028","level":"INFO","node":1,"msg":"Starting node 1: Suburban Medical Clinic"}
{"time":"2026-07-21 18:37:18,028","level":"INFO","node":1,"msg":"[CONFIG DEBUG] attack_simulation loaded: enabled=True target_node=2 type=stale_update config_path=config_dev.json"}
{"time":"2026-07-21 18:37:18,090","level":"WARNING","node":1,"msg":"DEV MODE: running without TLS"}
{"time":"2026-07-21 18:37:18,090","level":"INFO","node":1,"msg":"Listening on 127.0.0.1:8001 | TLS=False"}
{"time":"2026-07-21 18:37:23,112","level":"INFO","node":1,"msg":"Sent public key to node 0"}
{"time":"2026-07-21 18:37:23,122","level":"INFO","node":1,"msg":"Sent consensus pubkey to node 0"}
{"time":"2026-07-21 18:37:23,136","level":"INFO","node":1,"msg":"Sent public key to node 2"}
{"time":"2026-07-21 18:37:23,137","level":"INFO","node":1,"msg":"Sent consensus pubkey to node 2"}
{"time":"2026-07-21 18:37:23,156","level":"INFO","node":1,"msg":"Sent consensus pubkey to node 3"}
{"time":"2026-07-21 18:37:23,159","level":"INFO","node":1,"msg":"Sent public key to node 3"}
{"time":"2026-07-21 18:37:24,216","level":"INFO","node":1,"msg":"Key exchange complete with node 2"}
{"time":"2026-07-21 18:37:24,232","level":"INFO","node":1,"msg":"Consensus pubkey received from node 2"}
{"time":"2026-07-21 18:37:24,978","level":"INFO","node":1,"msg":"Key exchange complete with node 3"}
{"time":"2026-07-21 18:37:24,984","level":"INFO","node":1,"msg":"Consensus pubkey received from node 3"}
{"time":"2026-07-21 18:37:34,750","level":"INFO","node":1,"msg":"Key exchange complete with node 0"}
{"time":"2026-07-21 18:37:34,785","level":"INFO","node":1,"msg":"Consensus pubkey received from node 0"}
{"time":"2026-07-21 18:37:41,891","level":"INFO","node":1,"msg":"Proposal received: round=0 origin=0 hash=b575046dfef9..."}
{"time":"2026-07-21 18:37:41,943","level":"INFO","node":1,"msg":"Consensus vote recorded: node 0 decision=True reason=zkp_ok round=0 new=True satisfied=False"}
{"time":"2026-07-21 18:37:41,966","level":"INFO","node":1,"msg":"Received update from node 0, round 0"}
{"time":"2026-07-21 18:37:51,877","level":"INFO","node":1,"msg":"ZKP ACCEPTED from node 0"}
{"time":"2026-07-21 18:37:51,885","level":"INFO","node":1,"msg":"Trust score for node 0: S=0.429 (Z=1.00 A=0.50 P=0.50 R=1.00) advisory only"}
{"time":"2026-07-21 18:37:51,905","level":"INFO","node":1,"msg":"Sent consensus vote to node 0"}
{"time":"2026-07-21 18:37:51,910","level":"INFO","node":1,"msg":"Sent consensus vote to node 2"}
{"time":"2026-07-21 18:37:51,924","level":"INFO","node":1,"msg":"Sent consensus vote to node 3"}
{"time":"2026-07-21 18:37:53,081","level":"WARNING","node":1,"msg":"ZKP norm violation (clipping applied): slack=-186326, retry=0"}
{"time":"2026-07-21 18:37:59,096","level":"INFO","node":1,"msg":"Forwarded to http://127.0.0.1:8002"}
{"time":"2026-07-21 18:38:08,604","level":"INFO","node":1,"msg":"Prediction agreement with node 2 round=0: A=0.638"}
{"time":"2026-07-21 18:38:08,604","level":"INFO","node":1,"msg":"Consensus vote recorded: node 2 decision=True reason=zkp_ok round=0 new=True satisfied=True"}
{"time":"2026-07-21 18:38:25,225","level":"INFO","node":1,"msg":"Prediction agreement with node 3 round=0: A=0.740"}
{"time":"2026-07-21 18:38:25,225","level":"INFO","node":1,"msg":"Consensus vote recorded: node 3 decision=True reason=zkp_ok round=0 new=True satisfied=True"}
{"time":"2026-07-21 18:38:32,167","level":"INFO","node":1,"msg":"Synced weights from master for round 0"}
{"time":"2026-07-21 18:38:32,189","level":"INFO","node":1,"msg":"Sent commit vote to node 0"}
{"time":"2026-07-21 18:38:32,258","level":"INFO","node":1,"msg":"My turn — starting round 2 as proposer."}
{"time":"2026-07-21 18:38:32,258","level":"INFO","node":1,"msg":"Starting round 2"}
{"time":"2026-07-21 18:38:38,544","level":"INFO","node":1,"msg":"Sent proposal to node 0"}
{"time":"2026-07-21 18:38:38,561","level":"INFO","node":1,"msg":"Sent proposal to node 2"}
{"time":"2026-07-21 18:38:38,580","level":"INFO","node":1,"msg":"Sent proposal to node 3"}
{"time":"2026-07-21 18:38:38,590","level":"INFO","node":1,"msg":"Sent consensus vote to node 0"}
{"time":"2026-07-21 18:38:38,594","level":"INFO","node":1,"msg":"Sent consensus vote to node 2"}
{"time":"2026-07-21 18:38:38,600","level":"INFO","node":1,"msg":"Sent consensus vote to node 3"}
{"time":"2026-07-21 18:38:38,620","level":"INFO","node":1,"msg":"Forwarded to http://127.0.0.1:8002"}
{"time":"2026-07-21 18:38:48,267","level":"INFO","node":1,"msg":"Consensus vote recorded: node 2 decision=True reason=zkp_ok round=1 new=True satisfied=False"}
{"time":"2026-07-21 18:39:03,996","level":"INFO","node":1,"msg":"Consensus vote recorded: node 3 decision=True reason=zkp_ok round=1 new=True satisfied=True"}
{"time":"2026-07-21 18:39:19,598","level":"INFO","node":1,"msg":"Consensus vote recorded: node 0 decision=True reason=zkp_ok round=1 new=True satisfied=True"}
{"time":"2026-07-21 18:39:25,600","level":"INFO","node":1,"msg":"Received update from node 0, round 1"}
{"time":"2026-07-21 18:39:25,600","level":"INFO","node":1,"msg":"Round 2 complete — aggregating"}
{"time":"2026-07-21 18:39:25,600","level":"INFO","node":1,"msg":"Round 2 accuracy gate skipped (warm-up period, candidate_acc=0.6818)"}
{"time":"2026-07-21 18:39:25,626","level":"INFO","node":1,"msg":"Commit vote recorded: node 0 decision=True round=1 satisfied=False"}
{"time":"2026-07-21 18:39:25,630","level":"INFO","node":1,"msg":"Broadcast weights to node 0"}
{"time":"2026-07-21 18:39:25,649","level":"INFO","node":1,"msg":"Commit vote recorded: node 2 decision=True round=1 satisfied=True"}
{"time":"2026-07-21 18:39:25,650","level":"INFO","node":1,"msg":"Round 2 COMMITTED — model hash agreed by [1, 0, 2]"}
{"time":"2026-07-21 18:39:25,654","level":"INFO","node":1,"msg":"Commit certificate saved to C:\Users\mousu\OneDrive\Desktop\Set A\securefedhe\dashboard\certificates\round_1.json"}
{"time":"2026-07-21 18:39:25,659","level":"INFO","node":1,"msg":"Broadcast weights to node 2"}
{"time":"2026-07-21 18:39:25,684","level":"INFO","node":1,"msg":"Commit vote recorded: node 3 decision=True round=1 satisfied=True"}
{"time":"2026-07-21 18:39:25,686","level":"INFO","node":1,"msg":"Broadcast weights to node 3"}
{"time":"2026-07-21 18:39:25,693","level":"INFO","node":1,"msg":"Checkpoint saved to C:\Users\mousu\OneDrive\Desktop\Set A\securefedhe\dashboard\model_latest.pt"}
{"time":"2026-07-21 18:39:25,693","level":"INFO","node":1,"msg":"Round 2 complete | accuracy=0.6818 | duration=53.43s"}
{"time":"2026-07-21 18:39:25,693","level":"INFO","node":1,"msg":"Round 3 belongs to node 2 — waiting for their proposal."}
{"time":"2026-07-21 18:39:25,697","level":"INFO","node":1,"msg":"Notified next proposer to node 2"}
{"time":"2026-07-21 18:39:31,930","level":"INFO","node":1,"msg":"Proposal received: round=2 origin=2 hash=691f6749da4b..."}
{"time":"2026-07-21 18:39:31,970","level":"INFO","node":1,"msg":"Consensus vote recorded: node 2 decision=True reason=zkp_ok round=2 new=True satisfied=False"}
{"time":"2026-07-21 18:39:41,558","level":"INFO","node":1,"msg":"Consensus vote recorded: node 3 decision=True reason=zkp_ok round=2 new=True satisfied=False"}
{"time":"2026-07-21 18:39:57,527","level":"INFO","node":1,"msg":"Consensus vote recorded: node 0 decision=True reason=zkp_ok round=2 new=True satisfied=True"}
{"time":"2026-07-21 18:40:03,568","level":"INFO","node":1,"msg":"Received update from node 0, round 2"}
{"time":"2026-07-21 18:40:13,247","level":"INFO","node":1,"msg":"ZKP ACCEPTED from node 0"}
{"time":"2026-07-21 18:40:13,252","level":"INFO","node":1,"msg":"Trust score for node 2: S=0.431 (Z=1.00 A=0.50 P=0.52 R=1.00) advisory only"}
{"time":"2026-07-21 18:40:13,265","level":"INFO","node":1,"msg":"Sent consensus vote to node 0"}
{"time":"2026-07-21 18:40:13,275","level":"INFO","node":1,"msg":"Sent consensus vote to node 2"}
{"time":"2026-07-21 18:40:13,290","level":"INFO","node":1,"msg":"Sent consensus vote to node 3"}
{"time":"2026-07-21 18:40:19,406","level":"INFO","node":1,"msg":"Forwarded to http://127.0.0.1:8002"}
{"time":"2026-07-21 18:40:19,475","level":"INFO","node":1,"msg":"Synced weights from master for round 2"}
{"time":"2026-07-21 18:40:19,493","level":"INFO","node":1,"msg":"Sent commit vote to node 2"}
{"time":"2026-07-21 18:40:25,758","level":"INFO","node":1,"msg":"Proposal received: round=3 origin=3 hash=e426bb641e64..."}
{"time":"2026-07-21 18:40:25,774","level":"INFO","node":1,"msg":"Consensus vote recorded: node 3 decision=True reason=zkp_ok round=3 new=True satisfied=False"}
{"time":"2026-07-21 18:40:35,473","level":"INFO","node":1,"msg":"Consensus vote recorded: node 0 decision=True reason=zkp_ok round=3 new=True satisfied=False"}
{"time":"2026-07-21 18:40:41,547","level":"INFO","node":1,"msg":"Received update from node 0, round 3"}
{"time":"2026-07-21 18:40:51,202","level":"INFO","node":1,"msg":"ZKP ACCEPTED from node 0"}
{"time":"2026-07-21 18:40:51,222","level":"INFO","node":1,"msg":"Trust score for node 3: S=0.436 (Z=1.00 A=0.50 P=0.55 R=1.00) advisory only"}
{"time":"2026-07-21 18:40:51,244","level":"INFO","node":1,"msg":"Sent consensus vote to node 0"}
{"time":"2026-07-21 18:40:51,251","level":"INFO","node":1,"msg":"Sent consensus vote to node 2"}
{"time":"2026-07-21 18:40:51,265","level":"INFO","node":1,"msg":"Sent consensus vote to node 3"}
{"time":"2026-07-21 18:40:57,433","level":"INFO","node":1,"msg":"Forwarded to http://127.0.0.1:8002"}
{"time":"2026-07-21 18:41:07,143","level":"INFO","node":1,"msg":"Prediction agreement with node 2 round=3: A=0.929"}
{"time":"2026-07-21 18:41:07,143","level":"INFO","node":1,"msg":"Consensus vote recorded: node 2 decision=True reason=zkp_ok round=3 new=True satisfied=True"}
{"time":"2026-07-21 18:41:13,246","level":"INFO","node":1,"msg":"Synced weights from master for round 3"}
{"time":"2026-07-21 18:41:13,274","level":"INFO","node":1,"msg":"Sent commit vote to node 3"}
{"time":"2026-07-21 18:41:19,420","level":"INFO","node":1,"msg":"Proposal received: round=4 origin=0 hash=efea77482906..."}
{"time":"2026-07-21 18:41:19,454","level":"INFO","node":1,"msg":"Consensus vote recorded: node 0 decision=True reason=zkp_ok round=4 new=True satisfied=False"}
{"time":"2026-07-21 18:41:19,470","level":"INFO","node":1,"msg":"Received update from node 0, round 4"}
{"time":"2026-07-21 18:41:29,184","level":"INFO","node":1,"msg":"ZKP ACCEPTED from node 0"}
{"time":"2026-07-21 18:41:29,192","level":"INFO","node":1,"msg":"Per-class agreement with node 0: class0=0.770 class1=0.726 gap=0.044"}
{"time":"2026-07-21 18:41:29,192","level":"INFO","node":1,"msg":"Per-class rolling gap for node 0: mean=0.044 over last 1 round(s)"}
{"time":"2026-07-21 18:41:29,194","level":"INFO","node":1,"msg":"Trust score for node 0: S=0.676 (Z=1.00 A=0.76 P=0.63 R=1.00) advisory only"}
{"time":"2026-07-21 18:41:29,205","level":"INFO","node":1,"msg":"Sent consensus vote to node 0"}
{"time":"2026-07-21 18:41:29,228","level":"INFO","node":1,"msg":"Sent consensus vote to node 2"}
{"time":"2026-07-21 18:41:29,251","level":"INFO","node":1,"msg":"Sent consensus vote to node 3"}
{"time":"2026-07-21 18:41:35,248","level":"INFO","node":1,"msg":"Forwarded to http://127.0.0.1:8002"}
{"time":"2026-07-21 18:41:45,055","level":"INFO","node":1,"msg":"Prediction agreement with node 2 round=4: A=0.927"}
{"time":"2026-07-21 18:41:45,056","level":"INFO","node":1,"msg":"Consensus vote recorded: node 2 decision=True reason=zkp_ok round=4 new=True satisfied=True"}
{"time":"2026-07-21 18:42:00,826","level":"INFO","node":1,"msg":"Prediction agreement with node 3 round=4: A=0.984"}
{"time":"2026-07-21 18:42:00,827","level":"INFO","node":1,"msg":"Consensus vote recorded: node 3 decision=True reason=zkp_ok round=4 new=True satisfied=True"}
{"time":"2026-07-21 18:42:06,812","level":"INFO","node":1,"msg":"Synced weights from master for round 4"}
{"time":"2026-07-21 18:42:06,840","level":"INFO","node":1,"msg":"Sent commit vote to node 0"}
{"time":"2026-07-21 18:42:06,910","level":"INFO","node":1,"msg":"My turn — starting round 6 as proposer."}
{"time":"2026-07-21 18:42:06,911","level":"INFO","node":1,"msg":"Starting round 6"}
{"time":"2026-07-21 18:42:07,086","level":"WARNING","node":1,"msg":"ZKP norm violation (clipping applied): slack=-244685, retry=0"}
{"time":"2026-07-21 18:42:13,209","level":"INFO","node":1,"msg":"Sent proposal to node 0"}
{"time":"2026-07-21 18:42:13,228","level":"INFO","node":1,"msg":"Sent proposal to node 2"}
{"time":"2026-07-21 18:42:13,234","level":"INFO","node":1,"msg":"Sent proposal to node 3"}
{"time":"2026-07-21 18:42:13,240","level":"INFO","node":1,"msg":"Sent consensus vote to node 0"}
{"time":"2026-07-21 18:42:13,245","level":"INFO","node":1,"msg":"Sent consensus vote to node 2"}
{"time":"2026-07-21 18:42:13,249","level":"INFO","node":1,"msg":"Sent consensus vote to node 3"}
{"time":"2026-07-21 18:42:13,256","level":"INFO","node":1,"msg":"Forwarded to http://127.0.0.1:8002"}
{"time":"2026-07-21 18:42:22,924","level":"INFO","node":1,"msg":"Consensus vote recorded: node 2 decision=True reason=zkp_ok round=5 new=True satisfied=False"}
{"time":"2026-07-21 18:42:38,476","level":"INFO","node":1,"msg":"Consensus vote recorded: node 3 decision=True reason=zkp_ok round=5 new=True satisfied=True"}
{"time":"2026-07-21 18:42:54,128","level":"INFO","node":1,"msg":"Consensus vote recorded: node 0 decision=True reason=zkp_ok round=5 new=True satisfied=True"}
{"time":"2026-07-21 18:43:00,178","level":"INFO","node":1,"msg":"Received update from node 0, round 5"}
{"time":"2026-07-21 18:43:00,178","level":"INFO","node":1,"msg":"Round 6 complete — aggregating"}
{"time":"2026-07-21 18:43:00,214","level":"INFO","node":1,"msg":"[BACKDOOR PROBE] Round 6 clean — worst case flip_rate=1.000 jump=0.264 (feature=1, value=-4.0)"}
{"time":"2026-07-21 18:43:00,227","level":"INFO","node":1,"msg":"Commit vote recorded: node 0 decision=True round=5 satisfied=False"}
{"time":"2026-07-21 18:43:00,229","level":"INFO","node":1,"msg":"Broadcast weights to node 0"}
{"time":"2026-07-21 18:43:00,244","level":"INFO","node":1,"msg":"Commit vote recorded: node 2 decision=True round=5 satisfied=True"}
{"time":"2026-07-21 18:43:00,244","level":"INFO","node":1,"msg":"Round 6 COMMITTED — model hash agreed by [1, 0, 2]"}
{"time":"2026-07-21 18:43:00,246","level":"INFO","node":1,"msg":"Commit certificate saved to C:\Users\mousu\OneDrive\Desktop\Set A\securefedhe\dashboard\certificates\round_5.json"}
{"time":"2026-07-21 18:43:00,250","level":"INFO","node":1,"msg":"Broadcast weights to node 2"}
{"time":"2026-07-21 18:43:00,292","level":"INFO","node":1,"msg":"Commit vote recorded: node 3 decision=True round=5 satisfied=True"}
{"time":"2026-07-21 18:43:00,293","level":"INFO","node":1,"msg":"Broadcast weights to node 3"}
{"time":"2026-07-21 18:43:00,295","level":"INFO","node":1,"msg":"Checkpoint saved to C:\Users\mousu\OneDrive\Desktop\Set A\securefedhe\dashboard\model_latest.pt"}
{"time":"2026-07-21 18:43:00,295","level":"INFO","node":1,"msg":"Round 6 complete | accuracy=0.8545 | duration=53.38s"}
{"time":"2026-07-21 18:43:00,295","level":"INFO","node":1,"msg":"Round 7 belongs to node 2 — waiting for their proposal."}
{"time":"2026-07-21 18:43:00,299","level":"INFO","node":1,"msg":"Notified next proposer to node 2"}
{"time":"2026-07-21 18:43:06,305","level":"INFO","node":1,"msg":"Proposal received: round=6 origin=2 hash=0749f768bf46..."}
{"time":"2026-07-21 18:43:06,340","level":"INFO","node":1,"msg":"Consensus vote recorded: node 2 decision=True reason=zkp_ok round=6 new=True satisfied=False"}
{"time":"2026-07-21 18:43:16,027","level":"INFO","node":1,"msg":"Consensus vote recorded: node 3 decision=False reason=stale_update_replay round=6 new=True satisfied=False"}
{"time":"2026-07-21 18:43:31,773","level":"INFO","node":1,"msg":"Consensus vote recorded: node 0 decision=False reason=stale_update_replay round=6 new=True satisfied=False"}
{"time":"2026-07-21 18:43:37,740","level":"INFO","node":1,"msg":"Received update from node 0, round 6"}
{"time":"2026-07-21 18:43:47,402","level":"INFO","node":1,"msg":"ZKP ACCEPTED from node 0"}
{"time":"2026-07-21 18:43:47,402","level":"WARNING","node":1,"msg":"[STALE-UPDATE CHECK] node 1 observed node 2 resending identical slack (89999755619) as last round — REJECTING as replayed/stale update"}
{"time":"2026-07-21 18:43:47,402","level":"INFO","node":1,"msg":"Per-class agreement with node 2: class0=0.919 class1=0.915 gap=0.004"}
{"time":"2026-07-21 18:43:47,402","level":"INFO","node":1,"msg":"Per-class rolling gap for node 2: mean=0.004 over last 1 round(s)"}
{"time":"2026-07-21 18:43:47,408","level":"INFO","node":1,"msg":"Trust score for node 2: S=0.739 (Z=1.00 A=0.92 P=0.32 R=1.00) advisory only"}
{"time":"2026-07-21 18:43:47,408","level":"WARNING","node":1,"msg":"Update round=6 from node 2 REJECTED on stale-update replay: identical slack to previous round"}
{"time":"2026-07-21 18:43:47,418","level":"INFO","node":1,"msg":"Sent consensus vote to node 0"}
{"time":"2026-07-21 18:43:47,428","level":"INFO","node":1,"msg":"Sent consensus vote to node 2"}
{"time":"2026-07-21 18:43:47,452","level":"INFO","node":1,"msg":"Sent consensus vote to node 3"}
{"time":"2026-07-21 18:43:53,570","level":"INFO","node":1,"msg":"Forwarded to http://127.0.0.1:8002"}
{"time":"2026-07-21 18:44:00,269","level":"INFO","node":1,"msg":"Proposal received: round=6 origin=2 hash=0749f768bf46..."}
{"time":"2026-07-21 18:44:00,294","level":"INFO","node":1,"msg":"Consensus vote recorded: node 2 decision=True reason=zkp_ok round=6 new=False satisfied=False"}
{"time":"2026-07-21 18:44:09,904","level":"INFO","node":1,"msg":"Prediction agreement with node 3 round=6: A=0.966"}
{"time":"2026-07-21 18:44:09,904","level":"INFO","node":1,"msg":"Consensus vote recorded: node 3 decision=False reason=stale_update_replay round=6 new=False satisfied=False"}
{"time":"2026-07-21 18:44:25,561","level":"INFO","node":1,"msg":"Prediction agreement with node 0 round=6: A=0.958"}
{"time":"2026-07-21 18:44:25,562","level":"INFO","node":1,"msg":"Consensus vote recorded: node 0 decision=False reason=stale_update_replay round=6 new=False satisfied=False"}
{"time":"2026-07-21 18:44:31,569","level":"INFO","node":1,"msg":"Received update from node 0, round 6"}
{"time":"2026-07-21 18:44:41,145","level":"INFO","node":1,"msg":"ZKP ACCEPTED from node 0"}
{"time":"2026-07-21 18:44:41,145","level":"WARNING","node":1,"msg":"[STALE-UPDATE CHECK] node 1 observed node 2 resending identical slack (89999755619) as last round — REJECTING as replayed/stale update"}
{"time":"2026-07-21 18:44:41,145","level":"INFO","node":1,"msg":"fc_in col7 delta self-cosine for node 2: -0.3861 (delta_norm=0.1453)"}
{"time":"2026-07-21 18:44:41,145","level":"INFO","node":1,"msg":"Per-class agreement with node 2: class0=0.865 class1=0.883 gap=0.018"}
{"time":"2026-07-21 18:44:41,145","level":"INFO","node":1,"msg":"Per-class rolling gap for node 2: mean=0.011 over last 2 round(s)"}
{"time":"2026-07-21 18:44:41,155","level":"INFO","node":1,"msg":"Trust score for node 2: S=0.627 (Z=1.00 A=0.87 P=0.17 R=0.80) advisory only"}
{"time":"2026-07-21 18:44:41,155","level":"WARNING","node":1,"msg":"Update round=6 from node 2 REJECTED on stale-update replay: identical slack to previous round"}
{"time":"2026-07-21 18:44:41,177","level":"INFO","node":1,"msg":"Sent consensus vote to node 0"}
{"time":"2026-07-21 18:44:41,186","level":"INFO","node":1,"msg":"Sent consensus vote to node 2"}
{"time":"2026-07-21 18:44:41,197","level":"INFO","node":1,"msg":"Sent consensus vote to node 3"}
{"time":"2026-07-21 18:44:47,365","level":"INFO","node":1,"msg":"Forwarded to http://127.0.0.1:8002"}
{"time":"2026-07-21 18:44:53,986","level":"INFO","node":1,"msg":"Proposal received: round=6 origin=2 hash=0749f768bf46..."}
{"time":"2026-07-21 18:44:54,000","level":"INFO","node":1,"msg":"Consensus vote recorded: node 2 decision=True reason=zkp_ok round=6 new=False satisfied=False"}
{"time":"2026-07-21 18:45:03,677","level":"INFO","node":1,"msg":"Prediction agreement with node 3 round=6: A=0.800"}
{"time":"2026-07-21 18:45:03,677","level":"INFO","node":1,"msg":"Consensus vote recorded: node 3 decision=False reason=stale_update_replay round=6 new=False satisfied=False"}
{"time":"2026-07-21 18:45:19,295","level":"INFO","node":1,"msg":"Prediction agreement with node 0 round=6: A=0.840"}
{"time":"2026-07-21 18:45:19,296","level":"INFO","node":1,"msg":"Consensus vote recorded: node 0 decision=False reason=stale_update_replay round=6 new=False satisfied=False"}
{"time":"2026-07-21 18:45:25,179","level":"INFO","node":1,"msg":"Received update from node 0, round 6"}
{"time":"2026-07-21 18:45:34,769","level":"INFO","node":1,"msg":"ZKP ACCEPTED from node 0"}
{"time":"2026-07-21 18:45:34,769","level":"WARNING","node":1,"msg":"[STALE-UPDATE CHECK] node 1 observed node 2 resending identical slack (89999755619) as last round — REJECTING as replayed/stale update"}
{"time":"2026-07-21 18:45:34,769","level":"INFO","node":1,"msg":"fc_in col7 delta self-cosine for node 2: -0.4813 (delta_norm=0.1590)"}
{"time":"2026-07-21 18:45:34,784","level":"INFO","node":1,"msg":"Per-class agreement with node 2: class0=0.976 class1=0.960 gap=0.016"}
{"time":"2026-07-21 18:45:34,784","level":"INFO","node":1,"msg":"Per-class rolling gap for node 2: mean=0.013 over last 3 round(s)"}
{"time":"2026-07-21 18:45:34,787","level":"INFO","node":1,"msg":"Trust score for node 2: S=0.678 (Z=1.00 A=0.97 P=0.25 R=0.60) advisory only"}
{"time":"2026-07-21 18:45:34,787","level":"WARNING","node":1,"msg":"Update round=6 from node 2 REJECTED on stale-update replay: identical slack to previous round"}
{"time":"2026-07-21 18:45:34,820","level":"INFO","node":1,"msg":"Sent consensus vote to node 0"}
{"time":"2026-07-21 18:45:34,848","level":"INFO","node":1,"msg":"Sent consensus vote to node 2"}
{"time":"2026-07-21 18:45:34,889","level":"INFO","node":1,"msg":"Sent consensus vote to node 3"}
{"time":"2026-07-21 18:45:40,904","level":"INFO","node":1,"msg":"Forwarded to http://127.0.0.1:8002"}
{"time":"2026-07-21 18:45:47,512","level":"INFO","node":1,"msg":"Proposal received: round=6 origin=2 hash=0749f768bf46..."}
{"time":"2026-07-21 18:45:47,537","level":"INFO","node":1,"msg":"Consensus vote recorded: node 2 decision=True reason=zkp_ok round=6 new=False satisfied=False"}
{"time":"2026-07-21 18:45:57,102","level":"INFO","node":1,"msg":"Prediction agreement with node 3 round=6: A=0.794"}
{"time":"2026-07-21 18:45:57,103","level":"INFO","node":1,"msg":"Consensus vote recorded: node 3 decision=False reason=stale_update_replay round=6 new=False satisfied=False"}
{"time":"2026-07-21 18:46:12,708","level":"INFO","node":1,"msg":"Prediction agreement with node 0 round=6: A=0.854"}
{"time":"2026-07-21 18:46:12,709","level":"INFO","node":1,"msg":"Consensus vote recorded: node 0 decision=False reason=stale_update_replay round=6 new=False satisfied=False"}
{"time":"2026-07-21 18:46:18,703","level":"INFO","node":1,"msg":"Received update from node 0, round 6"}
{"time":"2026-07-21 18:46:28,250","level":"INFO","node":1,"msg":"ZKP ACCEPTED from node 0"}
{"time":"2026-07-21 18:46:28,250","level":"WARNING","node":1,"msg":"[STALE-UPDATE CHECK] node 1 observed node 2 resending identical slack (89999755619) as last round — REJECTING as replayed/stale update"}
{"time":"2026-07-21 18:46:28,250","level":"INFO","node":1,"msg":"fc_in col7 delta self-cosine for node 2: -0.6006 (delta_norm=0.1506)"}
{"time":"2026-07-21 18:46:28,255","level":"INFO","node":1,"msg":"Per-class agreement with node 2: class0=0.979 class1=0.971 gap=0.008"}
{"time":"2026-07-21 18:46:28,255","level":"INFO","node":1,"msg":"Per-class rolling gap for node 2: mean=0.012 over last 4 round(s)"}
{"time":"2026-07-21 18:46:28,257","level":"INFO","node":1,"msg":"Trust score for node 2: S=0.661 (Z=1.00 A=0.98 P=0.32 R=0.40) advisory only"}
{"time":"2026-07-21 18:46:28,257","level":"WARNING","node":1,"msg":"Update round=6 from node 2 REJECTED on stale-update replay: identical slack to previous round"}
{"time":"2026-07-21 18:46:28,272","level":"INFO","node":1,"msg":"Sent consensus vote to node 0"}
{"time":"2026-07-21 18:46:28,292","level":"INFO","node":1,"msg":"Sent consensus vote to node 2"}
{"time":"2026-07-21 18:46:28,302","level":"INFO","node":1,"msg":"Sent consensus vote to node 3"}
{"time":"2026-07-21 18:46:28,418","level":"WARNING","node":1,"msg":"ZKP norm violation (clipping applied): slack=-63826, retry=0"}
{"time":"2026-07-21 18:46:34,464","level":"INFO","node":1,"msg":"Forwarded to http://127.0.0.1:8002"}
{"time":"2026-07-21 18:46:34,468","level":"WARNING","node":1,"msg":"Node 2 accused by node 0, but only 1/3 distinct accusers so far (3f+1 quorum) — NOT excluding yet (avoids a single compromised node unilaterally removing an honest peer)."}
{"time":"2026-07-21 18:46:34,518","level":"INFO","node":1,"msg":"Round 7 skip acknowledged — advancing to round 8"}
{"time":"2026-07-21 18:46:34,518","level":"WARNING","node":1,"msg":"[SKIP STRIKE] round 7 skipped, proposer=2, reason=quorum_failure — recording independent strike"}
{"time":"2026-07-21 18:46:34,518","level":"WARNING","node":1,"msg":"This node independently suspects node 2 (local strikes=5.0) — broadcasting accusation for peer corroboration, NOT excluding unilaterally"}
{"time":"2026-07-21 18:46:34,543","level":"INFO","node":1,"msg":"Sent accusation to node 0"}
{"time":"2026-07-21 18:46:34,553","level":"INFO","node":1,"msg":"Sent accusation to node 2"}
{"time":"2026-07-21 18:46:34,579","level":"INFO","node":1,"msg":"Sent accusation to node 3"}
{"time":"2026-07-21 18:46:34,579","level":"WARNING","node":1,"msg":"Node 2 accused by node 1, but only 2/3 distinct accusers so far (3f+1 quorum) — NOT excluding yet (avoids a single compromised node unilaterally removing an honest peer)."}
{"time":"2026-07-21 18:46:34,618","level":"ERROR","node":1,"msg":"Node 2 EXCLUDED from proposing and quorum. Quorum requirement adjusted to 3 of 3 remaining trusted nodes."}
{"time":"2026-07-21 18:46:44,638","level":"INFO","node":1,"msg":"Node 2 accused by node 3 — already excluded, this accusation is redundant (late-arriving vote)."}
{"time":"2026-07-21 18:47:01,838","level":"INFO","node":1,"msg":"Proposal received: round=7 origin=3 hash=36f93bb058a9..."}
{"time":"2026-07-21 18:47:02,218","level":"INFO","node":1,"msg":"Consensus vote recorded: node 3 decision=True reason=zkp_ok round=7 new=True satisfied=False"}
{"time":"2026-07-21 18:47:07,986","level":"INFO","node":1,"msg":"Proposal for round=7 origin=3 changed hash after 6.15s — treating as a legitimate round retry, not equivocation."}
{"time":"2026-07-21 18:47:07,986","level":"INFO","node":1,"msg":"Proposal received: round=7 origin=3 hash=4d0eb2b38704..."}
{"time":"2026-07-21 18:47:08,063","level":"INFO","node":1,"msg":"Consensus vote recorded: node 3 decision=True reason=zkp_ok round=7 new=True satisfied=False"}
{"time":"2026-07-21 18:47:18,742","level":"INFO","node":1,"msg":"Consensus vote recorded: node 0 decision=True reason=zkp_ok round=7 new=True satisfied=False"}
{"time":"2026-07-21 18:47:25,400","level":"INFO","node":1,"msg":"Consensus vote recorded: node 0 decision=True reason=zkp_ok round=7 new=False satisfied=False"}
{"time":"2026-07-21 18:47:29,519","level":"INFO","node":1,"msg":"Received update from node 0, round 7"}
{"time":"2026-07-21 18:47:35,673","level":"INFO","node":1,"msg":"Received update from node 0, round 7"}
{"time":"2026-07-21 18:47:42,833","level":"INFO","node":1,"msg":"ZKP ACCEPTED from node 0"}
{"time":"2026-07-21 18:47:43,761","level":"INFO","node":1,"msg":"Per-class agreement with node 3: class0=0.933 class1=0.900 gap=0.034"}
{"time":"2026-07-21 18:47:43,792","level":"INFO","node":1,"msg":"Per-class rolling gap for node 3: mean=0.034 over last 1 round(s)"}
{"time":"2026-07-21 18:47:44,393","level":"INFO","node":1,"msg":"Trust score for node 3: S=0.786 (Z=1.00 A=0.92 P=0.48 R=1.00) advisory only"}
{"time":"2026-07-21 18:47:44,539","level":"INFO","node":1,"msg":"Sent consensus vote to node 0"}
{"time":"2026-07-21 18:47:44,763","level":"INFO","node":1,"msg":"Sent consensus vote to node 3"}
{"time":"2026-07-21 18:47:49,384","level":"INFO","node":1,"msg":"ZKP ACCEPTED from node 0"}
{"time":"2026-07-21 18:47:49,384","level":"INFO","node":1,"msg":"fc_in col7 delta self-cosine for node 3: -0.3425 (delta_norm=0.1502)"}
{"time":"2026-07-21 18:47:49,501","level":"WARNING","node":1,"msg":"ZKP norm violation (clipping applied): slack=-294084, retry=0"}
{"time":"2026-07-21 18:47:50,350","level":"INFO","node":1,"msg":"Per-class agreement with node 3: class0=0.952 class1=0.973 gap=0.021"}
{"time":"2026-07-21 18:47:50,365","level":"INFO","node":1,"msg":"Per-class rolling gap for node 3: mean=0.027 over last 2 round(s)"}
{"time":"2026-07-21 18:47:51,303","level":"INFO","node":1,"msg":"Trust score for node 3: S=0.816 (Z=1.00 A=0.96 P=0.48 R=1.00) advisory only"}
{"time":"2026-07-21 18:47:51,590","level":"INFO","node":1,"msg":"Sent consensus vote to node 0"}
{"time":"2026-07-21 18:47:51,703","level":"INFO","node":1,"msg":"Sent consensus vote to node 3"}
{"time":"2026-07-21 18:47:57,197","level":"INFO","node":1,"msg":"Forwarded to http://127.0.0.1:8003"}
{"time":"2026-07-21 18:47:57,742","level":"INFO","node":1,"msg":"Synced weights from master for round 7"}
{"time":"2026-07-21 18:47:57,889","level":"INFO","node":1,"msg":"Sent commit vote to node 3"}
{"time":"2026-07-21 18:48:03,722","level":"INFO","node":1,"msg":"Forwarded to http://127.0.0.1:8003"}
{"time":"2026-07-21 18:48:04,118","level":"INFO","node":1,"msg":"Proposal received: round=8 origin=0 hash=2f6447b676d9..."}
{"time":"2026-07-21 18:48:04,124","level":"INFO","node":1,"msg":"Consensus vote recorded: node 0 decision=True reason=zkp_ok round=8 new=True satisfied=False"}
{"time":"2026-07-21 18:48:04,133","level":"INFO","node":1,"msg":"Received update from node 0, round 8"}
{"time":"2026-07-21 18:48:13,836","level":"INFO","node":1,"msg":"ZKP ACCEPTED from node 0"}
{"time":"2026-07-21 18:48:13,837","level":"INFO","node":1,"msg":"fc_in col7 delta self-cosine for node 0: 0.1110 (delta_norm=0.3539)"}
{"time":"2026-07-21 18:48:13,837","level":"INFO","node":1,"msg":"Per-class agreement with node 0: class0=0.828 class1=0.883 gap=0.054"}
{"time":"2026-07-21 18:48:13,837","level":"INFO","node":1,"msg":"Per-class rolling gap for node 0: mean=0.049 over last 2 round(s)"}
{"time":"2026-07-21 18:48:13,845","level":"INFO","node":1,"msg":"Trust score for node 0: S=0.698 (Z=1.00 A=0.85 P=0.39 R=1.00) advisory only"}
{"time":"2026-07-21 18:48:13,857","level":"INFO","node":1,"msg":"Sent consensus vote to node 0"}
{"time":"2026-07-21 18:48:13,884","level":"INFO","node":1,"msg":"Sent consensus vote to node 3"}
{"time":"2026-07-21 18:48:20,149","level":"INFO","node":1,"msg":"Forwarded to http://127.0.0.1:8003"}
{"time":"2026-07-21 18:48:29,862","level":"INFO","node":1,"msg":"Prediction agreement with node 3 round=8: A=0.973"}
{"time":"2026-07-21 18:48:29,862","level":"INFO","node":1,"msg":"Consensus vote recorded: node 3 decision=True reason=zkp_ok round=8 new=True satisfied=True"}
{"time":"2026-07-21 18:48:35,916","level":"INFO","node":1,"msg":"Synced weights from master for round 8"}
{"time":"2026-07-21 18:48:35,922","level":"INFO","node":1,"msg":"Sent commit vote to node 0"}
{"time":"2026-07-21 18:48:35,953","level":"INFO","node":1,"msg":"My turn — starting round 10 as proposer."}
{"time":"2026-07-21 18:48:35,954","level":"INFO","node":1,"msg":"Starting round 10"}
{"time":"2026-07-21 18:48:42,245","level":"INFO","node":1,"msg":"Sent proposal to node 0"}
{"time":"2026-07-21 18:48:42,263","level":"INFO","node":1,"msg":"Sent proposal to node 3"}
{"time":"2026-07-21 18:48:42,268","level":"INFO","node":1,"msg":"Sent consensus vote to node 0"}
{"time":"2026-07-21 18:48:42,275","level":"INFO","node":1,"msg":"Sent consensus vote to node 3"}
{"time":"2026-07-21 18:48:42,281","level":"INFO","node":1,"msg":"Forwarded to http://127.0.0.1:8003"}
{"time":"2026-07-21 18:48:51,805","level":"INFO","node":1,"msg":"Consensus vote recorded: node 3 decision=True reason=zkp_ok round=9 new=True satisfied=False"}
{"time":"2026-07-21 18:49:07,496","level":"INFO","node":1,"msg":"Consensus vote recorded: node 0 decision=True reason=zkp_ok round=9 new=True satisfied=True"}
{"time":"2026-07-21 18:49:13,528","level":"INFO","node":1,"msg":"Received update from node 0, round 9"}
{"time":"2026-07-21 18:49:13,528","level":"INFO","node":1,"msg":"Round 10 complete — aggregating"}
{"time":"2026-07-21 18:49:13,558","level":"WARNING","node":1,"msg":"[BACKDOOR PROBE] Round 10 SUSPICIOUS: feature=1 value=7.0 forces class=1 flip_rate=1.000 jump=0.782 (thresholds: flip>0.7, jump>0.3)"}
{"time":"2026-07-21 18:49:13,578","level":"INFO","node":1,"msg":"Commit vote recorded: node 0 decision=True round=9 satisfied=False"}
{"time":"2026-07-21 18:49:13,580","level":"INFO","node":1,"msg":"Broadcast weights to node 0"}
{"time":"2026-07-21 18:49:13,599","level":"INFO","node":1,"msg":"Commit vote recorded: node 3 decision=True round=9 satisfied=True"}
{"time":"2026-07-21 18:49:13,599","level":"INFO","node":1,"msg":"Round 10 COMMITTED — model hash agreed by [1, 0, 3]"}
{"time":"2026-07-21 18:49:13,602","level":"INFO","node":1,"msg":"Commit certificate saved to C:\Users\mousu\OneDrive\Desktop\Set A\securefedhe\dashboard\certificates\round_9.json"}
{"time":"2026-07-21 18:49:13,605","level":"INFO","node":1,"msg":"Broadcast weights to node 3"}
{"time":"2026-07-21 18:49:13,607","level":"INFO","node":1,"msg":"Checkpoint saved to C:\Users\mousu\OneDrive\Desktop\Set A\securefedhe\dashboard\model_latest.pt"}
{"time":"2026-07-21 18:49:13,607","level":"INFO","node":1,"msg":"Round 10 complete | accuracy=0.8091 | duration=37.65s"}
{"time":"2026-07-21 18:49:13,607","level":"INFO","node":1,"msg":"Round 11 belongs to node 3 — waiting for their proposal."}
{"time":"2026-07-21 18:49:13,610","level":"INFO","node":1,"msg":"Notified next proposer to node 3"}
{"time":"2026-07-21 18:49:19,797","level":"INFO","node":1,"msg":"Proposal received: round=10 origin=3 hash=5c13bdc288fc..."}
{"time":"2026-07-21 18:49:19,805","level":"INFO","node":1,"msg":"Consensus vote recorded: node 3 decision=True reason=zkp_ok round=10 new=True satisfied=False"}
{"time":"2026-07-21 18:49:29,468","level":"INFO","node":1,"msg":"Consensus vote recorded: node 0 decision=False reason=prediction_disagreement round=10 new=True satisfied=False"}
{"time":"2026-07-21 18:49:35,461","level":"INFO","node":1,"msg":"Received update from node 0, round 10"}
{"time":"2026-07-21 18:49:45,042","level":"INFO","node":1,"msg":"ZKP ACCEPTED from node 0"}
{"time":"2026-07-21 18:49:45,042","level":"INFO","node":1,"msg":"fc_in col7 delta self-cosine for node 3: -0.0380 (delta_norm=0.4343)"}
{"time":"2026-07-21 18:49:45,050","level":"INFO","node":1,"msg":"Per-class agreement with node 3: class0=0.791 class1=0.860 gap=0.070"}
{"time":"2026-07-21 18:49:45,050","level":"INFO","node":1,"msg":"Per-class rolling gap for node 3: mean=0.042 over last 3 round(s)"}
{"time":"2026-07-21 18:49:45,052","level":"INFO","node":1,"msg":"Trust score for node 3: S=0.701 (Z=1.00 A=0.81 P=0.52 R=1.00) advisory only"}
{"time":"2026-07-21 18:49:45,075","level":"INFO","node":1,"msg":"Sent consensus vote to node 0"}
{"time":"2026-07-21 18:49:45,097","level":"INFO","node":1,"msg":"Sent consensus vote to node 3"}
{"time":"2026-07-21 18:49:51,263","level":"INFO","node":1,"msg":"Forwarded to http://127.0.0.1:8003"}
{"time":"2026-07-21 18:49:57,870","level":"INFO","node":1,"msg":"Proposal for round=10 origin=3 changed hash after 38.11s — treating as a legitimate round retry, not equivocation."}
{"time":"2026-07-21 18:49:57,870","level":"INFO","node":1,"msg":"Proposal received: round=10 origin=3 hash=36ce11b34794..."}
{"time":"2026-07-21 18:49:57,879","level":"INFO","node":1,"msg":"Consensus vote recorded: node 3 decision=True reason=zkp_ok round=10 new=True satisfied=False"}
{"time":"2026-07-21 18:50:07,402","level":"INFO","node":1,"msg":"Consensus vote recorded: node 0 decision=True reason=zkp_ok round=10 new=True satisfied=False"}
{"time":"2026-07-21 18:50:13,468","level":"INFO","node":1,"msg":"Received update from node 0, round 10"}
{"time":"2026-07-21 18:50:23,043","level":"INFO","node":1,"msg":"ZKP ACCEPTED from node 0"}
{"time":"2026-07-21 18:50:23,045","level":"INFO","node":1,"msg":"fc_in col7 delta self-cosine for node 3: -0.3367 (delta_norm=0.1760)"}
{"time":"2026-07-21 18:50:23,049","level":"INFO","node":1,"msg":"Per-class agreement with node 3: class0=0.978 class1=0.941 gap=0.038"}
{"time":"2026-07-21 18:50:23,049","level":"INFO","node":1,"msg":"Per-class rolling gap for node 3: mean=0.041 over last 4 round(s)"}
{"time":"2026-07-21 18:50:23,051","level":"INFO","node":1,"msg":"Trust score for node 3: S=0.838 (Z=1.00 A=0.97 P=0.54 R=1.00) advisory only"}
{"time":"2026-07-21 18:50:23,063","level":"INFO","node":1,"msg":"Sent consensus vote to node 0"}
{"time":"2026-07-21 18:50:23,072","level":"INFO","node":1,"msg":"Sent consensus vote to node 3"}
{"time":"2026-07-21 18:50:23,200","level":"WARNING","node":1,"msg":"ZKP norm violation (clipping applied): slack=-152118, retry=0"}
{"time":"2026-07-21 18:50:29,149","level":"INFO","node":1,"msg":"Forwarded to http://127.0.0.1:8003"}
{"time":"2026-07-21 18:50:29,259","level":"INFO","node":1,"msg":"Synced weights from master for round 10"}
{"time":"2026-07-21 18:50:29,271","level":"INFO","node":1,"msg":"Sent commit vote to node 3"}
{"time":"2026-07-21 18:50:35,884","level":"INFO","node":1,"msg":"Proposal received: round=11 origin=3 hash=af3fd2e8f718..."}
{"time":"2026-07-21 18:50:35,896","level":"INFO","node":1,"msg":"Consensus vote recorded: node 3 decision=True reason=zkp_ok round=11 new=True satisfied=False"}
{"time":"2026-07-21 18:50:45,668","level":"INFO","node":1,"msg":"Consensus vote recorded: node 0 decision=True reason=zkp_ok round=11 new=True satisfied=False"}
{"time":"2026-07-21 18:50:51,706","level":"INFO","node":1,"msg":"Received update from node 0, round 11"}
{"time":"2026-07-21 18:51:01,416","level":"INFO","node":1,"msg":"ZKP ACCEPTED from node 0"}
{"time":"2026-07-21 18:51:01,416","level":"INFO","node":1,"msg":"fc_in col7 delta self-cosine for node 3: -0.3241 (delta_norm=0.2098)"}
{"time":"2026-07-21 18:51:01,416","level":"INFO","node":1,"msg":"Per-class agreement with node 3: class0=0.977 class1=0.950 gap=0.027"}
{"time":"2026-07-21 18:51:01,416","level":"INFO","node":1,"msg":"Per-class rolling gap for node 3: mean=0.039 over last 4 round(s)"}
{"time":"2026-07-21 18:51:01,420","level":"INFO","node":1,"msg":"Trust score for node 3: S=0.830 (Z=1.00 A=0.97 P=0.50 R=1.00) advisory only"}
{"time":"2026-07-21 18:51:01,433","level":"INFO","node":1,"msg":"Sent consensus vote to node 0"}
{"time":"2026-07-21 18:51:01,444","level":"INFO","node":1,"msg":"Sent consensus vote to node 3"}
{"time":"2026-07-21 18:51:07,649","level":"INFO","node":1,"msg":"Forwarded to http://127.0.0.1:8003"}
{"time":"2026-07-21 18:51:07,733","level":"INFO","node":1,"msg":"Synced weights from master for round 11"}
{"time":"2026-07-21 18:51:07,741","level":"INFO","node":1,"msg":"Sent commit vote to node 3"}
{"time":"2026-07-21 18:51:13,860","level":"INFO","node":1,"msg":"Proposal received: round=12 origin=0 hash=b7e463d1c488..."}
{"time":"2026-07-21 18:51:13,877","level":"INFO","node":1,"msg":"Consensus vote recorded: node 0 decision=True reason=zkp_ok round=12 new=True satisfied=False"}
{"time":"2026-07-21 18:51:13,884","level":"INFO","node":1,"msg":"Received update from node 0, round 12"}
{"time":"2026-07-21 18:51:23,443","level":"INFO","node":1,"msg":"ZKP ACCEPTED from node 0"}
{"time":"2026-07-21 18:51:23,443","level":"INFO","node":1,"msg":"fc_in col7 delta self-cosine for node 0: -0.1129 (delta_norm=0.3460)"}
{"time":"2026-07-21 18:51:23,447","level":"INFO","node":1,"msg":"Per-class agreement with node 0: class0=0.926 class1=0.905 gap=0.021"}
{"time":"2026-07-21 18:51:23,447","level":"INFO","node":1,"msg":"Per-class rolling gap for node 0: mean=0.040 over last 3 round(s)"}
{"time":"2026-07-21 18:51:23,449","level":"INFO","node":1,"msg":"Trust score for node 0: S=0.793 (Z=1.00 A=0.92 P=0.52 R=1.00) advisory only"}
{"time":"2026-07-21 18:51:23,463","level":"INFO","node":1,"msg":"Sent consensus vote to node 0"}
{"time":"2026-07-21 18:51:23,492","level":"INFO","node":1,"msg":"Sent consensus vote to node 3"}
{"time":"2026-07-21 18:51:29,715","level":"INFO","node":1,"msg":"Forwarded to http://127.0.0.1:8003"}
{"time":"2026-07-21 18:51:39,318","level":"INFO","node":1,"msg":"Prediction agreement with node 3 round=12: A=0.975"}
{"time":"2026-07-21 18:51:39,319","level":"INFO","node":1,"msg":"Consensus vote recorded: node 3 decision=True reason=zkp_ok round=12 new=True satisfied=True"}
{"time":"2026-07-21 18:51:45,473","level":"INFO","node":1,"msg":"Synced weights from master for round 12"}
{"time":"2026-07-21 18:51:45,479","level":"INFO","node":1,"msg":"Sent commit vote to node 0"}
{"time":"2026-07-21 18:51:45,520","level":"INFO","node":1,"msg":"My turn — starting round 14 as proposer."}
{"time":"2026-07-21 18:51:45,520","level":"INFO","node":1,"msg":"Starting round 14"}
{"time":"2026-07-21 18:51:51,970","level":"INFO","node":1,"msg":"Sent proposal to node 0"}
{"time":"2026-07-21 18:51:51,988","level":"INFO","node":1,"msg":"Sent proposal to node 3"}
{"time":"2026-07-21 18:51:51,998","level":"INFO","node":1,"msg":"Sent consensus vote to node 0"}
{"time":"2026-07-21 18:51:52,001","level":"INFO","node":1,"msg":"Sent consensus vote to node 3"}
{"time":"2026-07-21 18:51:52,006","level":"INFO","node":1,"msg":"Forwarded to http://127.0.0.1:8003"}
{"time":"2026-07-21 18:52:01,764","level":"INFO","node":1,"msg":"Consensus vote recorded: node 3 decision=True reason=zkp_ok round=13 new=True satisfied=False"}
{"time":"2026-07-21 18:52:17,410","level":"INFO","node":1,"msg":"Consensus vote recorded: node 0 decision=True reason=zkp_ok round=13 new=True satisfied=True"}
{"time":"2026-07-21 18:52:23,505","level":"INFO","node":1,"msg":"Received update from node 0, round 13"}
{"time":"2026-07-21 18:52:23,505","level":"INFO","node":1,"msg":"Round 14 complete — aggregating"}
{"time":"2026-07-21 18:52:23,542","level":"WARNING","node":1,"msg":"[BACKDOOR PROBE] Round 14 SUSPICIOUS: feature=1 value=6.0 forces class=1 flip_rate=1.000 jump=0.773 (thresholds: flip>0.7, jump>0.3)"}
{"time":"2026-07-21 18:52:23,569","level":"INFO","node":1,"msg":"Commit vote recorded: node 0 decision=True round=13 satisfied=False"}
{"time":"2026-07-21 18:52:23,571","level":"INFO","node":1,"msg":"Broadcast weights to node 0"}
{"time":"2026-07-21 18:52:23,608","level":"INFO","node":1,"msg":"Commit vote recorded: node 3 decision=True round=13 satisfied=True"}
{"time":"2026-07-21 18:52:23,608","level":"INFO","node":1,"msg":"Round 14 COMMITTED — model hash agreed by [1, 0, 3]"}
{"time":"2026-07-21 18:52:23,610","level":"INFO","node":1,"msg":"Commit certificate saved to C:\Users\mousu\OneDrive\Desktop\Set A\securefedhe\dashboard\certificates\round_13.json"}
{"time":"2026-07-21 18:52:23,612","level":"INFO","node":1,"msg":"Broadcast weights to node 3"}
{"time":"2026-07-21 18:52:23,612","level":"INFO","node":1,"msg":"Checkpoint saved to C:\Users\mousu\OneDrive\Desktop\Set A\securefedhe\dashboard\model_latest.pt"}
{"time":"2026-07-21 18:52:23,612","level":"INFO","node":1,"msg":"Round 14 complete | accuracy=0.8182 | duration=38.09s"}
{"time":"2026-07-21 18:52:23,614","level":"INFO","node":1,"msg":"Round 15 belongs to node 3 — waiting for their proposal."}
{"time":"2026-07-21 18:52:23,617","level":"INFO","node":1,"msg":"Notified next proposer to node 3"}
{"time":"2026-07-21 18:52:29,629","level":"INFO","node":1,"msg":"Proposal received: round=14 origin=3 hash=379892fd02a5..."}
{"time":"2026-07-21 18:52:29,644","level":"INFO","node":1,"msg":"Consensus vote recorded: node 3 decision=True reason=zkp_ok round=14 new=True satisfied=False"}
{"time":"2026-07-21 18:52:39,420","level":"INFO","node":1,"msg":"Consensus vote recorded: node 0 decision=True reason=zkp_ok round=14 new=True satisfied=False"}
{"time":"2026-07-21 18:52:45,438","level":"INFO","node":1,"msg":"Received update from node 0, round 14"}
{"time":"2026-07-21 18:52:55,139","level":"INFO","node":1,"msg":"ZKP ACCEPTED from node 0"}
{"time":"2026-07-21 18:52:55,139","level":"INFO","node":1,"msg":"fc_in col7 delta self-cosine for node 3: -0.0905 (delta_norm=0.2887)"}
{"time":"2026-07-21 18:52:55,139","level":"INFO","node":1,"msg":"Per-class agreement with node 3: class0=0.960 class1=0.934 gap=0.025"}
{"time":"2026-07-21 18:52:55,139","level":"INFO","node":1,"msg":"Per-class rolling gap for node 3: mean=0.040 over last 4 round(s)"}
{"time":"2026-07-21 18:52:55,150","level":"INFO","node":1,"msg":"Trust score for node 3: S=0.821 (Z=1.00 A=0.95 P=0.52 R=1.00) advisory only"}
{"time":"2026-07-21 18:52:55,162","level":"INFO","node":1,"msg":"Sent consensus vote to node 0"}
{"time":"2026-07-21 18:52:55,182","level":"INFO","node":1,"msg":"Sent consensus vote to node 3"}
{"time":"2026-07-21 18:53:01,263","level":"INFO","node":1,"msg":"Forwarded to http://127.0.0.1:8003"}
{"time":"2026-07-21 18:53:01,359","level":"INFO","node":1,"msg":"Synced weights from master for round 14"}
{"time":"2026-07-21 18:53:01,372","level":"INFO","node":1,"msg":"Sent commit vote to node 3"}
{"time":"2026-07-21 18:53:08,041","level":"INFO","node":1,"msg":"Proposal received: round=15 origin=3 hash=21f72b362e07..."}
{"time":"2026-07-21 18:53:08,055","level":"INFO","node":1,"msg":"Consensus vote recorded: node 3 decision=True reason=zkp_ok round=15 new=True satisfied=False"}
{"time":"2026-07-21 18:53:17,660","level":"INFO","node":1,"msg":"Consensus vote recorded: node 0 decision=True reason=zkp_ok round=15 new=True satisfied=False"}
{"time":"2026-07-21 18:53:23,771","level":"INFO","node":1,"msg":"Received update from node 0, round 15"}
{"time":"2026-07-21 18:53:33,416","level":"INFO","node":1,"msg":"ZKP ACCEPTED from node 0"}
{"time":"2026-07-21 18:53:33,416","level":"INFO","node":1,"msg":"fc_in col7 delta self-cosine for node 3: -0.3042 (delta_norm=0.2078)"}
{"time":"2026-07-21 18:53:33,416","level":"INFO","node":1,"msg":"Per-class agreement with node 3: class0=0.981 class1=0.952 gap=0.029"}
{"time":"2026-07-21 18:53:33,416","level":"INFO","node":1,"msg":"Per-class rolling gap for node 3: mean=0.030 over last 4 round(s)"}
{"time":"2026-07-21 18:53:33,416","level":"INFO","node":1,"msg":"Trust score for node 3: S=0.828 (Z=1.00 A=0.97 P=0.48 R=1.00) advisory only"}
{"time":"2026-07-21 18:53:33,451","level":"INFO","node":1,"msg":"Sent consensus vote to node 0"}
{"time":"2026-07-21 18:53:33,469","level":"INFO","node":1,"msg":"Sent consensus vote to node 3"}
{"time":"2026-07-21 18:53:39,614","level":"INFO","node":1,"msg":"Forwarded to http://127.0.0.1:8003"}
{"time":"2026-07-21 18:53:39,683","level":"INFO","node":1,"msg":"Synced weights from master for round 15"}
{"time":"2026-07-21 18:53:39,693","level":"INFO","node":1,"msg":"Sent commit vote to node 3"}
{"time":"2026-07-21 18:53:45,907","level":"INFO","node":1,"msg":"Proposal received: round=16 origin=0 hash=913677a58313..."}
{"time":"2026-07-21 18:53:45,927","level":"INFO","node":1,"msg":"Consensus vote recorded: node 0 decision=True reason=zkp_ok round=16 new=True satisfied=False"}
{"time":"2026-07-21 18:53:45,933","level":"INFO","node":1,"msg":"Received update from node 0, round 16"}
{"time":"2026-07-21 18:53:55,603","level":"INFO","node":1,"msg":"ZKP ACCEPTED from node 0"}
{"time":"2026-07-21 18:53:55,603","level":"INFO","node":1,"msg":"fc_in col7 delta self-cosine for node 0: -0.1463 (delta_norm=0.3037)"}
{"time":"2026-07-21 18:53:55,619","level":"INFO","node":1,"msg":"Per-class agreement with node 0: class0=0.970 class1=0.919 gap=0.051"}
{"time":"2026-07-21 18:53:55,619","level":"INFO","node":1,"msg":"Per-class rolling gap for node 0: mean=0.043 over last 4 round(s)"}
{"time":"2026-07-21 18:53:55,628","level":"INFO","node":1,"msg":"Trust score for node 0: S=0.808 (Z=1.00 A=0.95 P=0.46 R=1.00) advisory only"}
{"time":"2026-07-21 18:53:55,672","level":"INFO","node":1,"msg":"Sent consensus vote to node 0"}
{"time":"2026-07-21 18:53:55,692","level":"INFO","node":1,"msg":"Sent consensus vote to node 3"}
{"time":"2026-07-21 18:54:01,875","level":"INFO","node":1,"msg":"Forwarded to http://127.0.0.1:8003"}
{"time":"2026-07-21 18:54:11,621","level":"INFO","node":1,"msg":"Prediction agreement with node 3 round=16: A=0.974"}
{"time":"2026-07-21 18:54:11,621","level":"INFO","node":1,"msg":"Consensus vote recorded: node 3 decision=True reason=zkp_ok round=16 new=True satisfied=True"}
{"time":"2026-07-21 18:54:17,849","level":"INFO","node":1,"msg":"Synced weights from master for round 16"}
{"time":"2026-07-21 18:54:17,871","level":"INFO","node":1,"msg":"Sent commit vote to node 0"}
{"time":"2026-07-21 18:54:17,914","level":"INFO","node":1,"msg":"My turn — starting round 18 as proposer."}
{"time":"2026-07-21 18:54:17,915","level":"INFO","node":1,"msg":"Starting round 18"}
{"time":"2026-07-21 18:54:24,163","level":"INFO","node":1,"msg":"Sent proposal to node 0"}
{"time":"2026-07-21 18:54:24,180","level":"INFO","node":1,"msg":"Sent proposal to node 3"}
{"time":"2026-07-21 18:54:24,185","level":"INFO","node":1,"msg":"Sent consensus vote to node 0"}
{"time":"2026-07-21 18:54:24,187","level":"INFO","node":1,"msg":"Sent consensus vote to node 3"}
{"time":"2026-07-21 18:54:24,190","level":"INFO","node":1,"msg":"Forwarded to http://127.0.0.1:8003"}
{"time":"2026-07-21 18:54:33,930","level":"INFO","node":1,"msg":"Consensus vote recorded: node 3 decision=True reason=zkp_ok round=17 new=True satisfied=False"}
{"time":"2026-07-21 18:54:49,436","level":"INFO","node":1,"msg":"Consensus vote recorded: node 0 decision=True reason=zkp_ok round=17 new=True satisfied=True"}
{"time":"2026-07-21 18:54:55,509","level":"INFO","node":1,"msg":"Received update from node 0, round 17"}
{"time":"2026-07-21 18:54:55,509","level":"INFO","node":1,"msg":"Round 18 complete — aggregating"}
{"time":"2026-07-21 18:54:55,534","level":"WARNING","node":1,"msg":"[BACKDOOR PROBE] Round 18 SUSPICIOUS: feature=1 value=7.0 forces class=1 flip_rate=0.987 jump=0.732 (thresholds: flip>0.7, jump>0.3)"}
{"time":"2026-07-21 18:54:55,549","level":"INFO","node":1,"msg":"Commit vote recorded: node 0 decision=True round=17 satisfied=False"}
{"time":"2026-07-21 18:54:55,554","level":"INFO","node":1,"msg":"Broadcast weights to node 0"}
{"time":"2026-07-21 18:54:55,570","level":"INFO","node":1,"msg":"Commit vote recorded: node 3 decision=True round=17 satisfied=True"}
{"time":"2026-07-21 18:54:55,570","level":"INFO","node":1,"msg":"Round 18 COMMITTED — model hash agreed by [1, 0, 3]"}
{"time":"2026-07-21 18:54:55,574","level":"INFO","node":1,"msg":"Commit certificate saved to C:\Users\mousu\OneDrive\Desktop\Set A\securefedhe\dashboard\certificates\round_17.json"}
{"time":"2026-07-21 18:54:55,577","level":"INFO","node":1,"msg":"Broadcast weights to node 3"}
{"time":"2026-07-21 18:54:55,579","level":"INFO","node":1,"msg":"Checkpoint saved to C:\Users\mousu\OneDrive\Desktop\Set A\securefedhe\dashboard\model_latest.pt"}
{"time":"2026-07-21 18:54:55,579","level":"INFO","node":1,"msg":"Round 18 complete | accuracy=0.8273 | duration=37.66s"}
{"time":"2026-07-21 18:54:55,580","level":"INFO","node":1,"msg":"Round 19 belongs to node 3 — waiting for their proposal."}
{"time":"2026-07-21 18:54:55,583","level":"INFO","node":1,"msg":"Notified next proposer to node 3"}
{"time":"2026-07-21 18:55:01,822","level":"INFO","node":1,"msg":"Proposal received: round=18 origin=3 hash=a04b2811ca72..."}
{"time":"2026-07-21 18:55:01,831","level":"INFO","node":1,"msg":"Consensus vote recorded: node 3 decision=True reason=zkp_ok round=18 new=True satisfied=False"}
{"time":"2026-07-21 18:55:11,484","level":"INFO","node":1,"msg":"Consensus vote recorded: node 0 decision=True reason=zkp_ok round=18 new=True satisfied=False"}
{"time":"2026-07-21 18:55:17,561","level":"INFO","node":1,"msg":"Received update from node 0, round 18"}
{"time":"2026-07-21 18:55:27,215","level":"INFO","node":1,"msg":"ZKP ACCEPTED from node 0"}
{"time":"2026-07-21 18:55:27,215","level":"INFO","node":1,"msg":"fc_in col7 delta self-cosine for node 3: -0.1164 (delta_norm=0.3082)"}
{"time":"2026-07-21 18:55:27,215","level":"INFO","node":1,"msg":"Per-class agreement with node 3: class0=0.973 class1=0.940 gap=0.033"}
{"time":"2026-07-21 18:55:27,226","level":"INFO","node":1,"msg":"Per-class rolling gap for node 3: mean=0.029 over last 4 round(s)"}
{"time":"2026-07-21 18:55:27,226","level":"INFO","node":1,"msg":"Trust score for node 3: S=0.825 (Z=1.00 A=0.96 P=0.50 R=1.00) advisory only"}
{"time":"2026-07-21 18:55:27,239","level":"INFO","node":1,"msg":"Sent consensus vote to node 0"}
{"time":"2026-07-21 18:55:27,259","level":"INFO","node":1,"msg":"Sent consensus vote to node 3"}
{"time":"2026-07-21 18:55:33,430","level":"INFO","node":1,"msg":"Forwarded to http://127.0.0.1:8003"}
{"time":"2026-07-21 18:55:33,517","level":"INFO","node":1,"msg":"Synced weights from master for round 18"}
{"time":"2026-07-21 18:55:33,535","level":"INFO","node":1,"msg":"Sent commit vote to node 3"}
{"time":"2026-07-21 18:55:40,200","level":"INFO","node":1,"msg":"Proposal received: round=19 origin=3 hash=db7a5bb697fa..."}
{"time":"2026-07-21 18:55:40,209","level":"INFO","node":1,"msg":"Consensus vote recorded: node 3 decision=True reason=zkp_ok round=19 new=True satisfied=False"}
{"time":"2026-07-21 18:55:49,841","level":"INFO","node":1,"msg":"Consensus vote recorded: node 0 decision=True reason=zkp_ok round=19 new=True satisfied=False"}
{"time":"2026-07-21 18:55:55,845","level":"INFO","node":1,"msg":"Received update from node 0, round 19"}
{"time":"2026-07-21 18:56:05,482","level":"INFO","node":1,"msg":"ZKP ACCEPTED from node 0"}
{"time":"2026-07-21 18:56:05,482","level":"INFO","node":1,"msg":"fc_in col7 delta self-cosine for node 3: -0.1478 (delta_norm=0.2070)"}
{"time":"2026-07-21 18:56:05,489","level":"INFO","node":1,"msg":"Per-class agreement with node 3: class0=0.975 class1=0.956 gap=0.019"}
{"time":"2026-07-21 18:56:05,489","level":"INFO","node":1,"msg":"Per-class rolling gap for node 3: mean=0.026 over last 4 round(s)"}
{"time":"2026-07-21 18:56:05,491","level":"INFO","node":1,"msg":"Trust score for node 3: S=0.831 (Z=1.00 A=0.97 P=0.50 R=1.00) advisory only"}
{"time":"2026-07-21 18:56:05,511","level":"INFO","node":1,"msg":"Sent consensus vote to node 0"}
{"time":"2026-07-21 18:56:05,530","level":"INFO","node":1,"msg":"Sent consensus vote to node 3"}
{"time":"2026-07-21 18:56:11,665","level":"INFO","node":1,"msg":"Forwarded to http://127.0.0.1:8003"}
{"time":"2026-07-21 18:56:11,747","level":"INFO","node":1,"msg":"Synced weights from master for round 19"}
{"time":"2026-07-21 18:56:11,747","level":"INFO","node":1,"msg":"Training complete after 20 rounds"}
{"time":"2026-07-21 18:56:11,755","level":"INFO","node":1,"msg":"Sent commit vote to node 3"}
{"time":"2026-07-21 18:56:56,772","level":"ERROR","node":1,"msg":"Node 3 EXCLUDED from proposing and quorum. Quorum requirement adjusted to 2 of 2 remaining trusted nodes."}
{"time":"2026-07-21 19:02:56,170","level":"INFO","node":1,"msg":"Starting node 1: Suburban Medical Clinic"}
{"time":"2026-07-21 19:02:56,170","level":"INFO","node":1,"msg":"[CONFIG DEBUG] attack_simulation loaded: enabled=True target_node=2 type=stale_update config_path=config_dev.json"}
{"time":"2026-07-21 19:02:56,219","level":"WARNING","node":1,"msg":"DEV MODE: running without TLS"}
{"time":"2026-07-21 19:02:56,219","level":"INFO","node":1,"msg":"Listening on 127.0.0.1:8001 | TLS=False"}
{"time":"2026-07-21 19:03:01,235","level":"INFO","node":1,"msg":"Sent public key to node 0"}
{"time":"2026-07-21 19:03:01,239","level":"INFO","node":1,"msg":"Sent consensus pubkey to node 0"}
{"time":"2026-07-21 19:03:01,256","level":"INFO","node":1,"msg":"Sent public key to node 2"}
{"time":"2026-07-21 19:03:01,259","level":"INFO","node":1,"msg":"Sent consensus pubkey to node 2"}
{"time":"2026-07-21 19:03:01,262","level":"INFO","node":1,"msg":"Sent public key to node 3"}
{"time":"2026-07-21 19:03:01,266","level":"INFO","node":1,"msg":"Sent consensus pubkey to node 3"}
{"time":"2026-07-21 19:03:02,625","level":"INFO","node":1,"msg":"Key exchange complete with node 2"}
{"time":"2026-07-21 19:03:02,637","level":"INFO","node":1,"msg":"Consensus pubkey received from node 2"}
{"time":"2026-07-21 19:03:03,622","level":"INFO","node":1,"msg":"Consensus pubkey received from node 3"}
{"time":"2026-07-21 19:03:03,631","level":"INFO","node":1,"msg":"Key exchange complete with node 3"}
{"time":"2026-07-21 19:03:11,873","level":"INFO","node":1,"msg":"Key exchange complete with node 0"}
{"time":"2026-07-21 19:03:11,915","level":"INFO","node":1,"msg":"Consensus pubkey received from node 0"}
{"time":"2026-07-21 19:03:19,082","level":"INFO","node":1,"msg":"Proposal received: round=0 origin=0 hash=71488d49d2db..."}
{"time":"2026-07-21 19:03:19,142","level":"INFO","node":1,"msg":"Consensus vote recorded: node 0 decision=True reason=zkp_ok round=0 new=True satisfied=False"}
{"time":"2026-07-21 19:03:19,181","level":"INFO","node":1,"msg":"Received update from node 0, round 0"}
{"time":"2026-07-21 19:03:28,713","level":"INFO","node":1,"msg":"ZKP ACCEPTED from node 0"}
{"time":"2026-07-21 19:03:28,713","level":"INFO","node":1,"msg":"Trust score for node 0: S=0.429 (Z=1.00 A=0.50 P=0.50 R=1.00) advisory only"}
{"time":"2026-07-21 19:03:28,736","level":"INFO","node":1,"msg":"Sent consensus vote to node 0"}
{"time":"2026-07-21 19:03:28,738","level":"INFO","node":1,"msg":"Sent consensus vote to node 2"}
{"time":"2026-07-21 19:03:28,758","level":"INFO","node":1,"msg":"Sent consensus vote to node 3"}
{"time":"2026-07-21 19:03:29,852","level":"WARNING","node":1,"msg":"ZKP norm violation (clipping applied): slack=-146997, retry=0"}
{"time":"2026-07-21 19:03:35,661","level":"INFO","node":1,"msg":"Forwarded to http://127.0.0.1:8002"}
{"time":"2026-07-21 19:03:45,267","level":"INFO","node":1,"msg":"Prediction agreement with node 2 round=0: A=0.639"}
{"time":"2026-07-21 19:03:45,267","level":"INFO","node":1,"msg":"Consensus vote recorded: node 2 decision=True reason=zkp_ok round=0 new=True satisfied=True"}
{"time":"2026-07-21 19:04:01,861","level":"INFO","node":1,"msg":"Prediction agreement with node 3 round=0: A=0.862"}
{"time":"2026-07-21 19:04:01,861","level":"INFO","node":1,"msg":"Consensus vote recorded: node 3 decision=True reason=zkp_ok round=0 new=True satisfied=True"}
{"time":"2026-07-21 19:04:08,909","level":"INFO","node":1,"msg":"Synced weights from master for round 0"}
{"time":"2026-07-21 19:04:08,940","level":"INFO","node":1,"msg":"Sent commit vote to node 0"}
{"time":"2026-07-21 19:04:09,030","level":"INFO","node":1,"msg":"My turn — starting round 2 as proposer."}
{"time":"2026-07-21 19:04:09,031","level":"INFO","node":1,"msg":"Starting round 2"}
{"time":"2026-07-21 19:04:15,094","level":"INFO","node":1,"msg":"Sent proposal to node 0"}
{"time":"2026-07-21 19:04:15,120","level":"INFO","node":1,"msg":"Sent proposal to node 2"}
{"time":"2026-07-21 19:04:15,152","level":"INFO","node":1,"msg":"Sent proposal to node 3"}
{"time":"2026-07-21 19:04:15,160","level":"INFO","node":1,"msg":"Sent consensus vote to node 0"}
{"time":"2026-07-21 19:04:15,166","level":"INFO","node":1,"msg":"Sent consensus vote to node 2"}
{"time":"2026-07-21 19:04:15,170","level":"INFO","node":1,"msg":"Sent consensus vote to node 3"}
{"time":"2026-07-21 19:04:15,176","level":"INFO","node":1,"msg":"Forwarded to http://127.0.0.1:8002"}
{"time":"2026-07-21 19:04:24,894","level":"INFO","node":1,"msg":"Consensus vote recorded: node 2 decision=True reason=zkp_ok round=1 new=True satisfied=False"}
{"time":"2026-07-21 19:04:40,393","level":"INFO","node":1,"msg":"Consensus vote recorded: node 3 decision=True reason=zkp_ok round=1 new=True satisfied=True"}
{"time":"2026-07-21 19:04:55,904","level":"INFO","node":1,"msg":"Consensus vote recorded: node 0 decision=True reason=zkp_ok round=1 new=True satisfied=True"}
{"time":"2026-07-21 19:05:01,815","level":"INFO","node":1,"msg":"Received update from node 0, round 1"}
{"time":"2026-07-21 19:05:01,815","level":"INFO","node":1,"msg":"Round 2 complete — aggregating"}
{"time":"2026-07-21 19:05:01,835","level":"INFO","node":1,"msg":"Round 2 accuracy gate skipped (warm-up period, candidate_acc=0.7636)"}
{"time":"2026-07-21 19:05:01,857","level":"INFO","node":1,"msg":"Commit vote recorded: node 0 decision=True round=1 satisfied=False"}
{"time":"2026-07-21 19:05:01,861","level":"INFO","node":1,"msg":"Broadcast weights to node 0"}
{"time":"2026-07-21 19:05:01,887","level":"INFO","node":1,"msg":"Commit vote recorded: node 2 decision=True round=1 satisfied=True"}
{"time":"2026-07-21 19:05:01,888","level":"INFO","node":1,"msg":"Round 2 COMMITTED — model hash agreed by [1, 0, 2]"}
{"time":"2026-07-21 19:05:01,889","level":"INFO","node":1,"msg":"Commit certificate saved to C:\Users\mousu\OneDrive\Desktop\Set A\securefedhe\dashboard\certificates\round_1.json"}
{"time":"2026-07-21 19:05:01,890","level":"INFO","node":1,"msg":"Broadcast weights to node 2"}
{"time":"2026-07-21 19:05:01,913","level":"INFO","node":1,"msg":"Commit vote recorded: node 3 decision=True round=1 satisfied=True"}
{"time":"2026-07-21 19:05:01,916","level":"INFO","node":1,"msg":"Broadcast weights to node 3"}
{"time":"2026-07-21 19:05:01,923","level":"INFO","node":1,"msg":"Checkpoint saved to C:\Users\mousu\OneDrive\Desktop\Set A\securefedhe\dashboard\model_latest.pt"}
{"time":"2026-07-21 19:05:01,923","level":"INFO","node":1,"msg":"Round 2 complete | accuracy=0.7636 | duration=52.89s"}
{"time":"2026-07-21 19:05:01,923","level":"INFO","node":1,"msg":"Round 3 belongs to node 2 — waiting for their proposal."}
{"time":"2026-07-21 19:05:01,927","level":"INFO","node":1,"msg":"Notified next proposer to node 2"}
{"time":"2026-07-21 19:05:07,883","level":"INFO","node":1,"msg":"Proposal received: round=2 origin=2 hash=c2e22a850d17..."}
{"time":"2026-07-21 19:05:07,902","level":"INFO","node":1,"msg":"Consensus vote recorded: node 2 decision=True reason=zkp_ok round=2 new=True satisfied=False"}
{"time":"2026-07-21 19:05:17,665","level":"INFO","node":1,"msg":"Consensus vote recorded: node 3 decision=True reason=zkp_ok round=2 new=True satisfied=False"}
{"time":"2026-07-21 19:05:33,341","level":"INFO","node":1,"msg":"Consensus vote recorded: node 0 decision=True reason=zkp_ok round=2 new=True satisfied=True"}
{"time":"2026-07-21 19:05:39,180","level":"INFO","node":1,"msg":"Received update from node 0, round 2"}
{"time":"2026-07-21 19:05:48,791","level":"INFO","node":1,"msg":"ZKP ACCEPTED from node 0"}
{"time":"2026-07-21 19:05:48,797","level":"INFO","node":1,"msg":"Trust score for node 2: S=0.423 (Z=1.00 A=0.50 P=0.46 R=1.00) advisory only"}
{"time":"2026-07-21 19:05:48,809","level":"INFO","node":1,"msg":"Sent consensus vote to node 0"}
{"time":"2026-07-21 19:05:48,836","level":"INFO","node":1,"msg":"Sent consensus vote to node 2"}
{"time":"2026-07-21 19:05:48,858","level":"INFO","node":1,"msg":"Sent consensus vote to node 3"}
{"time":"2026-07-21 19:05:54,628","level":"INFO","node":1,"msg":"Forwarded to http://127.0.0.1:8002"}
{"time":"2026-07-21 19:05:54,659","level":"INFO","node":1,"msg":"Synced weights from master for round 2"}
{"time":"2026-07-21 19:05:54,671","level":"INFO","node":1,"msg":"Sent commit vote to node 2"}
{"time":"2026-07-21 19:06:00,882","level":"INFO","node":1,"msg":"Proposal received: round=3 origin=3 hash=ec0a1289e624..."}
{"time":"2026-07-21 19:06:00,905","level":"INFO","node":1,"msg":"Consensus vote recorded: node 3 decision=True reason=zkp_ok round=3 new=True satisfied=False"}
{"time":"2026-07-21 19:06:10,563","level":"INFO","node":1,"msg":"Consensus vote recorded: node 0 decision=True reason=zkp_ok round=3 new=True satisfied=False"}
{"time":"2026-07-21 19:06:16,471","level":"INFO","node":1,"msg":"Received update from node 0, round 3"}
{"time":"2026-07-21 19:06:26,063","level":"INFO","node":1,"msg":"ZKP ACCEPTED from node 0"}
{"time":"2026-07-21 19:06:26,074","level":"INFO","node":1,"msg":"Trust score for node 3: S=0.423 (Z=1.00 A=0.50 P=0.46 R=1.00) advisory only"}
{"time":"2026-07-21 19:06:26,087","level":"INFO","node":1,"msg":"Sent consensus vote to node 0"}
{"time":"2026-07-21 19:06:26,108","level":"INFO","node":1,"msg":"Sent consensus vote to node 2"}
{"time":"2026-07-21 19:06:26,140","level":"INFO","node":1,"msg":"Sent consensus vote to node 3"}
{"time":"2026-07-21 19:06:32,034","level":"INFO","node":1,"msg":"Forwarded to http://127.0.0.1:8002"}
{"time":"2026-07-21 19:06:41,673","level":"INFO","node":1,"msg":"Prediction agreement with node 2 round=3: A=0.961"}
{"time":"2026-07-21 19:06:41,673","level":"INFO","node":1,"msg":"Consensus vote recorded: node 2 decision=True reason=zkp_ok round=3 new=True satisfied=True"}
{"time":"2026-07-21 19:06:47,619","level":"INFO","node":1,"msg":"Synced weights from master for round 3"}
{"time":"2026-07-21 19:06:47,647","level":"INFO","node":1,"msg":"Sent commit vote to node 3"}
{"time":"2026-07-21 19:06:53,671","level":"INFO","node":1,"msg":"Proposal received: round=4 origin=0 hash=5a3fd68432ca..."}
{"time":"2026-07-21 19:06:53,701","level":"INFO","node":1,"msg":"Consensus vote recorded: node 0 decision=True reason=zkp_ok round=4 new=True satisfied=False"}
{"time":"2026-07-21 19:06:53,718","level":"INFO","node":1,"msg":"Received update from node 0, round 4"}
{"time":"2026-07-21 19:07:03,302","level":"INFO","node":1,"msg":"ZKP ACCEPTED from node 0"}
{"time":"2026-07-21 19:07:03,302","level":"INFO","node":1,"msg":"Per-class agreement with node 0: class0=0.619 class1=0.632 gap=0.013"}
{"time":"2026-07-21 19:07:03,302","level":"INFO","node":1,"msg":"Per-class rolling gap for node 0: mean=0.013 over last 1 round(s)"}
{"time":"2026-07-21 19:07:03,318","level":"INFO","node":1,"msg":"Trust score for node 0: S=0.527 (Z=1.00 A=0.62 P=0.46 R=1.00) advisory only"}
{"time":"2026-07-21 19:07:03,326","level":"INFO","node":1,"msg":"Sent consensus vote to node 0"}
{"time":"2026-07-21 19:07:03,349","level":"INFO","node":1,"msg":"Sent consensus vote to node 2"}
{"time":"2026-07-21 19:07:03,358","level":"INFO","node":1,"msg":"Sent consensus vote to node 3"}
{"time":"2026-07-21 19:07:09,347","level":"INFO","node":1,"msg":"Forwarded to http://127.0.0.1:8002"}
{"time":"2026-07-21 19:07:18,933","level":"INFO","node":1,"msg":"Prediction agreement with node 2 round=4: A=0.967"}
{"time":"2026-07-21 19:07:18,933","level":"INFO","node":1,"msg":"Consensus vote recorded: node 2 decision=True reason=zkp_ok round=4 new=True satisfied=True"}
{"time":"2026-07-21 19:07:34,501","level":"INFO","node":1,"msg":"Prediction agreement with node 3 round=4: A=0.901"}
{"time":"2026-07-21 19:07:34,501","level":"INFO","node":1,"msg":"Consensus vote recorded: node 3 decision=True reason=zkp_ok round=4 new=True satisfied=True"}
{"time":"2026-07-21 19:07:40,689","level":"INFO","node":1,"msg":"Synced weights from master for round 4"}
{"time":"2026-07-21 19:07:40,699","level":"INFO","node":1,"msg":"Sent commit vote to node 0"}
{"time":"2026-07-21 19:07:40,778","level":"INFO","node":1,"msg":"My turn — starting round 6 as proposer."}
{"time":"2026-07-21 19:07:40,778","level":"INFO","node":1,"msg":"Starting round 6"}
{"time":"2026-07-21 19:07:46,797","level":"INFO","node":1,"msg":"Sent proposal to node 0"}
{"time":"2026-07-21 19:07:46,821","level":"INFO","node":1,"msg":"Sent proposal to node 2"}
{"time":"2026-07-21 19:07:46,826","level":"INFO","node":1,"msg":"Sent proposal to node 3"}
{"time":"2026-07-21 19:07:46,845","level":"INFO","node":1,"msg":"Sent consensus vote to node 0"}
{"time":"2026-07-21 19:07:46,849","level":"INFO","node":1,"msg":"Sent consensus vote to node 2"}
{"time":"2026-07-21 19:07:46,853","level":"INFO","node":1,"msg":"Sent consensus vote to node 3"}
{"time":"2026-07-21 19:07:46,861","level":"INFO","node":1,"msg":"Forwarded to http://127.0.0.1:8002"}
{"time":"2026-07-21 19:07:56,590","level":"INFO","node":1,"msg":"Consensus vote recorded: node 2 decision=True reason=zkp_ok round=5 new=True satisfied=False"}
{"time":"2026-07-21 19:08:12,130","level":"INFO","node":1,"msg":"Consensus vote recorded: node 3 decision=True reason=zkp_ok round=5 new=True satisfied=True"}
{"time":"2026-07-21 19:08:28,008","level":"INFO","node":1,"msg":"Consensus vote recorded: node 0 decision=True reason=zkp_ok round=5 new=True satisfied=True"}
{"time":"2026-07-21 19:08:33,881","level":"INFO","node":1,"msg":"Received update from node 0, round 5"}
{"time":"2026-07-21 19:08:33,881","level":"INFO","node":1,"msg":"Round 6 complete — aggregating"}
{"time":"2026-07-21 19:08:33,920","level":"INFO","node":1,"msg":"[BACKDOOR PROBE] Round 6 clean — worst case flip_rate=0.000 jump=0.000 (feature=None, value=None)"}
{"time":"2026-07-21 19:08:33,953","level":"INFO","node":1,"msg":"Commit vote recorded: node 0 decision=True round=5 satisfied=False"}
{"time":"2026-07-21 19:08:33,956","level":"INFO","node":1,"msg":"Broadcast weights to node 0"}
{"time":"2026-07-21 19:08:34,001","level":"INFO","node":1,"msg":"Commit vote recorded: node 2 decision=True round=5 satisfied=True"}
{"time":"2026-07-21 19:08:34,002","level":"INFO","node":1,"msg":"Round 6 COMMITTED — model hash agreed by [1, 0, 2]"}
{"time":"2026-07-21 19:08:34,003","level":"INFO","node":1,"msg":"Commit certificate saved to C:\Users\mousu\OneDrive\Desktop\Set A\securefedhe\dashboard\certificates\round_5.json"}
{"time":"2026-07-21 19:08:34,005","level":"INFO","node":1,"msg":"Broadcast weights to node 2"}
{"time":"2026-07-21 19:08:34,016","level":"INFO","node":1,"msg":"Commit vote recorded: node 3 decision=True round=5 satisfied=True"}
{"time":"2026-07-21 19:08:34,019","level":"INFO","node":1,"msg":"Broadcast weights to node 3"}
{"time":"2026-07-21 19:08:34,020","level":"INFO","node":1,"msg":"Checkpoint saved to C:\Users\mousu\OneDrive\Desktop\Set A\securefedhe\dashboard\model_latest.pt"}
{"time":"2026-07-21 19:08:34,021","level":"INFO","node":1,"msg":"Round 6 complete | accuracy=0.7455 | duration=53.24s"}
{"time":"2026-07-21 19:08:34,021","level":"INFO","node":1,"msg":"Round 7 belongs to node 2 — waiting for their proposal."}
{"time":"2026-07-21 19:08:34,024","level":"INFO","node":1,"msg":"Notified next proposer to node 2"}
{"time":"2026-07-21 19:08:40,040","level":"INFO","node":1,"msg":"Proposal received: round=6 origin=2 hash=d310fb5d0a2a..."}
{"time":"2026-07-21 19:08:40,071","level":"INFO","node":1,"msg":"Consensus vote recorded: node 2 decision=True reason=zkp_ok round=6 new=True satisfied=False"}
{"time":"2026-07-21 19:08:49,882","level":"INFO","node":1,"msg":"Consensus vote recorded: node 3 decision=False reason=stale_update_replay round=6 new=True satisfied=False"}
{"time":"2026-07-21 19:09:05,601","level":"INFO","node":1,"msg":"Consensus vote recorded: node 0 decision=False reason=stale_update_replay round=6 new=True satisfied=False"}
{"time":"2026-07-21 19:09:11,440","level":"INFO","node":1,"msg":"Received update from node 0, round 6"}
{"time":"2026-07-21 19:09:21,024","level":"INFO","node":1,"msg":"ZKP ACCEPTED from node 0"}
{"time":"2026-07-21 19:09:21,024","level":"WARNING","node":1,"msg":"[STALE-UPDATE CHECK] node 1 observed node 2 resending identical slack (665457) as last round — REJECTING as replayed/stale update"}
{"time":"2026-07-21 19:09:21,028","level":"INFO","node":1,"msg":"Per-class agreement with node 2: class0=0.956 class1=0.961 gap=0.005"}
{"time":"2026-07-21 19:09:21,028","level":"INFO","node":1,"msg":"Per-class rolling gap for node 2: mean=0.005 over last 1 round(s)"}
{"time":"2026-07-21 19:09:21,029","level":"INFO","node":1,"msg":"Trust score for node 2: S=0.820 (Z=1.00 A=0.96 P=0.50 R=1.00) advisory only"}
{"time":"2026-07-21 19:09:21,029","level":"WARNING","node":1,"msg":"Update round=6 from node 2 REJECTED on stale-update replay: identical slack to previous round"}
{"time":"2026-07-21 19:09:21,054","level":"INFO","node":1,"msg":"Sent consensus vote to node 0"}
{"time":"2026-07-21 19:09:21,078","level":"INFO","node":1,"msg":"Sent consensus vote to node 2"}
{"time":"2026-07-21 19:09:21,103","level":"INFO","node":1,"msg":"Sent consensus vote to node 3"}
{"time":"2026-07-21 19:09:26,912","level":"INFO","node":1,"msg":"Forwarded to http://127.0.0.1:8002"}
{"time":"2026-07-21 19:09:33,335","level":"INFO","node":1,"msg":"Proposal received: round=6 origin=2 hash=d310fb5d0a2a..."}
{"time":"2026-07-21 19:09:33,360","level":"INFO","node":1,"msg":"Consensus vote recorded: node 2 decision=True reason=zkp_ok round=6 new=False satisfied=False"}
{"time":"2026-07-21 19:09:43,033","level":"INFO","node":1,"msg":"Prediction agreement with node 3 round=6: A=0.886"}
{"time":"2026-07-21 19:09:43,033","level":"INFO","node":1,"msg":"Consensus vote recorded: node 3 decision=False reason=stale_update_replay round=6 new=False satisfied=False"}
{"time":"2026-07-21 19:09:58,786","level":"INFO","node":1,"msg":"Prediction agreement with node 0 round=6: A=0.952"}
{"time":"2026-07-21 19:09:58,786","level":"INFO","node":1,"msg":"Consensus vote recorded: node 0 decision=False reason=stale_update_replay round=6 new=False satisfied=False"}
{"time":"2026-07-21 19:10:04,641","level":"INFO","node":1,"msg":"Received update from node 0, round 6"}
{"time":"2026-07-21 19:10:14,189","level":"INFO","node":1,"msg":"ZKP ACCEPTED from node 0"}
{"time":"2026-07-21 19:10:14,189","level":"WARNING","node":1,"msg":"[STALE-UPDATE CHECK] node 1 observed node 2 resending identical slack (665457) as last round — REJECTING as replayed/stale update"}
{"time":"2026-07-21 19:10:14,189","level":"INFO","node":1,"msg":"fc_in col7 delta self-cosine for node 2: 0.0035 (delta_norm=0.1287)"}
{"time":"2026-07-21 19:10:14,205","level":"INFO","node":1,"msg":"Per-class agreement with node 2: class0=0.971 class1=0.957 gap=0.014"}
{"time":"2026-07-21 19:10:14,205","level":"INFO","node":1,"msg":"Per-class rolling gap for node 2: mean=0.009 over last 2 round(s)"}
{"time":"2026-07-21 19:10:14,207","level":"INFO","node":1,"msg":"Trust score for node 2: S=0.788 (Z=1.00 A=0.97 P=0.50 R=0.80) advisory only"}
{"time":"2026-07-21 19:10:14,207","level":"WARNING","node":1,"msg":"Update round=6 from node 2 REJECTED on stale-update replay: identical slack to previous round"}
{"time":"2026-07-21 19:10:14,227","level":"INFO","node":1,"msg":"Sent consensus vote to node 0"}
{"time":"2026-07-21 19:10:14,237","level":"INFO","node":1,"msg":"Sent consensus vote to node 2"}
{"time":"2026-07-21 19:10:14,247","level":"INFO","node":1,"msg":"Sent consensus vote to node 3"}
{"time":"2026-07-21 19:10:20,106","level":"INFO","node":1,"msg":"Forwarded to http://127.0.0.1:8002"}
{"time":"2026-07-21 19:10:26,652","level":"INFO","node":1,"msg":"Proposal received: round=6 origin=2 hash=d310fb5d0a2a..."}
{"time":"2026-07-21 19:10:26,688","level":"INFO","node":1,"msg":"Consensus vote recorded: node 2 decision=True reason=zkp_ok round=6 new=False satisfied=False"}
{"time":"2026-07-21 19:10:36,264","level":"INFO","node":1,"msg":"Prediction agreement with node 3 round=6: A=0.793"}
{"time":"2026-07-21 19:10:36,264","level":"INFO","node":1,"msg":"Consensus vote recorded: node 3 decision=False reason=stale_update_replay round=6 new=False satisfied=False"}
{"time":"2026-07-21 19:10:52,001","level":"INFO","node":1,"msg":"Prediction agreement with node 0 round=6: A=0.873"}
{"time":"2026-07-21 19:10:52,003","level":"INFO","node":1,"msg":"Consensus vote recorded: node 0 decision=False reason=stale_update_replay round=6 new=False satisfied=False"}
{"time":"2026-07-21 19:10:57,945","level":"INFO","node":1,"msg":"Received update from node 0, round 6"}
{"time":"2026-07-21 19:11:07,455","level":"INFO","node":1,"msg":"ZKP ACCEPTED from node 0"}
{"time":"2026-07-21 19:11:07,455","level":"WARNING","node":1,"msg":"[STALE-UPDATE CHECK] node 1 observed node 2 resending identical slack (665457) as last round — REJECTING as replayed/stale update"}
{"time":"2026-07-21 19:11:07,455","level":"INFO","node":1,"msg":"fc_in col7 delta self-cosine for node 2: -0.3631 (delta_norm=0.1307)"}
{"time":"2026-07-21 19:11:07,471","level":"INFO","node":1,"msg":"Per-class agreement with node 2: class0=0.945 class1=0.938 gap=0.007"}
{"time":"2026-07-21 19:11:07,471","level":"INFO","node":1,"msg":"Per-class rolling gap for node 2: mean=0.009 over last 3 round(s)"}
{"time":"2026-07-21 19:11:07,471","level":"INFO","node":1,"msg":"Trust score for node 2: S=0.698 (Z=1.00 A=0.94 P=0.39 R=0.60) advisory only"}
{"time":"2026-07-21 19:11:07,471","level":"WARNING","node":1,"msg":"Update round=6 from node 2 REJECTED on stale-update replay: identical slack to previous round"}
{"time":"2026-07-21 19:11:07,505","level":"INFO","node":1,"msg":"Sent consensus vote to node 0"}
{"time":"2026-07-21 19:11:07,529","level":"INFO","node":1,"msg":"Sent consensus vote to node 2"}
{"time":"2026-07-21 19:11:07,540","level":"INFO","node":1,"msg":"Sent consensus vote to node 3"}
{"time":"2026-07-21 19:11:13,449","level":"INFO","node":1,"msg":"Forwarded to http://127.0.0.1:8002"}
{"time":"2026-07-21 19:11:19,880","level":"INFO","node":1,"msg":"Proposal received: round=6 origin=2 hash=d310fb5d0a2a..."}
{"time":"2026-07-21 19:11:19,898","level":"INFO","node":1,"msg":"Consensus vote recorded: node 2 decision=True reason=zkp_ok round=6 new=False satisfied=False"}
{"time":"2026-07-21 19:11:29,724","level":"INFO","node":1,"msg":"Prediction agreement with node 3 round=6: A=0.734"}
{"time":"2026-07-21 19:11:29,724","level":"INFO","node":1,"msg":"Consensus vote recorded: node 3 decision=False reason=stale_update_replay round=6 new=False satisfied=False"}
{"time":"2026-07-21 19:11:45,366","level":"INFO","node":1,"msg":"Prediction agreement with node 0 round=6: A=0.782"}
{"time":"2026-07-21 19:11:45,366","level":"INFO","node":1,"msg":"Consensus vote recorded: node 0 decision=False reason=stale_update_replay round=6 new=False satisfied=False"}
{"time":"2026-07-21 19:11:51,367","level":"INFO","node":1,"msg":"Received update from node 0, round 6"}
{"time":"2026-07-21 19:12:00,973","level":"INFO","node":1,"msg":"ZKP ACCEPTED from node 0"}
{"time":"2026-07-21 19:12:00,973","level":"WARNING","node":1,"msg":"[STALE-UPDATE CHECK] node 1 observed node 2 resending identical slack (665457) as last round — REJECTING as replayed/stale update"}
{"time":"2026-07-21 19:12:00,973","level":"INFO","node":1,"msg":"fc_in col7 delta self-cosine for node 2: -0.4241 (delta_norm=0.1319)"}
{"time":"2026-07-21 19:12:00,973","level":"INFO","node":1,"msg":"Per-class agreement with node 2: class0=0.917 class1=0.915 gap=0.002"}
{"time":"2026-07-21 19:12:00,973","level":"INFO","node":1,"msg":"Per-class rolling gap for node 2: mean=0.007 over last 4 round(s)"}
{"time":"2026-07-21 19:12:00,989","level":"INFO","node":1,"msg":"Trust score for node 2: S=0.573 (Z=1.00 A=0.92 P=0.14 R=0.40) advisory only"}
{"time":"2026-07-21 19:12:00,989","level":"WARNING","node":1,"msg":"Update round=6 from node 2 REJECTED on stale-update replay: identical slack to previous round"}
{"time":"2026-07-21 19:12:01,031","level":"INFO","node":1,"msg":"Sent consensus vote to node 0"}
{"time":"2026-07-21 19:12:01,053","level":"INFO","node":1,"msg":"Sent consensus vote to node 2"}
{"time":"2026-07-21 19:12:01,065","level":"INFO","node":1,"msg":"Sent consensus vote to node 3"}
{"time":"2026-07-21 19:12:06,866","level":"INFO","node":1,"msg":"Forwarded to http://127.0.0.1:8002"}
{"time":"2026-07-21 19:12:06,866","level":"WARNING","node":1,"msg":"Node 2 accused by node 0, but only 1/3 distinct accusers so far (3f+1 quorum) — NOT excluding yet (avoids a single compromised node unilaterally removing an honest peer)."}
{"time":"2026-07-21 19:12:06,895","level":"INFO","node":1,"msg":"Round 7 skip acknowledged — advancing to round 8"}
{"time":"2026-07-21 19:12:06,897","level":"WARNING","node":1,"msg":"[SKIP STRIKE] round 7 skipped, proposer=2, reason=quorum_failure — recording independent strike"}
{"time":"2026-07-21 19:12:06,897","level":"WARNING","node":1,"msg":"This node independently suspects node 2 (local strikes=5.0) — broadcasting accusation for peer corroboration, NOT excluding unilaterally"}
{"time":"2026-07-21 19:12:06,921","level":"INFO","node":1,"msg":"Sent accusation to node 0"}
{"time":"2026-07-21 19:12:06,922","level":"INFO","node":1,"msg":"Sent accusation to node 2"}
{"time":"2026-07-21 19:12:06,942","level":"INFO","node":1,"msg":"Sent accusation to node 3"}
{"time":"2026-07-21 19:12:06,942","level":"WARNING","node":1,"msg":"Node 2 accused by node 1, but only 2/3 distinct accusers so far (3f+1 quorum) — NOT excluding yet (avoids a single compromised node unilaterally removing an honest peer)."}
{"time":"2026-07-21 19:12:06,997","level":"ERROR","node":1,"msg":"Node 2 EXCLUDED from proposing and quorum. Quorum requirement adjusted to 3 of 3 remaining trusted nodes."}
{"time":"2026-07-21 19:12:17,029","level":"INFO","node":1,"msg":"Node 2 accused by node 3 — already excluded, this accusation is redundant (late-arriving vote)."}
{"time":"2026-07-21 19:12:34,207","level":"INFO","node":1,"msg":"Proposal received: round=7 origin=3 hash=08dc74fb62ef..."}
{"time":"2026-07-21 19:12:34,220","level":"INFO","node":1,"msg":"Consensus vote recorded: node 3 decision=True reason=zkp_ok round=7 new=True satisfied=False"}
{"time":"2026-07-21 19:12:40,523","level":"INFO","node":1,"msg":"Proposal for round=7 origin=3 changed hash after 6.23s — treating as a legitimate round retry, not equivocation."}
{"time":"2026-07-21 19:12:40,524","level":"INFO","node":1,"msg":"Proposal received: round=7 origin=3 hash=dca2b87b3601..."}
{"time":"2026-07-21 19:12:40,582","level":"INFO","node":1,"msg":"Consensus vote recorded: node 3 decision=True reason=zkp_ok round=7 new=True satisfied=False"}
{"time":"2026-07-21 19:12:49,025","level":"INFO","node":1,"msg":"Consensus vote recorded: node 0 decision=True reason=zkp_ok round=7 new=True satisfied=False"}
{"time":"2026-07-21 19:12:55,609","level":"INFO","node":1,"msg":"Consensus vote recorded: node 0 decision=True reason=zkp_ok round=7 new=False satisfied=False"}
{"time":"2026-07-21 19:13:00,820","level":"INFO","node":1,"msg":"Received update from node 0, round 7"}
{"time":"2026-07-21 19:13:06,870","level":"INFO","node":1,"msg":"Received update from node 0, round 7"}
{"time":"2026-07-21 19:13:13,754","level":"INFO","node":1,"msg":"ZKP ACCEPTED from node 0"}
{"time":"2026-07-21 19:13:14,378","level":"INFO","node":1,"msg":"Per-class agreement with node 3: class0=0.687 class1=0.639 gap=0.048"}
{"time":"2026-07-21 19:13:14,394","level":"INFO","node":1,"msg":"Per-class rolling gap for node 3: mean=0.048 over last 1 round(s)"}
{"time":"2026-07-21 19:13:14,674","level":"INFO","node":1,"msg":"Trust score for node 3: S=0.509 (Z=1.00 A=0.68 P=0.14 R=1.00) advisory only"}
{"time":"2026-07-21 19:13:14,690","level":"WARNING","node":1,"msg":"Update round=7 from node 3 REJECTED on prediction agreement: A=0.675 < tau=0.75"}
{"time":"2026-07-21 19:13:14,986","level":"INFO","node":1,"msg":"Sent consensus vote to node 0"}
{"time":"2026-07-21 19:13:15,243","level":"INFO","node":1,"msg":"Sent consensus vote to node 3"}
{"time":"2026-07-21 19:13:20,380","level":"INFO","node":1,"msg":"ZKP ACCEPTED from node 0"}
{"time":"2026-07-21 19:13:20,380","level":"INFO","node":1,"msg":"fc_in col7 delta self-cosine for node 3: -0.1658 (delta_norm=0.1730)"}
{"time":"2026-07-21 19:13:21,338","level":"INFO","node":1,"msg":"Per-class agreement with node 3: class0=0.795 class1=0.835 gap=0.040"}
{"time":"2026-07-21 19:13:21,386","level":"INFO","node":1,"msg":"Per-class rolling gap for node 3: mean=0.044 over last 2 round(s)"}
{"time":"2026-07-21 19:13:21,979","level":"INFO","node":1,"msg":"Trust score for node 3: S=0.575 (Z=1.00 A=0.81 P=0.00 R=1.00) advisory only"}
{"time":"2026-07-21 19:13:22,178","level":"INFO","node":1,"msg":"Sent consensus vote to node 0"}
{"time":"2026-07-21 19:13:22,418","level":"INFO","node":1,"msg":"Sent consensus vote to node 3"}
{"time":"2026-07-21 19:13:27,168","level":"INFO","node":1,"msg":"Forwarded to http://127.0.0.1:8003"}
{"time":"2026-07-21 19:13:33,435","level":"INFO","node":1,"msg":"Forwarded to http://127.0.0.1:8003"}
{"time":"2026-07-21 19:13:33,913","level":"INFO","node":1,"msg":"Proposal for round=7 origin=3 changed hash after 53.51s — treating as a legitimate round retry, not equivocation."}
{"time":"2026-07-21 19:13:33,913","level":"INFO","node":1,"msg":"Proposal received: round=7 origin=3 hash=8521e3259894..."}
{"time":"2026-07-21 19:13:33,930","level":"INFO","node":1,"msg":"Consensus vote recorded: node 3 decision=True reason=zkp_ok round=7 new=True satisfied=False"}
{"time":"2026-07-21 19:13:40,321","level":"INFO","node":1,"msg":"Proposal for round=7 origin=3 changed hash after 6.25s — treating as a legitimate round retry, not equivocation."}
{"time":"2026-07-21 19:13:40,321","level":"INFO","node":1,"msg":"Proposal received: round=7 origin=3 hash=3ef1d7c34361..."}
{"time":"2026-07-21 19:13:40,374","level":"INFO","node":1,"msg":"Consensus vote recorded: node 3 decision=True reason=zkp_ok round=7 new=True satisfied=False"}
{"time":"2026-07-21 19:13:48,101","level":"INFO","node":1,"msg":"Consensus vote recorded: node 0 decision=True reason=zkp_ok round=7 new=True satisfied=False"}
{"time":"2026-07-21 19:13:54,807","level":"INFO","node":1,"msg":"Consensus vote recorded: node 0 decision=True reason=zkp_ok round=7 new=False satisfied=False"}
{"time":"2026-07-21 19:14:00,905","level":"INFO","node":1,"msg":"Received update from node 0, round 7"}
{"time":"2026-07-21 19:14:06,921","level":"INFO","node":1,"msg":"Received update from node 0, round 7"}
{"time":"2026-07-21 19:14:14,385","level":"INFO","node":1,"msg":"ZKP ACCEPTED from node 0"}
{"time":"2026-07-21 19:14:14,417","level":"INFO","node":1,"msg":"fc_in col7 delta self-cosine for node 3: -0.3592 (delta_norm=0.1820)"}
{"time":"2026-07-21 19:14:15,482","level":"INFO","node":1,"msg":"Per-class agreement with node 3: class0=0.912 class1=0.923 gap=0.011"}
{"time":"2026-07-21 19:14:15,498","level":"INFO","node":1,"msg":"Per-class rolling gap for node 3: mean=0.033 over last 3 round(s)"}
{"time":"2026-07-21 19:14:15,918","level":"INFO","node":1,"msg":"Trust score for node 3: S=0.654 (Z=1.00 A=0.92 P=0.00 R=1.00) advisory only"}
{"time":"2026-07-21 19:14:16,133","level":"INFO","node":1,"msg":"Sent consensus vote to node 0"}
{"time":"2026-07-21 19:14:16,279","level":"INFO","node":1,"msg":"Sent consensus vote to node 3"}
{"time":"2026-07-21 19:14:20,836","level":"INFO","node":1,"msg":"ZKP ACCEPTED from node 0"}
{"time":"2026-07-21 19:14:20,836","level":"INFO","node":1,"msg":"fc_in col7 delta self-cosine for node 3: -0.3701 (delta_norm=0.1776)"}
{"time":"2026-07-21 19:14:21,781","level":"INFO","node":1,"msg":"Per-class agreement with node 3: class0=0.904 class1=0.905 gap=0.001"}
{"time":"2026-07-21 19:14:21,781","level":"INFO","node":1,"msg":"Per-class rolling gap for node 3: mean=0.025 over last 4 round(s)"}
{"time":"2026-07-21 19:14:22,124","level":"INFO","node":1,"msg":"Trust score for node 3: S=0.646 (Z=1.00 A=0.90 P=0.00 R=1.00) advisory only"}
{"time":"2026-07-21 19:14:22,364","level":"INFO","node":1,"msg":"Sent consensus vote to node 0"}
{"time":"2026-07-21 19:14:22,620","level":"INFO","node":1,"msg":"Sent consensus vote to node 3"}
{"time":"2026-07-21 19:14:28,282","level":"INFO","node":1,"msg":"Forwarded to http://127.0.0.1:8003"}
{"time":"2026-07-21 19:14:28,638","level":"INFO","node":1,"msg":"Synced weights from master for round 7"}
{"time":"2026-07-21 19:14:28,804","level":"INFO","node":1,"msg":"Sent commit vote to node 3"}
{"time":"2026-07-21 19:14:34,473","level":"INFO","node":1,"msg":"Forwarded to http://127.0.0.1:8003"}
{"time":"2026-07-21 19:14:35,027","level":"INFO","node":1,"msg":"Proposal received: round=8 origin=0 hash=a1d7fa0c361b..."}
{"time":"2026-07-21 19:14:35,027","level":"INFO","node":1,"msg":"Consensus vote recorded: node 0 decision=True reason=zkp_ok round=8 new=True satisfied=False"}
{"time":"2026-07-21 19:14:35,047","level":"INFO","node":1,"msg":"Received update from node 0, round 8"}
{"time":"2026-07-21 19:14:44,609","level":"INFO","node":1,"msg":"ZKP ACCEPTED from node 0"}
{"time":"2026-07-21 19:14:44,609","level":"INFO","node":1,"msg":"fc_in col7 delta self-cosine for node 0: 0.0689 (delta_norm=0.3551)"}
{"time":"2026-07-21 19:14:44,625","level":"INFO","node":1,"msg":"Per-class agreement with node 0: class0=0.748 class1=0.743 gap=0.006"}
{"time":"2026-07-21 19:14:44,625","level":"INFO","node":1,"msg":"Per-class rolling gap for node 0: mean=0.009 over last 2 round(s)"}
{"time":"2026-07-21 19:14:44,627","level":"INFO","node":1,"msg":"Trust score for node 0: S=0.640 (Z=1.00 A=0.75 P=0.50 R=1.00) advisory only"}
{"time":"2026-07-21 19:14:44,627","level":"WARNING","node":1,"msg":"Update round=8 from node 0 REJECTED on prediction agreement: A=0.747 < tau=0.75"}
{"time":"2026-07-21 19:14:44,643","level":"INFO","node":1,"msg":"Sent consensus vote to node 0"}
{"time":"2026-07-21 19:14:44,668","level":"INFO","node":1,"msg":"Sent consensus vote to node 3"}
{"time":"2026-07-21 19:14:50,693","level":"INFO","node":1,"msg":"Forwarded to http://127.0.0.1:8003"}
{"time":"2026-07-21 19:15:00,394","level":"INFO","node":1,"msg":"Prediction agreement with node 3 round=8: A=0.982"}
{"time":"2026-07-21 19:15:00,394","level":"INFO","node":1,"msg":"Consensus vote recorded: node 3 decision=False reason=prediction_disagreement round=8 new=True satisfied=False"}
{"time":"2026-07-21 19:15:13,239","level":"INFO","node":1,"msg":"Proposal for round=8 origin=0 changed hash after 38.20s — treating as a legitimate round retry, not equivocation."}
{"time":"2026-07-21 19:15:13,239","level":"INFO","node":1,"msg":"Proposal received: round=8 origin=0 hash=f06d2d56617d..."}
{"time":"2026-07-21 19:15:13,264","level":"INFO","node":1,"msg":"Consensus vote recorded: node 0 decision=True reason=zkp_ok round=8 new=True satisfied=False"}
{"time":"2026-07-21 19:15:13,270","level":"INFO","node":1,"msg":"Received update from node 0, round 8"}
{"time":"2026-07-21 19:15:22,808","level":"INFO","node":1,"msg":"ZKP ACCEPTED from node 0"}
{"time":"2026-07-21 19:15:22,808","level":"INFO","node":1,"msg":"fc_in col7 delta self-cosine for node 0: -0.5001 (delta_norm=0.1719)"}
{"time":"2026-07-21 19:15:22,808","level":"INFO","node":1,"msg":"Per-class agreement with node 0: class0=0.948 class1=0.908 gap=0.041"}
{"time":"2026-07-21 19:15:22,808","level":"INFO","node":1,"msg":"Per-class rolling gap for node 0: mean=0.020 over last 3 round(s)"}
{"time":"2026-07-21 19:15:22,818","level":"INFO","node":1,"msg":"Trust score for node 0: S=0.804 (Z=1.00 A=0.94 P=0.50 R=1.00) advisory only"}
{"time":"2026-07-21 19:15:22,837","level":"INFO","node":1,"msg":"Sent consensus vote to node 0"}
{"time":"2026-07-21 19:15:22,862","level":"INFO","node":1,"msg":"Sent consensus vote to node 3"}
{"time":"2026-07-21 19:15:28,913","level":"INFO","node":1,"msg":"Forwarded to http://127.0.0.1:8003"}
{"time":"2026-07-21 19:15:38,680","level":"INFO","node":1,"msg":"Prediction agreement with node 3 round=8: A=0.866"}
{"time":"2026-07-21 19:15:38,680","level":"INFO","node":1,"msg":"Consensus vote recorded: node 3 decision=True reason=zkp_ok round=8 new=True satisfied=True"}
{"time":"2026-07-21 19:15:44,919","level":"INFO","node":1,"msg":"Synced weights from master for round 8"}
{"time":"2026-07-21 19:15:44,939","level":"INFO","node":1,"msg":"Sent commit vote to node 0"}
{"time":"2026-07-21 19:15:44,977","level":"INFO","node":1,"msg":"My turn — starting round 10 as proposer."}
{"time":"2026-07-21 19:15:44,978","level":"INFO","node":1,"msg":"Starting round 10"}
{"time":"2026-07-21 19:15:51,169","level":"INFO","node":1,"msg":"Sent proposal to node 0"}
{"time":"2026-07-21 19:15:51,188","level":"INFO","node":1,"msg":"Sent proposal to node 3"}
{"time":"2026-07-21 19:15:51,196","level":"INFO","node":1,"msg":"Sent consensus vote to node 0"}
{"time":"2026-07-21 19:15:51,202","level":"INFO","node":1,"msg":"Sent consensus vote to node 3"}
{"time":"2026-07-21 19:15:51,211","level":"INFO","node":1,"msg":"Forwarded to http://127.0.0.1:8003"}
{"time":"2026-07-21 19:16:00,865","level":"INFO","node":1,"msg":"Consensus vote recorded: node 3 decision=False reason=prediction_disagreement round=9 new=True satisfied=False"}
{"time":"2026-07-21 19:16:16,424","level":"INFO","node":1,"msg":"Consensus vote recorded: node 0 decision=False reason=prediction_disagreement round=9 new=True satisfied=False"}
{"time":"2026-07-21 19:16:22,548","level":"INFO","node":1,"msg":"Received update from node 0, round 9"}
{"time":"2026-07-21 19:16:22,548","level":"INFO","node":1,"msg":"Round 10 complete — aggregating"}
{"time":"2026-07-21 19:16:22,548","level":"WARNING","node":1,"msg":"Round 10 REJECTED — quorum not satisfied (attempt 1/3). Retrying round."}
{"time":"2026-07-21 19:16:23,067","level":"INFO","node":1,"msg":"Starting round 10"}
{"time":"2026-07-21 19:16:29,178","level":"INFO","node":1,"msg":"Sent proposal to node 0"}
{"time":"2026-07-21 19:16:29,198","level":"INFO","node":1,"msg":"Sent proposal to node 3"}
{"time":"2026-07-21 19:16:29,204","level":"INFO","node":1,"msg":"Sent consensus vote to node 0"}
{"time":"2026-07-21 19:16:29,206","level":"INFO","node":1,"msg":"Sent consensus vote to node 3"}
{"time":"2026-07-21 19:16:29,218","level":"INFO","node":1,"msg":"Forwarded to http://127.0.0.1:8003"}
{"time":"2026-07-21 19:16:38,999","level":"INFO","node":1,"msg":"Consensus vote recorded: node 3 decision=True reason=zkp_ok round=9 new=True satisfied=False"}
{"time":"2026-07-21 19:16:54,754","level":"INFO","node":1,"msg":"Consensus vote recorded: node 0 decision=True reason=zkp_ok round=9 new=True satisfied=True"}
{"time":"2026-07-21 19:17:00,717","level":"INFO","node":1,"msg":"Received update from node 0, round 9"}
{"time":"2026-07-21 19:17:00,717","level":"INFO","node":1,"msg":"Round 10 complete — aggregating"}
{"time":"2026-07-21 19:17:00,748","level":"INFO","node":1,"msg":"[BACKDOOR PROBE] Round 10 clean — worst case flip_rate=0.000 jump=0.000 (feature=None, value=None)"}
{"time":"2026-07-21 19:17:00,768","level":"INFO","node":1,"msg":"Commit vote recorded: node 0 decision=True round=9 satisfied=False"}
{"time":"2026-07-21 19:17:00,770","level":"INFO","node":1,"msg":"Broadcast weights to node 0"}
{"time":"2026-07-21 19:17:00,827","level":"INFO","node":1,"msg":"Commit vote recorded: node 3 decision=True round=9 satisfied=True"}
{"time":"2026-07-21 19:17:00,827","level":"INFO","node":1,"msg":"Round 10 COMMITTED — model hash agreed by [1, 0, 3]"}
{"time":"2026-07-21 19:17:00,829","level":"INFO","node":1,"msg":"Commit certificate saved to C:\Users\mousu\OneDrive\Desktop\Set A\securefedhe\dashboard\certificates\round_9.json"}
{"time":"2026-07-21 19:17:00,831","level":"INFO","node":1,"msg":"Broadcast weights to node 3"}
{"time":"2026-07-21 19:17:00,831","level":"INFO","node":1,"msg":"Checkpoint saved to C:\Users\mousu\OneDrive\Desktop\Set A\securefedhe\dashboard\model_latest.pt"}
{"time":"2026-07-21 19:17:00,831","level":"INFO","node":1,"msg":"Round 10 complete | accuracy=0.7455 | duration=37.76s"}
{"time":"2026-07-21 19:17:00,831","level":"INFO","node":1,"msg":"Round 11 belongs to node 3 — waiting for their proposal."}
{"time":"2026-07-21 19:17:00,837","level":"INFO","node":1,"msg":"Notified next proposer to node 3"}
{"time":"2026-07-21 19:17:07,093","level":"INFO","node":1,"msg":"Proposal received: round=10 origin=3 hash=96213ef75730..."}
{"time":"2026-07-21 19:17:07,101","level":"INFO","node":1,"msg":"Consensus vote recorded: node 3 decision=True reason=zkp_ok round=10 new=True satisfied=False"}
{"time":"2026-07-21 19:17:16,679","level":"INFO","node":1,"msg":"Consensus vote recorded: node 0 decision=True reason=zkp_ok round=10 new=True satisfied=False"}
{"time":"2026-07-21 19:17:22,803","level":"INFO","node":1,"msg":"Received update from node 0, round 10"}
{"time":"2026-07-21 19:17:32,381","level":"INFO","node":1,"msg":"ZKP ACCEPTED from node 0"}
{"time":"2026-07-21 19:17:32,381","level":"INFO","node":1,"msg":"fc_in col7 delta self-cosine for node 3: -0.5995 (delta_norm=0.3061)"}
{"time":"2026-07-21 19:17:32,384","level":"INFO","node":1,"msg":"Per-class agreement with node 3: class0=0.093 class1=0.074 gap=0.020"}
{"time":"2026-07-21 19:17:32,384","level":"INFO","node":1,"msg":"Per-class rolling gap for node 3: mean=0.018 over last 4 round(s)"}
{"time":"2026-07-21 19:17:32,386","level":"INFO","node":1,"msg":"Trust score for node 3: S=0.076 (Z=1.00 A=0.09 P=0.50 R=1.00) advisory only"}
{"time":"2026-07-21 19:17:32,386","level":"WARNING","node":1,"msg":"Update round=10 from node 3 REJECTED on prediction agreement: A=0.088 < tau=0.75"}
{"time":"2026-07-21 19:17:32,398","level":"INFO","node":1,"msg":"Sent consensus vote to node 0"}
{"time":"2026-07-21 19:17:32,416","level":"INFO","node":1,"msg":"Sent consensus vote to node 3"}
{"time":"2026-07-21 19:17:38,396","level":"INFO","node":1,"msg":"Forwarded to http://127.0.0.1:8003"}
{"time":"2026-07-21 19:17:45,084","level":"INFO","node":1,"msg":"Proposal for round=10 origin=3 changed hash after 38.01s — treating as a legitimate round retry, not equivocation."}
{"time":"2026-07-21 19:17:45,084","level":"INFO","node":1,"msg":"Proposal received: round=10 origin=3 hash=7b82f01d3f8a..."}
{"time":"2026-07-21 19:17:45,105","level":"INFO","node":1,"msg":"Consensus vote recorded: node 3 decision=True reason=zkp_ok round=10 new=True satisfied=False"}
{"time":"2026-07-21 19:17:54,778","level":"INFO","node":1,"msg":"Consensus vote recorded: node 0 decision=True reason=zkp_ok round=10 new=True satisfied=False"}
{"time":"2026-07-21 19:18:00,694","level":"INFO","node":1,"msg":"Received update from node 0, round 10"}
{"time":"2026-07-21 19:18:10,224","level":"INFO","node":1,"msg":"ZKP ACCEPTED from node 0"}
{"time":"2026-07-21 19:18:10,224","level":"INFO","node":1,"msg":"fc_in col7 delta self-cosine for node 3: -0.2134 (delta_norm=0.2004)"}
{"time":"2026-07-21 19:18:10,224","level":"INFO","node":1,"msg":"Per-class agreement with node 3: class0=0.999 class1=0.999 gap=0.000"}
{"time":"2026-07-21 19:18:10,239","level":"INFO","node":1,"msg":"Per-class rolling gap for node 3: mean=0.008 over last 4 round(s)"}
{"time":"2026-07-21 19:18:10,239","level":"INFO","node":1,"msg":"Trust score for node 3: S=0.857 (Z=1.00 A=1.00 P=0.50 R=1.00) advisory only"}
{"time":"2026-07-21 19:18:10,252","level":"INFO","node":1,"msg":"Sent consensus vote to node 0"}
{"time":"2026-07-21 19:18:10,274","level":"INFO","node":1,"msg":"Sent consensus vote to node 3"}
{"time":"2026-07-21 19:18:16,238","level":"INFO","node":1,"msg":"Forwarded to http://127.0.0.1:8003"}
{"time":"2026-07-21 19:18:16,296","level":"INFO","node":1,"msg":"Synced weights from master for round 10"}
{"time":"2026-07-21 19:18:16,307","level":"INFO","node":1,"msg":"Sent commit vote to node 3"}
{"time":"2026-07-21 19:18:23,011","level":"INFO","node":1,"msg":"Proposal received: round=11 origin=3 hash=b9c5d9729c9c..."}
{"time":"2026-07-21 19:18:23,035","level":"INFO","node":1,"msg":"Consensus vote recorded: node 3 decision=True reason=zkp_ok round=11 new=True satisfied=False"}
{"time":"2026-07-21 19:18:32,696","level":"INFO","node":1,"msg":"Consensus vote recorded: node 0 decision=True reason=zkp_ok round=11 new=True satisfied=False"}
{"time":"2026-07-21 19:18:38,724","level":"INFO","node":1,"msg":"Received update from node 0, round 11"}
{"time":"2026-07-21 19:18:48,204","level":"INFO","node":1,"msg":"ZKP ACCEPTED from node 0"}
{"time":"2026-07-21 19:18:48,204","level":"INFO","node":1,"msg":"fc_in col7 delta self-cosine for node 3: -0.1227 (delta_norm=0.1397)"}
{"time":"2026-07-21 19:18:48,204","level":"INFO","node":1,"msg":"Per-class agreement with node 3: class0=0.999 class1=0.997 gap=0.002"}
{"time":"2026-07-21 19:18:48,204","level":"INFO","node":1,"msg":"Per-class rolling gap for node 3: mean=0.006 over last 4 round(s)"}
{"time":"2026-07-21 19:18:48,212","level":"INFO","node":1,"msg":"Trust score for node 3: S=0.856 (Z=1.00 A=1.00 P=0.50 R=1.00) advisory only"}
{"time":"2026-07-21 19:18:48,236","level":"INFO","node":1,"msg":"Sent consensus vote to node 0"}
{"time":"2026-07-21 19:18:48,256","level":"INFO","node":1,"msg":"Sent consensus vote to node 3"}
{"time":"2026-07-21 19:18:54,307","level":"INFO","node":1,"msg":"Forwarded to http://127.0.0.1:8003"}
{"time":"2026-07-21 19:18:54,406","level":"INFO","node":1,"msg":"Synced weights from master for round 11"}
{"time":"2026-07-21 19:18:54,424","level":"INFO","node":1,"msg":"Sent commit vote to node 3"}
{"time":"2026-07-21 19:19:00,577","level":"INFO","node":1,"msg":"Proposal received: round=12 origin=0 hash=f36c65d08a73..."}
{"time":"2026-07-21 19:19:00,577","level":"INFO","node":1,"msg":"Consensus vote recorded: node 0 decision=True reason=zkp_ok round=12 new=True satisfied=False"}
{"time":"2026-07-21 19:19:00,590","level":"INFO","node":1,"msg":"Received update from node 0, round 12"}
{"time":"2026-07-21 19:19:10,162","level":"INFO","node":1,"msg":"ZKP ACCEPTED from node 0"}
{"time":"2026-07-21 19:19:10,162","level":"INFO","node":1,"msg":"fc_in col7 delta self-cosine for node 0: -0.3375 (delta_norm=0.3418)"}
{"time":"2026-07-21 19:19:10,178","level":"INFO","node":1,"msg":"Per-class agreement with node 0: class0=0.871 class1=0.808 gap=0.063"}
{"time":"2026-07-21 19:19:10,178","level":"INFO","node":1,"msg":"Per-class rolling gap for node 0: mean=0.030 over last 4 round(s)"}
{"time":"2026-07-21 19:19:10,181","level":"INFO","node":1,"msg":"Trust score for node 0: S=0.733 (Z=1.00 A=0.85 P=0.50 R=1.00) advisory only"}
{"time":"2026-07-21 19:19:10,212","level":"INFO","node":1,"msg":"Sent consensus vote to node 0"}
{"time":"2026-07-21 19:19:10,235","level":"INFO","node":1,"msg":"Sent consensus vote to node 3"}
{"time":"2026-07-21 19:19:16,211","level":"INFO","node":1,"msg":"Forwarded to http://127.0.0.1:8003"}
{"time":"2026-07-21 19:19:25,817","level":"INFO","node":1,"msg":"Prediction agreement with node 3 round=12: A=1.000"}
{"time":"2026-07-21 19:19:25,819","level":"INFO","node":1,"msg":"Consensus vote recorded: node 3 decision=True reason=zkp_ok round=12 new=True satisfied=True"}
{"time":"2026-07-21 19:19:32,017","level":"INFO","node":1,"msg":"Synced weights from master for round 12"}
{"time":"2026-07-21 19:19:32,026","level":"INFO","node":1,"msg":"Sent commit vote to node 0"}
{"time":"2026-07-21 19:19:32,064","level":"INFO","node":1,"msg":"My turn — starting round 14 as proposer."}
{"time":"2026-07-21 19:19:32,065","level":"INFO","node":1,"msg":"Starting round 14"}
{"time":"2026-07-21 19:19:38,236","level":"INFO","node":1,"msg":"Sent proposal to node 0"}
{"time":"2026-07-21 19:19:38,236","level":"INFO","node":1,"msg":"Sent proposal to node 3"}
{"time":"2026-07-21 19:19:38,251","level":"INFO","node":1,"msg":"Sent consensus vote to node 0"}
{"time":"2026-07-21 19:19:38,263","level":"INFO","node":1,"msg":"Sent consensus vote to node 3"}
{"time":"2026-07-21 19:19:38,268","level":"INFO","node":1,"msg":"Forwarded to http://127.0.0.1:8003"}
{"time":"2026-07-21 19:19:48,058","level":"INFO","node":1,"msg":"Consensus vote recorded: node 3 decision=True reason=zkp_ok round=13 new=True satisfied=False"}
{"time":"2026-07-21 19:20:03,634","level":"INFO","node":1,"msg":"Consensus vote recorded: node 0 decision=True reason=zkp_ok round=13 new=True satisfied=True"}
{"time":"2026-07-21 19:20:09,589","level":"INFO","node":1,"msg":"Received update from node 0, round 13"}
{"time":"2026-07-21 19:20:09,604","level":"INFO","node":1,"msg":"Round 14 complete — aggregating"}
{"time":"2026-07-21 19:20:09,625","level":"INFO","node":1,"msg":"[BACKDOOR PROBE] Round 14 clean — worst case flip_rate=0.000 jump=0.000 (feature=None, value=None)"}
{"time":"2026-07-21 19:20:09,643","level":"INFO","node":1,"msg":"Commit vote recorded: node 0 decision=True round=13 satisfied=False"}
{"time":"2026-07-21 19:20:09,645","level":"INFO","node":1,"msg":"Broadcast weights to node 0"}
{"time":"2026-07-21 19:20:09,662","level":"INFO","node":1,"msg":"Commit vote recorded: node 3 decision=True round=13 satisfied=True"}
{"time":"2026-07-21 19:20:09,662","level":"INFO","node":1,"msg":"Round 14 COMMITTED — model hash agreed by [1, 0, 3]"}
{"time":"2026-07-21 19:20:09,663","level":"INFO","node":1,"msg":"Commit certificate saved to C:\Users\mousu\OneDrive\Desktop\Set A\securefedhe\dashboard\certificates\round_13.json"}
{"time":"2026-07-21 19:20:09,668","level":"INFO","node":1,"msg":"Broadcast weights to node 3"}
{"time":"2026-07-21 19:20:09,671","level":"INFO","node":1,"msg":"Checkpoint saved to C:\Users\mousu\OneDrive\Desktop\Set A\securefedhe\dashboard\model_latest.pt"}
{"time":"2026-07-21 19:20:09,672","level":"INFO","node":1,"msg":"Round 14 complete | accuracy=0.7455 | duration=37.61s"}
{"time":"2026-07-21 19:20:09,672","level":"INFO","node":1,"msg":"Round 15 belongs to node 3 — waiting for their proposal."}
{"time":"2026-07-21 19:20:09,676","level":"INFO","node":1,"msg":"Notified next proposer to node 3"}
{"time":"2026-07-21 19:20:15,951","level":"INFO","node":1,"msg":"Proposal received: round=14 origin=3 hash=a84a89a49e98..."}
{"time":"2026-07-21 19:20:15,958","level":"INFO","node":1,"msg":"Consensus vote recorded: node 3 decision=True reason=zkp_ok round=14 new=True satisfied=False"}
{"time":"2026-07-21 19:20:25,697","level":"INFO","node":1,"msg":"Consensus vote recorded: node 0 decision=True reason=zkp_ok round=14 new=True satisfied=False"}
{"time":"2026-07-21 19:20:31,698","level":"INFO","node":1,"msg":"Received update from node 0, round 14"}
{"time":"2026-07-21 19:20:41,229","level":"INFO","node":1,"msg":"ZKP ACCEPTED from node 0"}
{"time":"2026-07-21 19:20:41,229","level":"INFO","node":1,"msg":"fc_in col7 delta self-cosine for node 3: -0.1579 (delta_norm=0.2193)"}
{"time":"2026-07-21 19:20:41,229","level":"INFO","node":1,"msg":"Per-class agreement with node 3: class0=1.000 class1=1.000 gap=0.000"}
{"time":"2026-07-21 19:20:41,229","level":"INFO","node":1,"msg":"Per-class rolling gap for node 3: mean=0.006 over last 4 round(s)"}
{"time":"2026-07-21 19:20:41,229","level":"INFO","node":1,"msg":"Trust score for node 3: S=0.857 (Z=1.00 A=1.00 P=0.50 R=1.00) advisory only"}
{"time":"2026-07-21 19:20:41,249","level":"INFO","node":1,"msg":"Sent consensus vote to node 0"}
{"time":"2026-07-21 19:20:41,257","level":"INFO","node":1,"msg":"Sent consensus vote to node 3"}
{"time":"2026-07-21 19:20:47,265","level":"INFO","node":1,"msg":"Forwarded to http://127.0.0.1:8003"}
{"time":"2026-07-21 19:20:47,348","level":"INFO","node":1,"msg":"Synced weights from master for round 14"}
{"time":"2026-07-21 19:20:47,356","level":"INFO","node":1,"msg":"Sent commit vote to node 3"}
{"time":"2026-07-21 19:20:54,158","level":"INFO","node":1,"msg":"Proposal received: round=15 origin=3 hash=bc6856ace58f..."}
{"time":"2026-07-21 19:20:54,167","level":"INFO","node":1,"msg":"Consensus vote recorded: node 3 decision=True reason=zkp_ok round=15 new=True satisfied=False"}
{"time":"2026-07-21 19:21:03,916","level":"INFO","node":1,"msg":"Consensus vote recorded: node 0 decision=True reason=zkp_ok round=15 new=True satisfied=False"}
{"time":"2026-07-21 19:21:09,891","level":"INFO","node":1,"msg":"Received update from node 0, round 15"}
{"time":"2026-07-21 19:21:19,487","level":"INFO","node":1,"msg":"ZKP ACCEPTED from node 0"}
{"time":"2026-07-21 19:21:19,487","level":"INFO","node":1,"msg":"fc_in col7 delta self-cosine for node 3: -0.0563 (delta_norm=0.1429)"}
{"time":"2026-07-21 19:21:19,496","level":"INFO","node":1,"msg":"Per-class agreement with node 3: class0=1.000 class1=1.000 gap=0.000"}
{"time":"2026-07-21 19:21:19,496","level":"INFO","node":1,"msg":"Per-class rolling gap for node 3: mean=0.001 over last 4 round(s)"}
{"time":"2026-07-21 19:21:19,497","level":"INFO","node":1,"msg":"Trust score for node 3: S=0.857 (Z=1.00 A=1.00 P=0.50 R=1.00) advisory only"}
{"time":"2026-07-21 19:21:19,517","level":"INFO","node":1,"msg":"Sent consensus vote to node 0"}
{"time":"2026-07-21 19:21:19,542","level":"INFO","node":1,"msg":"Sent consensus vote to node 3"}
{"time":"2026-07-21 19:21:25,461","level":"INFO","node":1,"msg":"Forwarded to http://127.0.0.1:8003"}
{"time":"2026-07-21 19:21:25,544","level":"INFO","node":1,"msg":"Synced weights from master for round 15"}
{"time":"2026-07-21 19:21:25,556","level":"INFO","node":1,"msg":"Sent commit vote to node 3"}
{"time":"2026-07-21 19:21:31,696","level":"INFO","node":1,"msg":"Proposal received: round=16 origin=0 hash=9ca23e8a2a9d..."}
{"time":"2026-07-21 19:21:31,721","level":"INFO","node":1,"msg":"Consensus vote recorded: node 0 decision=True reason=zkp_ok round=16 new=True satisfied=False"}
{"time":"2026-07-21 19:21:31,731","level":"INFO","node":1,"msg":"Received update from node 0, round 16"}
{"time":"2026-07-21 19:21:41,385","level":"INFO","node":1,"msg":"ZKP ACCEPTED from node 0"}
{"time":"2026-07-21 19:21:41,385","level":"INFO","node":1,"msg":"fc_in col7 delta self-cosine for node 0: -0.2108 (delta_norm=0.3184)"}
{"time":"2026-07-21 19:21:41,385","level":"INFO","node":1,"msg":"Per-class agreement with node 0: class0=1.000 class1=1.000 gap=0.000"}
{"time":"2026-07-21 19:21:41,385","level":"INFO","node":1,"msg":"Per-class rolling gap for node 0: mean=0.027 over last 4 round(s)"}
{"time":"2026-07-21 19:21:41,397","level":"INFO","node":1,"msg":"Trust score for node 0: S=0.857 (Z=1.00 A=1.00 P=0.50 R=1.00) advisory only"}
{"time":"2026-07-21 19:21:41,410","level":"INFO","node":1,"msg":"Sent consensus vote to node 0"}
{"time":"2026-07-21 19:21:41,431","level":"INFO","node":1,"msg":"Sent consensus vote to node 3"}
{"time":"2026-07-21 19:21:47,380","level":"INFO","node":1,"msg":"Forwarded to http://127.0.0.1:8003"}
{"time":"2026-07-21 19:21:57,093","level":"INFO","node":1,"msg":"Prediction agreement with node 3 round=16: A=1.000"}
{"time":"2026-07-21 19:21:57,094","level":"INFO","node":1,"msg":"Consensus vote recorded: node 3 decision=True reason=zkp_ok round=16 new=True satisfied=True"}
{"time":"2026-07-21 19:22:03,256","level":"INFO","node":1,"msg":"Synced weights from master for round 16"}
{"time":"2026-07-21 19:22:03,283","level":"INFO","node":1,"msg":"Sent commit vote to node 0"}
{"time":"2026-07-21 19:22:03,318","level":"INFO","node":1,"msg":"My turn — starting round 18 as proposer."}
{"time":"2026-07-21 19:22:03,318","level":"INFO","node":1,"msg":"Starting round 18"}
{"time":"2026-07-21 19:22:09,253","level":"INFO","node":1,"msg":"Sent proposal to node 0"}
{"time":"2026-07-21 19:22:09,253","level":"INFO","node":1,"msg":"Sent proposal to node 3"}
{"time":"2026-07-21 19:22:09,260","level":"INFO","node":1,"msg":"Sent consensus vote to node 0"}
{"time":"2026-07-21 19:22:09,266","level":"INFO","node":1,"msg":"Sent consensus vote to node 3"}
{"time":"2026-07-21 19:22:09,272","level":"INFO","node":1,"msg":"Forwarded to http://127.0.0.1:8003"}
{"time":"2026-07-21 19:22:18,837","level":"INFO","node":1,"msg":"Consensus vote recorded: node 3 decision=True reason=zkp_ok round=17 new=True satisfied=False"}
{"time":"2026-07-21 19:22:29,221","level":"ERROR","node":1,"msg":"Node 3 EXCLUDED from proposing and quorum. Quorum requirement adjusted to 2 of 2 remaining trusted nodes."}
{"time":"2026-07-21 19:22:36,180","level":"INFO","node":1,"msg":"Consensus vote recorded: node 0 decision=True reason=zkp_ok round=17 new=True satisfied=True"}
{"time":"2026-07-21 19:22:42,092","level":"INFO","node":1,"msg":"Proposal received: round=17 origin=0 hash=adb45d9475c0..."}
{"time":"2026-07-21 19:22:42,103","level":"INFO","node":1,"msg":"Consensus vote recorded: node 0 decision=True reason=zkp_ok round=17 new=True satisfied=False"}
{"time":"2026-07-21 19:22:42,205","level":"INFO","node":1,"msg":"Received update from node 0, round 17"}
{"time":"2026-07-21 19:22:48,208","level":"INFO","node":1,"msg":"Received update from node 0, round 17"}
{"time":"2026-07-21 19:22:48,225","level":"INFO","node":1,"msg":"Round 18 complete — aggregating"}
{"time":"2026-07-21 19:22:52,117","level":"INFO","node":1,"msg":"ZKP ACCEPTED from node 0"}
{"time":"2026-07-21 19:22:52,117","level":"INFO","node":1,"msg":"fc_in col7 delta self-cosine for node 0: -0.4313 (delta_norm=0.2190)"}
{"time":"2026-07-21 19:22:52,132","level":"INFO","node":1,"msg":"Per-class agreement with node 0: class0=0.997 class1=0.990 gap=0.007"}
{"time":"2026-07-21 19:22:52,132","level":"INFO","node":1,"msg":"Per-class rolling gap for node 0: mean=0.028 over last 4 round(s)"}
{"time":"2026-07-21 19:22:52,133","level":"INFO","node":1,"msg":"Trust score for node 0: S=0.853 (Z=1.00 A=0.99 P=0.50 R=1.00) advisory only"}
{"time":"2026-07-21 19:22:52,145","level":"INFO","node":1,"msg":"Sent consensus vote to node 0"}
{"time":"2026-07-21 19:22:55,244","level":"INFO","node":1,"msg":"[BACKDOOR PROBE] Round 18 clean — worst case flip_rate=0.146 jump=0.146 (feature=2, value=-7.0)"}
{"time":"2026-07-21 19:22:56,009","level":"INFO","node":1,"msg":"Commit vote recorded: node 0 decision=True round=17 satisfied=True"}
{"time":"2026-07-21 19:22:56,025","level":"INFO","node":1,"msg":"Round 18 COMMITTED — model hash agreed by [1, 0]"}
{"time":"2026-07-21 19:22:56,143","level":"INFO","node":1,"msg":"Commit certificate saved to C:\Users\mousu\OneDrive\Desktop\Set A\securefedhe\dashboard\certificates\round_17.json"}
{"time":"2026-07-21 19:22:56,197","level":"INFO","node":1,"msg":"Broadcast weights to node 0"}
{"time":"2026-07-21 19:22:56,230","level":"INFO","node":1,"msg":"Checkpoint saved to C:\Users\mousu\OneDrive\Desktop\Set A\securefedhe\dashboard\model_latest.pt"}
{"time":"2026-07-21 19:22:56,261","level":"INFO","node":1,"msg":"Round 18 complete | accuracy=0.7455 | duration=52.94s"}
{"time":"2026-07-21 19:22:56,350","level":"INFO","node":1,"msg":"Round 19 belongs to node 0 — waiting for their proposal."}
{"time":"2026-07-21 19:22:56,498","level":"INFO","node":1,"msg":"Notified next proposer to node 0"}
{"time":"2026-07-21 19:22:58,831","level":"INFO","node":1,"msg":"Forwarded to http://127.0.0.1:8000"}
{"time":"2026-07-21 19:23:03,275","level":"INFO","node":1,"msg":"Proposal received: round=18 origin=0 hash=ca321253238e..."}
{"time":"2026-07-21 19:23:03,281","level":"INFO","node":1,"msg":"Consensus vote recorded: node 0 decision=True reason=zkp_ok round=18 new=True satisfied=False"}
{"time":"2026-07-21 19:23:03,284","level":"INFO","node":1,"msg":"Received update from node 0, round 18"}
{"time":"2026-07-21 19:23:03,461","level":"INFO","node":1,"msg":"Synced weights from master for round 18"}
{"time":"2026-07-21 19:23:03,477","level":"WARNING","node":1,"msg":"MODEL HASH MISMATCH at round 18: mine=e469e80fdb32... master=c5131bd496b9..."}
{"time":"2026-07-21 19:23:03,661","level":"INFO","node":1,"msg":"Sent commit vote to node 0"}
{"time":"2026-07-21 19:23:10,453","level":"INFO","node":1,"msg":"Proposal received: round=19 origin=0 hash=eda54e4f9ba3..."}
{"time":"2026-07-21 19:23:10,548","level":"INFO","node":1,"msg":"Consensus vote recorded: node 0 decision=True reason=zkp_ok round=19 new=True satisfied=False"}
{"time":"2026-07-21 19:23:10,652","level":"INFO","node":1,"msg":"Received update from node 0, round 19"}
{"time":"2026-07-21 19:23:15,388","level":"INFO","node":1,"msg":"ZKP ACCEPTED from node 0"}
{"time":"2026-07-21 19:23:15,440","level":"INFO","node":1,"msg":"fc_in col7 delta self-cosine for node 0: -0.1469 (delta_norm=0.2373)"}
{"time":"2026-07-21 19:23:16,268","level":"INFO","node":1,"msg":"Per-class agreement with node 0: class0=0.997 class1=0.990 gap=0.006"}
{"time":"2026-07-21 19:23:16,336","level":"INFO","node":1,"msg":"Per-class rolling gap for node 0: mean=0.019 over last 4 round(s)"}
{"time":"2026-07-21 19:23:16,836","level":"INFO","node":1,"msg":"Trust score for node 0: S=0.853 (Z=1.00 A=0.99 P=0.50 R=1.00) advisory only"}
{"time":"2026-07-21 19:23:17,079","level":"INFO","node":1,"msg":"Sent consensus vote to node 0"}
{"time":"2026-07-21 19:23:23,306","level":"INFO","node":1,"msg":"ZKP ACCEPTED from node 0"}
{"time":"2026-07-21 19:23:23,308","level":"INFO","node":1,"msg":"fc_in col7 delta self-cosine for node 0: -0.6271 (delta_norm=0.2885)"}
{"time":"2026-07-21 19:23:24,484","level":"INFO","node":1,"msg":"Per-class agreement with node 0: class0=0.995 class1=0.980 gap=0.015"}
{"time":"2026-07-21 19:23:24,500","level":"INFO","node":1,"msg":"Per-class rolling gap for node 0: mean=0.007 over last 4 round(s)"}
{"time":"2026-07-21 19:23:24,923","level":"INFO","node":1,"msg":"Trust score for node 0: S=0.850 (Z=1.00 A=0.99 P=0.50 R=1.00) advisory only"}
{"time":"2026-07-21 19:23:25,218","level":"INFO","node":1,"msg":"Sent consensus vote to node 0"}
{"time":"2026-07-21 19:23:30,048","level":"INFO","node":1,"msg":"Forwarded to http://127.0.0.1:8000"}
{"time":"2026-07-21 19:23:36,269","level":"INFO","node":1,"msg":"Forwarded to http://127.0.0.1:8000"}
{"time":"2026-07-21 19:23:36,655","level":"INFO","node":1,"msg":"Proposal for round=19 origin=0 changed hash after 26.27s — treating as a legitimate round retry, not equivocation."}
{"time":"2026-07-21 19:23:36,655","level":"INFO","node":1,"msg":"Proposal received: round=19 origin=0 hash=8f99b404a095..."}
{"time":"2026-07-21 19:23:36,668","level":"INFO","node":1,"msg":"Consensus vote recorded: node 0 decision=True reason=zkp_ok round=19 new=True satisfied=False"}
{"time":"2026-07-21 19:23:36,674","level":"INFO","node":1,"msg":"Received update from node 0, round 19"}
{"time":"2026-07-21 19:23:36,967","level":"INFO","node":1,"msg":"Synced weights from master for round 19"}
{"time":"2026-07-21 19:23:36,999","level":"INFO","node":1,"msg":"Training complete after 20 rounds"}
{"time":"2026-07-21 19:23:37,097","level":"INFO","node":1,"msg":"Sent commit vote to node 0"}
{"time":"2026-07-21 19:23:46,431","level":"INFO","node":1,"msg":"ZKP ACCEPTED from node 0"}
{"time":"2026-07-21 19:23:46,431","level":"INFO","node":1,"msg":"fc_in col7 delta self-cosine for node 0: -0.3634 (delta_norm=0.1789)"}
{"time":"2026-07-21 19:23:46,431","level":"INFO","node":1,"msg":"Per-class agreement with node 0: class0=0.968 class1=0.907 gap=0.060"}
{"time":"2026-07-21 19:23:46,431","level":"INFO","node":1,"msg":"Per-class rolling gap for node 0: mean=0.022 over last 4 round(s)"}
{"time":"2026-07-21 19:23:46,431","level":"INFO","node":1,"msg":"Trust score for node 0: S=0.816 (Z=1.00 A=0.95 P=0.50 R=1.00) advisory only"}
{"time":"2026-07-21 19:23:46,465","level":"INFO","node":1,"msg":"Sent consensus vote to node 0"}
{"time":"2026-07-21 19:23:52,546","level":"INFO","node":1,"msg":"Forwarded to http://127.0.0.1:8000"}
{"time":"2026-07-21 19:27:00,838","level":"INFO","node":1,"msg":"Watchdog fired but training already complete — ignoring, not excluding node 3."}
{"time":"2026-07-21 19:30:18,450","level":"INFO","node":1,"msg":"Starting node 1: Suburban Medical Clinic"}
{"time":"2026-07-21 19:30:18,450","level":"INFO","node":1,"msg":"[CONFIG DEBUG] attack_simulation loaded: enabled=True target_node=2 type=stale_update config_path=config_dev.json"}
{"time":"2026-07-21 19:30:18,494","level":"WARNING","node":1,"msg":"DEV MODE: running without TLS"}
{"time":"2026-07-21 19:30:18,494","level":"INFO","node":1,"msg":"Listening on 127.0.0.1:8001 | TLS=False"}
{"time":"2026-07-21 19:30:23,519","level":"INFO","node":1,"msg":"Sent consensus pubkey to node 0"}
{"time":"2026-07-21 19:30:23,525","level":"INFO","node":1,"msg":"Sent public key to node 0"}
{"time":"2026-07-21 19:30:23,536","level":"INFO","node":1,"msg":"Sent consensus pubkey to node 2"}
{"time":"2026-07-21 19:30:23,544","level":"INFO","node":1,"msg":"Sent public key to node 2"}
{"time":"2026-07-21 19:30:23,557","level":"INFO","node":1,"msg":"Sent consensus pubkey to node 3"}
{"time":"2026-07-21 19:30:23,571","level":"INFO","node":1,"msg":"Sent public key to node 3"}
{"time":"2026-07-21 19:30:25,434","level":"INFO","node":1,"msg":"Consensus pubkey received from node 2"}
{"time":"2026-07-21 19:30:25,436","level":"INFO","node":1,"msg":"Key exchange complete with node 2"}
{"time":"2026-07-21 19:30:27,283","level":"INFO","node":1,"msg":"Consensus pubkey received from node 3"}
{"time":"2026-07-21 19:30:27,294","level":"INFO","node":1,"msg":"Key exchange complete with node 3"}
{"time":"2026-07-21 19:30:32,445","level":"INFO","node":1,"msg":"Key exchange complete with node 0"}
{"time":"2026-07-21 19:30:32,487","level":"INFO","node":1,"msg":"Consensus pubkey received from node 0"}
{"time":"2026-07-21 19:30:39,520","level":"INFO","node":1,"msg":"Proposal received: round=0 origin=0 hash=3a2968b623d2..."}
{"time":"2026-07-21 19:30:39,590","level":"INFO","node":1,"msg":"Consensus vote recorded: node 0 decision=True reason=zkp_ok round=0 new=True satisfied=False"}
{"time":"2026-07-21 19:30:39,611","level":"INFO","node":1,"msg":"Received update from node 0, round 0"}
{"time":"2026-07-21 19:30:49,172","level":"INFO","node":1,"msg":"ZKP ACCEPTED from node 0"}
{"time":"2026-07-21 19:30:49,180","level":"INFO","node":1,"msg":"Trust score for node 0: S=0.429 (Z=1.00 A=0.50 P=0.50 R=1.00) advisory only"}
{"time":"2026-07-21 19:30:49,207","level":"INFO","node":1,"msg":"Sent consensus vote to node 0"}
{"time":"2026-07-21 19:30:49,222","level":"INFO","node":1,"msg":"Sent consensus vote to node 2"}
{"time":"2026-07-21 19:30:49,245","level":"INFO","node":1,"msg":"Sent consensus vote to node 3"}
{"time":"2026-07-21 19:30:56,417","level":"INFO","node":1,"msg":"Forwarded to http://127.0.0.1:8002"}
{"time":"2026-07-21 19:31:06,158","level":"INFO","node":1,"msg":"Prediction agreement with node 2 round=0: A=0.611"}
{"time":"2026-07-21 19:31:06,158","level":"INFO","node":1,"msg":"Consensus vote recorded: node 2 decision=True reason=zkp_ok round=0 new=True satisfied=True"}
{"time":"2026-07-21 19:31:23,049","level":"INFO","node":1,"msg":"Prediction agreement with node 3 round=0: A=0.690"}
{"time":"2026-07-21 19:31:23,049","level":"INFO","node":1,"msg":"Consensus vote recorded: node 3 decision=True reason=zkp_ok round=0 new=True satisfied=True"}
{"time":"2026-07-21 19:31:30,087","level":"INFO","node":1,"msg":"Synced weights from master for round 0"}
{"time":"2026-07-21 19:31:30,125","level":"INFO","node":1,"msg":"Sent commit vote to node 0"}
{"time":"2026-07-21 19:31:30,210","level":"INFO","node":1,"msg":"My turn — starting round 2 as proposer."}
{"time":"2026-07-21 19:31:30,212","level":"INFO","node":1,"msg":"Starting round 2"}
{"time":"2026-07-21 19:31:36,460","level":"INFO","node":1,"msg":"Sent proposal to node 0"}
{"time":"2026-07-21 19:31:36,460","level":"INFO","node":1,"msg":"Sent proposal to node 2"}
{"time":"2026-07-21 19:31:36,480","level":"INFO","node":1,"msg":"Sent proposal to node 3"}
{"time":"2026-07-21 19:31:36,485","level":"INFO","node":1,"msg":"Sent consensus vote to node 0"}
{"time":"2026-07-21 19:31:36,487","level":"INFO","node":1,"msg":"Sent consensus vote to node 2"}
{"time":"2026-07-21 19:31:36,490","level":"INFO","node":1,"msg":"Sent consensus vote to node 3"}
{"time":"2026-07-21 19:31:36,501","level":"INFO","node":1,"msg":"Forwarded to http://127.0.0.1:8002"}
{"time":"2026-07-21 19:31:46,245","level":"INFO","node":1,"msg":"Consensus vote recorded: node 2 decision=True reason=zkp_ok round=1 new=True satisfied=False"}
{"time":"2026-07-21 19:32:02,138","level":"INFO","node":1,"msg":"Consensus vote recorded: node 3 decision=True reason=zkp_ok round=1 new=True satisfied=True"}
{"time":"2026-07-21 19:32:17,560","level":"INFO","node":1,"msg":"Consensus vote recorded: node 0 decision=True reason=zkp_ok round=1 new=True satisfied=True"}
{"time":"2026-07-21 19:32:23,611","level":"INFO","node":1,"msg":"Received update from node 0, round 1"}
{"time":"2026-07-21 19:32:23,611","level":"INFO","node":1,"msg":"Round 2 complete — aggregating"}
{"time":"2026-07-21 19:32:23,619","level":"INFO","node":1,"msg":"Round 2 accuracy gate skipped (warm-up period, candidate_acc=0.7778)"}
{"time":"2026-07-21 19:32:23,655","level":"INFO","node":1,"msg":"Commit vote recorded: node 0 decision=True round=1 satisfied=False"}
{"time":"2026-07-21 19:32:23,660","level":"INFO","node":1,"msg":"Broadcast weights to node 0"}
{"time":"2026-07-21 19:32:23,699","level":"INFO","node":1,"msg":"Commit vote recorded: node 2 decision=True round=1 satisfied=True"}
{"time":"2026-07-21 19:32:23,700","level":"INFO","node":1,"msg":"Round 2 COMMITTED — model hash agreed by [1, 0, 2]"}
{"time":"2026-07-21 19:32:23,702","level":"INFO","node":1,"msg":"Commit certificate saved to C:\Users\mousu\OneDrive\Desktop\Set A\securefedhe\dashboard\certificates\round_1.json"}
{"time":"2026-07-21 19:32:23,705","level":"INFO","node":1,"msg":"Broadcast weights to node 2"}
{"time":"2026-07-21 19:32:23,748","level":"INFO","node":1,"msg":"Commit vote recorded: node 3 decision=True round=1 satisfied=True"}
{"time":"2026-07-21 19:32:23,749","level":"INFO","node":1,"msg":"Broadcast weights to node 3"}
{"time":"2026-07-21 19:32:23,758","level":"INFO","node":1,"msg":"Checkpoint saved to C:\Users\mousu\OneDrive\Desktop\Set A\securefedhe\dashboard\model_latest.pt"}
{"time":"2026-07-21 19:32:23,758","level":"INFO","node":1,"msg":"Round 2 complete | accuracy=0.7778 | duration=53.55s"}
{"time":"2026-07-21 19:32:23,758","level":"INFO","node":1,"msg":"Round 3 belongs to node 2 — waiting for their proposal."}
{"time":"2026-07-21 19:32:23,764","level":"INFO","node":1,"msg":"Notified next proposer to node 2"}
{"time":"2026-07-21 19:32:29,838","level":"INFO","node":1,"msg":"Proposal received: round=2 origin=2 hash=47493616173c..."}
{"time":"2026-07-21 19:32:29,868","level":"INFO","node":1,"msg":"Consensus vote recorded: node 2 decision=True reason=zkp_ok round=2 new=True satisfied=False"}
{"time":"2026-07-21 19:32:39,540","level":"INFO","node":1,"msg":"Consensus vote recorded: node 3 decision=True reason=zkp_ok round=2 new=True satisfied=False"}
{"time":"2026-07-21 19:32:55,346","level":"INFO","node":1,"msg":"Consensus vote recorded: node 0 decision=True reason=zkp_ok round=2 new=True satisfied=True"}
{"time":"2026-07-21 19:33:01,302","level":"INFO","node":1,"msg":"Received update from node 0, round 2"}
{"time":"2026-07-21 19:33:11,022","level":"INFO","node":1,"msg":"ZKP ACCEPTED from node 0"}
{"time":"2026-07-21 19:33:11,025","level":"INFO","node":1,"msg":"Trust score for node 2: S=0.418 (Z=1.00 A=0.50 P=0.43 R=1.00) advisory only"}
{"time":"2026-07-21 19:33:11,039","level":"INFO","node":1,"msg":"Sent consensus vote to node 0"}
{"time":"2026-07-21 19:33:11,067","level":"INFO","node":1,"msg":"Sent consensus vote to node 2"}
{"time":"2026-07-21 19:33:11,087","level":"INFO","node":1,"msg":"Sent consensus vote to node 3"}
{"time":"2026-07-21 19:33:11,253","level":"WARNING","node":1,"msg":"ZKP norm violation (clipping applied): slack=-134040, retry=0"}
{"time":"2026-07-21 19:33:17,198","level":"INFO","node":1,"msg":"Forwarded to http://127.0.0.1:8002"}
{"time":"2026-07-21 19:33:17,248","level":"INFO","node":1,"msg":"Synced weights from master for round 2"}
{"time":"2026-07-21 19:33:17,260","level":"INFO","node":1,"msg":"Sent commit vote to node 2"}
{"time":"2026-07-21 19:33:23,389","level":"INFO","node":1,"msg":"Proposal received: round=3 origin=3 hash=feedbdf6c122..."}
{"time":"2026-07-21 19:33:23,418","level":"INFO","node":1,"msg":"Consensus vote recorded: node 3 decision=True reason=zkp_ok round=3 new=True satisfied=False"}
{"time":"2026-07-21 19:33:33,017","level":"INFO","node":1,"msg":"Consensus vote recorded: node 0 decision=True reason=zkp_ok round=3 new=True satisfied=False"}
{"time":"2026-07-21 19:33:39,187","level":"INFO","node":1,"msg":"Received update from node 0, round 3"}
{"time":"2026-07-21 19:33:48,950","level":"INFO","node":1,"msg":"ZKP ACCEPTED from node 0"}
{"time":"2026-07-21 19:33:48,954","level":"INFO","node":1,"msg":"Trust score for node 3: S=0.450 (Z=1.00 A=0.50 P=0.65 R=1.00) advisory only"}
{"time":"2026-07-21 19:33:48,975","level":"INFO","node":1,"msg":"Sent consensus vote to node 0"}
{"time":"2026-07-21 19:33:48,996","level":"INFO","node":1,"msg":"Sent consensus vote to node 2"}
{"time":"2026-07-21 19:33:49,007","level":"INFO","node":1,"msg":"Sent consensus vote to node 3"}
{"time":"2026-07-21 19:33:49,167","level":"WARNING","node":1,"msg":"ZKP norm violation (clipping applied): slack=-21274, retry=0"}
{"time":"2026-07-21 19:33:55,308","level":"INFO","node":1,"msg":"Forwarded to http://127.0.0.1:8002"}
{"time":"2026-07-21 19:34:05,010","level":"INFO","node":1,"msg":"Prediction agreement with node 2 round=3: A=0.928"}
{"time":"2026-07-21 19:34:05,010","level":"INFO","node":1,"msg":"Consensus vote recorded: node 2 decision=True reason=zkp_ok round=3 new=True satisfied=True"}
{"time":"2026-07-21 19:34:11,314","level":"INFO","node":1,"msg":"Synced weights from master for round 3"}
{"time":"2026-07-21 19:34:11,326","level":"INFO","node":1,"msg":"Sent commit vote to node 3"}
{"time":"2026-07-21 19:34:17,643","level":"INFO","node":1,"msg":"Proposal received: round=4 origin=0 hash=17a80c9271db..."}
{"time":"2026-07-21 19:34:17,673","level":"INFO","node":1,"msg":"Consensus vote recorded: node 0 decision=True reason=zkp_ok round=4 new=True satisfied=False"}
{"time":"2026-07-21 19:34:17,697","level":"INFO","node":1,"msg":"Received update from node 0, round 4"}
{"time":"2026-07-21 19:34:27,447","level":"INFO","node":1,"msg":"ZKP ACCEPTED from node 0"}
{"time":"2026-07-21 19:34:27,450","level":"INFO","node":1,"msg":"Per-class agreement with node 0: class0=0.715 class1=0.671 gap=0.044"}
{"time":"2026-07-21 19:34:27,450","level":"INFO","node":1,"msg":"Per-class rolling gap for node 0: mean=0.044 over last 1 round(s)"}
{"time":"2026-07-21 19:34:27,450","level":"INFO","node":1,"msg":"Trust score for node 0: S=0.633 (Z=1.00 A=0.70 P=0.65 R=1.00) advisory only"}
{"time":"2026-07-21 19:34:27,462","level":"INFO","node":1,"msg":"Sent consensus vote to node 0"}
{"time":"2026-07-21 19:34:27,485","level":"INFO","node":1,"msg":"Sent consensus vote to node 2"}
{"time":"2026-07-21 19:34:27,507","level":"INFO","node":1,"msg":"Sent consensus vote to node 3"}
{"time":"2026-07-21 19:34:27,666","level":"WARNING","node":1,"msg":"ZKP norm violation (clipping applied): slack=-40238, retry=0"}
{"time":"2026-07-21 19:34:33,763","level":"INFO","node":1,"msg":"Forwarded to http://127.0.0.1:8002"}
{"time":"2026-07-21 19:34:43,581","level":"INFO","node":1,"msg":"Prediction agreement with node 2 round=4: A=0.935"}
{"time":"2026-07-21 19:34:43,581","level":"INFO","node":1,"msg":"Consensus vote recorded: node 2 decision=True reason=zkp_ok round=4 new=True satisfied=True"}
{"time":"2026-07-21 19:34:59,575","level":"INFO","node":1,"msg":"Prediction agreement with node 3 round=4: A=0.977"}
{"time":"2026-07-21 19:34:59,575","level":"INFO","node":1,"msg":"Consensus vote recorded: node 3 decision=True reason=zkp_ok round=4 new=True satisfied=True"}
{"time":"2026-07-21 19:35:05,610","level":"INFO","node":1,"msg":"Synced weights from master for round 4"}
{"time":"2026-07-21 19:35:05,622","level":"INFO","node":1,"msg":"Sent commit vote to node 0"}
{"time":"2026-07-21 19:35:05,713","level":"INFO","node":1,"msg":"My turn — starting round 6 as proposer."}
{"time":"2026-07-21 19:35:05,714","level":"INFO","node":1,"msg":"Starting round 6"}
{"time":"2026-07-21 19:35:05,900","level":"WARNING","node":1,"msg":"ZKP norm violation (clipping applied): slack=-373465, retry=0"}
{"time":"2026-07-21 19:35:11,974","level":"INFO","node":1,"msg":"Sent proposal to node 0"}
{"time":"2026-07-21 19:35:11,990","level":"INFO","node":1,"msg":"Sent proposal to node 2"}
{"time":"2026-07-21 19:35:11,996","level":"INFO","node":1,"msg":"Sent proposal to node 3"}
{"time":"2026-07-21 19:35:12,004","level":"INFO","node":1,"msg":"Sent consensus vote to node 0"}
{"time":"2026-07-21 19:35:12,010","level":"INFO","node":1,"msg":"Sent consensus vote to node 2"}
{"time":"2026-07-21 19:35:12,015","level":"INFO","node":1,"msg":"Sent consensus vote to node 3"}
{"time":"2026-07-21 19:35:12,019","level":"INFO","node":1,"msg":"Forwarded to http://127.0.0.1:8002"}
{"time":"2026-07-21 19:35:21,837","level":"INFO","node":1,"msg":"Consensus vote recorded: node 2 decision=True reason=zkp_ok round=5 new=True satisfied=False"}
{"time":"2026-07-21 19:35:37,792","level":"INFO","node":1,"msg":"Consensus vote recorded: node 3 decision=True reason=zkp_ok round=5 new=True satisfied=True"}
{"time":"2026-07-21 19:35:53,508","level":"INFO","node":1,"msg":"Consensus vote recorded: node 0 decision=True reason=zkp_ok round=5 new=True satisfied=True"}
{"time":"2026-07-21 19:35:59,503","level":"INFO","node":1,"msg":"Received update from node 0, round 5"}
{"time":"2026-07-21 19:35:59,505","level":"INFO","node":1,"msg":"Round 6 complete — aggregating"}
{"time":"2026-07-21 19:35:59,529","level":"WARNING","node":1,"msg":"[BACKDOOR PROBE] Round 6 SUSPICIOUS: feature=1 value=8.0 forces class=1 flip_rate=1.000 jump=0.741 (thresholds: flip>0.7, jump>0.3)"}
{"time":"2026-07-21 19:35:59,548","level":"INFO","node":1,"msg":"Commit vote recorded: node 0 decision=True round=5 satisfied=False"}
{"time":"2026-07-21 19:35:59,550","level":"INFO","node":1,"msg":"Broadcast weights to node 0"}
{"time":"2026-07-21 19:35:59,594","level":"INFO","node":1,"msg":"Commit vote recorded: node 2 decision=True round=5 satisfied=True"}
{"time":"2026-07-21 19:35:59,594","level":"INFO","node":1,"msg":"Round 6 COMMITTED — model hash agreed by [1, 0, 2]"}
{"time":"2026-07-21 19:35:59,597","level":"INFO","node":1,"msg":"Commit certificate saved to C:\Users\mousu\OneDrive\Desktop\Set A\securefedhe\dashboard\certificates\round_5.json"}
{"time":"2026-07-21 19:35:59,599","level":"INFO","node":1,"msg":"Broadcast weights to node 2"}
{"time":"2026-07-21 19:35:59,625","level":"INFO","node":1,"msg":"Commit vote recorded: node 3 decision=True round=5 satisfied=True"}
{"time":"2026-07-21 19:35:59,627","level":"INFO","node":1,"msg":"Broadcast weights to node 3"}
{"time":"2026-07-21 19:35:59,630","level":"INFO","node":1,"msg":"Checkpoint saved to C:\Users\mousu\OneDrive\Desktop\Set A\securefedhe\dashboard\model_latest.pt"}
{"time":"2026-07-21 19:35:59,630","level":"INFO","node":1,"msg":"Round 6 complete | accuracy=0.8519 | duration=53.92s"}
{"time":"2026-07-21 19:35:59,630","level":"INFO","node":1,"msg":"Round 7 belongs to node 2 — waiting for their proposal."}
{"time":"2026-07-21 19:35:59,634","level":"INFO","node":1,"msg":"Notified next proposer to node 2"}
{"time":"2026-07-21 19:36:05,745","level":"INFO","node":1,"msg":"Proposal received: round=6 origin=2 hash=b14133f1df00..."}
{"time":"2026-07-21 19:36:05,769","level":"INFO","node":1,"msg":"Consensus vote recorded: node 2 decision=True reason=zkp_ok round=6 new=True satisfied=False"}
{"time":"2026-07-21 19:36:15,457","level":"INFO","node":1,"msg":"Consensus vote recorded: node 3 decision=False reason=stale_update_replay round=6 new=True satisfied=False"}
{"time":"2026-07-21 19:36:31,213","level":"INFO","node":1,"msg":"Consensus vote recorded: node 0 decision=False reason=stale_update_replay round=6 new=True satisfied=False"}
{"time":"2026-07-21 19:36:37,324","level":"INFO","node":1,"msg":"Received update from node 0, round 6"}
{"time":"2026-07-21 19:36:46,998","level":"INFO","node":1,"msg":"ZKP ACCEPTED from node 0"}
{"time":"2026-07-21 19:36:46,998","level":"WARNING","node":1,"msg":"[STALE-UPDATE CHECK] node 1 observed node 2 resending identical slack (354162) as last round — REJECTING as replayed/stale update"}
{"time":"2026-07-21 19:36:46,998","level":"INFO","node":1,"msg":"Per-class agreement with node 2: class0=0.972 class1=0.963 gap=0.009"}
{"time":"2026-07-21 19:36:46,998","level":"INFO","node":1,"msg":"Per-class rolling gap for node 2: mean=0.009 over last 1 round(s)"}
{"time":"2026-07-21 19:36:47,011","level":"INFO","node":1,"msg":"Trust score for node 2: S=0.852 (Z=1.00 A=0.97 P=0.57 R=1.00) advisory only"}
{"time":"2026-07-21 19:36:47,011","level":"WARNING","node":1,"msg":"Update round=6 from node 2 REJECTED on stale-update replay: identical slack to previous round"}
{"time":"2026-07-21 19:36:47,034","level":"INFO","node":1,"msg":"Sent consensus vote to node 0"}
{"time":"2026-07-21 19:36:47,065","level":"INFO","node":1,"msg":"Sent consensus vote to node 2"}
{"time":"2026-07-21 19:36:47,095","level":"INFO","node":1,"msg":"Sent consensus vote to node 3"}
{"time":"2026-07-21 19:36:53,348","level":"INFO","node":1,"msg":"Forwarded to http://127.0.0.1:8002"}
{"time":"2026-07-21 19:37:00,394","level":"INFO","node":1,"msg":"Proposal received: round=6 origin=2 hash=b14133f1df00..."}
{"time":"2026-07-21 19:37:00,416","level":"INFO","node":1,"msg":"Consensus vote recorded: node 2 decision=True reason=zkp_ok round=6 new=False satisfied=False"}
{"time":"2026-07-21 19:37:10,125","level":"INFO","node":1,"msg":"Prediction agreement with node 3 round=6: A=0.970"}
{"time":"2026-07-21 19:37:10,125","level":"INFO","node":1,"msg":"Consensus vote recorded: node 3 decision=False reason=stale_update_replay round=6 new=False satisfied=False"}
{"time":"2026-07-21 19:37:25,613","level":"INFO","node":1,"msg":"Prediction agreement with node 0 round=6: A=0.951"}
{"time":"2026-07-21 19:37:25,613","level":"INFO","node":1,"msg":"Consensus vote recorded: node 0 decision=False reason=stale_update_replay round=6 new=False satisfied=False"}
{"time":"2026-07-21 19:37:31,829","level":"INFO","node":1,"msg":"Received update from node 0, round 6"}
{"time":"2026-07-21 19:37:41,406","level":"INFO","node":1,"msg":"ZKP ACCEPTED from node 0"}
{"time":"2026-07-21 19:37:41,406","level":"WARNING","node":1,"msg":"[STALE-UPDATE CHECK] node 1 observed node 2 resending identical slack (354162) as last round — REJECTING as replayed/stale update"}
{"time":"2026-07-21 19:37:41,406","level":"INFO","node":1,"msg":"fc_in col7 delta self-cosine for node 2: -0.4611 (delta_norm=0.1296)"}
{"time":"2026-07-21 19:37:41,406","level":"INFO","node":1,"msg":"Per-class agreement with node 2: class0=0.933 class1=0.981 gap=0.047"}
{"time":"2026-07-21 19:37:41,406","level":"INFO","node":1,"msg":"Per-class rolling gap for node 2: mean=0.028 over last 2 round(s)"}
{"time":"2026-07-21 19:37:41,406","level":"INFO","node":1,"msg":"Trust score for node 2: S=0.750 (Z=1.00 A=0.95 P=0.43 R=0.80) advisory only"}
{"time":"2026-07-21 19:37:41,406","level":"WARNING","node":1,"msg":"Update round=6 from node 2 REJECTED on stale-update replay: identical slack to previous round"}
{"time":"2026-07-21 19:37:41,442","level":"INFO","node":1,"msg":"Sent consensus vote to node 0"}
{"time":"2026-07-21 19:37:41,471","level":"INFO","node":1,"msg":"Sent consensus vote to node 2"}
{"time":"2026-07-21 19:37:41,513","level":"INFO","node":1,"msg":"Sent consensus vote to node 3"}
{"time":"2026-07-21 19:37:47,671","level":"INFO","node":1,"msg":"Forwarded to http://127.0.0.1:8002"}
{"time":"2026-07-21 19:37:54,487","level":"INFO","node":1,"msg":"Proposal received: round=6 origin=2 hash=b14133f1df00..."}
{"time":"2026-07-21 19:37:54,510","level":"INFO","node":1,"msg":"Consensus vote recorded: node 2 decision=True reason=zkp_ok round=6 new=False satisfied=False"}
{"time":"2026-07-21 19:38:04,285","level":"INFO","node":1,"msg":"Prediction agreement with node 3 round=6: A=0.905"}
{"time":"2026-07-21 19:38:04,287","level":"INFO","node":1,"msg":"Consensus vote recorded: node 3 decision=False reason=stale_update_replay round=6 new=False satisfied=False"}
{"time":"2026-07-21 19:38:19,951","level":"INFO","node":1,"msg":"Prediction agreement with node 0 round=6: A=0.948"}
{"time":"2026-07-21 19:38:19,951","level":"INFO","node":1,"msg":"Consensus vote recorded: node 0 decision=False reason=stale_update_replay round=6 new=False satisfied=False"}
{"time":"2026-07-21 19:38:26,060","level":"INFO","node":1,"msg":"Received update from node 0, round 6"}
{"time":"2026-07-21 19:38:35,638","level":"INFO","node":1,"msg":"ZKP ACCEPTED from node 0"}
{"time":"2026-07-21 19:38:35,638","level":"WARNING","node":1,"msg":"[STALE-UPDATE CHECK] node 1 observed node 2 resending identical slack (354162) as last round — REJECTING as replayed/stale update"}
{"time":"2026-07-21 19:38:35,638","level":"INFO","node":1,"msg":"fc_in col7 delta self-cosine for node 2: -0.3702 (delta_norm=0.1404)"}
{"time":"2026-07-21 19:38:35,654","level":"INFO","node":1,"msg":"Per-class agreement with node 2: class0=0.985 class1=0.981 gap=0.004"}
{"time":"2026-07-21 19:38:35,654","level":"INFO","node":1,"msg":"Per-class rolling gap for node 2: mean=0.020 over last 3 round(s)"}
{"time":"2026-07-21 19:38:35,657","level":"INFO","node":1,"msg":"Trust score for node 2: S=0.738 (Z=1.00 A=0.98 P=0.43 R=0.60) advisory only"}
{"time":"2026-07-21 19:38:35,657","level":"WARNING","node":1,"msg":"Update round=6 from node 2 REJECTED on stale-update replay: identical slack to previous round"}
{"time":"2026-07-21 19:38:35,673","level":"INFO","node":1,"msg":"Sent consensus vote to node 0"}
{"time":"2026-07-21 19:38:35,685","level":"INFO","node":1,"msg":"Sent consensus vote to node 2"}
{"time":"2026-07-21 19:38:35,721","level":"INFO","node":1,"msg":"Sent consensus vote to node 3"}
{"time":"2026-07-21 19:38:41,982","level":"INFO","node":1,"msg":"Forwarded to http://127.0.0.1:8002"}
{"time":"2026-07-21 19:38:48,771","level":"INFO","node":1,"msg":"Proposal received: round=6 origin=2 hash=b14133f1df00..."}
{"time":"2026-07-21 19:38:48,794","level":"INFO","node":1,"msg":"Consensus vote recorded: node 2 decision=True reason=zkp_ok round=6 new=False satisfied=False"}
{"time":"2026-07-21 19:38:58,522","level":"INFO","node":1,"msg":"Prediction agreement with node 3 round=6: A=0.887"}
{"time":"2026-07-21 19:38:58,523","level":"INFO","node":1,"msg":"Consensus vote recorded: node 3 decision=False reason=stale_update_replay round=6 new=False satisfied=False"}
{"time":"2026-07-21 19:39:14,251","level":"INFO","node":1,"msg":"Prediction agreement with node 0 round=6: A=0.917"}
{"time":"2026-07-21 19:39:14,251","level":"INFO","node":1,"msg":"Consensus vote recorded: node 0 decision=False reason=stale_update_replay round=6 new=False satisfied=False"}
{"time":"2026-07-21 19:39:20,493","level":"INFO","node":1,"msg":"Received update from node 0, round 6"}
{"time":"2026-07-21 19:39:30,196","level":"INFO","node":1,"msg":"ZKP ACCEPTED from node 0"}
{"time":"2026-07-21 19:39:30,197","level":"WARNING","node":1,"msg":"[STALE-UPDATE CHECK] node 1 observed node 2 resending identical slack (354162) as last round — REJECTING as replayed/stale update"}
{"time":"2026-07-21 19:39:30,197","level":"INFO","node":1,"msg":"fc_in col7 delta self-cosine for node 2: -0.6780 (delta_norm=0.1464)"}
{"time":"2026-07-21 19:39:30,199","level":"INFO","node":1,"msg":"Per-class agreement with node 2: class0=0.973 class1=0.981 gap=0.008"}
{"time":"2026-07-21 19:39:30,199","level":"INFO","node":1,"msg":"Per-class rolling gap for node 2: mean=0.017 over last 4 round(s)"}
{"time":"2026-07-21 19:39:30,202","level":"INFO","node":1,"msg":"Trust score for node 2: S=0.731 (Z=1.00 A=0.98 P=0.57 R=0.40) advisory only"}
{"time":"2026-07-21 19:39:30,202","level":"WARNING","node":1,"msg":"Update round=6 from node 2 REJECTED on stale-update replay: identical slack to previous round"}
{"time":"2026-07-21 19:39:30,214","level":"INFO","node":1,"msg":"Sent consensus vote to node 0"}
{"time":"2026-07-21 19:39:30,234","level":"INFO","node":1,"msg":"Sent consensus vote to node 2"}
{"time":"2026-07-21 19:39:30,258","level":"INFO","node":1,"msg":"Sent consensus vote to node 3"}
{"time":"2026-07-21 19:39:30,420","level":"WARNING","node":1,"msg":"ZKP norm violation (clipping applied): slack=-233387, retry=0"}
{"time":"2026-07-21 19:39:36,375","level":"INFO","node":1,"msg":"Forwarded to http://127.0.0.1:8002"}
{"time":"2026-07-21 19:39:36,409","level":"WARNING","node":1,"msg":"Node 2 accused by node 0, but only 1/3 distinct accusers so far (3f+1 quorum) — NOT excluding yet (avoids a single compromised node unilaterally removing an honest peer)."}
{"time":"2026-07-21 19:39:36,458","level":"INFO","node":1,"msg":"Round 7 skip acknowledged — advancing to round 8"}
{"time":"2026-07-21 19:39:36,458","level":"WARNING","node":1,"msg":"[SKIP STRIKE] round 7 skipped, proposer=2, reason=quorum_failure — recording independent strike"}
{"time":"2026-07-21 19:39:36,458","level":"WARNING","node":1,"msg":"This node independently suspects node 2 (local strikes=5.0) — broadcasting accusation for peer corroboration, NOT excluding unilaterally"}
{"time":"2026-07-21 19:39:36,498","level":"INFO","node":1,"msg":"Sent accusation to node 0"}
{"time":"2026-07-21 19:39:36,498","level":"INFO","node":1,"msg":"Sent accusation to node 2"}
{"time":"2026-07-21 19:39:36,527","level":"INFO","node":1,"msg":"Sent accusation to node 3"}
{"time":"2026-07-21 19:39:36,527","level":"WARNING","node":1,"msg":"Node 2 accused by node 1, but only 2/3 distinct accusers so far (3f+1 quorum) — NOT excluding yet (avoids a single compromised node unilaterally removing an honest peer)."}
{"time":"2026-07-21 19:39:36,574","level":"ERROR","node":1,"msg":"Node 2 EXCLUDED from proposing and quorum. Quorum requirement adjusted to 3 of 3 remaining trusted nodes."}
{"time":"2026-07-21 19:39:46,596","level":"INFO","node":1,"msg":"Node 2 accused by node 3 — already excluded, this accusation is redundant (late-arriving vote)."}
{"time":"2026-07-21 19:40:03,676","level":"INFO","node":1,"msg":"Proposal received: round=7 origin=3 hash=88c21f3cbdac..."}
{"time":"2026-07-21 19:40:03,941","level":"INFO","node":1,"msg":"Consensus vote recorded: node 3 decision=True reason=zkp_ok round=7 new=True satisfied=False"}
{"time":"2026-07-21 19:40:09,845","level":"INFO","node":1,"msg":"Proposal for round=7 origin=3 changed hash after 6.03s — treating as a legitimate round retry, not equivocation."}
{"time":"2026-07-21 19:40:09,845","level":"INFO","node":1,"msg":"Proposal received: round=7 origin=3 hash=0c1289bff60b..."}
{"time":"2026-07-21 19:40:09,951","level":"INFO","node":1,"msg":"Consensus vote recorded: node 3 decision=True reason=zkp_ok round=7 new=True satisfied=False"}
{"time":"2026-07-21 19:40:19,258","level":"INFO","node":1,"msg":"Consensus vote recorded: node 0 decision=True reason=zkp_ok round=7 new=True satisfied=False"}
{"time":"2026-07-21 19:40:25,380","level":"INFO","node":1,"msg":"Consensus vote recorded: node 0 decision=True reason=zkp_ok round=7 new=False satisfied=False"}
{"time":"2026-07-21 19:40:30,826","level":"INFO","node":1,"msg":"Received update from node 0, round 7"}
{"time":"2026-07-21 19:40:36,916","level":"INFO","node":1,"msg":"Received update from node 0, round 7"}
{"time":"2026-07-21 19:40:44,181","level":"INFO","node":1,"msg":"ZKP ACCEPTED from node 0"}
{"time":"2026-07-21 19:40:44,556","level":"INFO","node":1,"msg":"Per-class agreement with node 3: class0=0.916 class1=0.835 gap=0.080"}
{"time":"2026-07-21 19:40:44,604","level":"INFO","node":1,"msg":"Per-class rolling gap for node 3: mean=0.080 over last 1 round(s)"}
{"time":"2026-07-21 19:40:45,098","level":"INFO","node":1,"msg":"Trust score for node 3: S=0.786 (Z=1.00 A=0.89 P=0.57 R=1.00) advisory only"}
{"time":"2026-07-21 19:40:45,283","level":"INFO","node":1,"msg":"Sent consensus vote to node 0"}
{"time":"2026-07-21 19:40:45,393","level":"INFO","node":1,"msg":"Sent consensus vote to node 3"}
{"time":"2026-07-21 19:40:50,523","level":"INFO","node":1,"msg":"ZKP ACCEPTED from node 0"}
{"time":"2026-07-21 19:40:50,523","level":"INFO","node":1,"msg":"fc_in col7 delta self-cosine for node 3: -0.1636 (delta_norm=0.1710)"}
{"time":"2026-07-21 19:40:52,043","level":"INFO","node":1,"msg":"Per-class agreement with node 3: class0=0.957 class1=0.978 gap=0.021"}
{"time":"2026-07-21 19:40:52,059","level":"INFO","node":1,"msg":"Per-class rolling gap for node 3: mean=0.050 over last 2 round(s)"}
{"time":"2026-07-21 19:40:52,658","level":"INFO","node":1,"msg":"Trust score for node 3: S=0.825 (Z=1.00 A=0.96 P=0.50 R=1.00) advisory only"}
{"time":"2026-07-21 19:40:52,927","level":"INFO","node":1,"msg":"Sent consensus vote to node 0"}
{"time":"2026-07-21 19:40:53,136","level":"INFO","node":1,"msg":"Sent consensus vote to node 3"}
{"time":"2026-07-21 19:40:57,622","level":"INFO","node":1,"msg":"Forwarded to http://127.0.0.1:8003"}
{"time":"2026-07-21 19:40:58,253","level":"INFO","node":1,"msg":"Synced weights from master for round 7"}
{"time":"2026-07-21 19:40:58,421","level":"INFO","node":1,"msg":"Sent commit vote to node 3"}
{"time":"2026-07-21 19:41:04,177","level":"INFO","node":1,"msg":"Forwarded to http://127.0.0.1:8003"}
{"time":"2026-07-21 19:41:04,561","level":"INFO","node":1,"msg":"Proposal received: round=8 origin=0 hash=70fb57438bf1..."}
{"time":"2026-07-21 19:41:04,587","level":"INFO","node":1,"msg":"Consensus vote recorded: node 0 decision=True reason=zkp_ok round=8 new=True satisfied=False"}
{"time":"2026-07-21 19:41:04,595","level":"INFO","node":1,"msg":"Received update from node 0, round 8"}
{"time":"2026-07-21 19:41:14,321","level":"INFO","node":1,"msg":"ZKP ACCEPTED from node 0"}
{"time":"2026-07-21 19:41:14,321","level":"INFO","node":1,"msg":"fc_in col7 delta self-cosine for node 0: -0.0329 (delta_norm=0.4718)"}
{"time":"2026-07-21 19:41:14,321","level":"INFO","node":1,"msg":"Per-class agreement with node 0: class0=0.858 class1=0.836 gap=0.021"}
{"time":"2026-07-21 19:41:14,321","level":"INFO","node":1,"msg":"Per-class rolling gap for node 0: mean=0.033 over last 2 round(s)"}
{"time":"2026-07-21 19:41:14,326","level":"INFO","node":1,"msg":"Trust score for node 0: S=0.748 (Z=1.00 A=0.85 P=0.57 R=1.00) advisory only"}
{"time":"2026-07-21 19:41:14,346","level":"INFO","node":1,"msg":"Sent consensus vote to node 0"}
{"time":"2026-07-21 19:41:14,366","level":"INFO","node":1,"msg":"Sent consensus vote to node 3"}
{"time":"2026-07-21 19:41:14,521","level":"WARNING","node":1,"msg":"ZKP norm violation (clipping applied): slack=-397694, retry=0"}
{"time":"2026-07-21 19:41:20,524","level":"INFO","node":1,"msg":"Forwarded to http://127.0.0.1:8003"}
{"time":"2026-07-21 19:41:30,156","level":"INFO","node":1,"msg":"Prediction agreement with node 3 round=8: A=0.983"}
{"time":"2026-07-21 19:41:30,157","level":"INFO","node":1,"msg":"Consensus vote recorded: node 3 decision=True reason=zkp_ok round=8 new=True satisfied=True"}
{"time":"2026-07-21 19:41:36,208","level":"INFO","node":1,"msg":"Synced weights from master for round 8"}
{"time":"2026-07-21 19:41:36,233","level":"INFO","node":1,"msg":"Sent commit vote to node 0"}
{"time":"2026-07-21 19:41:36,274","level":"INFO","node":1,"msg":"My turn — starting round 10 as proposer."}
{"time":"2026-07-21 19:41:36,276","level":"INFO","node":1,"msg":"Starting round 10"}
{"time":"2026-07-21 19:41:42,615","level":"INFO","node":1,"msg":"Sent proposal to node 0"}
{"time":"2026-07-21 19:41:42,633","level":"INFO","node":1,"msg":"Sent proposal to node 3"}
{"time":"2026-07-21 19:41:42,638","level":"INFO","node":1,"msg":"Sent consensus vote to node 0"}
{"time":"2026-07-21 19:41:42,644","level":"INFO","node":1,"msg":"Sent consensus vote to node 3"}
{"time":"2026-07-21 19:41:42,646","level":"INFO","node":1,"msg":"Forwarded to http://127.0.0.1:8003"}
{"time":"2026-07-21 19:41:52,261","level":"INFO","node":1,"msg":"Consensus vote recorded: node 3 decision=True reason=zkp_ok round=9 new=True satisfied=False"}
{"time":"2026-07-21 19:42:07,736","level":"INFO","node":1,"msg":"Consensus vote recorded: node 0 decision=True reason=zkp_ok round=9 new=True satisfied=True"}
{"time":"2026-07-21 19:42:13,967","level":"INFO","node":1,"msg":"Received update from node 0, round 9"}
{"time":"2026-07-21 19:42:13,970","level":"INFO","node":1,"msg":"Round 10 complete — aggregating"}
{"time":"2026-07-21 19:42:13,993","level":"WARNING","node":1,"msg":"[BACKDOOR PROBE] Round 10 SUSPICIOUS: feature=1 value=7.0 forces class=1 flip_rate=1.000 jump=0.741 (thresholds: flip>0.7, jump>0.3)"}
{"time":"2026-07-21 19:42:14,026","level":"INFO","node":1,"msg":"Commit vote recorded: node 0 decision=True round=9 satisfied=False"}
{"time":"2026-07-21 19:42:14,029","level":"INFO","node":1,"msg":"Broadcast weights to node 0"}
{"time":"2026-07-21 19:42:14,068","level":"INFO","node":1,"msg":"Commit vote recorded: node 3 decision=True round=9 satisfied=True"}
{"time":"2026-07-21 19:42:14,068","level":"INFO","node":1,"msg":"Round 10 COMMITTED — model hash agreed by [1, 0, 3]"}
{"time":"2026-07-21 19:42:14,070","level":"INFO","node":1,"msg":"Commit certificate saved to C:\Users\mousu\OneDrive\Desktop\Set A\securefedhe\dashboard\certificates\round_9.json"}
{"time":"2026-07-21 19:42:14,070","level":"INFO","node":1,"msg":"Broadcast weights to node 3"}
{"time":"2026-07-21 19:42:14,074","level":"INFO","node":1,"msg":"Checkpoint saved to C:\Users\mousu\OneDrive\Desktop\Set A\securefedhe\dashboard\model_latest.pt"}
{"time":"2026-07-21 19:42:14,074","level":"INFO","node":1,"msg":"Round 10 complete | accuracy=0.8519 | duration=37.80s"}
{"time":"2026-07-21 19:42:14,074","level":"INFO","node":1,"msg":"Round 11 belongs to node 3 — waiting for their proposal."}
{"time":"2026-07-21 19:42:14,081","level":"INFO","node":1,"msg":"Notified next proposer to node 3"}
{"time":"2026-07-21 19:42:20,248","level":"INFO","node":1,"msg":"Proposal received: round=10 origin=3 hash=50da8f206bc5..."}
{"time":"2026-07-21 19:42:20,264","level":"INFO","node":1,"msg":"Consensus vote recorded: node 3 decision=True reason=zkp_ok round=10 new=True satisfied=False"}
{"time":"2026-07-21 19:42:29,862","level":"INFO","node":1,"msg":"Consensus vote recorded: node 0 decision=True reason=zkp_ok round=10 new=True satisfied=False"}
{"time":"2026-07-21 19:42:35,861","level":"INFO","node":1,"msg":"Received update from node 0, round 10"}
{"time":"2026-07-21 19:42:45,378","level":"INFO","node":1,"msg":"ZKP ACCEPTED from node 0"}
{"time":"2026-07-21 19:42:45,378","level":"INFO","node":1,"msg":"fc_in col7 delta self-cosine for node 3: -0.1788 (delta_norm=0.4303)"}
{"time":"2026-07-21 19:42:45,378","level":"INFO","node":1,"msg":"Per-class agreement with node 3: class0=0.875 class1=0.889 gap=0.014"}
{"time":"2026-07-21 19:42:45,378","level":"INFO","node":1,"msg":"Per-class rolling gap for node 3: mean=0.038 over last 3 round(s)"}
{"time":"2026-07-21 19:42:45,383","level":"INFO","node":1,"msg":"Trust score for node 3: S=0.772 (Z=1.00 A=0.88 P=0.57 R=1.00) advisory only"}
{"time":"2026-07-21 19:42:45,394","level":"INFO","node":1,"msg":"Sent consensus vote to node 0"}
{"time":"2026-07-21 19:42:45,406","level":"INFO","node":1,"msg":"Sent consensus vote to node 3"}
{"time":"2026-07-21 19:42:51,766","level":"INFO","node":1,"msg":"Forwarded to http://127.0.0.1:8003"}
{"time":"2026-07-21 19:42:51,842","level":"INFO","node":1,"msg":"Synced weights from master for round 10"}
{"time":"2026-07-21 19:42:51,851","level":"INFO","node":1,"msg":"Sent commit vote to node 3"}
{"time":"2026-07-21 19:42:58,521","level":"INFO","node":1,"msg":"Proposal received: round=11 origin=3 hash=349613985f4f..."}
{"time":"2026-07-21 19:42:58,532","level":"INFO","node":1,"msg":"Consensus vote recorded: node 3 decision=True reason=zkp_ok round=11 new=True satisfied=False"}
{"time":"2026-07-21 19:43:08,137","level":"INFO","node":1,"msg":"Consensus vote recorded: node 0 decision=True reason=zkp_ok round=11 new=True satisfied=False"}
{"time":"2026-07-21 19:43:14,210","level":"INFO","node":1,"msg":"Received update from node 0, round 11"}
{"time":"2026-07-21 19:43:23,801","level":"INFO","node":1,"msg":"ZKP ACCEPTED from node 0"}
{"time":"2026-07-21 19:43:23,801","level":"INFO","node":1,"msg":"fc_in col7 delta self-cosine for node 3: -0.0726 (delta_norm=0.1902)"}
{"time":"2026-07-21 19:43:23,803","level":"INFO","node":1,"msg":"Per-class agreement with node 3: class0=0.954 class1=0.957 gap=0.003"}
{"time":"2026-07-21 19:43:23,806","level":"INFO","node":1,"msg":"Per-class rolling gap for node 3: mean=0.029 over last 4 round(s)"}
{"time":"2026-07-21 19:43:23,806","level":"INFO","node":1,"msg":"Trust score for node 3: S=0.838 (Z=1.00 A=0.95 P=0.57 R=1.00) advisory only"}
{"time":"2026-07-21 19:43:23,829","level":"INFO","node":1,"msg":"Sent consensus vote to node 0"}
{"time":"2026-07-21 19:43:23,846","level":"INFO","node":1,"msg":"Sent consensus vote to node 3"}
{"time":"2026-07-21 19:43:24,034","level":"WARNING","node":1,"msg":"ZKP norm violation (clipping applied): slack=-319324, retry=0"}
{"time":"2026-07-21 19:43:30,096","level":"INFO","node":1,"msg":"Forwarded to http://127.0.0.1:8003"}
{"time":"2026-07-21 19:43:30,183","level":"INFO","node":1,"msg":"Synced weights from master for round 11"}
{"time":"2026-07-21 19:43:30,198","level":"INFO","node":1,"msg":"Sent commit vote to node 3"}
{"time":"2026-07-21 19:43:36,386","level":"INFO","node":1,"msg":"Proposal received: round=12 origin=0 hash=e198b2f3af51..."}
{"time":"2026-07-21 19:43:36,403","level":"INFO","node":1,"msg":"Consensus vote recorded: node 0 decision=True reason=zkp_ok round=12 new=True satisfied=False"}
{"time":"2026-07-21 19:43:36,409","level":"INFO","node":1,"msg":"Received update from node 0, round 12"}
{"time":"2026-07-21 19:43:46,052","level":"INFO","node":1,"msg":"ZKP ACCEPTED from node 0"}
{"time":"2026-07-21 19:43:46,052","level":"INFO","node":1,"msg":"fc_in col7 delta self-cosine for node 0: 0.0317 (delta_norm=0.3733)"}
{"time":"2026-07-21 19:43:46,055","level":"INFO","node":1,"msg":"Per-class agreement with node 0: class0=0.973 class1=0.965 gap=0.008"}
{"time":"2026-07-21 19:43:46,055","level":"INFO","node":1,"msg":"Per-class rolling gap for node 0: mean=0.024 over last 3 round(s)"}
{"time":"2026-07-21 19:43:46,055","level":"INFO","node":1,"msg":"Trust score for node 0: S=0.832 (Z=1.00 A=0.97 P=0.50 R=1.00) advisory only"}
{"time":"2026-07-21 19:43:46,087","level":"INFO","node":1,"msg":"Sent consensus vote to node 0"}
{"time":"2026-07-21 19:43:46,107","level":"INFO","node":1,"msg":"Sent consensus vote to node 3"}
{"time":"2026-07-21 19:43:52,243","level":"INFO","node":1,"msg":"Forwarded to http://127.0.0.1:8003"}
{"time":"2026-07-21 19:44:01,983","level":"INFO","node":1,"msg":"Prediction agreement with node 3 round=12: A=0.972"}
{"time":"2026-07-21 19:44:01,985","level":"INFO","node":1,"msg":"Consensus vote recorded: node 3 decision=True reason=zkp_ok round=12 new=True satisfied=True"}
{"time":"2026-07-21 19:44:07,965","level":"INFO","node":1,"msg":"Synced weights from master for round 12"}
{"time":"2026-07-21 19:44:07,981","level":"INFO","node":1,"msg":"Sent commit vote to node 0"}
{"time":"2026-07-21 19:44:08,034","level":"INFO","node":1,"msg":"My turn — starting round 14 as proposer."}
{"time":"2026-07-21 19:44:08,035","level":"INFO","node":1,"msg":"Starting round 14"}
{"time":"2026-07-21 19:44:08,247","level":"WARNING","node":1,"msg":"ZKP norm violation (clipping applied): slack=-124709, retry=0"}
{"time":"2026-07-21 19:44:14,420","level":"INFO","node":1,"msg":"Sent proposal to node 0"}
{"time":"2026-07-21 19:44:14,441","level":"INFO","node":1,"msg":"Sent proposal to node 3"}
{"time":"2026-07-21 19:44:14,446","level":"INFO","node":1,"msg":"Sent consensus vote to node 0"}
{"time":"2026-07-21 19:44:14,450","level":"INFO","node":1,"msg":"Sent consensus vote to node 3"}
{"time":"2026-07-21 19:44:14,456","level":"INFO","node":1,"msg":"Forwarded to http://127.0.0.1:8003"}
{"time":"2026-07-21 19:44:24,133","level":"INFO","node":1,"msg":"Consensus vote recorded: node 3 decision=True reason=zkp_ok round=13 new=True satisfied=False"}
{"time":"2026-07-21 19:44:39,927","level":"INFO","node":1,"msg":"Consensus vote recorded: node 0 decision=True reason=zkp_ok round=13 new=True satisfied=True"}
{"time":"2026-07-21 19:44:45,914","level":"INFO","node":1,"msg":"Received update from node 0, round 13"}
{"time":"2026-07-21 19:44:45,914","level":"INFO","node":1,"msg":"Round 14 complete — aggregating"}
{"time":"2026-07-21 19:44:45,957","level":"WARNING","node":1,"msg":"[BACKDOOR PROBE] Round 14 SUSPICIOUS: feature=1 value=5.0 forces class=1 flip_rate=1.000 jump=0.704 (thresholds: flip>0.7, jump>0.3)"}
{"time":"2026-07-21 19:44:45,986","level":"INFO","node":1,"msg":"Commit vote recorded: node 0 decision=True round=13 satisfied=False"}
{"time":"2026-07-21 19:44:45,994","level":"INFO","node":1,"msg":"Broadcast weights to node 0"}
{"time":"2026-07-21 19:44:46,034","level":"INFO","node":1,"msg":"Commit vote recorded: node 3 decision=True round=13 satisfied=True"}
{"time":"2026-07-21 19:44:46,036","level":"INFO","node":1,"msg":"Round 14 COMMITTED — model hash agreed by [1, 0, 3]"}
{"time":"2026-07-21 19:44:46,039","level":"INFO","node":1,"msg":"Commit certificate saved to C:\Users\mousu\OneDrive\Desktop\Set A\securefedhe\dashboard\certificates\round_13.json"}
{"time":"2026-07-21 19:44:46,042","level":"INFO","node":1,"msg":"Broadcast weights to node 3"}
{"time":"2026-07-21 19:44:46,045","level":"INFO","node":1,"msg":"Checkpoint saved to C:\Users\mousu\OneDrive\Desktop\Set A\securefedhe\dashboard\model_latest.pt"}
{"time":"2026-07-21 19:44:46,046","level":"INFO","node":1,"msg":"Round 14 complete | accuracy=0.8889 | duration=38.01s"}
{"time":"2026-07-21 19:44:46,046","level":"INFO","node":1,"msg":"Round 15 belongs to node 3 — waiting for their proposal."}
{"time":"2026-07-21 19:44:46,051","level":"INFO","node":1,"msg":"Notified next proposer to node 3"}
{"time":"2026-07-21 19:44:52,144","level":"INFO","node":1,"msg":"Proposal received: round=14 origin=3 hash=ca08db8ae4de..."}
{"time":"2026-07-21 19:44:52,163","level":"INFO","node":1,"msg":"Consensus vote recorded: node 3 decision=True reason=zkp_ok round=14 new=True satisfied=False"}
{"time":"2026-07-21 19:45:01,779","level":"INFO","node":1,"msg":"Consensus vote recorded: node 0 decision=True reason=zkp_ok round=14 new=True satisfied=False"}
{"time":"2026-07-21 19:45:07,900","level":"INFO","node":1,"msg":"Received update from node 0, round 14"}
{"time":"2026-07-21 19:45:17,587","level":"INFO","node":1,"msg":"ZKP ACCEPTED from node 0"}
{"time":"2026-07-21 19:45:17,587","level":"INFO","node":1,"msg":"fc_in col7 delta self-cosine for node 3: -0.1495 (delta_norm=0.2704)"}
{"time":"2026-07-21 19:45:17,587","level":"INFO","node":1,"msg":"Per-class agreement with node 3: class0=0.948 class1=0.934 gap=0.014"}
{"time":"2026-07-21 19:45:17,587","level":"INFO","node":1,"msg":"Per-class rolling gap for node 3: mean=0.013 over last 4 round(s)"}
{"time":"2026-07-21 19:45:17,593","level":"INFO","node":1,"msg":"Trust score for node 3: S=0.809 (Z=1.00 A=0.94 P=0.50 R=1.00) advisory only"}
{"time":"2026-07-21 19:45:17,604","level":"INFO","node":1,"msg":"Sent consensus vote to node 0"}
{"time":"2026-07-21 19:45:17,636","level":"INFO","node":1,"msg":"Sent consensus vote to node 3"}
{"time":"2026-07-21 19:45:23,833","level":"INFO","node":1,"msg":"Forwarded to http://127.0.0.1:8003"}
{"time":"2026-07-21 19:45:23,892","level":"INFO","node":1,"msg":"Synced weights from master for round 14"}
{"time":"2026-07-21 19:45:23,903","level":"INFO","node":1,"msg":"Sent commit vote to node 3"}
{"time":"2026-07-21 19:45:30,447","level":"INFO","node":1,"msg":"Proposal received: round=15 origin=3 hash=e54af1fd6930..."}
{"time":"2026-07-21 19:45:30,461","level":"INFO","node":1,"msg":"Consensus vote recorded: node 3 decision=True reason=zkp_ok round=15 new=True satisfied=False"}
{"time":"2026-07-21 19:45:40,043","level":"INFO","node":1,"msg":"Consensus vote recorded: node 0 decision=True reason=zkp_ok round=15 new=True satisfied=False"}
{"time":"2026-07-21 19:45:46,110","level":"INFO","node":1,"msg":"Received update from node 0, round 15"}
{"time":"2026-07-21 19:45:55,620","level":"INFO","node":1,"msg":"ZKP ACCEPTED from node 0"}
{"time":"2026-07-21 19:45:55,622","level":"INFO","node":1,"msg":"fc_in col7 delta self-cosine for node 3: -0.2958 (delta_norm=0.2156)"}
{"time":"2026-07-21 19:45:55,622","level":"INFO","node":1,"msg":"Per-class agreement with node 3: class0=0.955 class1=0.940 gap=0.016"}
{"time":"2026-07-21 19:45:55,622","level":"INFO","node":1,"msg":"Per-class rolling gap for node 3: mean=0.012 over last 4 round(s)"}
{"time":"2026-07-21 19:45:55,622","level":"INFO","node":1,"msg":"Trust score for node 3: S=0.815 (Z=1.00 A=0.95 P=0.50 R=1.00) advisory only"}
{"time":"2026-07-21 19:45:55,637","level":"INFO","node":1,"msg":"Sent consensus vote to node 0"}
{"time":"2026-07-21 19:45:55,665","level":"INFO","node":1,"msg":"Sent consensus vote to node 3"}
{"time":"2026-07-21 19:46:01,802","level":"INFO","node":1,"msg":"Forwarded to http://127.0.0.1:8003"}
{"time":"2026-07-21 19:46:01,850","level":"INFO","node":1,"msg":"Synced weights from master for round 15"}
{"time":"2026-07-21 19:46:01,861","level":"INFO","node":1,"msg":"Sent commit vote to node 3"}
{"time":"2026-07-21 19:46:08,064","level":"INFO","node":1,"msg":"Proposal received: round=16 origin=0 hash=690112f28c3a..."}
{"time":"2026-07-21 19:46:08,088","level":"INFO","node":1,"msg":"Consensus vote recorded: node 0 decision=True reason=zkp_ok round=16 new=True satisfied=False"}
{"time":"2026-07-21 19:46:08,102","level":"INFO","node":1,"msg":"Received update from node 0, round 16"}
{"time":"2026-07-21 19:46:17,730","level":"INFO","node":1,"msg":"ZKP ACCEPTED from node 0"}
{"time":"2026-07-21 19:46:17,730","level":"INFO","node":1,"msg":"fc_in col7 delta self-cosine for node 0: -0.0197 (delta_norm=0.3016)"}
{"time":"2026-07-21 19:46:17,730","level":"INFO","node":1,"msg":"Per-class agreement with node 0: class0=0.942 class1=0.938 gap=0.004"}
{"time":"2026-07-21 19:46:17,730","level":"INFO","node":1,"msg":"Per-class rolling gap for node 0: mean=0.019 over last 4 round(s)"}
{"time":"2026-07-21 19:46:17,744","level":"INFO","node":1,"msg":"Trust score for node 0: S=0.787 (Z=1.00 A=0.94 P=0.43 R=1.00) advisory only"}
{"time":"2026-07-21 19:46:17,767","level":"INFO","node":1,"msg":"Sent consensus vote to node 0"}
{"time":"2026-07-21 19:46:17,789","level":"INFO","node":1,"msg":"Sent consensus vote to node 3"}
{"time":"2026-07-21 19:46:23,987","level":"INFO","node":1,"msg":"Forwarded to http://127.0.0.1:8003"}
{"time":"2026-07-21 19:46:33,583","level":"INFO","node":1,"msg":"Prediction agreement with node 3 round=16: A=0.989"}
{"time":"2026-07-21 19:46:33,584","level":"INFO","node":1,"msg":"Consensus vote recorded: node 3 decision=True reason=zkp_ok round=16 new=True satisfied=True"}
{"time":"2026-07-21 19:46:39,756","level":"INFO","node":1,"msg":"Synced weights from master for round 16"}
{"time":"2026-07-21 19:46:39,785","level":"INFO","node":1,"msg":"Sent commit vote to node 0"}
{"time":"2026-07-21 19:46:39,824","level":"INFO","node":1,"msg":"My turn — starting round 18 as proposer."}
{"time":"2026-07-21 19:46:39,825","level":"INFO","node":1,"msg":"Starting round 18"}
{"time":"2026-07-21 19:46:40,033","level":"WARNING","node":1,"msg":"ZKP norm violation (clipping applied): slack=-205175, retry=0"}
{"time":"2026-07-21 19:46:46,173","level":"INFO","node":1,"msg":"Sent proposal to node 0"}
{"time":"2026-07-21 19:46:46,176","level":"INFO","node":1,"msg":"Sent proposal to node 3"}
{"time":"2026-07-21 19:46:46,180","level":"INFO","node":1,"msg":"Sent consensus vote to node 0"}
{"time":"2026-07-21 19:46:46,182","level":"INFO","node":1,"msg":"Sent consensus vote to node 3"}
{"time":"2026-07-21 19:46:46,187","level":"INFO","node":1,"msg":"Forwarded to http://127.0.0.1:8003"}
{"time":"2026-07-21 19:46:55,845","level":"INFO","node":1,"msg":"Consensus vote recorded: node 3 decision=True reason=zkp_ok round=17 new=True satisfied=False"}
{"time":"2026-07-21 19:47:11,556","level":"INFO","node":1,"msg":"Consensus vote recorded: node 0 decision=True reason=zkp_ok round=17 new=True satisfied=True"}
{"time":"2026-07-21 19:47:17,587","level":"INFO","node":1,"msg":"Received update from node 0, round 17"}
{"time":"2026-07-21 19:47:17,587","level":"INFO","node":1,"msg":"Round 18 complete — aggregating"}
{"time":"2026-07-21 19:47:17,613","level":"WARNING","node":1,"msg":"[BACKDOOR PROBE] Round 18 SUSPICIOUS: feature=1 value=5.0 forces class=1 flip_rate=1.000 jump=0.741 (thresholds: flip>0.7, jump>0.3)"}
{"time":"2026-07-21 19:47:17,631","level":"INFO","node":1,"msg":"Commit vote recorded: node 0 decision=True round=17 satisfied=False"}
{"time":"2026-07-21 19:47:17,633","level":"INFO","node":1,"msg":"Broadcast weights to node 0"}
{"time":"2026-07-21 19:47:17,648","level":"INFO","node":1,"msg":"Commit vote recorded: node 3 decision=True round=17 satisfied=True"}
{"time":"2026-07-21 19:47:17,648","level":"INFO","node":1,"msg":"Round 18 COMMITTED — model hash agreed by [1, 0, 3]"}
{"time":"2026-07-21 19:47:17,651","level":"INFO","node":1,"msg":"Commit certificate saved to C:\Users\mousu\OneDrive\Desktop\Set A\securefedhe\dashboard\certificates\round_17.json"}
{"time":"2026-07-21 19:47:17,654","level":"INFO","node":1,"msg":"Broadcast weights to node 3"}
{"time":"2026-07-21 19:47:17,657","level":"INFO","node":1,"msg":"Checkpoint saved to C:\Users\mousu\OneDrive\Desktop\Set A\securefedhe\dashboard\model_latest.pt"}
{"time":"2026-07-21 19:47:17,657","level":"INFO","node":1,"msg":"Round 18 complete | accuracy=0.9259 | duration=37.83s"}
{"time":"2026-07-21 19:47:17,657","level":"INFO","node":1,"msg":"Round 19 belongs to node 3 — waiting for their proposal."}
{"time":"2026-07-21 19:47:17,660","level":"INFO","node":1,"msg":"Notified next proposer to node 3"}
{"time":"2026-07-21 19:47:23,826","level":"INFO","node":1,"msg":"Proposal received: round=18 origin=3 hash=9b99bc56d029..."}
{"time":"2026-07-21 19:47:23,843","level":"INFO","node":1,"msg":"Consensus vote recorded: node 3 decision=True reason=zkp_ok round=18 new=True satisfied=False"}
{"time":"2026-07-21 19:47:33,457","level":"INFO","node":1,"msg":"Consensus vote recorded: node 0 decision=True reason=zkp_ok round=18 new=True satisfied=False"}
{"time":"2026-07-21 19:47:39,531","level":"INFO","node":1,"msg":"Received update from node 0, round 18"}
{"time":"2026-07-21 19:47:49,089","level":"INFO","node":1,"msg":"ZKP ACCEPTED from node 0"}
{"time":"2026-07-21 19:47:49,089","level":"INFO","node":1,"msg":"fc_in col7 delta self-cosine for node 3: -0.2539 (delta_norm=0.2989)"}
{"time":"2026-07-21 19:47:49,089","level":"INFO","node":1,"msg":"Per-class agreement with node 3: class0=0.938 class1=0.985 gap=0.047"}
{"time":"2026-07-21 19:47:49,089","level":"INFO","node":1,"msg":"Per-class rolling gap for node 3: mean=0.020 over last 4 round(s)"}
{"time":"2026-07-21 19:47:49,093","level":"INFO","node":1,"msg":"Trust score for node 3: S=0.814 (Z=1.00 A=0.95 P=0.50 R=1.00) advisory only"}
{"time":"2026-07-21 19:47:49,114","level":"INFO","node":1,"msg":"Sent consensus vote to node 0"}
{"time":"2026-07-21 19:47:49,134","level":"INFO","node":1,"msg":"Sent consensus vote to node 3"}
{"time":"2026-07-21 19:47:55,381","level":"INFO","node":1,"msg":"Forwarded to http://127.0.0.1:8003"}
{"time":"2026-07-21 19:47:55,479","level":"INFO","node":1,"msg":"Synced weights from master for round 18"}
{"time":"2026-07-21 19:47:55,492","level":"INFO","node":1,"msg":"Sent commit vote to node 3"}
{"time":"2026-07-21 19:48:02,236","level":"INFO","node":1,"msg":"Proposal received: round=19 origin=3 hash=630d5227bb16..."}
{"time":"2026-07-21 19:48:02,243","level":"INFO","node":1,"msg":"Consensus vote recorded: node 3 decision=True reason=zkp_ok round=19 new=True satisfied=False"}
{"time":"2026-07-21 19:48:11,961","level":"INFO","node":1,"msg":"Consensus vote recorded: node 0 decision=True reason=zkp_ok round=19 new=True satisfied=False"}
{"time":"2026-07-21 19:48:17,943","level":"INFO","node":1,"msg":"Received update from node 0, round 19"}
{"time":"2026-07-21 19:48:27,679","level":"INFO","node":1,"msg":"ZKP ACCEPTED from node 0"}
{"time":"2026-07-21 19:48:27,679","level":"INFO","node":1,"msg":"fc_in col7 delta self-cosine for node 3: -0.3036 (delta_norm=0.2118)"}
{"time":"2026-07-21 19:48:27,684","level":"INFO","node":1,"msg":"Per-class agreement with node 3: class0=0.944 class1=0.972 gap=0.028"}
{"time":"2026-07-21 19:48:27,686","level":"INFO","node":1,"msg":"Per-class rolling gap for node 3: mean=0.026 over last 4 round(s)"}
{"time":"2026-07-21 19:48:27,687","level":"INFO","node":1,"msg":"Trust score for node 3: S=0.795 (Z=1.00 A=0.95 P=0.43 R=1.00) advisory only"}
{"time":"2026-07-21 19:48:27,698","level":"INFO","node":1,"msg":"Sent consensus vote to node 0"}
{"time":"2026-07-21 19:48:27,707","level":"INFO","node":1,"msg":"Sent consensus vote to node 3"}
{"time":"2026-07-21 19:48:33,937","level":"INFO","node":1,"msg":"Forwarded to http://127.0.0.1:8003"}
{"time":"2026-07-21 19:48:34,093","level":"INFO","node":1,"msg":"Synced weights from master for round 19"}
{"time":"2026-07-21 19:48:34,093","level":"INFO","node":1,"msg":"Training complete after 20 rounds"}
{"time":"2026-07-21 19:48:34,100","level":"INFO","node":1,"msg":"Sent commit vote to node 3"}
{"time":"2026-07-21 19:49:58,736","level":"ERROR","node":1,"msg":"Node 3 EXCLUDED from proposing and quorum. Quorum requirement adjusted to 2 of 2 remaining trusted nodes."}
