{"time":"2026-07-22 15:04:30,396","level":"INFO","node":0,"msg":"Starting node 0: City General Hospital"}
{"time":"2026-07-22 15:04:30,396","level":"INFO","node":0,"msg":"[CONFIG DEBUG] attack_simulation loaded: enabled=False target_node=2 type=gradient_norm config_path=config_dev.json"}
{"time":"2026-07-22 15:04:30,476","level":"WARNING","node":0,"msg":"DEV MODE: running without TLS"}
{"time":"2026-07-22 15:04:30,476","level":"INFO","node":0,"msg":"Listening on 127.0.0.1:8000 | TLS=False"}
{"time":"2026-07-22 15:04:37,213","level":"INFO","node":0,"msg":"Consensus pubkey received from node 1"}
{"time":"2026-07-22 15:04:37,216","level":"INFO","node":0,"msg":"Key exchange complete with node 1"}
{"time":"2026-07-22 15:04:39,145","level":"INFO","node":0,"msg":"Consensus pubkey received from node 2"}
{"time":"2026-07-22 15:04:39,161","level":"INFO","node":0,"msg":"Key exchange complete with node 2"}
{"time":"2026-07-22 15:04:41,514","level":"INFO","node":0,"msg":"Key exchange complete with node 3"}
{"time":"2026-07-22 15:04:41,530","level":"INFO","node":0,"msg":"Consensus pubkey received from node 3"}
{"time":"2026-07-22 15:04:48,382","level":"INFO","node":0,"msg":"Sent public key to node 1"}
{"time":"2026-07-22 15:04:48,386","level":"INFO","node":0,"msg":"Sent public key to node 2"}
{"time":"2026-07-22 15:04:48,396","level":"INFO","node":0,"msg":"Sent public key to node 3"}
{"time":"2026-07-22 15:04:48,401","level":"INFO","node":0,"msg":"Sent consensus pubkey to node 1"}
{"time":"2026-07-22 15:04:48,408","level":"INFO","node":0,"msg":"Sent consensus pubkey to node 2"}
{"time":"2026-07-22 15:04:48,421","level":"INFO","node":0,"msg":"Sent consensus pubkey to node 3"}
{"time":"2026-07-22 15:04:48,422","level":"INFO","node":0,"msg":"This node is round 1's proposer — starting."}
{"time":"2026-07-22 15:04:48,424","level":"INFO","node":0,"msg":"Starting round 1"}
{"time":"2026-07-22 15:05:54,817","level":"INFO","node":0,"msg":"Starting node 0: City General Hospital"}
{"time":"2026-07-22 15:05:54,817","level":"INFO","node":0,"msg":"[CONFIG DEBUG] attack_simulation loaded: enabled=False target_node=2 type=gradient_norm config_path=config_dev.json"}
{"time":"2026-07-22 15:05:54,934","level":"WARNING","node":0,"msg":"DEV MODE: running without TLS"}
{"time":"2026-07-22 15:05:54,934","level":"INFO","node":0,"msg":"Listening on 127.0.0.1:8000 | TLS=False"}
{"time":"2026-07-22 15:05:54,981","level":"INFO","node":0,"msg":"Key exchange complete with node 3"}
{"time":"2026-07-22 15:05:54,983","level":"INFO","node":0,"msg":"Consensus pubkey received from node 3"}
{"time":"2026-07-22 15:05:55,155","level":"INFO","node":0,"msg":"Consensus pubkey received from node 2"}
{"time":"2026-07-22 15:05:55,155","level":"INFO","node":0,"msg":"Key exchange complete with node 2"}
{"time":"2026-07-22 15:05:57,420","level":"INFO","node":0,"msg":"Consensus pubkey received from node 1"}
{"time":"2026-07-22 15:05:57,443","level":"INFO","node":0,"msg":"Key exchange complete with node 1"}
{"time":"2026-07-22 15:06:12,768","level":"INFO","node":0,"msg":"Sent public key to node 1"}
{"time":"2026-07-22 15:06:12,796","level":"INFO","node":0,"msg":"Sent public key to node 2"}
{"time":"2026-07-22 15:06:12,819","level":"INFO","node":0,"msg":"Sent public key to node 3"}
{"time":"2026-07-22 15:06:12,835","level":"INFO","node":0,"msg":"Sent consensus pubkey to node 1"}
{"time":"2026-07-22 15:06:12,840","level":"INFO","node":0,"msg":"Sent consensus pubkey to node 2"}
{"time":"2026-07-22 15:06:12,850","level":"INFO","node":0,"msg":"Sent consensus pubkey to node 3"}
{"time":"2026-07-22 15:06:12,851","level":"INFO","node":0,"msg":"This node is round 1's proposer — starting."}
{"time":"2026-07-22 15:06:12,852","level":"INFO","node":0,"msg":"Starting round 1"}
{"time":"2026-07-22 15:06:14,203","level":"INFO","node":0,"msg":"[FC2 DELTA NORM] node 0 round=0 — fc2 delta norm this round: 0.0437"}
{"time":"2026-07-22 15:06:14,210","level":"WARNING","node":0,"msg":"ZKP norm violation (clipping applied): slack=-204649, retry=0"}
{"time":"2026-07-22 15:06:20,382","level":"INFO","node":0,"msg":"Sent proposal to node 1"}
{"time":"2026-07-22 15:06:20,382","level":"INFO","node":0,"msg":"Sent proposal to node 2"}
{"time":"2026-07-22 15:06:20,394","level":"INFO","node":0,"msg":"Sent proposal to node 3"}
{"time":"2026-07-22 15:06:20,402","level":"INFO","node":0,"msg":"Sent consensus vote to node 1"}
{"time":"2026-07-22 15:06:20,414","level":"INFO","node":0,"msg":"Sent consensus vote to node 2"}
{"time":"2026-07-22 15:06:20,427","level":"INFO","node":0,"msg":"Sent consensus vote to node 3"}
{"time":"2026-07-22 15:06:20,436","level":"INFO","node":0,"msg":"Forwarded to http://127.0.0.1:8001"}
{"time":"2026-07-22 15:06:30,005","level":"INFO","node":0,"msg":"Consensus vote recorded: node 1 decision=True reason=zkp_ok round=0 new=True satisfied=False"}
{"time":"2026-07-22 15:06:47,048","level":"INFO","node":0,"msg":"Consensus vote recorded: node 2 decision=True reason=zkp_ok round=0 new=True satisfied=True"}
{"time":"2026-07-22 15:07:04,094","level":"INFO","node":0,"msg":"Consensus vote recorded: node 3 decision=True reason=zkp_ok round=0 new=True satisfied=True"}
{"time":"2026-07-22 15:07:11,367","level":"INFO","node":0,"msg":"Received update from node 3, round 0"}
{"time":"2026-07-22 15:07:11,367","level":"INFO","node":0,"msg":"Round 1 complete — aggregating"}
{"time":"2026-07-22 15:07:11,376","level":"INFO","node":0,"msg":"Round 1 accuracy gate skipped (warm-up period, candidate_acc=0.7091)"}
{"time":"2026-07-22 15:07:11,407","level":"INFO","node":0,"msg":"Commit vote recorded: node 1 decision=True round=0 satisfied=False"}
{"time":"2026-07-22 15:07:11,411","level":"INFO","node":0,"msg":"Broadcast weights to node 1"}
{"time":"2026-07-22 15:07:11,470","level":"INFO","node":0,"msg":"Commit vote recorded: node 2 decision=True round=0 satisfied=True"}
{"time":"2026-07-22 15:07:11,470","level":"INFO","node":0,"msg":"Round 1 COMMITTED — model hash agreed by [0, 1, 2]"}
{"time":"2026-07-22 15:07:11,472","level":"INFO","node":0,"msg":"Commit certificate saved to C:\Users\mousu\OneDrive\Desktop\Set A\securefedhe\dashboard\certificates\round_0.json"}
{"time":"2026-07-22 15:07:11,474","level":"INFO","node":0,"msg":"Broadcast weights to node 2"}
{"time":"2026-07-22 15:07:11,486","level":"INFO","node":0,"msg":"Commit vote recorded: node 3 decision=True round=0 satisfied=True"}
{"time":"2026-07-22 15:07:11,488","level":"INFO","node":0,"msg":"Broadcast weights to node 3"}
{"time":"2026-07-22 15:07:11,497","level":"INFO","node":0,"msg":"Checkpoint saved to C:\Users\mousu\OneDrive\Desktop\Set A\securefedhe\dashboard\model_latest.pt"}
{"time":"2026-07-22 15:07:11,497","level":"INFO","node":0,"msg":"Round 1 complete | accuracy=0.7091 | duration=58.64s"}
{"time":"2026-07-22 15:07:11,497","level":"INFO","node":0,"msg":"Round 2 belongs to node 1 — waiting for their proposal."}
{"time":"2026-07-22 15:07:11,504","level":"INFO","node":0,"msg":"Notified next proposer to node 1"}
{"time":"2026-07-22 15:07:11,505","level":"INFO","node":0,"msg":"[WATCHDOG SPAWNED] round=1 expected_proposer=1 timeout_s=600 spawned_at=15:07:11"}
{"time":"2026-07-22 15:07:17,846","level":"INFO","node":0,"msg":"Proposal received: round=1 origin=1 hash=9054ea2ad0d6..."}
{"time":"2026-07-22 15:07:17,872","level":"INFO","node":0,"msg":"Consensus vote recorded: node 1 decision=True reason=zkp_ok round=1 new=True satisfied=False"}
{"time":"2026-07-22 15:07:27,712","level":"INFO","node":0,"msg":"Consensus vote recorded: node 2 decision=True reason=zkp_ok round=1 new=True satisfied=False"}
{"time":"2026-07-22 15:07:43,997","level":"INFO","node":0,"msg":"Consensus vote recorded: node 3 decision=True reason=zkp_ok round=1 new=True satisfied=True"}
{"time":"2026-07-22 15:07:50,392","level":"INFO","node":0,"msg":"Received update from node 3, round 1"}
{"time":"2026-07-22 15:08:00,192","level":"INFO","node":0,"msg":"ZKP ACCEPTED from node 3"}
{"time":"2026-07-22 15:08:00,198","level":"INFO","node":0,"msg":"Trust score for node 1: S=0.429 (Z=1.00 A=0.50 P=0.50 R=1.00) advisory only"}
{"time":"2026-07-22 15:08:00,221","level":"INFO","node":0,"msg":"Sent consensus vote to node 1"}
{"time":"2026-07-22 15:08:00,229","level":"INFO","node":0,"msg":"Sent consensus vote to node 2"}
{"time":"2026-07-22 15:08:00,249","level":"INFO","node":0,"msg":"Sent consensus vote to node 3"}
{"time":"2026-07-22 15:08:00,286","level":"INFO","node":0,"msg":"[FC2 DELTA NORM] node 0 round=1 — fc2 delta norm this round: 0.0455"}
{"time":"2026-07-22 15:08:06,441","level":"INFO","node":0,"msg":"Forwarded to http://127.0.0.1:8001"}
{"time":"2026-07-22 15:08:06,464","level":"INFO","node":0,"msg":"Synced weights from master for round 1"}
{"time":"2026-07-22 15:08:06,471","level":"INFO","node":0,"msg":"Sent commit vote to node 1"}
{"time":"2026-07-22 15:08:12,707","level":"INFO","node":0,"msg":"Proposal received: round=2 origin=2 hash=0355267b96bd..."}
{"time":"2026-07-22 15:08:12,743","level":"INFO","node":0,"msg":"Consensus vote recorded: node 2 decision=True reason=zkp_ok round=2 new=True satisfied=False"}
{"time":"2026-07-22 15:08:22,392","level":"INFO","node":0,"msg":"Consensus vote recorded: node 3 decision=True reason=zkp_ok round=2 new=True satisfied=False"}
{"time":"2026-07-22 15:08:28,694","level":"INFO","node":0,"msg":"Received update from node 3, round 2"}
{"time":"2026-07-22 15:08:38,297","level":"INFO","node":0,"msg":"ZKP ACCEPTED from node 3"}
{"time":"2026-07-22 15:08:38,307","level":"INFO","node":0,"msg":"Trust score for node 2: S=0.423 (Z=1.00 A=0.50 P=0.46 R=1.00) advisory only"}
{"time":"2026-07-22 15:08:38,332","level":"INFO","node":0,"msg":"Sent consensus vote to node 1"}
{"time":"2026-07-22 15:08:38,372","level":"INFO","node":0,"msg":"Sent consensus vote to node 2"}
{"time":"2026-07-22 15:08:38,393","level":"INFO","node":0,"msg":"Sent consensus vote to node 3"}
{"time":"2026-07-22 15:08:38,430","level":"INFO","node":0,"msg":"[FC2 DELTA NORM] node 0 round=2 — fc2 delta norm this round: 0.0438"}
{"time":"2026-07-22 15:08:44,540","level":"INFO","node":0,"msg":"Forwarded to http://127.0.0.1:8001"}
{"time":"2026-07-22 15:08:54,325","level":"INFO","node":0,"msg":"Prediction agreement with node 1 round=2: A=0.998"}
{"time":"2026-07-22 15:08:54,325","level":"INFO","node":0,"msg":"Consensus vote recorded: node 1 decision=True reason=zkp_ok round=2 new=True satisfied=True"}
{"time":"2026-07-22 15:09:00,700","level":"INFO","node":0,"msg":"Synced weights from master for round 2"}
{"time":"2026-07-22 15:09:00,717","level":"INFO","node":0,"msg":"Sent commit vote to node 2"}
{"time":"2026-07-22 15:09:07,105","level":"INFO","node":0,"msg":"Proposal received: round=3 origin=3 hash=858516fb3726..."}
{"time":"2026-07-22 15:09:07,139","level":"INFO","node":0,"msg":"Consensus vote recorded: node 3 decision=True reason=zkp_ok round=3 new=True satisfied=False"}
{"time":"2026-07-22 15:09:07,151","level":"INFO","node":0,"msg":"Received update from node 3, round 3"}
{"time":"2026-07-22 15:09:16,925","level":"INFO","node":0,"msg":"ZKP ACCEPTED from node 3"}
{"time":"2026-07-22 15:09:16,941","level":"INFO","node":0,"msg":"Trust score for node 3: S=0.444 (Z=1.00 A=0.50 P=0.61 R=1.00) advisory only"}
{"time":"2026-07-22 15:09:16,958","level":"INFO","node":0,"msg":"Sent consensus vote to node 1"}
{"time":"2026-07-22 15:09:16,969","level":"INFO","node":0,"msg":"Sent consensus vote to node 2"}
{"time":"2026-07-22 15:09:16,986","level":"INFO","node":0,"msg":"Sent consensus vote to node 3"}
{"time":"2026-07-22 15:09:17,015","level":"INFO","node":0,"msg":"[FC2 DELTA NORM] node 0 round=3 — fc2 delta norm this round: 0.0465"}
{"time":"2026-07-22 15:09:23,216","level":"INFO","node":0,"msg":"Forwarded to http://127.0.0.1:8001"}
{"time":"2026-07-22 15:09:32,910","level":"INFO","node":0,"msg":"Prediction agreement with node 1 round=3: A=0.993"}
{"time":"2026-07-22 15:09:32,910","level":"INFO","node":0,"msg":"Consensus vote recorded: node 1 decision=True reason=zkp_ok round=3 new=True satisfied=True"}
{"time":"2026-07-22 15:09:48,908","level":"INFO","node":0,"msg":"Prediction agreement with node 2 round=3: A=0.960"}
{"time":"2026-07-22 15:09:48,908","level":"INFO","node":0,"msg":"Consensus vote recorded: node 2 decision=True reason=zkp_ok round=3 new=True satisfied=True"}
{"time":"2026-07-22 15:09:55,181","level":"INFO","node":0,"msg":"Synced weights from master for round 3"}
{"time":"2026-07-22 15:09:55,189","level":"INFO","node":0,"msg":"Sent commit vote to node 3"}
{"time":"2026-07-22 15:09:55,255","level":"INFO","node":0,"msg":"My turn — starting round 5 as proposer."}
{"time":"2026-07-22 15:09:55,256","level":"INFO","node":0,"msg":"Starting round 5"}
{"time":"2026-07-22 15:09:55,294","level":"INFO","node":0,"msg":"[FC2 DELTA NORM] node 0 round=4 — fc2 delta norm this round: 0.0515"}
{"time":"2026-07-22 15:10:01,423","level":"INFO","node":0,"msg":"Sent proposal to node 1"}
{"time":"2026-07-22 15:10:01,423","level":"INFO","node":0,"msg":"Sent proposal to node 2"}
{"time":"2026-07-22 15:10:01,441","level":"INFO","node":0,"msg":"Sent proposal to node 3"}
{"time":"2026-07-22 15:10:01,450","level":"INFO","node":0,"msg":"Sent consensus vote to node 1"}
{"time":"2026-07-22 15:10:01,459","level":"INFO","node":0,"msg":"Sent consensus vote to node 2"}
{"time":"2026-07-22 15:10:01,472","level":"INFO","node":0,"msg":"Sent consensus vote to node 3"}
{"time":"2026-07-22 15:10:01,480","level":"INFO","node":0,"msg":"Forwarded to http://127.0.0.1:8001"}
{"time":"2026-07-22 15:10:11,228","level":"INFO","node":0,"msg":"Consensus vote recorded: node 1 decision=True reason=zkp_ok round=4 new=True satisfied=False"}
{"time":"2026-07-22 15:10:27,147","level":"INFO","node":0,"msg":"Consensus vote recorded: node 2 decision=True reason=zkp_ok round=4 new=True satisfied=True"}
{"time":"2026-07-22 15:10:42,984","level":"INFO","node":0,"msg":"Consensus vote recorded: node 3 decision=True reason=zkp_ok round=4 new=True satisfied=True"}
{"time":"2026-07-22 15:10:49,302","level":"INFO","node":0,"msg":"Received update from node 3, round 4"}
{"time":"2026-07-22 15:10:49,302","level":"INFO","node":0,"msg":"Round 5 complete — aggregating"}
{"time":"2026-07-22 15:10:49,302","level":"INFO","node":0,"msg":"Round 5 accuracy gate skipped (warm-up period, candidate_acc=0.7909)"}
{"time":"2026-07-22 15:10:49,346","level":"INFO","node":0,"msg":"Commit vote recorded: node 1 decision=True round=4 satisfied=False"}
{"time":"2026-07-22 15:10:49,350","level":"INFO","node":0,"msg":"Broadcast weights to node 1"}
{"time":"2026-07-22 15:10:49,376","level":"INFO","node":0,"msg":"Commit vote recorded: node 2 decision=True round=4 satisfied=True"}
{"time":"2026-07-22 15:10:49,376","level":"INFO","node":0,"msg":"Round 5 COMMITTED — model hash agreed by [0, 1, 2]"}
{"time":"2026-07-22 15:10:49,380","level":"INFO","node":0,"msg":"Commit certificate saved to C:\Users\mousu\OneDrive\Desktop\Set A\securefedhe\dashboard\certificates\round_4.json"}
{"time":"2026-07-22 15:10:49,384","level":"INFO","node":0,"msg":"Broadcast weights to node 2"}
{"time":"2026-07-22 15:10:49,410","level":"INFO","node":0,"msg":"Commit vote recorded: node 3 decision=True round=4 satisfied=True"}
{"time":"2026-07-22 15:10:49,412","level":"INFO","node":0,"msg":"Broadcast weights to node 3"}
{"time":"2026-07-22 15:10:49,416","level":"INFO","node":0,"msg":"Checkpoint saved to C:\Users\mousu\OneDrive\Desktop\Set A\securefedhe\dashboard\model_latest.pt"}
{"time":"2026-07-22 15:10:49,416","level":"INFO","node":0,"msg":"Round 5 complete | accuracy=0.7909 | duration=54.16s"}
{"time":"2026-07-22 15:10:49,416","level":"INFO","node":0,"msg":"Round 6 belongs to node 1 — waiting for their proposal."}
{"time":"2026-07-22 15:10:49,420","level":"INFO","node":0,"msg":"Notified next proposer to node 1"}
{"time":"2026-07-22 15:10:49,421","level":"INFO","node":0,"msg":"[WATCHDOG SPAWNED] round=5 expected_proposer=1 timeout_s=600 spawned_at=15:10:49"}
{"time":"2026-07-22 15:10:55,585","level":"INFO","node":0,"msg":"Proposal received: round=5 origin=1 hash=f139d98f249a..."}
{"time":"2026-07-22 15:10:55,606","level":"INFO","node":0,"msg":"Consensus vote recorded: node 1 decision=True reason=zkp_ok round=5 new=True satisfied=False"}
{"time":"2026-07-22 15:11:05,393","level":"INFO","node":0,"msg":"Consensus vote recorded: node 2 decision=True reason=zkp_ok round=5 new=True satisfied=False"}
{"time":"2026-07-22 15:11:21,260","level":"INFO","node":0,"msg":"Consensus vote recorded: node 3 decision=True reason=zkp_ok round=5 new=True satisfied=True"}
{"time":"2026-07-22 15:11:27,458","level":"INFO","node":0,"msg":"Received update from node 3, round 5"}
{"time":"2026-07-22 15:11:37,071","level":"INFO","node":0,"msg":"ZKP ACCEPTED from node 3"}
{"time":"2026-07-22 15:11:37,071","level":"INFO","node":0,"msg":"Per-class agreement with node 1: class0=0.768 class1=0.906 gap=0.138"}
{"time":"2026-07-22 15:11:37,071","level":"INFO","node":0,"msg":"Per-class rolling gap for node 1: mean=0.138 over last 1 round(s)"}
{"time":"2026-07-22 15:11:37,084","level":"INFO","node":0,"msg":"Trust score for node 1: S=0.696 (Z=1.00 A=0.81 P=0.50 R=1.00) advisory only"}
{"time":"2026-07-22 15:11:37,113","level":"INFO","node":0,"msg":"Sent consensus vote to node 1"}
{"time":"2026-07-22 15:11:37,120","level":"INFO","node":0,"msg":"Sent consensus vote to node 2"}
{"time":"2026-07-22 15:11:37,133","level":"INFO","node":0,"msg":"Sent consensus vote to node 3"}
{"time":"2026-07-22 15:11:37,165","level":"INFO","node":0,"msg":"[FC2 DELTA NORM] node 0 round=5 — fc2 delta norm this round: 0.0494"}
{"time":"2026-07-22 15:11:43,352","level":"INFO","node":0,"msg":"Forwarded to http://127.0.0.1:8001"}
{"time":"2026-07-22 15:11:43,400","level":"INFO","node":0,"msg":"Synced weights from master for round 5"}
{"time":"2026-07-22 15:11:43,411","level":"INFO","node":0,"msg":"Sent commit vote to node 1"}
{"time":"2026-07-22 15:11:49,788","level":"INFO","node":0,"msg":"Proposal received: round=6 origin=2 hash=6c223896e553..."}
{"time":"2026-07-22 15:11:49,818","level":"INFO","node":0,"msg":"Consensus vote recorded: node 2 decision=True reason=zkp_ok round=6 new=True satisfied=False"}
{"time":"2026-07-22 15:11:59,736","level":"INFO","node":0,"msg":"Consensus vote recorded: node 3 decision=True reason=zkp_ok round=6 new=True satisfied=False"}
{"time":"2026-07-22 15:12:05,849","level":"INFO","node":0,"msg":"Received update from node 3, round 6"}
{"time":"2026-07-22 15:12:15,593","level":"INFO","node":0,"msg":"ZKP ACCEPTED from node 3"}
{"time":"2026-07-22 15:12:15,604","level":"INFO","node":0,"msg":"Per-class agreement with node 2: class0=0.860 class1=0.894 gap=0.034"}
{"time":"2026-07-22 15:12:15,604","level":"INFO","node":0,"msg":"Per-class rolling gap for node 2: mean=0.034 over last 1 round(s)"}
{"time":"2026-07-22 15:12:15,606","level":"INFO","node":0,"msg":"Trust score for node 2: S=0.778 (Z=1.00 A=0.87 P=0.63 R=1.00) advisory only"}
{"time":"2026-07-22 15:12:15,622","level":"INFO","node":0,"msg":"Sent consensus vote to node 1"}
{"time":"2026-07-22 15:12:15,636","level":"INFO","node":0,"msg":"Sent consensus vote to node 2"}
{"time":"2026-07-22 15:12:15,651","level":"INFO","node":0,"msg":"Sent consensus vote to node 3"}
{"time":"2026-07-22 15:12:15,672","level":"INFO","node":0,"msg":"[FC2 DELTA NORM] node 0 round=6 — fc2 delta norm this round: 0.0491"}
{"time":"2026-07-22 15:12:22,265","level":"INFO","node":0,"msg":"Forwarded to http://127.0.0.1:8001"}
{"time":"2026-07-22 15:12:32,288","level":"INFO","node":0,"msg":"Prediction agreement with node 1 round=6: A=0.996"}
{"time":"2026-07-22 15:12:32,288","level":"INFO","node":0,"msg":"Consensus vote recorded: node 1 decision=True reason=zkp_ok round=6 new=True satisfied=True"}
{"time":"2026-07-22 15:12:38,632","level":"INFO","node":0,"msg":"Synced weights from master for round 6"}
{"time":"2026-07-22 15:12:38,652","level":"INFO","node":0,"msg":"Sent commit vote to node 2"}
{"time":"2026-07-22 15:12:44,919","level":"INFO","node":0,"msg":"Proposal received: round=7 origin=3 hash=6b681899fa5d..."}
{"time":"2026-07-22 15:12:44,954","level":"INFO","node":0,"msg":"Consensus vote recorded: node 3 decision=True reason=zkp_ok round=7 new=True satisfied=False"}
{"time":"2026-07-22 15:12:44,972","level":"INFO","node":0,"msg":"Received update from node 3, round 7"}
{"time":"2026-07-22 15:12:54,672","level":"INFO","node":0,"msg":"ZKP ACCEPTED from node 3"}
{"time":"2026-07-22 15:12:54,675","level":"INFO","node":0,"msg":"Per-class agreement with node 3: class0=0.939 class1=0.915 gap=0.023"}
{"time":"2026-07-22 15:12:54,675","level":"INFO","node":0,"msg":"Per-class rolling gap for node 3: mean=0.023 over last 1 round(s)"}
{"time":"2026-07-22 15:12:54,677","level":"INFO","node":0,"msg":"Trust score for node 3: S=0.813 (Z=1.00 A=0.93 P=0.55 R=1.00) advisory only"}
{"time":"2026-07-22 15:12:54,724","level":"INFO","node":0,"msg":"Sent consensus vote to node 1"}
{"time":"2026-07-22 15:12:54,747","level":"INFO","node":0,"msg":"Sent consensus vote to node 2"}
{"time":"2026-07-22 15:12:54,768","level":"INFO","node":0,"msg":"Sent consensus vote to node 3"}
{"time":"2026-07-22 15:12:54,796","level":"INFO","node":0,"msg":"[FC2 DELTA NORM] node 0 round=7 — fc2 delta norm this round: 0.0514"}
{"time":"2026-07-22 15:13:00,968","level":"INFO","node":0,"msg":"Forwarded to http://127.0.0.1:8001"}
{"time":"2026-07-22 15:13:10,686","level":"INFO","node":0,"msg":"Prediction agreement with node 1 round=7: A=0.991"}
{"time":"2026-07-22 15:13:10,686","level":"INFO","node":0,"msg":"Consensus vote recorded: node 1 decision=True reason=zkp_ok round=7 new=True satisfied=True"}
{"time":"2026-07-22 15:13:26,937","level":"INFO","node":0,"msg":"Prediction agreement with node 2 round=7: A=0.950"}
{"time":"2026-07-22 15:13:26,938","level":"INFO","node":0,"msg":"Consensus vote recorded: node 2 decision=True reason=zkp_ok round=7 new=True satisfied=True"}
{"time":"2026-07-22 15:13:33,083","level":"INFO","node":0,"msg":"Synced weights from master for round 7"}
{"time":"2026-07-22 15:13:33,104","level":"INFO","node":0,"msg":"Sent commit vote to node 3"}
{"time":"2026-07-22 15:13:33,160","level":"INFO","node":0,"msg":"My turn — starting round 9 as proposer."}
{"time":"2026-07-22 15:13:33,161","level":"INFO","node":0,"msg":"Starting round 9"}
{"time":"2026-07-22 15:13:33,198","level":"INFO","node":0,"msg":"[FC2 DELTA NORM] node 0 round=8 — fc2 delta norm this round: 0.0498"}
{"time":"2026-07-22 15:13:39,448","level":"INFO","node":0,"msg":"Sent proposal to node 1"}
{"time":"2026-07-22 15:13:39,448","level":"INFO","node":0,"msg":"Sent proposal to node 2"}
{"time":"2026-07-22 15:13:39,467","level":"INFO","node":0,"msg":"Sent proposal to node 3"}
{"time":"2026-07-22 15:13:39,479","level":"INFO","node":0,"msg":"Sent consensus vote to node 1"}
{"time":"2026-07-22 15:13:39,489","level":"INFO","node":0,"msg":"Sent consensus vote to node 2"}
{"time":"2026-07-22 15:13:39,494","level":"INFO","node":0,"msg":"Sent consensus vote to node 3"}
{"time":"2026-07-22 15:13:39,503","level":"INFO","node":0,"msg":"Forwarded to http://127.0.0.1:8001"}
{"time":"2026-07-22 15:13:49,350","level":"INFO","node":0,"msg":"Consensus vote recorded: node 1 decision=True reason=zkp_ok round=8 new=True satisfied=False"}
{"time":"2026-07-22 15:14:05,358","level":"INFO","node":0,"msg":"Consensus vote recorded: node 2 decision=True reason=zkp_ok round=8 new=True satisfied=True"}
{"time":"2026-07-22 15:14:21,551","level":"INFO","node":0,"msg":"Consensus vote recorded: node 3 decision=True reason=zkp_ok round=8 new=True satisfied=True"}
{"time":"2026-07-22 15:14:27,669","level":"INFO","node":0,"msg":"Received update from node 3, round 8"}
{"time":"2026-07-22 15:14:27,669","level":"INFO","node":0,"msg":"Round 9 complete — aggregating"}
{"time":"2026-07-22 15:14:27,700","level":"WARNING","node":0,"msg":"[BACKDOOR PROBE] Round 9 SUSPICIOUS: feature=1 value=7.0 forces class=1 flip_rate=1.000 jump=0.755 (thresholds: flip>0.7, jump>0.3)"}
{"time":"2026-07-22 15:14:27,717","level":"INFO","node":0,"msg":"Commit vote recorded: node 1 decision=True round=8 satisfied=False"}
{"time":"2026-07-22 15:14:27,719","level":"INFO","node":0,"msg":"Broadcast weights to node 1"}
{"time":"2026-07-22 15:14:27,744","level":"INFO","node":0,"msg":"Commit vote recorded: node 2 decision=True round=8 satisfied=True"}
{"time":"2026-07-22 15:14:27,744","level":"INFO","node":0,"msg":"Round 9 COMMITTED — model hash agreed by [0, 1, 2]"}
{"time":"2026-07-22 15:14:27,746","level":"INFO","node":0,"msg":"Commit certificate saved to C:\Users\mousu\OneDrive\Desktop\Set A\securefedhe\dashboard\certificates\round_8.json"}
{"time":"2026-07-22 15:14:27,748","level":"INFO","node":0,"msg":"Broadcast weights to node 2"}
{"time":"2026-07-22 15:14:27,758","level":"INFO","node":0,"msg":"Commit vote recorded: node 3 decision=True round=8 satisfied=True"}
{"time":"2026-07-22 15:14:27,760","level":"INFO","node":0,"msg":"Broadcast weights to node 3"}
{"time":"2026-07-22 15:14:27,762","level":"INFO","node":0,"msg":"Checkpoint saved to C:\Users\mousu\OneDrive\Desktop\Set A\securefedhe\dashboard\model_latest.pt"}
{"time":"2026-07-22 15:14:27,762","level":"INFO","node":0,"msg":"Round 9 complete | accuracy=0.8364 | duration=54.60s"}
{"time":"2026-07-22 15:14:27,763","level":"INFO","node":0,"msg":"Round 10 belongs to node 1 — waiting for their proposal."}
{"time":"2026-07-22 15:14:27,766","level":"INFO","node":0,"msg":"Notified next proposer to node 1"}
{"time":"2026-07-22 15:14:27,768","level":"INFO","node":0,"msg":"[WATCHDOG SPAWNED] round=9 expected_proposer=1 timeout_s=600 spawned_at=15:14:27"}
{"time":"2026-07-22 15:14:34,154","level":"INFO","node":0,"msg":"Proposal received: round=9 origin=1 hash=e822dc97dbc5..."}
{"time":"2026-07-22 15:14:34,183","level":"INFO","node":0,"msg":"Consensus vote recorded: node 1 decision=True reason=zkp_ok round=9 new=True satisfied=False"}
{"time":"2026-07-22 15:14:43,931","level":"INFO","node":0,"msg":"Consensus vote recorded: node 2 decision=True reason=zkp_ok round=9 new=True satisfied=False"}
{"time":"2026-07-22 15:14:59,657","level":"INFO","node":0,"msg":"Consensus vote recorded: node 3 decision=True reason=zkp_ok round=9 new=True satisfied=True"}
{"time":"2026-07-22 15:15:06,238","level":"INFO","node":0,"msg":"Received update from node 3, round 9"}
{"time":"2026-07-22 15:15:16,228","level":"INFO","node":0,"msg":"ZKP ACCEPTED from node 3"}
{"time":"2026-07-22 15:15:16,228","level":"INFO","node":0,"msg":"fc_in col7 delta self-cosine for node 1: 0.1515 (delta_norm=0.1866)"}
{"time":"2026-07-22 15:15:16,241","level":"INFO","node":0,"msg":"Per-class agreement with node 1: class0=0.949 class1=0.940 gap=0.009"}
{"time":"2026-07-22 15:15:16,241","level":"INFO","node":0,"msg":"Per-class rolling gap for node 1: mean=0.074 over last 2 round(s)"}
{"time":"2026-07-22 15:15:16,243","level":"INFO","node":0,"msg":"Trust score for node 1: S=0.806 (Z=1.00 A=0.95 P=0.48 R=1.00) advisory only"}
{"time":"2026-07-22 15:15:16,259","level":"INFO","node":0,"msg":"Sent consensus vote to node 1"}
{"time":"2026-07-22 15:15:16,282","level":"INFO","node":0,"msg":"Sent consensus vote to node 2"}
{"time":"2026-07-22 15:15:16,293","level":"INFO","node":0,"msg":"Sent consensus vote to node 3"}
{"time":"2026-07-22 15:15:16,312","level":"INFO","node":0,"msg":"[FC2 DELTA NORM] node 0 round=9 — fc2 delta norm this round: 0.0509"}
{"time":"2026-07-22 15:15:22,465","level":"INFO","node":0,"msg":"Forwarded to http://127.0.0.1:8001"}
{"time":"2026-07-22 15:15:22,506","level":"INFO","node":0,"msg":"Synced weights from master for round 9"}
{"time":"2026-07-22 15:15:22,513","level":"INFO","node":0,"msg":"Sent commit vote to node 1"}
{"time":"2026-07-22 15:15:28,917","level":"INFO","node":0,"msg":"Proposal received: round=10 origin=2 hash=c7a705f78c0c..."}
{"time":"2026-07-22 15:15:28,959","level":"INFO","node":0,"msg":"Consensus vote recorded: node 2 decision=True reason=zkp_ok round=10 new=True satisfied=False"}
{"time":"2026-07-22 15:15:38,799","level":"INFO","node":0,"msg":"Consensus vote recorded: node 3 decision=True reason=zkp_ok round=10 new=True satisfied=False"}
{"time":"2026-07-22 15:15:45,021","level":"INFO","node":0,"msg":"Received update from node 3, round 10"}
{"time":"2026-07-22 15:15:54,690","level":"INFO","node":0,"msg":"ZKP ACCEPTED from node 3"}
{"time":"2026-07-22 15:15:54,690","level":"INFO","node":0,"msg":"fc_in col7 delta self-cosine for node 2: 0.1154 (delta_norm=0.2079)"}
{"time":"2026-07-22 15:15:54,710","level":"INFO","node":0,"msg":"Per-class agreement with node 2: class0=0.967 class1=0.926 gap=0.041"}
{"time":"2026-07-22 15:15:54,710","level":"INFO","node":0,"msg":"Per-class rolling gap for node 2: mean=0.038 over last 2 round(s)"}
{"time":"2026-07-22 15:15:54,713","level":"INFO","node":0,"msg":"Trust score for node 2: S=0.833 (Z=1.00 A=0.95 P=0.55 R=1.00) advisory only"}
{"time":"2026-07-22 15:15:54,727","level":"INFO","node":0,"msg":"Sent consensus vote to node 1"}
{"time":"2026-07-22 15:15:54,741","level":"INFO","node":0,"msg":"Sent consensus vote to node 2"}
{"time":"2026-07-22 15:15:54,753","level":"INFO","node":0,"msg":"Sent consensus vote to node 3"}
{"time":"2026-07-22 15:15:54,776","level":"INFO","node":0,"msg":"[FC2 DELTA NORM] node 0 round=10 — fc2 delta norm this round: 0.0480"}
{"time":"2026-07-22 15:16:00,874","level":"INFO","node":0,"msg":"Forwarded to http://127.0.0.1:8001"}
{"time":"2026-07-22 15:16:10,777","level":"INFO","node":0,"msg":"Prediction agreement with node 1 round=10: A=0.995"}
{"time":"2026-07-22 15:16:10,778","level":"INFO","node":0,"msg":"Consensus vote recorded: node 1 decision=True reason=zkp_ok round=10 new=True satisfied=True"}
{"time":"2026-07-22 15:16:17,020","level":"INFO","node":0,"msg":"Synced weights from master for round 10"}
{"time":"2026-07-22 15:16:17,042","level":"INFO","node":0,"msg":"Sent commit vote to node 2"}
{"time":"2026-07-22 15:16:23,370","level":"INFO","node":0,"msg":"Proposal received: round=11 origin=3 hash=f3fb00a27bb6..."}
{"time":"2026-07-22 15:16:23,393","level":"INFO","node":0,"msg":"Consensus vote recorded: node 3 decision=True reason=zkp_ok round=11 new=True satisfied=False"}
{"time":"2026-07-22 15:16:23,413","level":"INFO","node":0,"msg":"Received update from node 3, round 11"}
{"time":"2026-07-22 15:16:33,223","level":"INFO","node":0,"msg":"ZKP ACCEPTED from node 3"}
{"time":"2026-07-22 15:16:33,223","level":"INFO","node":0,"msg":"fc_in col7 delta self-cosine for node 3: -0.0108 (delta_norm=0.2473)"}
{"time":"2026-07-22 15:16:33,239","level":"INFO","node":0,"msg":"Per-class agreement with node 3: class0=0.953 class1=0.931 gap=0.022"}
{"time":"2026-07-22 15:16:33,239","level":"INFO","node":0,"msg":"Per-class rolling gap for node 3: mean=0.023 over last 2 round(s)"}
{"time":"2026-07-22 15:16:33,247","level":"INFO","node":0,"msg":"Trust score for node 3: S=0.811 (Z=1.00 A=0.95 P=0.50 R=1.00) advisory only"}
{"time":"2026-07-22 15:16:33,261","level":"INFO","node":0,"msg":"Sent consensus vote to node 1"}
{"time":"2026-07-22 15:16:33,274","level":"INFO","node":0,"msg":"Sent consensus vote to node 2"}
{"time":"2026-07-22 15:16:33,286","level":"INFO","node":0,"msg":"Sent consensus vote to node 3"}
{"time":"2026-07-22 15:16:33,308","level":"INFO","node":0,"msg":"[FC2 DELTA NORM] node 0 round=11 — fc2 delta norm this round: 0.0498"}
{"time":"2026-07-22 15:16:39,459","level":"INFO","node":0,"msg":"Forwarded to http://127.0.0.1:8001"}
{"time":"2026-07-22 15:16:49,512","level":"INFO","node":0,"msg":"Prediction agreement with node 1 round=11: A=0.989"}
{"time":"2026-07-22 15:16:49,512","level":"INFO","node":0,"msg":"Consensus vote recorded: node 1 decision=True reason=zkp_ok round=11 new=True satisfied=True"}
{"time":"2026-07-22 15:17:05,643","level":"INFO","node":0,"msg":"Prediction agreement with node 2 round=11: A=0.945"}
{"time":"2026-07-22 15:17:05,643","level":"INFO","node":0,"msg":"Consensus vote recorded: node 2 decision=True reason=zkp_ok round=11 new=True satisfied=True"}
{"time":"2026-07-22 15:17:11,916","level":"INFO","node":0,"msg":"Synced weights from master for round 11"}
{"time":"2026-07-22 15:17:11,921","level":"INFO","node":0,"msg":"Sent commit vote to node 3"}
{"time":"2026-07-22 15:17:11,982","level":"INFO","node":0,"msg":"My turn — starting round 13 as proposer."}
{"time":"2026-07-22 15:17:11,984","level":"INFO","node":0,"msg":"Starting round 13"}
{"time":"2026-07-22 15:17:12,006","level":"INFO","node":0,"msg":"[FC2 DELTA NORM] node 0 round=12 — fc2 delta norm this round: 0.0526"}
{"time":"2026-07-22 15:17:18,222","level":"INFO","node":0,"msg":"Sent proposal to node 1"}
{"time":"2026-07-22 15:17:18,240","level":"INFO","node":0,"msg":"Sent proposal to node 2"}
{"time":"2026-07-22 15:17:18,245","level":"INFO","node":0,"msg":"Sent proposal to node 3"}
{"time":"2026-07-22 15:17:18,256","level":"INFO","node":0,"msg":"Sent consensus vote to node 1"}
{"time":"2026-07-22 15:17:18,267","level":"INFO","node":0,"msg":"Sent consensus vote to node 2"}
{"time":"2026-07-22 15:17:18,277","level":"INFO","node":0,"msg":"Sent consensus vote to node 3"}
{"time":"2026-07-22 15:17:18,287","level":"INFO","node":0,"msg":"Forwarded to http://127.0.0.1:8001"}
{"time":"2026-07-22 15:17:28,085","level":"INFO","node":0,"msg":"Consensus vote recorded: node 1 decision=True reason=zkp_ok round=12 new=True satisfied=False"}
{"time":"2026-07-22 15:17:44,008","level":"INFO","node":0,"msg":"Consensus vote recorded: node 2 decision=True reason=zkp_ok round=12 new=True satisfied=True"}
{"time":"2026-07-22 15:17:59,982","level":"INFO","node":0,"msg":"Consensus vote recorded: node 3 decision=True reason=zkp_ok round=12 new=True satisfied=True"}
{"time":"2026-07-22 15:18:06,255","level":"INFO","node":0,"msg":"Received update from node 3, round 12"}
{"time":"2026-07-22 15:18:06,255","level":"INFO","node":0,"msg":"Round 13 complete — aggregating"}
{"time":"2026-07-22 15:18:06,292","level":"WARNING","node":0,"msg":"[BACKDOOR PROBE] Round 13 SUSPICIOUS: feature=1 value=8.0 forces class=1 flip_rate=1.000 jump=0.764 (thresholds: flip>0.7, jump>0.3)"}
{"time":"2026-07-22 15:18:06,353","level":"INFO","node":0,"msg":"Commit vote recorded: node 1 decision=True round=12 satisfied=False"}
{"time":"2026-07-22 15:18:06,353","level":"INFO","node":0,"msg":"Broadcast weights to node 1"}
{"time":"2026-07-22 15:18:06,379","level":"INFO","node":0,"msg":"Commit vote recorded: node 2 decision=True round=12 satisfied=True"}
{"time":"2026-07-22 15:18:06,380","level":"INFO","node":0,"msg":"Round 13 COMMITTED — model hash agreed by [0, 1, 2]"}
{"time":"2026-07-22 15:18:06,381","level":"INFO","node":0,"msg":"Commit certificate saved to C:\Users\mousu\OneDrive\Desktop\Set A\securefedhe\dashboard\certificates\round_12.json"}
{"time":"2026-07-22 15:18:06,384","level":"INFO","node":0,"msg":"Broadcast weights to node 2"}
{"time":"2026-07-22 15:18:06,398","level":"INFO","node":0,"msg":"Commit vote recorded: node 3 decision=True round=12 satisfied=True"}
{"time":"2026-07-22 15:18:06,400","level":"INFO","node":0,"msg":"Broadcast weights to node 3"}
{"time":"2026-07-22 15:18:06,404","level":"INFO","node":0,"msg":"Checkpoint saved to C:\Users\mousu\OneDrive\Desktop\Set A\securefedhe\dashboard\model_latest.pt"}
{"time":"2026-07-22 15:18:06,404","level":"INFO","node":0,"msg":"Round 13 complete | accuracy=0.8091 | duration=54.42s"}
{"time":"2026-07-22 15:18:06,404","level":"INFO","node":0,"msg":"Round 14 belongs to node 1 — waiting for their proposal."}
{"time":"2026-07-22 15:18:06,410","level":"INFO","node":0,"msg":"Notified next proposer to node 1"}
{"time":"2026-07-22 15:18:06,411","level":"INFO","node":0,"msg":"[WATCHDOG SPAWNED] round=13 expected_proposer=1 timeout_s=600 spawned_at=15:18:06"}
{"time":"2026-07-22 15:18:12,730","level":"INFO","node":0,"msg":"Proposal received: round=13 origin=1 hash=fec5791fc90d..."}
{"time":"2026-07-22 15:18:12,757","level":"INFO","node":0,"msg":"Consensus vote recorded: node 1 decision=True reason=zkp_ok round=13 new=True satisfied=False"}
{"time":"2026-07-22 15:18:22,591","level":"INFO","node":0,"msg":"Consensus vote recorded: node 2 decision=True reason=zkp_ok round=13 new=True satisfied=False"}
{"time":"2026-07-22 15:18:38,605","level":"INFO","node":0,"msg":"Consensus vote recorded: node 3 decision=True reason=zkp_ok round=13 new=True satisfied=True"}
{"time":"2026-07-22 15:18:44,834","level":"INFO","node":0,"msg":"Received update from node 3, round 13"}
{"time":"2026-07-22 15:18:54,557","level":"INFO","node":0,"msg":"ZKP ACCEPTED from node 3"}
{"time":"2026-07-22 15:18:54,557","level":"INFO","node":0,"msg":"fc_in col7 delta self-cosine for node 1: 0.0780 (delta_norm=0.1606)"}
{"time":"2026-07-22 15:18:54,575","level":"INFO","node":0,"msg":"Per-class agreement with node 1: class0=0.973 class1=0.945 gap=0.028"}
{"time":"2026-07-22 15:18:54,575","level":"INFO","node":0,"msg":"Per-class rolling gap for node 1: mean=0.058 over last 3 round(s)"}
{"time":"2026-07-22 15:18:54,578","level":"INFO","node":0,"msg":"Trust score for node 1: S=0.831 (Z=1.00 A=0.96 P=0.52 R=1.00) advisory only"}
{"time":"2026-07-22 15:18:54,593","level":"INFO","node":0,"msg":"Sent consensus vote to node 1"}
{"time":"2026-07-22 15:18:54,606","level":"INFO","node":0,"msg":"Sent consensus vote to node 2"}
{"time":"2026-07-22 15:18:54,618","level":"INFO","node":0,"msg":"Sent consensus vote to node 3"}
{"time":"2026-07-22 15:18:54,643","level":"INFO","node":0,"msg":"[FC2 DELTA NORM] node 0 round=13 — fc2 delta norm this round: 0.0495"}
{"time":"2026-07-22 15:19:00,754","level":"INFO","node":0,"msg":"Forwarded to http://127.0.0.1:8001"}
{"time":"2026-07-22 15:19:00,812","level":"INFO","node":0,"msg":"Synced weights from master for round 13"}
{"time":"2026-07-22 15:19:00,820","level":"INFO","node":0,"msg":"Sent commit vote to node 1"}
{"time":"2026-07-22 15:19:07,160","level":"INFO","node":0,"msg":"Proposal received: round=14 origin=2 hash=3cb326c98efd..."}
{"time":"2026-07-22 15:19:07,206","level":"INFO","node":0,"msg":"Consensus vote recorded: node 2 decision=True reason=zkp_ok round=14 new=True satisfied=False"}
{"time":"2026-07-22 15:19:16,909","level":"INFO","node":0,"msg":"Consensus vote recorded: node 3 decision=True reason=zkp_ok round=14 new=True satisfied=False"}
{"time":"2026-07-22 15:19:23,125","level":"INFO","node":0,"msg":"Received update from node 3, round 14"}
{"time":"2026-07-22 15:19:32,865","level":"INFO","node":0,"msg":"ZKP ACCEPTED from node 3"}
{"time":"2026-07-22 15:19:32,865","level":"INFO","node":0,"msg":"fc_in col7 delta self-cosine for node 2: -0.1640 (delta_norm=0.1762)"}
{"time":"2026-07-22 15:19:32,878","level":"INFO","node":0,"msg":"Per-class agreement with node 2: class0=0.972 class1=0.965 gap=0.007"}
{"time":"2026-07-22 15:19:32,878","level":"INFO","node":0,"msg":"Per-class rolling gap for node 2: mean=0.027 over last 3 round(s)"}
{"time":"2026-07-22 15:19:32,882","level":"INFO","node":0,"msg":"Trust score for node 2: S=0.867 (Z=1.00 A=0.97 P=0.63 R=1.00) advisory only"}
{"time":"2026-07-22 15:19:32,911","level":"INFO","node":0,"msg":"Sent consensus vote to node 1"}
{"time":"2026-07-22 15:19:32,914","level":"INFO","node":0,"msg":"Sent consensus vote to node 2"}
{"time":"2026-07-22 15:19:32,931","level":"INFO","node":0,"msg":"Sent consensus vote to node 3"}
{"time":"2026-07-22 15:19:32,955","level":"INFO","node":0,"msg":"[FC2 DELTA NORM] node 0 round=14 — fc2 delta norm this round: 0.0535"}
{"time":"2026-07-22 15:19:39,009","level":"INFO","node":0,"msg":"Forwarded to http://127.0.0.1:8001"}
{"time":"2026-07-22 15:19:48,763","level":"INFO","node":0,"msg":"Prediction agreement with node 1 round=14: A=0.992"}
{"time":"2026-07-22 15:19:48,764","level":"INFO","node":0,"msg":"Consensus vote recorded: node 1 decision=True reason=zkp_ok round=14 new=True satisfied=True"}
{"time":"2026-07-22 15:19:55,153","level":"INFO","node":0,"msg":"Synced weights from master for round 14"}
{"time":"2026-07-22 15:19:55,175","level":"INFO","node":0,"msg":"Sent commit vote to node 2"}
{"time":"2026-07-22 15:20:01,578","level":"INFO","node":0,"msg":"Proposal received: round=15 origin=3 hash=d3b4b19e1220..."}
{"time":"2026-07-22 15:20:01,614","level":"INFO","node":0,"msg":"Consensus vote recorded: node 3 decision=True reason=zkp_ok round=15 new=True satisfied=False"}
{"time":"2026-07-22 15:20:01,628","level":"INFO","node":0,"msg":"Received update from node 3, round 15"}
{"time":"2026-07-22 15:20:11,422","level":"INFO","node":0,"msg":"ZKP ACCEPTED from node 3"}
{"time":"2026-07-22 15:20:11,422","level":"INFO","node":0,"msg":"fc_in col7 delta self-cosine for node 3: -0.1063 (delta_norm=0.2195)"}
{"time":"2026-07-22 15:20:11,425","level":"INFO","node":0,"msg":"Per-class agreement with node 3: class0=0.965 class1=0.959 gap=0.007"}
{"time":"2026-07-22 15:20:11,425","level":"INFO","node":0,"msg":"Per-class rolling gap for node 3: mean=0.017 over last 3 round(s)"}
{"time":"2026-07-22 15:20:11,427","level":"INFO","node":0,"msg":"Trust score for node 3: S=0.851 (Z=1.00 A=0.96 P=0.59 R=1.00) advisory only"}
{"time":"2026-07-22 15:20:11,447","level":"INFO","node":0,"msg":"Sent consensus vote to node 1"}
{"time":"2026-07-22 15:20:11,471","level":"INFO","node":0,"msg":"Sent consensus vote to node 2"}
{"time":"2026-07-22 15:20:11,507","level":"INFO","node":0,"msg":"Sent consensus vote to node 3"}
{"time":"2026-07-22 15:20:11,529","level":"INFO","node":0,"msg":"[FC2 DELTA NORM] node 0 round=15 — fc2 delta norm this round: 0.0515"}
{"time":"2026-07-22 15:20:17,714","level":"INFO","node":0,"msg":"Forwarded to http://127.0.0.1:8001"}
{"time":"2026-07-22 15:20:27,518","level":"INFO","node":0,"msg":"Prediction agreement with node 1 round=15: A=0.985"}
{"time":"2026-07-22 15:20:27,519","level":"INFO","node":0,"msg":"Consensus vote recorded: node 1 decision=True reason=zkp_ok round=15 new=True satisfied=True"}
{"time":"2026-07-22 15:20:43,431","level":"INFO","node":0,"msg":"Prediction agreement with node 2 round=15: A=0.934"}
{"time":"2026-07-22 15:20:43,431","level":"INFO","node":0,"msg":"Consensus vote recorded: node 2 decision=True reason=zkp_ok round=15 new=True satisfied=True"}
{"time":"2026-07-22 15:20:49,663","level":"INFO","node":0,"msg":"Synced weights from master for round 15"}
{"time":"2026-07-22 15:20:49,671","level":"INFO","node":0,"msg":"Sent commit vote to node 3"}
{"time":"2026-07-22 15:20:49,753","level":"INFO","node":0,"msg":"My turn — starting round 17 as proposer."}
{"time":"2026-07-22 15:20:49,754","level":"INFO","node":0,"msg":"Starting round 17"}
{"time":"2026-07-22 15:20:49,778","level":"INFO","node":0,"msg":"[FC2 DELTA NORM] node 0 round=16 — fc2 delta norm this round: 0.0511"}
{"time":"2026-07-22 15:20:56,004","level":"INFO","node":0,"msg":"Sent proposal to node 1"}
{"time":"2026-07-22 15:20:56,004","level":"INFO","node":0,"msg":"Sent proposal to node 2"}
{"time":"2026-07-22 15:20:56,012","level":"INFO","node":0,"msg":"Sent proposal to node 3"}
{"time":"2026-07-22 15:20:56,016","level":"INFO","node":0,"msg":"Sent consensus vote to node 1"}
{"time":"2026-07-22 15:20:56,019","level":"INFO","node":0,"msg":"Sent consensus vote to node 2"}
{"time":"2026-07-22 15:20:56,024","level":"INFO","node":0,"msg":"Sent consensus vote to node 3"}
{"time":"2026-07-22 15:20:56,035","level":"INFO","node":0,"msg":"Forwarded to http://127.0.0.1:8001"}
{"time":"2026-07-22 15:21:05,779","level":"INFO","node":0,"msg":"Consensus vote recorded: node 1 decision=True reason=zkp_ok round=16 new=True satisfied=False"}
{"time":"2026-07-22 15:21:21,797","level":"INFO","node":0,"msg":"Consensus vote recorded: node 2 decision=False reason=per_class_agreement_gap round=16 new=True satisfied=False"}
{"time":"2026-07-22 15:21:37,830","level":"INFO","node":0,"msg":"Consensus vote recorded: node 3 decision=True reason=zkp_ok round=16 new=True satisfied=True"}
{"time":"2026-07-22 15:21:43,974","level":"INFO","node":0,"msg":"Received update from node 3, round 16"}
{"time":"2026-07-22 15:21:43,974","level":"INFO","node":0,"msg":"Round 17 complete — aggregating"}
{"time":"2026-07-22 15:21:44,009","level":"WARNING","node":0,"msg":"[BACKDOOR PROBE] Round 17 SUSPICIOUS: feature=5 value=6.0 forces class=1 flip_rate=1.000 jump=0.727 (thresholds: flip>0.7, jump>0.3)"}
{"time":"2026-07-22 15:21:44,028","level":"INFO","node":0,"msg":"Commit vote recorded: node 1 decision=True round=16 satisfied=False"}
{"time":"2026-07-22 15:21:44,031","level":"INFO","node":0,"msg":"Broadcast weights to node 1"}
{"time":"2026-07-22 15:21:44,070","level":"INFO","node":0,"msg":"Commit vote recorded: node 2 decision=True round=16 satisfied=True"}
{"time":"2026-07-22 15:21:44,071","level":"INFO","node":0,"msg":"Round 17 COMMITTED — model hash agreed by [0, 1, 2]"}
{"time":"2026-07-22 15:21:44,072","level":"INFO","node":0,"msg":"Commit certificate saved to C:\Users\mousu\OneDrive\Desktop\Set A\securefedhe\dashboard\certificates\round_16.json"}
{"time":"2026-07-22 15:21:44,074","level":"INFO","node":0,"msg":"Broadcast weights to node 2"}
{"time":"2026-07-22 15:21:44,097","level":"INFO","node":0,"msg":"Commit vote recorded: node 3 decision=True round=16 satisfied=True"}
{"time":"2026-07-22 15:21:44,099","level":"INFO","node":0,"msg":"Broadcast weights to node 3"}
{"time":"2026-07-22 15:21:44,101","level":"INFO","node":0,"msg":"Checkpoint saved to C:\Users\mousu\OneDrive\Desktop\Set A\securefedhe\dashboard\model_latest.pt"}
{"time":"2026-07-22 15:21:44,101","level":"INFO","node":0,"msg":"Round 17 complete | accuracy=0.8455 | duration=54.35s"}
{"time":"2026-07-22 15:21:44,101","level":"INFO","node":0,"msg":"Round 18 belongs to node 1 — waiting for their proposal."}
{"time":"2026-07-22 15:21:44,106","level":"INFO","node":0,"msg":"Notified next proposer to node 1"}
{"time":"2026-07-22 15:21:44,107","level":"INFO","node":0,"msg":"[WATCHDOG SPAWNED] round=17 expected_proposer=1 timeout_s=600 spawned_at=15:21:44"}
{"time":"2026-07-22 15:21:50,440","level":"INFO","node":0,"msg":"Proposal received: round=17 origin=1 hash=86d26f291874..."}
{"time":"2026-07-22 15:21:50,452","level":"INFO","node":0,"msg":"Consensus vote recorded: node 1 decision=True reason=zkp_ok round=17 new=True satisfied=False"}
{"time":"2026-07-22 15:22:00,202","level":"INFO","node":0,"msg":"Consensus vote recorded: node 2 decision=True reason=zkp_ok round=17 new=True satisfied=False"}
{"time":"2026-07-22 15:22:15,944","level":"INFO","node":0,"msg":"Consensus vote recorded: node 3 decision=True reason=zkp_ok round=17 new=True satisfied=True"}
{"time":"2026-07-22 15:22:22,206","level":"INFO","node":0,"msg":"Received update from node 3, round 17"}
{"time":"2026-07-22 15:22:31,846","level":"INFO","node":0,"msg":"ZKP ACCEPTED from node 3"}
{"time":"2026-07-22 15:22:31,846","level":"INFO","node":0,"msg":"fc_in col7 delta self-cosine for node 1: 0.1315 (delta_norm=0.1776)"}
{"time":"2026-07-22 15:22:31,864","level":"INFO","node":0,"msg":"Per-class agreement with node 1: class0=0.974 class1=0.947 gap=0.026"}
{"time":"2026-07-22 15:22:31,864","level":"INFO","node":0,"msg":"Per-class rolling gap for node 1: mean=0.050 over last 4 round(s)"}
{"time":"2026-07-22 15:22:31,866","level":"INFO","node":0,"msg":"Trust score for node 1: S=0.837 (Z=1.00 A=0.97 P=0.54 R=1.00) advisory only"}
{"time":"2026-07-22 15:22:31,896","level":"INFO","node":0,"msg":"Sent consensus vote to node 1"}
{"time":"2026-07-22 15:22:31,933","level":"INFO","node":0,"msg":"Sent consensus vote to node 2"}
{"time":"2026-07-22 15:22:31,957","level":"INFO","node":0,"msg":"Sent consensus vote to node 3"}
{"time":"2026-07-22 15:22:31,974","level":"INFO","node":0,"msg":"[FC2 DELTA NORM] node 0 round=17 — fc2 delta norm this round: 0.0503"}
{"time":"2026-07-22 15:22:38,080","level":"INFO","node":0,"msg":"Forwarded to http://127.0.0.1:8001"}
{"time":"2026-07-22 15:22:38,130","level":"INFO","node":0,"msg":"Synced weights from master for round 17"}
{"time":"2026-07-22 15:22:38,137","level":"INFO","node":0,"msg":"Sent commit vote to node 1"}
{"time":"2026-07-22 15:22:44,495","level":"INFO","node":0,"msg":"Proposal received: round=18 origin=2 hash=df5fd81ec917..."}
{"time":"2026-07-22 15:22:44,556","level":"INFO","node":0,"msg":"Consensus vote recorded: node 2 decision=True reason=zkp_ok round=18 new=True satisfied=False"}
{"time":"2026-07-22 15:22:54,305","level":"INFO","node":0,"msg":"Consensus vote recorded: node 3 decision=True reason=zkp_ok round=18 new=True satisfied=False"}
{"time":"2026-07-22 15:23:00,538","level":"INFO","node":0,"msg":"Received update from node 3, round 18"}
{"time":"2026-07-22 15:23:10,292","level":"INFO","node":0,"msg":"ZKP ACCEPTED from node 3"}
{"time":"2026-07-22 15:23:10,292","level":"INFO","node":0,"msg":"fc_in col7 delta self-cosine for node 2: 0.1268 (delta_norm=0.1749)"}
{"time":"2026-07-22 15:23:10,308","level":"INFO","node":0,"msg":"Per-class agreement with node 2: class0=0.971 class1=0.954 gap=0.017"}
{"time":"2026-07-22 15:23:10,308","level":"INFO","node":0,"msg":"Per-class rolling gap for node 2: mean=0.025 over last 4 round(s)"}
{"time":"2026-07-22 15:23:10,308","level":"INFO","node":0,"msg":"Trust score for node 2: S=0.833 (Z=1.00 A=0.97 P=0.52 R=1.00) advisory only"}
{"time":"2026-07-22 15:23:10,324","level":"INFO","node":0,"msg":"Sent consensus vote to node 1"}
{"time":"2026-07-22 15:23:10,345","level":"INFO","node":0,"msg":"Sent consensus vote to node 2"}
{"time":"2026-07-22 15:23:10,356","level":"INFO","node":0,"msg":"Sent consensus vote to node 3"}
{"time":"2026-07-22 15:23:10,380","level":"INFO","node":0,"msg":"[FC2 DELTA NORM] node 0 round=18 — fc2 delta norm this round: 0.0522"}
{"time":"2026-07-22 15:23:16,520","level":"INFO","node":0,"msg":"Forwarded to http://127.0.0.1:8001"}
{"time":"2026-07-22 15:23:26,283","level":"INFO","node":0,"msg":"Prediction agreement with node 1 round=18: A=0.996"}
{"time":"2026-07-22 15:23:26,283","level":"INFO","node":0,"msg":"Consensus vote recorded: node 1 decision=True reason=zkp_ok round=18 new=True satisfied=True"}
{"time":"2026-07-22 15:23:32,674","level":"INFO","node":0,"msg":"Synced weights from master for round 18"}
{"time":"2026-07-22 15:23:32,693","level":"INFO","node":0,"msg":"Sent commit vote to node 2"}
{"time":"2026-07-22 15:23:38,962","level":"INFO","node":0,"msg":"Proposal received: round=19 origin=3 hash=b7ef3b922e19..."}
{"time":"2026-07-22 15:23:38,991","level":"INFO","node":0,"msg":"Consensus vote recorded: node 3 decision=True reason=zkp_ok round=19 new=True satisfied=False"}
{"time":"2026-07-22 15:23:39,011","level":"INFO","node":0,"msg":"Received update from node 3, round 19"}
{"time":"2026-07-22 15:23:48,752","level":"INFO","node":0,"msg":"ZKP ACCEPTED from node 3"}
{"time":"2026-07-22 15:23:48,752","level":"INFO","node":0,"msg":"fc_in col7 delta self-cosine for node 3: -0.2103 (delta_norm=0.2362)"}
{"time":"2026-07-22 15:23:48,756","level":"INFO","node":0,"msg":"Per-class agreement with node 3: class0=0.973 class1=0.943 gap=0.030"}
{"time":"2026-07-22 15:23:48,756","level":"INFO","node":0,"msg":"Per-class rolling gap for node 3: mean=0.021 over last 4 round(s)"}
{"time":"2026-07-22 15:23:48,756","level":"INFO","node":0,"msg":"Trust score for node 3: S=0.836 (Z=1.00 A=0.96 P=0.54 R=1.00) advisory only"}
{"time":"2026-07-22 15:23:48,780","level":"INFO","node":0,"msg":"Sent consensus vote to node 1"}
{"time":"2026-07-22 15:23:48,809","level":"INFO","node":0,"msg":"Sent consensus vote to node 2"}
{"time":"2026-07-22 15:23:48,822","level":"INFO","node":0,"msg":"Sent consensus vote to node 3"}
{"time":"2026-07-22 15:23:48,839","level":"INFO","node":0,"msg":"[FC2 DELTA NORM] node 0 round=19 — fc2 delta norm this round: 0.0511"}
{"time":"2026-07-22 15:23:54,875","level":"INFO","node":0,"msg":"Forwarded to http://127.0.0.1:8001"}
{"time":"2026-07-22 15:24:04,660","level":"INFO","node":0,"msg":"Prediction agreement with node 1 round=19: A=0.987"}
{"time":"2026-07-22 15:24:04,660","level":"INFO","node":0,"msg":"Consensus vote recorded: node 1 decision=True reason=zkp_ok round=19 new=True satisfied=True"}
{"time":"2026-07-22 15:24:20,806","level":"INFO","node":0,"msg":"Prediction agreement with node 2 round=19: A=0.930"}
{"time":"2026-07-22 15:24:20,806","level":"INFO","node":0,"msg":"Consensus vote recorded: node 2 decision=True reason=zkp_ok round=19 new=True satisfied=True"}
{"time":"2026-07-22 15:24:27,077","level":"INFO","node":0,"msg":"Synced weights from master for round 19"}
{"time":"2026-07-22 15:24:27,077","level":"INFO","node":0,"msg":"Training complete after 20 rounds"}
{"time":"2026-07-22 15:24:27,107","level":"INFO","node":0,"msg":"Sent commit vote to node 3"}
{"time":"2026-07-22 15:24:27,772","level":"INFO","node":0,"msg":"Watchdog fired but training already complete — ignoring, not excluding node 1."}
{"time":"2026-07-22 15:28:06,421","level":"INFO","node":0,"msg":"Watchdog fired but training already complete — ignoring, not excluding node 1."}
{"time":"2026-07-22 15:31:48,663","level":"INFO","node":0,"msg":"Starting node 0: City General Hospital"}
{"time":"2026-07-22 15:31:48,664","level":"INFO","node":0,"msg":"[CONFIG DEBUG] attack_simulation loaded: enabled=True target_node=2 type=backdoor config_path=config_dev.json"}
{"time":"2026-07-22 15:31:48,707","level":"WARNING","node":0,"msg":"DEV MODE: running without TLS"}
{"time":"2026-07-22 15:31:48,707","level":"INFO","node":0,"msg":"Listening on 127.0.0.1:8000 | TLS=False"}
{"time":"2026-07-22 15:31:55,278","level":"INFO","node":0,"msg":"Key exchange complete with node 1"}
{"time":"2026-07-22 15:31:55,278","level":"INFO","node":0,"msg":"Consensus pubkey received from node 1"}
{"time":"2026-07-22 15:31:56,433","level":"INFO","node":0,"msg":"Consensus pubkey received from node 2"}
{"time":"2026-07-22 15:31:56,435","level":"INFO","node":0,"msg":"Key exchange complete with node 2"}
{"time":"2026-07-22 15:31:57,247","level":"INFO","node":0,"msg":"Consensus pubkey received from node 3"}
{"time":"2026-07-22 15:31:57,247","level":"INFO","node":0,"msg":"Key exchange complete with node 3"}
{"time":"2026-07-22 15:32:06,473","level":"INFO","node":0,"msg":"Sent public key to node 1"}
{"time":"2026-07-22 15:32:06,494","level":"INFO","node":0,"msg":"Sent public key to node 2"}
{"time":"2026-07-22 15:32:06,509","level":"INFO","node":0,"msg":"Sent public key to node 3"}
{"time":"2026-07-22 15:32:06,515","level":"INFO","node":0,"msg":"Sent consensus pubkey to node 1"}
{"time":"2026-07-22 15:32:06,522","level":"INFO","node":0,"msg":"Sent consensus pubkey to node 2"}
{"time":"2026-07-22 15:32:06,530","level":"INFO","node":0,"msg":"Sent consensus pubkey to node 3"}
{"time":"2026-07-22 15:32:06,530","level":"INFO","node":0,"msg":"This node is round 1's proposer — starting."}
{"time":"2026-07-22 15:32:06,534","level":"INFO","node":0,"msg":"Starting round 1"}
{"time":"2026-07-22 15:32:07,738","level":"INFO","node":0,"msg":"[FC2 DELTA NORM] node 0 round=0 — fc2 delta norm this round: 0.0483"}
{"time":"2026-07-22 15:32:07,738","level":"WARNING","node":0,"msg":"ZKP norm violation (clipping applied): slack=-118994, retry=0"}
{"time":"2026-07-22 15:32:13,597","level":"INFO","node":0,"msg":"Sent proposal to node 1"}
{"time":"2026-07-22 15:32:13,617","level":"INFO","node":0,"msg":"Sent proposal to node 2"}
{"time":"2026-07-22 15:32:13,634","level":"INFO","node":0,"msg":"Sent proposal to node 3"}
{"time":"2026-07-22 15:32:13,655","level":"INFO","node":0,"msg":"Sent consensus vote to node 1"}
{"time":"2026-07-22 15:32:13,665","level":"INFO","node":0,"msg":"Sent consensus vote to node 2"}
{"time":"2026-07-22 15:32:13,675","level":"INFO","node":0,"msg":"Sent consensus vote to node 3"}
{"time":"2026-07-22 15:32:13,686","level":"INFO","node":0,"msg":"Forwarded to http://127.0.0.1:8001"}
{"time":"2026-07-22 15:32:23,349","level":"INFO","node":0,"msg":"Consensus vote recorded: node 1 decision=True reason=zkp_ok round=0 new=True satisfied=False"}
{"time":"2026-07-22 15:32:40,330","level":"INFO","node":0,"msg":"Consensus vote recorded: node 2 decision=True reason=zkp_ok round=0 new=True satisfied=True"}
{"time":"2026-07-22 15:32:57,142","level":"INFO","node":0,"msg":"Consensus vote recorded: node 3 decision=True reason=zkp_ok round=0 new=True satisfied=True"}
{"time":"2026-07-22 15:33:04,327","level":"INFO","node":0,"msg":"Received update from node 3, round 0"}
{"time":"2026-07-22 15:33:04,327","level":"INFO","node":0,"msg":"Round 1 complete — aggregating"}
{"time":"2026-07-22 15:33:04,327","level":"INFO","node":0,"msg":"Round 1 accuracy gate skipped (warm-up period, candidate_acc=0.5182)"}
{"time":"2026-07-22 15:33:04,399","level":"INFO","node":0,"msg":"Commit vote recorded: node 1 decision=True round=0 satisfied=False"}
{"time":"2026-07-22 15:33:04,401","level":"INFO","node":0,"msg":"Broadcast weights to node 1"}
{"time":"2026-07-22 15:33:04,458","level":"INFO","node":0,"msg":"Commit vote recorded: node 2 decision=True round=0 satisfied=True"}
{"time":"2026-07-22 15:33:04,458","level":"INFO","node":0,"msg":"Round 1 COMMITTED — model hash agreed by [0, 1, 2]"}
{"time":"2026-07-22 15:33:04,458","level":"INFO","node":0,"msg":"Commit certificate saved to C:\Users\mousu\OneDrive\Desktop\Set A\securefedhe\dashboard\certificates\round_0.json"}
{"time":"2026-07-22 15:33:04,458","level":"INFO","node":0,"msg":"Broadcast weights to node 2"}
{"time":"2026-07-22 15:33:04,486","level":"INFO","node":0,"msg":"Commit vote recorded: node 3 decision=True round=0 satisfied=True"}
{"time":"2026-07-22 15:33:04,489","level":"INFO","node":0,"msg":"Broadcast weights to node 3"}
{"time":"2026-07-22 15:33:04,499","level":"INFO","node":0,"msg":"Checkpoint saved to C:\Users\mousu\OneDrive\Desktop\Set A\securefedhe\dashboard\model_latest.pt"}
{"time":"2026-07-22 15:33:04,499","level":"INFO","node":0,"msg":"Round 1 complete | accuracy=0.5182 | duration=57.96s"}
{"time":"2026-07-22 15:33:04,499","level":"INFO","node":0,"msg":"Round 2 belongs to node 1 — waiting for their proposal."}
{"time":"2026-07-22 15:33:04,506","level":"INFO","node":0,"msg":"Notified next proposer to node 1"}
{"time":"2026-07-22 15:33:04,507","level":"INFO","node":0,"msg":"[WATCHDOG SPAWNED] round=1 expected_proposer=1 timeout_s=600 spawned_at=15:33:04"}
{"time":"2026-07-22 15:33:10,805","level":"INFO","node":0,"msg":"Proposal received: round=1 origin=1 hash=d579161ddfa1..."}
{"time":"2026-07-22 15:33:10,831","level":"INFO","node":0,"msg":"Consensus vote recorded: node 1 decision=True reason=zkp_ok round=1 new=True satisfied=False"}
{"time":"2026-07-22 15:33:20,709","level":"INFO","node":0,"msg":"Consensus vote recorded: node 2 decision=True reason=zkp_ok round=1 new=True satisfied=False"}
{"time":"2026-07-22 15:33:36,646","level":"INFO","node":0,"msg":"Consensus vote recorded: node 3 decision=True reason=zkp_ok round=1 new=True satisfied=True"}
{"time":"2026-07-22 15:33:42,711","level":"INFO","node":0,"msg":"Received update from node 3, round 1"}
{"time":"2026-07-22 15:33:52,474","level":"INFO","node":0,"msg":"ZKP ACCEPTED from node 3"}
{"time":"2026-07-22 15:33:52,490","level":"INFO","node":0,"msg":"Trust score for node 1: S=0.500 (Z=1.00 A=0.50 P=1.00 R=1.00) advisory only"}
{"time":"2026-07-22 15:33:52,502","level":"INFO","node":0,"msg":"Sent consensus vote to node 1"}
{"time":"2026-07-22 15:33:52,525","level":"INFO","node":0,"msg":"Sent consensus vote to node 2"}
{"time":"2026-07-22 15:33:52,535","level":"INFO","node":0,"msg":"Sent consensus vote to node 3"}
{"time":"2026-07-22 15:33:52,556","level":"INFO","node":0,"msg":"[FC2 DELTA NORM] node 0 round=1 — fc2 delta norm this round: 0.0424"}
{"time":"2026-07-22 15:33:58,460","level":"INFO","node":0,"msg":"Forwarded to http://127.0.0.1:8001"}
{"time":"2026-07-22 15:33:58,477","level":"INFO","node":0,"msg":"Synced weights from master for round 1"}
{"time":"2026-07-22 15:33:58,486","level":"INFO","node":0,"msg":"Sent commit vote to node 1"}
{"time":"2026-07-22 15:34:04,750","level":"INFO","node":0,"msg":"Proposal received: round=2 origin=2 hash=abf4313eaa44..."}
{"time":"2026-07-22 15:34:04,780","level":"INFO","node":0,"msg":"Consensus vote recorded: node 2 decision=True reason=zkp_ok round=2 new=True satisfied=False"}
{"time":"2026-07-22 15:34:14,462","level":"INFO","node":0,"msg":"Consensus vote recorded: node 3 decision=True reason=zkp_ok round=2 new=True satisfied=False"}
{"time":"2026-07-22 15:34:20,530","level":"INFO","node":0,"msg":"Received update from node 3, round 2"}
{"time":"2026-07-22 15:34:30,148","level":"INFO","node":0,"msg":"ZKP ACCEPTED from node 3"}
{"time":"2026-07-22 15:34:30,153","level":"INFO","node":0,"msg":"Trust score for node 2: S=0.483 (Z=1.00 A=0.50 P=0.88 R=1.00) advisory only"}
{"time":"2026-07-22 15:34:30,167","level":"INFO","node":0,"msg":"Sent consensus vote to node 1"}
{"time":"2026-07-22 15:34:30,180","level":"INFO","node":0,"msg":"Sent consensus vote to node 2"}
{"time":"2026-07-22 15:34:30,202","level":"INFO","node":0,"msg":"Sent consensus vote to node 3"}
{"time":"2026-07-22 15:34:30,222","level":"INFO","node":0,"msg":"[FC2 DELTA NORM] node 0 round=2 — fc2 delta norm this round: 0.0441"}
{"time":"2026-07-22 15:34:36,205","level":"INFO","node":0,"msg":"Forwarded to http://127.0.0.1:8001"}
{"time":"2026-07-22 15:34:45,925","level":"INFO","node":0,"msg":"Prediction agreement with node 1 round=2: A=0.998"}
{"time":"2026-07-22 15:34:45,925","level":"INFO","node":0,"msg":"Consensus vote recorded: node 1 decision=True reason=zkp_ok round=2 new=True satisfied=True"}
{"time":"2026-07-22 15:34:52,137","level":"INFO","node":0,"msg":"Synced weights from master for round 2"}
{"time":"2026-07-22 15:34:52,155","level":"INFO","node":0,"msg":"Sent commit vote to node 2"}
{"time":"2026-07-22 15:34:58,389","level":"INFO","node":0,"msg":"Proposal received: round=3 origin=3 hash=6b48150b50b0..."}
{"time":"2026-07-22 15:34:58,433","level":"INFO","node":0,"msg":"Consensus vote recorded: node 3 decision=True reason=zkp_ok round=3 new=True satisfied=False"}
{"time":"2026-07-22 15:34:58,446","level":"INFO","node":0,"msg":"Received update from node 3, round 3"}
{"time":"2026-07-22 15:35:08,263","level":"INFO","node":0,"msg":"ZKP ACCEPTED from node 3"}
{"time":"2026-07-22 15:35:08,268","level":"INFO","node":0,"msg":"Trust score for node 3: S=0.478 (Z=1.00 A=0.50 P=0.85 R=1.00) advisory only"}
{"time":"2026-07-22 15:35:08,318","level":"INFO","node":0,"msg":"Sent consensus vote to node 1"}
{"time":"2026-07-22 15:35:08,330","level":"INFO","node":0,"msg":"Sent consensus vote to node 2"}
{"time":"2026-07-22 15:35:08,361","level":"INFO","node":0,"msg":"Sent consensus vote to node 3"}
{"time":"2026-07-22 15:35:08,367","level":"INFO","node":0,"msg":"[FC2 DELTA NORM] node 0 round=3 — fc2 delta norm this round: 0.0494"}
{"time":"2026-07-22 15:35:14,335","level":"INFO","node":0,"msg":"Forwarded to http://127.0.0.1:8001"}
{"time":"2026-07-22 15:35:24,202","level":"INFO","node":0,"msg":"Prediction agreement with node 1 round=3: A=0.994"}
{"time":"2026-07-22 15:35:24,203","level":"INFO","node":0,"msg":"Consensus vote recorded: node 1 decision=True reason=zkp_ok round=3 new=True satisfied=True"}
{"time":"2026-07-22 15:35:40,274","level":"INFO","node":0,"msg":"Prediction agreement with node 2 round=3: A=0.967"}
{"time":"2026-07-22 15:35:40,275","level":"INFO","node":0,"msg":"Consensus vote recorded: node 2 decision=True reason=zkp_ok round=3 new=True satisfied=True"}
{"time":"2026-07-22 15:35:46,522","level":"INFO","node":0,"msg":"Synced weights from master for round 3"}
{"time":"2026-07-22 15:35:46,544","level":"INFO","node":0,"msg":"Sent commit vote to node 3"}
{"time":"2026-07-22 15:35:46,598","level":"INFO","node":0,"msg":"My turn — starting round 5 as proposer."}
{"time":"2026-07-22 15:35:46,598","level":"INFO","node":0,"msg":"Starting round 5"}
{"time":"2026-07-22 15:35:46,634","level":"INFO","node":0,"msg":"[FC2 DELTA NORM] node 0 round=4 — fc2 delta norm this round: 0.0502"}
{"time":"2026-07-22 15:35:52,635","level":"INFO","node":0,"msg":"Sent proposal to node 1"}
{"time":"2026-07-22 15:35:52,638","level":"INFO","node":0,"msg":"Sent proposal to node 2"}
{"time":"2026-07-22 15:35:52,638","level":"INFO","node":0,"msg":"Sent proposal to node 3"}
{"time":"2026-07-22 15:35:52,647","level":"INFO","node":0,"msg":"Sent consensus vote to node 1"}
{"time":"2026-07-22 15:35:52,650","level":"INFO","node":0,"msg":"Sent consensus vote to node 2"}
{"time":"2026-07-22 15:35:52,653","level":"INFO","node":0,"msg":"Sent consensus vote to node 3"}
{"time":"2026-07-22 15:35:52,661","level":"INFO","node":0,"msg":"Forwarded to http://127.0.0.1:8001"}
{"time":"2026-07-22 15:36:02,592","level":"INFO","node":0,"msg":"Consensus vote recorded: node 1 decision=True reason=zkp_ok round=4 new=True satisfied=False"}
{"time":"2026-07-22 15:36:18,715","level":"INFO","node":0,"msg":"Consensus vote recorded: node 2 decision=True reason=zkp_ok round=4 new=True satisfied=True"}
{"time":"2026-07-22 15:36:34,618","level":"INFO","node":0,"msg":"Consensus vote recorded: node 3 decision=True reason=zkp_ok round=4 new=True satisfied=True"}
{"time":"2026-07-22 15:36:40,585","level":"INFO","node":0,"msg":"Received update from node 3, round 4"}
{"time":"2026-07-22 15:36:40,585","level":"INFO","node":0,"msg":"Round 5 complete — aggregating"}
{"time":"2026-07-22 15:36:40,585","level":"INFO","node":0,"msg":"Round 5 accuracy gate skipped (warm-up period, candidate_acc=0.7727)"}
{"time":"2026-07-22 15:36:40,653","level":"INFO","node":0,"msg":"Commit vote recorded: node 1 decision=True round=4 satisfied=False"}
{"time":"2026-07-22 15:36:40,657","level":"INFO","node":0,"msg":"Broadcast weights to node 1"}
{"time":"2026-07-22 15:36:40,702","level":"INFO","node":0,"msg":"Commit vote recorded: node 2 decision=True round=4 satisfied=True"}
{"time":"2026-07-22 15:36:40,702","level":"INFO","node":0,"msg":"Round 5 COMMITTED — model hash agreed by [0, 1, 2]"}
{"time":"2026-07-22 15:36:40,704","level":"INFO","node":0,"msg":"Commit certificate saved to C:\Users\mousu\OneDrive\Desktop\Set A\securefedhe\dashboard\certificates\round_4.json"}
{"time":"2026-07-22 15:36:40,704","level":"INFO","node":0,"msg":"Broadcast weights to node 2"}
{"time":"2026-07-22 15:36:40,723","level":"INFO","node":0,"msg":"Commit vote recorded: node 3 decision=True round=4 satisfied=True"}
{"time":"2026-07-22 15:36:40,730","level":"INFO","node":0,"msg":"Broadcast weights to node 3"}
{"time":"2026-07-22 15:36:40,732","level":"INFO","node":0,"msg":"Checkpoint saved to C:\Users\mousu\OneDrive\Desktop\Set A\securefedhe\dashboard\model_latest.pt"}
{"time":"2026-07-22 15:36:40,732","level":"INFO","node":0,"msg":"Round 5 complete | accuracy=0.7727 | duration=54.13s"}
{"time":"2026-07-22 15:36:40,732","level":"INFO","node":0,"msg":"Round 6 belongs to node 1 — waiting for their proposal."}
{"time":"2026-07-22 15:36:40,736","level":"INFO","node":0,"msg":"Notified next proposer to node 1"}
{"time":"2026-07-22 15:36:40,737","level":"INFO","node":0,"msg":"[WATCHDOG SPAWNED] round=5 expected_proposer=1 timeout_s=600 spawned_at=15:36:40"}
{"time":"2026-07-22 15:36:47,175","level":"INFO","node":0,"msg":"Proposal received: round=5 origin=1 hash=2bbb13f02abe..."}
{"time":"2026-07-22 15:36:47,192","level":"INFO","node":0,"msg":"Consensus vote recorded: node 1 decision=True reason=zkp_ok round=5 new=True satisfied=False"}
{"time":"2026-07-22 15:36:56,988","level":"INFO","node":0,"msg":"Consensus vote recorded: node 2 decision=True reason=zkp_ok round=5 new=True satisfied=False"}
{"time":"2026-07-22 15:37:12,981","level":"INFO","node":0,"msg":"Consensus vote recorded: node 3 decision=True reason=zkp_ok round=5 new=True satisfied=True"}
{"time":"2026-07-22 15:37:19,164","level":"INFO","node":0,"msg":"Received update from node 3, round 5"}
{"time":"2026-07-22 15:37:28,894","level":"INFO","node":0,"msg":"ZKP ACCEPTED from node 3"}
{"time":"2026-07-22 15:37:28,894","level":"INFO","node":0,"msg":"Per-class agreement with node 1: class0=0.766 class1=0.940 gap=0.174"}
{"time":"2026-07-22 15:37:28,910","level":"INFO","node":0,"msg":"Per-class rolling gap for node 1: mean=0.174 over last 1 round(s)"}
{"time":"2026-07-22 15:37:28,910","level":"INFO","node":0,"msg":"Trust score for node 1: S=0.713 (Z=1.00 A=0.82 P=0.54 R=1.00) advisory only"}
{"time":"2026-07-22 15:37:28,939","level":"INFO","node":0,"msg":"Sent consensus vote to node 1"}
{"time":"2026-07-22 15:37:28,974","level":"INFO","node":0,"msg":"Sent consensus vote to node 2"}
{"time":"2026-07-22 15:37:28,995","level":"INFO","node":0,"msg":"Sent consensus vote to node 3"}
{"time":"2026-07-22 15:37:29,013","level":"INFO","node":0,"msg":"[FC2 DELTA NORM] node 0 round=5 — fc2 delta norm this round: 0.0505"}
{"time":"2026-07-22 15:37:35,119","level":"INFO","node":0,"msg":"Forwarded to http://127.0.0.1:8001"}
{"time":"2026-07-22 15:37:35,183","level":"INFO","node":0,"msg":"Synced weights from master for round 5"}
{"time":"2026-07-22 15:37:35,189","level":"INFO","node":0,"msg":"Sent commit vote to node 1"}
{"time":"2026-07-22 15:37:41,514","level":"INFO","node":0,"msg":"Proposal received: round=6 origin=2 hash=c425d5585cd8..."}
{"time":"2026-07-22 15:37:41,572","level":"INFO","node":0,"msg":"Consensus vote recorded: node 2 decision=True reason=zkp_ok round=6 new=True satisfied=False"}
{"time":"2026-07-22 15:37:51,449","level":"INFO","node":0,"msg":"Consensus vote recorded: node 3 decision=True reason=zkp_ok round=6 new=True satisfied=False"}
{"time":"2026-07-22 15:37:57,448","level":"INFO","node":0,"msg":"Received update from node 3, round 6"}
{"time":"2026-07-22 15:38:07,198","level":"INFO","node":0,"msg":"ZKP ACCEPTED from node 3"}
{"time":"2026-07-22 15:38:07,198","level":"INFO","node":0,"msg":"Per-class agreement with node 2: class0=0.848 class1=0.943 gap=0.095"}
{"time":"2026-07-22 15:38:07,198","level":"INFO","node":0,"msg":"Per-class rolling gap for node 2: mean=0.095 over last 1 round(s)"}
{"time":"2026-07-22 15:38:07,203","level":"INFO","node":0,"msg":"Trust score for node 2: S=0.789 (Z=1.00 A=0.88 P=0.65 R=1.00) advisory only"}
{"time":"2026-07-22 15:38:07,217","level":"INFO","node":0,"msg":"Sent consensus vote to node 1"}
{"time":"2026-07-22 15:38:07,243","level":"INFO","node":0,"msg":"Sent consensus vote to node 2"}
{"time":"2026-07-22 15:38:07,274","level":"INFO","node":0,"msg":"Sent consensus vote to node 3"}
{"time":"2026-07-22 15:38:07,295","level":"INFO","node":0,"msg":"[FC2 DELTA NORM] node 0 round=6 — fc2 delta norm this round: 0.0524"}
{"time":"2026-07-22 15:38:13,306","level":"INFO","node":0,"msg":"Forwarded to http://127.0.0.1:8001"}
{"time":"2026-07-22 15:38:23,009","level":"INFO","node":0,"msg":"Prediction agreement with node 1 round=6: A=0.995"}
{"time":"2026-07-22 15:38:23,009","level":"INFO","node":0,"msg":"Consensus vote recorded: node 1 decision=True reason=zkp_ok round=6 new=True satisfied=True"}
{"time":"2026-07-22 15:38:29,370","level":"INFO","node":0,"msg":"Synced weights from master for round 6"}
{"time":"2026-07-22 15:38:29,390","level":"INFO","node":0,"msg":"Sent commit vote to node 2"}
{"time":"2026-07-22 15:38:35,669","level":"INFO","node":0,"msg":"Proposal received: round=7 origin=3 hash=fbc51fd153e2..."}
{"time":"2026-07-22 15:38:35,694","level":"INFO","node":0,"msg":"Consensus vote recorded: node 3 decision=True reason=zkp_ok round=7 new=True satisfied=False"}
{"time":"2026-07-22 15:38:35,718","level":"INFO","node":0,"msg":"Received update from node 3, round 7"}
{"time":"2026-07-22 15:38:45,609","level":"INFO","node":0,"msg":"ZKP ACCEPTED from node 3"}
{"time":"2026-07-22 15:38:45,627","level":"INFO","node":0,"msg":"Per-class agreement with node 3: class0=0.893 class1=0.931 gap=0.038"}
{"time":"2026-07-22 15:38:45,629","level":"INFO","node":0,"msg":"Per-class rolling gap for node 3: mean=0.038 over last 1 round(s)"}
{"time":"2026-07-22 15:38:45,631","level":"INFO","node":0,"msg":"Trust score for node 3: S=0.809 (Z=1.00 A=0.91 P=0.63 R=1.00) advisory only"}
{"time":"2026-07-22 15:38:45,647","level":"INFO","node":0,"msg":"Sent consensus vote to node 1"}
{"time":"2026-07-22 15:38:45,662","level":"INFO","node":0,"msg":"Sent consensus vote to node 2"}
{"time":"2026-07-22 15:38:45,675","level":"INFO","node":0,"msg":"Sent consensus vote to node 3"}
{"time":"2026-07-22 15:38:45,701","level":"INFO","node":0,"msg":"[FC2 DELTA NORM] node 0 round=7 — fc2 delta norm this round: 0.0521"}
{"time":"2026-07-22 15:38:51,725","level":"INFO","node":0,"msg":"Forwarded to http://127.0.0.1:8001"}
{"time":"2026-07-22 15:39:01,561","level":"INFO","node":0,"msg":"Prediction agreement with node 1 round=7: A=0.992"}
{"time":"2026-07-22 15:39:01,561","level":"INFO","node":0,"msg":"Consensus vote recorded: node 1 decision=True reason=zkp_ok round=7 new=True satisfied=True"}
{"time":"2026-07-22 15:39:18,058","level":"INFO","node":0,"msg":"Prediction agreement with node 2 round=7: A=0.962"}
{"time":"2026-07-22 15:39:18,059","level":"INFO","node":0,"msg":"Consensus vote recorded: node 2 decision=True reason=zkp_ok round=7 new=True satisfied=True"}
{"time":"2026-07-22 15:39:24,311","level":"INFO","node":0,"msg":"Synced weights from master for round 7"}
{"time":"2026-07-22 15:39:24,330","level":"INFO","node":0,"msg":"Sent commit vote to node 3"}
{"time":"2026-07-22 15:39:24,383","level":"INFO","node":0,"msg":"My turn — starting round 9 as proposer."}
{"time":"2026-07-22 15:39:24,384","level":"INFO","node":0,"msg":"Starting round 9"}
{"time":"2026-07-22 15:39:24,408","level":"INFO","node":0,"msg":"[FC2 DELTA NORM] node 0 round=8 — fc2 delta norm this round: 0.0466"}
{"time":"2026-07-22 15:39:30,580","level":"INFO","node":0,"msg":"Sent proposal to node 1"}
{"time":"2026-07-22 15:39:30,596","level":"INFO","node":0,"msg":"Sent proposal to node 2"}
{"time":"2026-07-22 15:39:30,613","level":"INFO","node":0,"msg":"Sent proposal to node 3"}
{"time":"2026-07-22 15:39:30,616","level":"INFO","node":0,"msg":"Sent consensus vote to node 1"}
{"time":"2026-07-22 15:39:30,622","level":"INFO","node":0,"msg":"Sent consensus vote to node 2"}
{"time":"2026-07-22 15:39:30,627","level":"INFO","node":0,"msg":"Sent consensus vote to node 3"}
{"time":"2026-07-22 15:39:30,634","level":"INFO","node":0,"msg":"Forwarded to http://127.0.0.1:8001"}
{"time":"2026-07-22 15:39:40,448","level":"INFO","node":0,"msg":"Consensus vote recorded: node 1 decision=True reason=zkp_ok round=8 new=True satisfied=False"}
{"time":"2026-07-22 15:39:56,344","level":"INFO","node":0,"msg":"Consensus vote recorded: node 2 decision=True reason=zkp_ok round=8 new=True satisfied=True"}
{"time":"2026-07-22 15:40:12,216","level":"INFO","node":0,"msg":"Consensus vote recorded: node 3 decision=True reason=zkp_ok round=8 new=True satisfied=True"}
{"time":"2026-07-22 15:40:18,338","level":"INFO","node":0,"msg":"Received update from node 3, round 8"}
{"time":"2026-07-22 15:40:18,338","level":"INFO","node":0,"msg":"Round 9 complete — aggregating"}
{"time":"2026-07-22 15:40:18,376","level":"WARNING","node":0,"msg":"[BACKDOOR PROBE] Round 9 SUSPICIOUS: feature=1 value=5.0 forces class=1 flip_rate=1.000 jump=0.736 (thresholds: flip>0.7, jump>0.3)"}
{"time":"2026-07-22 15:40:18,409","level":"INFO","node":0,"msg":"Commit vote recorded: node 1 decision=True round=8 satisfied=False"}
{"time":"2026-07-22 15:40:18,412","level":"INFO","node":0,"msg":"Broadcast weights to node 1"}
{"time":"2026-07-22 15:40:18,467","level":"INFO","node":0,"msg":"Commit vote recorded: node 2 decision=True round=8 satisfied=True"}
{"time":"2026-07-22 15:40:18,467","level":"INFO","node":0,"msg":"Round 9 COMMITTED — model hash agreed by [0, 1, 2]"}
{"time":"2026-07-22 15:40:18,469","level":"INFO","node":0,"msg":"Commit certificate saved to C:\Users\mousu\OneDrive\Desktop\Set A\securefedhe\dashboard\certificates\round_8.json"}
{"time":"2026-07-22 15:40:18,471","level":"INFO","node":0,"msg":"Broadcast weights to node 2"}
{"time":"2026-07-22 15:40:18,499","level":"INFO","node":0,"msg":"Commit vote recorded: node 3 decision=True round=8 satisfied=True"}
{"time":"2026-07-22 15:40:18,507","level":"INFO","node":0,"msg":"Broadcast weights to node 3"}
{"time":"2026-07-22 15:40:18,510","level":"INFO","node":0,"msg":"Checkpoint saved to C:\Users\mousu\OneDrive\Desktop\Set A\securefedhe\dashboard\model_latest.pt"}
{"time":"2026-07-22 15:40:18,510","level":"INFO","node":0,"msg":"Round 9 complete | accuracy=0.8545 | duration=54.13s"}
{"time":"2026-07-22 15:40:18,510","level":"INFO","node":0,"msg":"Round 10 belongs to node 1 — waiting for their proposal."}
{"time":"2026-07-22 15:40:18,514","level":"INFO","node":0,"msg":"Notified next proposer to node 1"}
{"time":"2026-07-22 15:40:18,514","level":"INFO","node":0,"msg":"[WATCHDOG SPAWNED] round=9 expected_proposer=1 timeout_s=600 spawned_at=15:40:18"}
{"time":"2026-07-22 15:40:24,956","level":"INFO","node":0,"msg":"Proposal received: round=9 origin=1 hash=3cbc2f9ecf6f..."}
{"time":"2026-07-22 15:40:24,985","level":"INFO","node":0,"msg":"Consensus vote recorded: node 1 decision=True reason=zkp_ok round=9 new=True satisfied=False"}
{"time":"2026-07-22 15:40:34,697","level":"INFO","node":0,"msg":"Consensus vote recorded: node 2 decision=True reason=zkp_ok round=9 new=True satisfied=False"}
{"time":"2026-07-22 15:40:50,461","level":"INFO","node":0,"msg":"Consensus vote recorded: node 3 decision=True reason=zkp_ok round=9 new=True satisfied=True"}
{"time":"2026-07-22 15:40:56,557","level":"INFO","node":0,"msg":"Received update from node 3, round 9"}
{"time":"2026-07-22 15:41:06,153","level":"INFO","node":0,"msg":"ZKP ACCEPTED from node 3"}
{"time":"2026-07-22 15:41:06,153","level":"INFO","node":0,"msg":"fc_in col7 delta self-cosine for node 1: 0.3804 (delta_norm=0.1614)"}
{"time":"2026-07-22 15:41:06,169","level":"INFO","node":0,"msg":"Per-class agreement with node 1: class0=0.950 class1=0.946 gap=0.003"}
{"time":"2026-07-22 15:41:06,169","level":"INFO","node":0,"msg":"Per-class rolling gap for node 1: mean=0.089 over last 2 round(s)"}
{"time":"2026-07-22 15:41:06,169","level":"INFO","node":0,"msg":"Trust score for node 1: S=0.803 (Z=1.00 A=0.95 P=0.46 R=1.00) advisory only"}
{"time":"2026-07-22 15:41:06,197","level":"INFO","node":0,"msg":"Sent consensus vote to node 1"}
{"time":"2026-07-22 15:41:06,228","level":"INFO","node":0,"msg":"Sent consensus vote to node 2"}
{"time":"2026-07-22 15:41:06,241","level":"INFO","node":0,"msg":"Sent consensus vote to node 3"}
{"time":"2026-07-22 15:41:06,261","level":"INFO","node":0,"msg":"[FC2 DELTA NORM] node 0 round=9 — fc2 delta norm this round: 0.0514"}
{"time":"2026-07-22 15:41:12,384","level":"INFO","node":0,"msg":"Forwarded to http://127.0.0.1:8001"}
{"time":"2026-07-22 15:41:12,431","level":"INFO","node":0,"msg":"Synced weights from master for round 9"}
{"time":"2026-07-22 15:41:12,436","level":"INFO","node":0,"msg":"Sent commit vote to node 1"}
{"time":"2026-07-22 15:41:18,657","level":"INFO","node":0,"msg":"Proposal received: round=10 origin=2 hash=69ae4d968887..."}
{"time":"2026-07-22 15:41:18,684","level":"INFO","node":0,"msg":"Consensus vote recorded: node 2 decision=True reason=zkp_ok round=10 new=True satisfied=False"}
{"time":"2026-07-22 15:41:28,460","level":"INFO","node":0,"msg":"Consensus vote recorded: node 3 decision=True reason=zkp_ok round=10 new=True satisfied=False"}
{"time":"2026-07-22 15:41:34,455","level":"INFO","node":0,"msg":"Received update from node 3, round 10"}
{"time":"2026-07-22 15:41:44,304","level":"INFO","node":0,"msg":"ZKP ACCEPTED from node 3"}
{"time":"2026-07-22 15:41:44,304","level":"INFO","node":0,"msg":"fc_in col7 delta self-cosine for node 2: 0.1393 (delta_norm=0.2042)"}
{"time":"2026-07-22 15:41:44,311","level":"INFO","node":0,"msg":"Per-class agreement with node 2: class0=0.968 class1=0.930 gap=0.038"}
{"time":"2026-07-22 15:41:44,311","level":"INFO","node":0,"msg":"Per-class rolling gap for node 2: mean=0.067 over last 2 round(s)"}
{"time":"2026-07-22 15:41:44,311","level":"INFO","node":0,"msg":"Trust score for node 2: S=0.819 (Z=1.00 A=0.96 P=0.50 R=1.00) advisory only"}
{"time":"2026-07-22 15:41:44,335","level":"INFO","node":0,"msg":"Sent consensus vote to node 1"}
{"time":"2026-07-22 15:41:44,345","level":"INFO","node":0,"msg":"Sent consensus vote to node 2"}
{"time":"2026-07-22 15:41:44,358","level":"INFO","node":0,"msg":"Sent consensus vote to node 3"}
{"time":"2026-07-22 15:41:44,392","level":"INFO","node":0,"msg":"[FC2 DELTA NORM] node 0 round=10 — fc2 delta norm this round: 0.0520"}
{"time":"2026-07-22 15:41:50,377","level":"INFO","node":0,"msg":"Forwarded to http://127.0.0.1:8001"}
{"time":"2026-07-22 15:42:00,250","level":"INFO","node":0,"msg":"Prediction agreement with node 1 round=10: A=0.994"}
{"time":"2026-07-22 15:42:00,250","level":"INFO","node":0,"msg":"Consensus vote recorded: node 1 decision=True reason=zkp_ok round=10 new=True satisfied=True"}
{"time":"2026-07-22 15:42:06,563","level":"INFO","node":0,"msg":"Synced weights from master for round 10"}
{"time":"2026-07-22 15:42:06,579","level":"INFO","node":0,"msg":"Sent commit vote to node 2"}
{"time":"2026-07-22 15:42:12,898","level":"INFO","node":0,"msg":"Proposal received: round=11 origin=3 hash=e8b328d64c88..."}
{"time":"2026-07-22 15:42:12,916","level":"INFO","node":0,"msg":"Consensus vote recorded: node 3 decision=True reason=zkp_ok round=11 new=True satisfied=False"}
{"time":"2026-07-22 15:42:12,929","level":"INFO","node":0,"msg":"Received update from node 3, round 11"}
{"time":"2026-07-22 15:42:22,631","level":"INFO","node":0,"msg":"ZKP ACCEPTED from node 3"}
{"time":"2026-07-22 15:42:22,631","level":"INFO","node":0,"msg":"fc_in col7 delta self-cosine for node 3: -0.1157 (delta_norm=0.2210)"}
{"time":"2026-07-22 15:42:22,646","level":"INFO","node":0,"msg":"Per-class agreement with node 3: class0=0.967 class1=0.947 gap=0.020"}
{"time":"2026-07-22 15:42:22,646","level":"INFO","node":0,"msg":"Per-class rolling gap for node 3: mean=0.029 over last 2 round(s)"}
{"time":"2026-07-22 15:42:22,647","level":"INFO","node":0,"msg":"Trust score for node 3: S=0.818 (Z=1.00 A=0.96 P=0.48 R=1.00) advisory only"}
{"time":"2026-07-22 15:42:22,676","level":"INFO","node":0,"msg":"Sent consensus vote to node 1"}
{"time":"2026-07-22 15:42:22,686","level":"INFO","node":0,"msg":"Sent consensus vote to node 2"}
{"time":"2026-07-22 15:42:22,708","level":"INFO","node":0,"msg":"Sent consensus vote to node 3"}
{"time":"2026-07-22 15:42:22,725","level":"INFO","node":0,"msg":"[FC2 DELTA NORM] node 0 round=11 — fc2 delta norm this round: 0.0502"}
{"time":"2026-07-22 15:42:28,802","level":"INFO","node":0,"msg":"Forwarded to http://127.0.0.1:8001"}
{"time":"2026-07-22 15:42:38,586","level":"INFO","node":0,"msg":"Prediction agreement with node 1 round=11: A=0.992"}
{"time":"2026-07-22 15:42:38,586","level":"INFO","node":0,"msg":"Consensus vote recorded: node 1 decision=True reason=zkp_ok round=11 new=True satisfied=True"}
{"time":"2026-07-22 15:42:54,855","level":"INFO","node":0,"msg":"Prediction agreement with node 2 round=11: A=0.954"}
{"time":"2026-07-22 15:42:54,856","level":"INFO","node":0,"msg":"Consensus vote recorded: node 2 decision=True reason=zkp_ok round=11 new=True satisfied=True"}
{"time":"2026-07-22 15:43:00,824","level":"INFO","node":0,"msg":"Synced weights from master for round 11"}
{"time":"2026-07-22 15:43:00,844","level":"INFO","node":0,"msg":"Sent commit vote to node 3"}
{"time":"2026-07-22 15:43:00,917","level":"INFO","node":0,"msg":"My turn — starting round 13 as proposer."}
{"time":"2026-07-22 15:43:00,918","level":"INFO","node":0,"msg":"Starting round 13"}
{"time":"2026-07-22 15:43:00,943","level":"INFO","node":0,"msg":"[FC2 DELTA NORM] node 0 round=12 — fc2 delta norm this round: 0.0502"}
{"time":"2026-07-22 15:43:07,169","level":"INFO","node":0,"msg":"Sent proposal to node 1"}
{"time":"2026-07-22 15:43:07,169","level":"INFO","node":0,"msg":"Sent proposal to node 2"}
{"time":"2026-07-22 15:43:07,187","level":"INFO","node":0,"msg":"Sent proposal to node 3"}
{"time":"2026-07-22 15:43:07,193","level":"INFO","node":0,"msg":"Sent consensus vote to node 1"}
{"time":"2026-07-22 15:43:07,197","level":"INFO","node":0,"msg":"Sent consensus vote to node 2"}
{"time":"2026-07-22 15:43:07,205","level":"INFO","node":0,"msg":"Sent consensus vote to node 3"}
{"time":"2026-07-22 15:43:07,217","level":"INFO","node":0,"msg":"Forwarded to http://127.0.0.1:8001"}
{"time":"2026-07-22 15:43:17,217","level":"INFO","node":0,"msg":"Consensus vote recorded: node 1 decision=True reason=zkp_ok round=12 new=True satisfied=False"}
{"time":"2026-07-22 15:43:33,640","level":"INFO","node":0,"msg":"Consensus vote recorded: node 2 decision=True reason=zkp_ok round=12 new=True satisfied=True"}
{"time":"2026-07-22 15:43:49,599","level":"INFO","node":0,"msg":"Consensus vote recorded: node 3 decision=True reason=zkp_ok round=12 new=True satisfied=True"}
{"time":"2026-07-22 15:43:55,833","level":"INFO","node":0,"msg":"Received update from node 3, round 12"}
{"time":"2026-07-22 15:43:55,833","level":"INFO","node":0,"msg":"Round 13 complete — aggregating"}
{"time":"2026-07-22 15:43:55,900","level":"WARNING","node":0,"msg":"[BACKDOOR PROBE] Round 13 SUSPICIOUS: feature=1 value=5.0 forces class=1 flip_rate=1.000 jump=0.755 (thresholds: flip>0.7, jump>0.3)"}
{"time":"2026-07-22 15:43:55,927","level":"INFO","node":0,"msg":"Commit vote recorded: node 1 decision=True round=12 satisfied=False"}
{"time":"2026-07-22 15:43:55,929","level":"INFO","node":0,"msg":"Broadcast weights to node 1"}
{"time":"2026-07-22 15:43:55,953","level":"INFO","node":0,"msg":"Commit vote recorded: node 2 decision=True round=12 satisfied=True"}
{"time":"2026-07-22 15:43:55,953","level":"INFO","node":0,"msg":"Round 13 COMMITTED — model hash agreed by [0, 1, 2]"}
{"time":"2026-07-22 15:43:55,955","level":"INFO","node":0,"msg":"Commit certificate saved to C:\Users\mousu\OneDrive\Desktop\Set A\securefedhe\dashboard\certificates\round_12.json"}
{"time":"2026-07-22 15:43:55,957","level":"INFO","node":0,"msg":"Broadcast weights to node 2"}
{"time":"2026-07-22 15:43:55,983","level":"INFO","node":0,"msg":"Commit vote recorded: node 3 decision=True round=12 satisfied=True"}
{"time":"2026-07-22 15:43:55,986","level":"INFO","node":0,"msg":"Broadcast weights to node 3"}
{"time":"2026-07-22 15:43:55,988","level":"INFO","node":0,"msg":"Checkpoint saved to C:\Users\mousu\OneDrive\Desktop\Set A\securefedhe\dashboard\model_latest.pt"}
{"time":"2026-07-22 15:43:55,988","level":"INFO","node":0,"msg":"Round 13 complete | accuracy=0.8364 | duration=55.07s"}
{"time":"2026-07-22 15:43:55,988","level":"INFO","node":0,"msg":"Round 14 belongs to node 1 — waiting for their proposal."}
{"time":"2026-07-22 15:43:55,992","level":"INFO","node":0,"msg":"Notified next proposer to node 1"}
{"time":"2026-07-22 15:43:55,993","level":"INFO","node":0,"msg":"[WATCHDOG SPAWNED] round=13 expected_proposer=1 timeout_s=600 spawned_at=15:43:55"}
{"time":"2026-07-22 15:44:02,458","level":"INFO","node":0,"msg":"Proposal received: round=13 origin=1 hash=58ffdcaca640..."}
{"time":"2026-07-22 15:44:02,506","level":"INFO","node":0,"msg":"Consensus vote recorded: node 1 decision=True reason=zkp_ok round=13 new=True satisfied=False"}
{"time":"2026-07-22 15:44:12,210","level":"INFO","node":0,"msg":"Consensus vote recorded: node 2 decision=True reason=zkp_ok round=13 new=True satisfied=False"}
{"time":"2026-07-22 15:44:28,029","level":"INFO","node":0,"msg":"Consensus vote recorded: node 3 decision=True reason=zkp_ok round=13 new=True satisfied=True"}
{"time":"2026-07-22 15:44:34,209","level":"INFO","node":0,"msg":"Received update from node 3, round 13"}
{"time":"2026-07-22 15:44:43,791","level":"INFO","node":0,"msg":"ZKP ACCEPTED from node 3"}
{"time":"2026-07-22 15:44:43,807","level":"INFO","node":0,"msg":"fc_in col7 delta self-cosine for node 1: 0.1316 (delta_norm=0.1712)"}
{"time":"2026-07-22 15:44:43,807","level":"INFO","node":0,"msg":"Per-class agreement with node 1: class0=0.974 class1=0.950 gap=0.025"}
{"time":"2026-07-22 15:44:43,807","level":"INFO","node":0,"msg":"Per-class rolling gap for node 1: mean=0.067 over last 3 round(s)"}
{"time":"2026-07-22 15:44:43,807","level":"INFO","node":0,"msg":"Trust score for node 1: S=0.833 (Z=1.00 A=0.97 P=0.52 R=1.00) advisory only"}
{"time":"2026-07-22 15:44:43,825","level":"INFO","node":0,"msg":"Sent consensus vote to node 1"}
{"time":"2026-07-22 15:44:43,840","level":"INFO","node":0,"msg":"Sent consensus vote to node 2"}
{"time":"2026-07-22 15:44:43,864","level":"INFO","node":0,"msg":"Sent consensus vote to node 3"}
{"time":"2026-07-22 15:44:43,882","level":"INFO","node":0,"msg":"[FC2 DELTA NORM] node 0 round=13 — fc2 delta norm this round: 0.0492"}
{"time":"2026-07-22 15:44:49,852","level":"INFO","node":0,"msg":"Forwarded to http://127.0.0.1:8001"}
{"time":"2026-07-22 15:44:49,913","level":"INFO","node":0,"msg":"Synced weights from master for round 13"}
{"time":"2026-07-22 15:44:49,919","level":"INFO","node":0,"msg":"Sent commit vote to node 1"}
{"time":"2026-07-22 15:44:56,174","level":"INFO","node":0,"msg":"Proposal received: round=14 origin=2 hash=6a081c221d85..."}
{"time":"2026-07-22 15:44:56,225","level":"INFO","node":0,"msg":"Consensus vote recorded: node 2 decision=True reason=zkp_ok round=14 new=True satisfied=False"}
{"time":"2026-07-22 15:45:06,066","level":"INFO","node":0,"msg":"Consensus vote recorded: node 3 decision=True reason=zkp_ok round=14 new=True satisfied=False"}
{"time":"2026-07-22 15:45:12,057","level":"INFO","node":0,"msg":"Received update from node 3, round 14"}
{"time":"2026-07-22 15:45:21,921","level":"INFO","node":0,"msg":"ZKP ACCEPTED from node 3"}
{"time":"2026-07-22 15:45:21,921","level":"INFO","node":0,"msg":"fc_in col7 delta self-cosine for node 2: 0.0015 (delta_norm=0.2105)"}
{"time":"2026-07-22 15:45:21,926","level":"INFO","node":0,"msg":"Per-class agreement with node 2: class0=0.966 class1=0.966 gap=0.000"}
{"time":"2026-07-22 15:45:21,926","level":"INFO","node":0,"msg":"Per-class rolling gap for node 2: mean=0.045 over last 3 round(s)"}
{"time":"2026-07-22 15:45:21,928","level":"INFO","node":0,"msg":"Trust score for node 2: S=0.843 (Z=1.00 A=0.97 P=0.55 R=1.00) advisory only"}
{"time":"2026-07-22 15:45:21,945","level":"INFO","node":0,"msg":"Sent consensus vote to node 1"}
{"time":"2026-07-22 15:45:21,973","level":"INFO","node":0,"msg":"Sent consensus vote to node 2"}
{"time":"2026-07-22 15:45:22,005","level":"INFO","node":0,"msg":"Sent consensus vote to node 3"}
{"time":"2026-07-22 15:45:22,023","level":"INFO","node":0,"msg":"[FC2 DELTA NORM] node 0 round=14 — fc2 delta norm this round: 0.0513"}
{"time":"2026-07-22 15:45:27,996","level":"INFO","node":0,"msg":"Forwarded to http://127.0.0.1:8001"}
{"time":"2026-07-22 15:45:37,759","level":"INFO","node":0,"msg":"Prediction agreement with node 1 round=14: A=0.995"}
{"time":"2026-07-22 15:45:37,759","level":"INFO","node":0,"msg":"Consensus vote recorded: node 1 decision=True reason=zkp_ok round=14 new=True satisfied=True"}
{"time":"2026-07-22 15:45:44,127","level":"INFO","node":0,"msg":"Synced weights from master for round 14"}
{"time":"2026-07-22 15:45:44,154","level":"INFO","node":0,"msg":"Sent commit vote to node 2"}
{"time":"2026-07-22 15:45:50,388","level":"INFO","node":0,"msg":"Proposal received: round=15 origin=3 hash=ea14c2115edf..."}
{"time":"2026-07-22 15:45:50,401","level":"INFO","node":0,"msg":"Consensus vote recorded: node 3 decision=True reason=zkp_ok round=15 new=True satisfied=False"}
{"time":"2026-07-22 15:45:50,423","level":"INFO","node":0,"msg":"Received update from node 3, round 15"}
{"time":"2026-07-22 15:46:00,024","level":"INFO","node":0,"msg":"ZKP ACCEPTED from node 3"}
{"time":"2026-07-22 15:46:00,024","level":"INFO","node":0,"msg":"fc_in col7 delta self-cosine for node 3: -0.2570 (delta_norm=0.2470)"}
{"time":"2026-07-22 15:46:00,035","level":"INFO","node":0,"msg":"Per-class agreement with node 3: class0=0.973 class1=0.947 gap=0.026"}
{"time":"2026-07-22 15:46:00,035","level":"INFO","node":0,"msg":"Per-class rolling gap for node 3: mean=0.028 over last 3 round(s)"}
{"time":"2026-07-22 15:46:00,038","level":"INFO","node":0,"msg":"Trust score for node 3: S=0.827 (Z=1.00 A=0.96 P=0.50 R=1.00) advisory only"}
{"time":"2026-07-22 15:46:00,055","level":"INFO","node":0,"msg":"Sent consensus vote to node 1"}
{"time":"2026-07-22 15:46:00,083","level":"INFO","node":0,"msg":"Sent consensus vote to node 2"}
{"time":"2026-07-22 15:46:00,096","level":"INFO","node":0,"msg":"Sent consensus vote to node 3"}
{"time":"2026-07-22 15:46:00,124","level":"INFO","node":0,"msg":"[FC2 DELTA NORM] node 0 round=15 — fc2 delta norm this round: 0.0526"}
{"time":"2026-07-22 15:46:06,150","level":"INFO","node":0,"msg":"Forwarded to http://127.0.0.1:8001"}
{"time":"2026-07-22 15:46:15,976","level":"INFO","node":0,"msg":"Prediction agreement with node 1 round=15: A=0.991"}
{"time":"2026-07-22 15:46:15,976","level":"INFO","node":0,"msg":"Consensus vote recorded: node 1 decision=True reason=zkp_ok round=15 new=True satisfied=True"}
{"time":"2026-07-22 15:46:32,026","level":"INFO","node":0,"msg":"Prediction agreement with node 2 round=15: A=0.959"}
{"time":"2026-07-22 15:46:32,026","level":"INFO","node":0,"msg":"Consensus vote recorded: node 2 decision=True reason=zkp_ok round=15 new=True satisfied=True"}
{"time":"2026-07-22 15:46:38,095","level":"INFO","node":0,"msg":"Synced weights from master for round 15"}
{"time":"2026-07-22 15:46:38,112","level":"INFO","node":0,"msg":"Sent commit vote to node 3"}
{"time":"2026-07-22 15:46:38,192","level":"INFO","node":0,"msg":"My turn — starting round 17 as proposer."}
{"time":"2026-07-22 15:46:38,193","level":"INFO","node":0,"msg":"Starting round 17"}
{"time":"2026-07-22 15:46:38,218","level":"INFO","node":0,"msg":"[FC2 DELTA NORM] node 0 round=16 — fc2 delta norm this round: 0.0533"}
{"time":"2026-07-22 15:46:44,609","level":"INFO","node":0,"msg":"Sent proposal to node 1"}
{"time":"2026-07-22 15:46:44,612","level":"INFO","node":0,"msg":"Sent proposal to node 2"}
{"time":"2026-07-22 15:46:44,612","level":"INFO","node":0,"msg":"Sent proposal to node 3"}
{"time":"2026-07-22 15:46:44,623","level":"INFO","node":0,"msg":"Sent consensus vote to node 1"}
{"time":"2026-07-22 15:46:44,626","level":"INFO","node":0,"msg":"Sent consensus vote to node 2"}
{"time":"2026-07-22 15:46:44,637","level":"INFO","node":0,"msg":"Sent consensus vote to node 3"}
{"time":"2026-07-22 15:46:44,647","level":"INFO","node":0,"msg":"Forwarded to http://127.0.0.1:8001"}
{"time":"2026-07-22 15:46:54,378","level":"INFO","node":0,"msg":"Consensus vote recorded: node 1 decision=True reason=zkp_ok round=16 new=True satisfied=False"}
{"time":"2026-07-22 15:47:10,428","level":"INFO","node":0,"msg":"Consensus vote recorded: node 2 decision=True reason=zkp_ok round=16 new=True satisfied=True"}
{"time":"2026-07-22 15:47:26,182","level":"INFO","node":0,"msg":"Consensus vote recorded: node 3 decision=True reason=zkp_ok round=16 new=True satisfied=True"}
{"time":"2026-07-22 15:47:32,288","level":"INFO","node":0,"msg":"Received update from node 3, round 16"}
{"time":"2026-07-22 15:47:32,288","level":"INFO","node":0,"msg":"Round 17 complete — aggregating"}
{"time":"2026-07-22 15:47:32,328","level":"WARNING","node":0,"msg":"[BACKDOOR PROBE] Round 17 SUSPICIOUS: feature=1 value=4.0 forces class=1 flip_rate=1.000 jump=0.682 (thresholds: flip>0.7, jump>0.3)"}
{"time":"2026-07-22 15:47:32,375","level":"INFO","node":0,"msg":"Commit vote recorded: node 1 decision=True round=16 satisfied=False"}
{"time":"2026-07-22 15:47:32,376","level":"INFO","node":0,"msg":"Broadcast weights to node 1"}
{"time":"2026-07-22 15:47:32,409","level":"INFO","node":0,"msg":"Commit vote recorded: node 2 decision=True round=16 satisfied=True"}
{"time":"2026-07-22 15:47:32,409","level":"INFO","node":0,"msg":"Round 17 COMMITTED — model hash agreed by [0, 1, 2]"}
{"time":"2026-07-22 15:47:32,411","level":"INFO","node":0,"msg":"Commit certificate saved to C:\Users\mousu\OneDrive\Desktop\Set A\securefedhe\dashboard\certificates\round_16.json"}
{"time":"2026-07-22 15:47:32,413","level":"INFO","node":0,"msg":"Broadcast weights to node 2"}
{"time":"2026-07-22 15:47:32,426","level":"INFO","node":0,"msg":"Commit vote recorded: node 3 decision=True round=16 satisfied=True"}
{"time":"2026-07-22 15:47:32,430","level":"INFO","node":0,"msg":"Broadcast weights to node 3"}
{"time":"2026-07-22 15:47:32,434","level":"INFO","node":0,"msg":"Checkpoint saved to C:\Users\mousu\OneDrive\Desktop\Set A\securefedhe\dashboard\model_latest.pt"}
{"time":"2026-07-22 15:47:32,434","level":"INFO","node":0,"msg":"Round 17 complete | accuracy=0.8727 | duration=54.24s"}
{"time":"2026-07-22 15:47:32,434","level":"INFO","node":0,"msg":"Round 18 belongs to node 1 — waiting for their proposal."}
{"time":"2026-07-22 15:47:32,437","level":"INFO","node":0,"msg":"Notified next proposer to node 1"}
{"time":"2026-07-22 15:47:32,438","level":"INFO","node":0,"msg":"[WATCHDOG SPAWNED] round=17 expected_proposer=1 timeout_s=600 spawned_at=15:47:32"}
{"time":"2026-07-22 15:47:38,827","level":"INFO","node":0,"msg":"Proposal received: round=17 origin=1 hash=346cb4cc479f..."}
{"time":"2026-07-22 15:47:38,863","level":"INFO","node":0,"msg":"Consensus vote recorded: node 1 decision=True reason=zkp_ok round=17 new=True satisfied=False"}
{"time":"2026-07-22 15:47:48,571","level":"INFO","node":0,"msg":"Consensus vote recorded: node 2 decision=True reason=zkp_ok round=17 new=True satisfied=False"}
{"time":"2026-07-22 15:48:04,370","level":"INFO","node":0,"msg":"Consensus vote recorded: node 3 decision=True reason=zkp_ok round=17 new=True satisfied=True"}
{"time":"2026-07-22 15:48:10,542","level":"INFO","node":0,"msg":"Received update from node 3, round 17"}
{"time":"2026-07-22 15:48:20,382","level":"INFO","node":0,"msg":"ZKP ACCEPTED from node 3"}
{"time":"2026-07-22 15:48:20,382","level":"INFO","node":0,"msg":"fc_in col7 delta self-cosine for node 1: 0.1937 (delta_norm=0.1574)"}
{"time":"2026-07-22 15:48:20,398","level":"INFO","node":0,"msg":"Per-class agreement with node 1: class0=0.960 class1=0.935 gap=0.024"}
{"time":"2026-07-22 15:48:20,398","level":"INFO","node":0,"msg":"Per-class rolling gap for node 1: mean=0.057 over last 4 round(s)"}
{"time":"2026-07-22 15:48:20,407","level":"INFO","node":0,"msg":"Trust score for node 1: S=0.801 (Z=1.00 A=0.95 P=0.45 R=1.00) advisory only"}
{"time":"2026-07-22 15:48:20,426","level":"INFO","node":0,"msg":"Sent consensus vote to node 1"}
{"time":"2026-07-22 15:48:20,458","level":"INFO","node":0,"msg":"Sent consensus vote to node 2"}
{"time":"2026-07-22 15:48:20,473","level":"INFO","node":0,"msg":"Sent consensus vote to node 3"}
{"time":"2026-07-22 15:48:20,501","level":"INFO","node":0,"msg":"[FC2 DELTA NORM] node 0 round=17 — fc2 delta norm this round: 0.0513"}
{"time":"2026-07-22 15:48:26,369","level":"INFO","node":0,"msg":"Forwarded to http://127.0.0.1:8001"}
{"time":"2026-07-22 15:48:26,424","level":"INFO","node":0,"msg":"Synced weights from master for round 17"}
{"time":"2026-07-22 15:48:26,430","level":"INFO","node":0,"msg":"Sent commit vote to node 1"}
{"time":"2026-07-22 15:48:32,705","level":"INFO","node":0,"msg":"Proposal received: round=18 origin=2 hash=7c86bf897268..."}
{"time":"2026-07-22 15:48:32,766","level":"INFO","node":0,"msg":"Consensus vote recorded: node 2 decision=True reason=zkp_ok round=18 new=True satisfied=False"}
{"time":"2026-07-22 15:48:42,544","level":"INFO","node":0,"msg":"Consensus vote recorded: node 3 decision=True reason=zkp_ok round=18 new=True satisfied=False"}
{"time":"2026-07-22 15:48:48,629","level":"INFO","node":0,"msg":"Received update from node 3, round 18"}
{"time":"2026-07-22 15:48:58,366","level":"INFO","node":0,"msg":"ZKP ACCEPTED from node 3"}
{"time":"2026-07-22 15:48:58,366","level":"INFO","node":0,"msg":"fc_in col7 delta self-cosine for node 2: -0.1335 (delta_norm=0.1894)"}
{"time":"2026-07-22 15:48:58,371","level":"INFO","node":0,"msg":"Per-class agreement with node 2: class0=0.946 class1=0.924 gap=0.022"}
{"time":"2026-07-22 15:48:58,371","level":"INFO","node":0,"msg":"Per-class rolling gap for node 2: mean=0.039 over last 4 round(s)"}
{"time":"2026-07-22 15:48:58,371","level":"INFO","node":0,"msg":"Trust score for node 2: S=0.790 (Z=1.00 A=0.94 P=0.45 R=1.00) advisory only"}
{"time":"2026-07-22 15:48:58,385","level":"INFO","node":0,"msg":"Sent consensus vote to node 1"}
{"time":"2026-07-22 15:48:58,394","level":"INFO","node":0,"msg":"Sent consensus vote to node 2"}
{"time":"2026-07-22 15:48:58,418","level":"INFO","node":0,"msg":"Sent consensus vote to node 3"}
{"time":"2026-07-22 15:48:58,433","level":"INFO","node":0,"msg":"[FC2 DELTA NORM] node 0 round=18 — fc2 delta norm this round: 0.0489"}
{"time":"2026-07-22 15:49:04,484","level":"INFO","node":0,"msg":"Forwarded to http://127.0.0.1:8001"}
{"time":"2026-07-22 15:49:14,328","level":"INFO","node":0,"msg":"Prediction agreement with node 1 round=18: A=0.994"}
{"time":"2026-07-22 15:49:14,329","level":"INFO","node":0,"msg":"Consensus vote recorded: node 1 decision=True reason=zkp_ok round=18 new=True satisfied=True"}
{"time":"2026-07-22 15:49:20,711","level":"INFO","node":0,"msg":"Synced weights from master for round 18"}
{"time":"2026-07-22 15:49:20,730","level":"INFO","node":0,"msg":"Sent commit vote to node 2"}
{"time":"2026-07-22 15:49:26,851","level":"INFO","node":0,"msg":"Proposal received: round=19 origin=3 hash=2fb80cc545f9..."}
{"time":"2026-07-22 15:49:26,889","level":"INFO","node":0,"msg":"Consensus vote recorded: node 3 decision=True reason=zkp_ok round=19 new=True satisfied=False"}
{"time":"2026-07-22 15:49:26,910","level":"INFO","node":0,"msg":"Received update from node 3, round 19"}
{"time":"2026-07-22 15:49:36,504","level":"INFO","node":0,"msg":"ZKP ACCEPTED from node 3"}
{"time":"2026-07-22 15:49:36,504","level":"INFO","node":0,"msg":"fc_in col7 delta self-cosine for node 3: -0.1361 (delta_norm=0.2063)"}
{"time":"2026-07-22 15:49:36,504","level":"INFO","node":0,"msg":"Per-class agreement with node 3: class0=0.980 class1=0.957 gap=0.023"}
{"time":"2026-07-22 15:49:36,504","level":"INFO","node":0,"msg":"Per-class rolling gap for node 3: mean=0.027 over last 4 round(s)"}
{"time":"2026-07-22 15:49:36,519","level":"INFO","node":0,"msg":"Trust score for node 3: S=0.814 (Z=1.00 A=0.97 P=0.43 R=1.00) advisory only"}
{"time":"2026-07-22 15:49:36,533","level":"INFO","node":0,"msg":"Sent consensus vote to node 1"}
{"time":"2026-07-22 15:49:36,549","level":"INFO","node":0,"msg":"Sent consensus vote to node 2"}
{"time":"2026-07-22 15:49:36,565","level":"INFO","node":0,"msg":"Sent consensus vote to node 3"}
{"time":"2026-07-22 15:49:36,598","level":"INFO","node":0,"msg":"[FC2 DELTA NORM] node 0 round=19 — fc2 delta norm this round: 0.0524"}
{"time":"2026-07-22 15:49:42,569","level":"INFO","node":0,"msg":"Forwarded to http://127.0.0.1:8001"}
{"time":"2026-07-22 15:49:52,355","level":"INFO","node":0,"msg":"Prediction agreement with node 1 round=19: A=0.990"}
{"time":"2026-07-22 15:49:52,355","level":"INFO","node":0,"msg":"Consensus vote recorded: node 1 decision=True reason=zkp_ok round=19 new=True satisfied=True"}
{"time":"2026-07-22 15:50:08,241","level":"INFO","node":0,"msg":"Prediction agreement with node 2 round=19: A=0.950"}
{"time":"2026-07-22 15:50:08,242","level":"INFO","node":0,"msg":"Consensus vote recorded: node 2 decision=True reason=zkp_ok round=19 new=True satisfied=True"}
{"time":"2026-07-22 15:50:14,296","level":"INFO","node":0,"msg":"Synced weights from master for round 19"}
{"time":"2026-07-22 15:50:14,296","level":"INFO","node":0,"msg":"Training complete after 20 rounds"}
{"time":"2026-07-22 15:50:14,323","level":"INFO","node":0,"msg":"Sent commit vote to node 3"}
{"time":"2026-07-22 15:50:18,516","level":"INFO","node":0,"msg":"Watchdog fired but training already complete — ignoring, not excluding node 1."}
{"time":"2026-07-22 15:53:56,004","level":"INFO","node":0,"msg":"Watchdog fired but training already complete — ignoring, not excluding node 1."}
{"time":"2026-07-22 16:11:40,099","level":"INFO","node":0,"msg":"Starting node 0: City General Hospital"}
{"time":"2026-07-22 16:11:40,099","level":"INFO","node":0,"msg":"[CONFIG DEBUG] attack_simulation loaded: enabled=True target_node=2 type=backdoor config_path=config_dev.json"}
{"time":"2026-07-22 16:11:40,298","level":"WARNING","node":0,"msg":"DEV MODE: running without TLS"}
{"time":"2026-07-22 16:11:40,298","level":"INFO","node":0,"msg":"Listening on 127.0.0.1:8000 | TLS=False"}
{"time":"2026-07-22 16:11:47,035","level":"INFO","node":0,"msg":"Consensus pubkey received from node 1"}
{"time":"2026-07-22 16:11:47,035","level":"INFO","node":0,"msg":"Key exchange complete with node 1"}
{"time":"2026-07-22 16:11:50,399","level":"INFO","node":0,"msg":"Key exchange complete with node 2"}
{"time":"2026-07-22 16:11:50,399","level":"INFO","node":0,"msg":"Consensus pubkey received from node 2"}
{"time":"2026-07-22 16:11:52,405","level":"INFO","node":0,"msg":"Consensus pubkey received from node 3"}
{"time":"2026-07-22 16:11:52,420","level":"INFO","node":0,"msg":"Key exchange complete with node 3"}
{"time":"2026-07-22 16:11:58,089","level":"INFO","node":0,"msg":"Sent public key to node 1"}
{"time":"2026-07-22 16:11:58,094","level":"INFO","node":0,"msg":"Sent public key to node 2"}
{"time":"2026-07-22 16:11:58,114","level":"INFO","node":0,"msg":"Sent public key to node 3"}
{"time":"2026-07-22 16:11:58,119","level":"INFO","node":0,"msg":"Sent consensus pubkey to node 1"}
{"time":"2026-07-22 16:11:58,128","level":"INFO","node":0,"msg":"Sent consensus pubkey to node 2"}
{"time":"2026-07-22 16:11:58,132","level":"INFO","node":0,"msg":"Sent consensus pubkey to node 3"}
{"time":"2026-07-22 16:11:58,132","level":"INFO","node":0,"msg":"This node is round 1's proposer — starting."}
{"time":"2026-07-22 16:11:58,137","level":"INFO","node":0,"msg":"Starting round 1"}
{"time":"2026-07-22 16:11:59,340","level":"INFO","node":0,"msg":"[FC2 DELTA NORM] node 0 round=0 — fc2 delta norm this round: 0.0408"}
{"time":"2026-07-22 16:12:05,320","level":"INFO","node":0,"msg":"Sent proposal to node 1"}
{"time":"2026-07-22 16:12:05,320","level":"INFO","node":0,"msg":"Sent proposal to node 2"}
{"time":"2026-07-22 16:12:05,329","level":"INFO","node":0,"msg":"Sent proposal to node 3"}
{"time":"2026-07-22 16:12:05,344","level":"INFO","node":0,"msg":"Sent consensus vote to node 1"}
{"time":"2026-07-22 16:12:05,354","level":"INFO","node":0,"msg":"Sent consensus vote to node 2"}
{"time":"2026-07-22 16:12:05,363","level":"INFO","node":0,"msg":"Sent consensus vote to node 3"}
{"time":"2026-07-22 16:12:05,371","level":"INFO","node":0,"msg":"Forwarded to http://127.0.0.1:8001"}
{"time":"2026-07-22 16:12:15,032","level":"INFO","node":0,"msg":"Consensus vote recorded: node 1 decision=True reason=zkp_ok round=0 new=True satisfied=False"}
{"time":"2026-07-22 16:12:31,951","level":"INFO","node":0,"msg":"Consensus vote recorded: node 2 decision=True reason=zkp_ok round=0 new=True satisfied=True"}
{"time":"2026-07-22 16:12:49,036","level":"INFO","node":0,"msg":"Consensus vote recorded: node 3 decision=True reason=zkp_ok round=0 new=True satisfied=True"}
{"time":"2026-07-22 16:12:56,302","level":"INFO","node":0,"msg":"Received update from node 3, round 0"}
{"time":"2026-07-22 16:12:56,302","level":"INFO","node":0,"msg":"Round 1 complete — aggregating"}
{"time":"2026-07-22 16:12:56,312","level":"INFO","node":0,"msg":"Round 1 accuracy gate skipped (warm-up period, candidate_acc=0.6727)"}
{"time":"2026-07-22 16:12:56,382","level":"INFO","node":0,"msg":"Commit vote recorded: node 1 decision=True round=0 satisfied=False"}
{"time":"2026-07-22 16:12:56,384","level":"INFO","node":0,"msg":"Broadcast weights to node 1"}
{"time":"2026-07-22 16:12:56,424","level":"INFO","node":0,"msg":"Commit vote recorded: node 2 decision=True round=0 satisfied=True"}
{"time":"2026-07-22 16:12:56,424","level":"INFO","node":0,"msg":"Round 1 COMMITTED — model hash agreed by [0, 1, 2]"}
{"time":"2026-07-22 16:12:56,425","level":"INFO","node":0,"msg":"Commit certificate saved to C:\Users\mousu\OneDrive\Desktop\Set A\securefedhe\dashboard\certificates\round_0.json"}
{"time":"2026-07-22 16:12:56,427","level":"INFO","node":0,"msg":"Broadcast weights to node 2"}
{"time":"2026-07-22 16:12:56,442","level":"INFO","node":0,"msg":"Commit vote recorded: node 3 decision=True round=0 satisfied=True"}
{"time":"2026-07-22 16:12:56,443","level":"INFO","node":0,"msg":"Broadcast weights to node 3"}
{"time":"2026-07-22 16:12:56,452","level":"INFO","node":0,"msg":"Checkpoint saved to C:\Users\mousu\OneDrive\Desktop\Set A\securefedhe\dashboard\model_latest.pt"}
{"time":"2026-07-22 16:12:56,452","level":"INFO","node":0,"msg":"Round 1 complete | accuracy=0.6727 | duration=58.31s"}
{"time":"2026-07-22 16:12:56,452","level":"INFO","node":0,"msg":"Round 2 belongs to node 1 — waiting for their proposal."}
{"time":"2026-07-22 16:12:56,461","level":"INFO","node":0,"msg":"Notified next proposer to node 1"}
{"time":"2026-07-22 16:12:56,462","level":"INFO","node":0,"msg":"[WATCHDOG SPAWNED] round=1 expected_proposer=1 timeout_s=600 spawned_at=16:12:56"}
{"time":"2026-07-22 16:13:02,746","level":"INFO","node":0,"msg":"Proposal received: round=1 origin=1 hash=1b5ff39fef23..."}
{"time":"2026-07-22 16:13:02,766","level":"INFO","node":0,"msg":"Consensus vote recorded: node 1 decision=True reason=zkp_ok round=1 new=True satisfied=False"}
{"time":"2026-07-22 16:13:15,732","level":"INFO","node":0,"msg":"Consensus vote recorded: node 2 decision=True reason=zkp_ok round=1 new=True satisfied=False"}
{"time":"2026-07-22 16:14:09,326","level":"INFO","node":0,"msg":"Consensus vote recorded: node 3 decision=True reason=zkp_ok round=1 new=True satisfied=True"}
{"time":"2026-07-22 16:14:30,534","level":"INFO","node":0,"msg":"Received update from node 3, round 1"}
{"time":"2026-07-22 16:15:02,113","level":"INFO","node":0,"msg":"ZKP ACCEPTED from node 3"}
{"time":"2026-07-22 16:15:02,141","level":"INFO","node":0,"msg":"Trust score for node 1: S=0.439 (Z=1.00 A=0.50 P=0.57 R=1.00) advisory only"}
{"time":"2026-07-22 16:15:02,163","level":"INFO","node":0,"msg":"Sent consensus vote to node 1"}
{"time":"2026-07-22 16:15:02,169","level":"INFO","node":0,"msg":"Sent consensus vote to node 2"}
{"time":"2026-07-22 16:15:02,185","level":"INFO","node":0,"msg":"Sent consensus vote to node 3"}
{"time":"2026-07-22 16:15:02,471","level":"INFO","node":0,"msg":"[FC2 DELTA NORM] node 0 round=1 — fc2 delta norm this round: 0.0348"}
{"time":"2026-07-22 16:15:23,461","level":"INFO","node":0,"msg":"Forwarded to http://127.0.0.1:8001"}
{"time":"2026-07-22 16:15:23,521","level":"INFO","node":0,"msg":"Synced weights from master for round 1"}
{"time":"2026-07-22 16:15:23,537","level":"INFO","node":0,"msg":"Sent commit vote to node 1"}
{"time":"2026-07-22 16:15:44,902","level":"INFO","node":0,"msg":"Proposal received: round=2 origin=2 hash=223ab5ec336a..."}
{"time":"2026-07-22 16:15:44,936","level":"INFO","node":0,"msg":"Consensus vote recorded: node 2 decision=True reason=zkp_ok round=2 new=True satisfied=False"}
{"time":"2026-07-22 16:16:16,558","level":"INFO","node":0,"msg":"Consensus vote recorded: node 3 decision=True reason=zkp_ok round=2 new=True satisfied=False"}
{"time":"2026-07-22 16:16:37,806","level":"INFO","node":0,"msg":"Received update from node 3, round 2"}
{"time":"2026-07-22 16:17:09,024","level":"INFO","node":0,"msg":"ZKP ACCEPTED from node 3"}
{"time":"2026-07-22 16:17:09,039","level":"INFO","node":0,"msg":"Trust score for node 2: S=0.436 (Z=1.00 A=0.50 P=0.55 R=1.00) advisory only"}
{"time":"2026-07-22 16:17:09,082","level":"INFO","node":0,"msg":"Sent consensus vote to node 1"}
{"time":"2026-07-22 16:17:09,106","level":"INFO","node":0,"msg":"Sent consensus vote to node 2"}
{"time":"2026-07-22 16:17:09,131","level":"INFO","node":0,"msg":"Sent consensus vote to node 3"}
{"time":"2026-07-22 16:17:09,196","level":"INFO","node":0,"msg":"[FC2 DELTA NORM] node 0 round=2 — fc2 delta norm this round: 0.0430"}
{"time":"2026-07-22 16:17:30,402","level":"INFO","node":0,"msg":"Forwarded to http://127.0.0.1:8001"}
{"time":"2026-07-22 16:18:01,092","level":"INFO","node":0,"msg":"Prediction agreement with node 1 round=2: A=0.998"}
{"time":"2026-07-22 16:18:01,092","level":"INFO","node":0,"msg":"Consensus vote recorded: node 1 decision=True reason=zkp_ok round=2 new=True satisfied=True"}
{"time":"2026-07-22 16:18:07,315","level":"INFO","node":0,"msg":"Synced weights from master for round 2"}
{"time":"2026-07-22 16:18:07,342","level":"INFO","node":0,"msg":"Sent commit vote to node 2"}
{"time":"2026-07-22 16:18:13,938","level":"INFO","node":0,"msg":"Proposal received: round=3 origin=3 hash=d9ecefdf90e7..."}
{"time":"2026-07-22 16:18:13,987","level":"INFO","node":0,"msg":"Consensus vote recorded: node 3 decision=True reason=zkp_ok round=3 new=True satisfied=False"}
{"time":"2026-07-22 16:18:14,004","level":"INFO","node":0,"msg":"Received update from node 3, round 3"}
{"time":"2026-07-22 16:18:23,664","level":"INFO","node":0,"msg":"ZKP ACCEPTED from node 3"}
{"time":"2026-07-22 16:18:23,677","level":"INFO","node":0,"msg":"Trust score for node 3: S=0.442 (Z=1.00 A=0.50 P=0.59 R=1.00) advisory only"}
{"time":"2026-07-22 16:18:23,690","level":"INFO","node":0,"msg":"Sent consensus vote to node 1"}
{"time":"2026-07-22 16:18:23,717","level":"INFO","node":0,"msg":"Sent consensus vote to node 2"}
{"time":"2026-07-22 16:18:23,732","level":"INFO","node":0,"msg":"Sent consensus vote to node 3"}
{"time":"2026-07-22 16:18:23,756","level":"INFO","node":0,"msg":"[FC2 DELTA NORM] node 0 round=3 — fc2 delta norm this round: 0.0415"}
{"time":"2026-07-22 16:18:29,854","level":"INFO","node":0,"msg":"Forwarded to http://127.0.0.1:8001"}
{"time":"2026-07-22 16:18:39,578","level":"INFO","node":0,"msg":"Prediction agreement with node 1 round=3: A=0.992"}
{"time":"2026-07-22 16:18:39,578","level":"INFO","node":0,"msg":"Consensus vote recorded: node 1 decision=True reason=zkp_ok round=3 new=True satisfied=True"}
{"time":"2026-07-22 16:18:55,615","level":"INFO","node":0,"msg":"Prediction agreement with node 2 round=3: A=0.963"}
{"time":"2026-07-22 16:18:55,615","level":"INFO","node":0,"msg":"Consensus vote recorded: node 2 decision=True reason=zkp_ok round=3 new=True satisfied=True"}
{"time":"2026-07-22 16:19:01,828","level":"INFO","node":0,"msg":"Synced weights from master for round 3"}
{"time":"2026-07-22 16:19:01,852","level":"INFO","node":0,"msg":"Sent commit vote to node 3"}
{"time":"2026-07-22 16:19:01,932","level":"INFO","node":0,"msg":"My turn — starting round 5 as proposer."}
{"time":"2026-07-22 16:19:01,933","level":"INFO","node":0,"msg":"Starting round 5"}
{"time":"2026-07-22 16:19:01,960","level":"INFO","node":0,"msg":"[FC2 DELTA NORM] node 0 round=4 — fc2 delta norm this round: 0.0486"}
{"time":"2026-07-22 16:19:07,984","level":"INFO","node":0,"msg":"Sent proposal to node 1"}
{"time":"2026-07-22 16:19:08,002","level":"INFO","node":0,"msg":"Sent proposal to node 2"}
{"time":"2026-07-22 16:19:08,021","level":"INFO","node":0,"msg":"Sent proposal to node 3"}
{"time":"2026-07-22 16:19:08,032","level":"INFO","node":0,"msg":"Sent consensus vote to node 1"}
{"time":"2026-07-22 16:19:08,036","level":"INFO","node":0,"msg":"Sent consensus vote to node 2"}
{"time":"2026-07-22 16:19:08,044","level":"INFO","node":0,"msg":"Sent consensus vote to node 3"}
{"time":"2026-07-22 16:19:08,051","level":"INFO","node":0,"msg":"Forwarded to http://127.0.0.1:8001"}
{"time":"2026-07-22 16:19:17,787","level":"INFO","node":0,"msg":"Consensus vote recorded: node 1 decision=True reason=zkp_ok round=4 new=True satisfied=False"}
{"time":"2026-07-22 16:19:33,747","level":"INFO","node":0,"msg":"Consensus vote recorded: node 2 decision=True reason=zkp_ok round=4 new=True satisfied=True"}
{"time":"2026-07-22 16:19:49,608","level":"INFO","node":0,"msg":"Consensus vote recorded: node 3 decision=True reason=zkp_ok round=4 new=True satisfied=True"}
{"time":"2026-07-22 16:19:55,621","level":"INFO","node":0,"msg":"Received update from node 3, round 4"}
{"time":"2026-07-22 16:19:55,621","level":"INFO","node":0,"msg":"Round 5 complete — aggregating"}
{"time":"2026-07-22 16:19:55,629","level":"INFO","node":0,"msg":"Round 5 accuracy gate skipped (warm-up period, candidate_acc=0.7545)"}
{"time":"2026-07-22 16:19:55,660","level":"INFO","node":0,"msg":"Commit vote recorded: node 1 decision=True round=4 satisfied=False"}
{"time":"2026-07-22 16:19:55,662","level":"INFO","node":0,"msg":"Broadcast weights to node 1"}
{"time":"2026-07-22 16:19:55,695","level":"INFO","node":0,"msg":"Commit vote recorded: node 2 decision=True round=4 satisfied=True"}
{"time":"2026-07-22 16:19:55,695","level":"INFO","node":0,"msg":"Round 5 COMMITTED — model hash agreed by [0, 1, 2]"}
{"time":"2026-07-22 16:19:55,696","level":"INFO","node":0,"msg":"Commit certificate saved to C:\Users\mousu\OneDrive\Desktop\Set A\securefedhe\dashboard\certificates\round_4.json"}
{"time":"2026-07-22 16:19:55,698","level":"INFO","node":0,"msg":"Broadcast weights to node 2"}
{"time":"2026-07-22 16:19:55,718","level":"INFO","node":0,"msg":"Commit vote recorded: node 3 decision=True round=4 satisfied=True"}
{"time":"2026-07-22 16:19:55,720","level":"INFO","node":0,"msg":"Broadcast weights to node 3"}
{"time":"2026-07-22 16:19:55,722","level":"INFO","node":0,"msg":"Checkpoint saved to C:\Users\mousu\OneDrive\Desktop\Set A\securefedhe\dashboard\model_latest.pt"}
{"time":"2026-07-22 16:19:55,722","level":"INFO","node":0,"msg":"Round 5 complete | accuracy=0.7545 | duration=53.79s"}
{"time":"2026-07-22 16:19:55,722","level":"INFO","node":0,"msg":"Round 6 belongs to node 1 — waiting for their proposal."}
{"time":"2026-07-22 16:19:55,725","level":"INFO","node":0,"msg":"Notified next proposer to node 1"}
{"time":"2026-07-22 16:19:55,726","level":"INFO","node":0,"msg":"[WATCHDOG SPAWNED] round=5 expected_proposer=1 timeout_s=600 spawned_at=16:19:55"}
{"time":"2026-07-22 16:20:02,054","level":"INFO","node":0,"msg":"Proposal received: round=5 origin=1 hash=5b3afef1f318..."}
{"time":"2026-07-22 16:20:02,077","level":"INFO","node":0,"msg":"Consensus vote recorded: node 1 decision=True reason=zkp_ok round=5 new=True satisfied=False"}
{"time":"2026-07-22 16:20:11,935","level":"INFO","node":0,"msg":"Consensus vote recorded: node 2 decision=True reason=zkp_ok round=5 new=True satisfied=False"}
{"time":"2026-07-22 16:20:27,926","level":"INFO","node":0,"msg":"Consensus vote recorded: node 3 decision=True reason=zkp_ok round=5 new=True satisfied=True"}
{"time":"2026-07-22 16:20:34,115","level":"INFO","node":0,"msg":"Received update from node 3, round 5"}
{"time":"2026-07-22 16:20:43,771","level":"INFO","node":0,"msg":"ZKP ACCEPTED from node 3"}
{"time":"2026-07-22 16:20:43,776","level":"INFO","node":0,"msg":"Per-class agreement with node 1: class0=0.720 class1=0.923 gap=0.203"}
{"time":"2026-07-22 16:20:43,776","level":"INFO","node":0,"msg":"Per-class rolling gap for node 1: mean=0.203 over last 1 round(s)"}
{"time":"2026-07-22 16:20:43,777","level":"INFO","node":0,"msg":"Trust score for node 1: S=0.677 (Z=1.00 A=0.78 P=0.52 R=1.00) advisory only"}
{"time":"2026-07-22 16:20:43,792","level":"INFO","node":0,"msg":"Sent consensus vote to node 1"}
{"time":"2026-07-22 16:20:43,809","level":"INFO","node":0,"msg":"Sent consensus vote to node 2"}
{"time":"2026-07-22 16:20:43,834","level":"INFO","node":0,"msg":"Sent consensus vote to node 3"}
{"time":"2026-07-22 16:20:43,852","level":"INFO","node":0,"msg":"[FC2 DELTA NORM] node 0 round=5 — fc2 delta norm this round: 0.0494"}
{"time":"2026-07-22 16:20:49,950","level":"INFO","node":0,"msg":"Forwarded to http://127.0.0.1:8001"}
{"time":"2026-07-22 16:20:49,991","level":"INFO","node":0,"msg":"Synced weights from master for round 5"}
{"time":"2026-07-22 16:20:49,996","level":"INFO","node":0,"msg":"Sent commit vote to node 1"}
{"time":"2026-07-22 16:20:56,316","level":"INFO","node":0,"msg":"Proposal received: round=6 origin=2 hash=353b1de75da7..."}
{"time":"2026-07-22 16:20:56,351","level":"INFO","node":0,"msg":"Consensus vote recorded: node 2 decision=True reason=zkp_ok round=6 new=True satisfied=False"}
{"time":"2026-07-22 16:21:06,229","level":"INFO","node":0,"msg":"Consensus vote recorded: node 3 decision=True reason=zkp_ok round=6 new=True satisfied=False"}
{"time":"2026-07-22 16:21:12,174","level":"INFO","node":0,"msg":"Received update from node 3, round 6"}
{"time":"2026-07-22 16:21:21,896","level":"INFO","node":0,"msg":"ZKP ACCEPTED from node 3"}
{"time":"2026-07-22 16:21:21,898","level":"INFO","node":0,"msg":"Per-class agreement with node 2: class0=0.809 class1=0.937 gap=0.128"}
{"time":"2026-07-22 16:21:21,902","level":"INFO","node":0,"msg":"Per-class rolling gap for node 2: mean=0.128 over last 1 round(s)"}
{"time":"2026-07-22 16:21:21,903","level":"INFO","node":0,"msg":"Trust score for node 2: S=0.746 (Z=1.00 A=0.85 P=0.57 R=1.00) advisory only"}
{"time":"2026-07-22 16:21:21,933","level":"INFO","node":0,"msg":"Sent consensus vote to node 1"}
{"time":"2026-07-22 16:21:21,960","level":"INFO","node":0,"msg":"Sent consensus vote to node 2"}
{"time":"2026-07-22 16:21:21,985","level":"INFO","node":0,"msg":"Sent consensus vote to node 3"}
{"time":"2026-07-22 16:21:21,999","level":"INFO","node":0,"msg":"[FC2 DELTA NORM] node 0 round=6 — fc2 delta norm this round: 0.0506"}
{"time":"2026-07-22 16:21:27,999","level":"INFO","node":0,"msg":"Forwarded to http://127.0.0.1:8001"}
{"time":"2026-07-22 16:21:37,676","level":"INFO","node":0,"msg":"Prediction agreement with node 1 round=6: A=0.994"}
{"time":"2026-07-22 16:21:37,676","level":"INFO","node":0,"msg":"Consensus vote recorded: node 1 decision=True reason=zkp_ok round=6 new=True satisfied=True"}
{"time":"2026-07-22 16:21:43,955","level":"INFO","node":0,"msg":"Synced weights from master for round 6"}
{"time":"2026-07-22 16:21:43,975","level":"INFO","node":0,"msg":"Sent commit vote to node 2"}
{"time":"2026-07-22 16:21:50,293","level":"INFO","node":0,"msg":"Proposal received: round=7 origin=3 hash=8574bea7dc21..."}
{"time":"2026-07-22 16:21:50,326","level":"INFO","node":0,"msg":"Consensus vote recorded: node 3 decision=True reason=zkp_ok round=7 new=True satisfied=False"}
{"time":"2026-07-22 16:21:50,336","level":"INFO","node":0,"msg":"Received update from node 3, round 7"}
{"time":"2026-07-22 16:22:00,045","level":"INFO","node":0,"msg":"ZKP ACCEPTED from node 3"}
{"time":"2026-07-22 16:22:00,050","level":"INFO","node":0,"msg":"Per-class agreement with node 3: class0=0.892 class1=0.931 gap=0.038"}
{"time":"2026-07-22 16:22:00,052","level":"INFO","node":0,"msg":"Per-class rolling gap for node 3: mean=0.038 over last 1 round(s)"}
{"time":"2026-07-22 16:22:00,055","level":"INFO","node":0,"msg":"Trust score for node 3: S=0.794 (Z=1.00 A=0.90 P=0.57 R=1.00) advisory only"}
{"time":"2026-07-22 16:22:00,071","level":"INFO","node":0,"msg":"Sent consensus vote to node 1"}
{"time":"2026-07-22 16:22:00,089","level":"INFO","node":0,"msg":"Sent consensus vote to node 2"}
{"time":"2026-07-22 16:22:00,113","level":"INFO","node":0,"msg":"Sent consensus vote to node 3"}
{"time":"2026-07-22 16:22:00,148","level":"INFO","node":0,"msg":"[FC2 DELTA NORM] node 0 round=7 — fc2 delta norm this round: 0.0474"}
{"time":"2026-07-22 16:22:06,348","level":"INFO","node":0,"msg":"Forwarded to http://127.0.0.1:8001"}
{"time":"2026-07-22 16:22:16,028","level":"INFO","node":0,"msg":"Prediction agreement with node 1 round=7: A=0.990"}
{"time":"2026-07-22 16:22:16,029","level":"INFO","node":0,"msg":"Consensus vote recorded: node 1 decision=True reason=zkp_ok round=7 new=True satisfied=True"}
{"time":"2026-07-22 16:22:31,940","level":"INFO","node":0,"msg":"Prediction agreement with node 2 round=7: A=0.942"}
{"time":"2026-07-22 16:22:31,941","level":"INFO","node":0,"msg":"Consensus vote recorded: node 2 decision=True reason=zkp_ok round=7 new=True satisfied=True"}
{"time":"2026-07-22 16:22:38,243","level":"INFO","node":0,"msg":"Synced weights from master for round 7"}
{"time":"2026-07-22 16:22:38,261","level":"INFO","node":0,"msg":"Sent commit vote to node 3"}
{"time":"2026-07-22 16:22:38,332","level":"INFO","node":0,"msg":"My turn — starting round 9 as proposer."}
{"time":"2026-07-22 16:22:38,333","level":"INFO","node":0,"msg":"Starting round 9"}
{"time":"2026-07-22 16:22:38,358","level":"INFO","node":0,"msg":"[FC2 DELTA NORM] node 0 round=8 — fc2 delta norm this round: 0.0510"}
{"time":"2026-07-22 16:22:44,525","level":"INFO","node":0,"msg":"Sent proposal to node 1"}
{"time":"2026-07-22 16:22:44,529","level":"INFO","node":0,"msg":"Sent proposal to node 2"}
{"time":"2026-07-22 16:22:44,534","level":"INFO","node":0,"msg":"Sent proposal to node 3"}
{"time":"2026-07-22 16:22:44,546","level":"INFO","node":0,"msg":"Sent consensus vote to node 1"}
{"time":"2026-07-22 16:22:44,552","level":"INFO","node":0,"msg":"Sent consensus vote to node 2"}
{"time":"2026-07-22 16:22:44,559","level":"INFO","node":0,"msg":"Sent consensus vote to node 3"}
{"time":"2026-07-22 16:22:44,570","level":"INFO","node":0,"msg":"Forwarded to http://127.0.0.1:8001"}
{"time":"2026-07-22 16:22:54,358","level":"INFO","node":0,"msg":"Consensus vote recorded: node 1 decision=True reason=zkp_ok round=8 new=True satisfied=False"}
{"time":"2026-07-22 16:23:10,367","level":"INFO","node":0,"msg":"Consensus vote recorded: node 2 decision=True reason=zkp_ok round=8 new=True satisfied=True"}
{"time":"2026-07-22 16:23:26,439","level":"INFO","node":0,"msg":"Consensus vote recorded: node 3 decision=True reason=zkp_ok round=8 new=True satisfied=True"}
{"time":"2026-07-22 16:23:32,614","level":"INFO","node":0,"msg":"Received update from node 3, round 8"}
{"time":"2026-07-22 16:23:32,614","level":"INFO","node":0,"msg":"Round 9 complete — aggregating"}
{"time":"2026-07-22 16:23:32,659","level":"WARNING","node":0,"msg":"[BACKDOOR PROBE] Round 9 SUSPICIOUS: feature=5 value=8.0 forces class=1 flip_rate=1.000 jump=0.791 (thresholds: flip>0.7, jump>0.3)"}
{"time":"2026-07-22 16:23:32,712","level":"INFO","node":0,"msg":"Commit vote recorded: node 1 decision=True round=8 satisfied=False"}
{"time":"2026-07-22 16:23:32,714","level":"INFO","node":0,"msg":"Broadcast weights to node 1"}
{"time":"2026-07-22 16:23:32,757","level":"INFO","node":0,"msg":"Commit vote recorded: node 2 decision=True round=8 satisfied=True"}
{"time":"2026-07-22 16:23:32,757","level":"INFO","node":0,"msg":"Round 9 COMMITTED — model hash agreed by [0, 1, 2]"}
{"time":"2026-07-22 16:23:32,759","level":"INFO","node":0,"msg":"Commit certificate saved to C:\Users\mousu\OneDrive\Desktop\Set A\securefedhe\dashboard\certificates\round_8.json"}
{"time":"2026-07-22 16:23:32,759","level":"INFO","node":0,"msg":"Broadcast weights to node 2"}
{"time":"2026-07-22 16:23:32,781","level":"INFO","node":0,"msg":"Commit vote recorded: node 3 decision=True round=8 satisfied=True"}
{"time":"2026-07-22 16:23:32,786","level":"INFO","node":0,"msg":"Broadcast weights to node 3"}
{"time":"2026-07-22 16:23:32,788","level":"INFO","node":0,"msg":"Checkpoint saved to C:\Users\mousu\OneDrive\Desktop\Set A\securefedhe\dashboard\model_latest.pt"}
{"time":"2026-07-22 16:23:32,788","level":"INFO","node":0,"msg":"Round 9 complete | accuracy=0.8000 | duration=54.46s"}
{"time":"2026-07-22 16:23:32,788","level":"INFO","node":0,"msg":"Round 10 belongs to node 1 — waiting for their proposal."}
{"time":"2026-07-22 16:23:32,792","level":"INFO","node":0,"msg":"Notified next proposer to node 1"}
{"time":"2026-07-22 16:23:32,792","level":"INFO","node":0,"msg":"[WATCHDOG SPAWNED] round=9 expected_proposer=1 timeout_s=600 spawned_at=16:23:32"}
{"time":"2026-07-22 16:23:39,080","level":"INFO","node":0,"msg":"Proposal received: round=9 origin=1 hash=8d14db7b932f..."}
{"time":"2026-07-22 16:23:39,100","level":"INFO","node":0,"msg":"Consensus vote recorded: node 1 decision=True reason=zkp_ok round=9 new=True satisfied=False"}
{"time":"2026-07-22 16:23:48,967","level":"INFO","node":0,"msg":"Consensus vote recorded: node 2 decision=True reason=zkp_ok round=9 new=True satisfied=False"}
{"time":"2026-07-22 16:24:04,965","level":"INFO","node":0,"msg":"Consensus vote recorded: node 3 decision=True reason=zkp_ok round=9 new=True satisfied=True"}
{"time":"2026-07-22 16:24:11,106","level":"INFO","node":0,"msg":"Received update from node 3, round 9"}
{"time":"2026-07-22 16:24:20,790","level":"INFO","node":0,"msg":"ZKP ACCEPTED from node 3"}
{"time":"2026-07-22 16:24:20,790","level":"INFO","node":0,"msg":"fc_in col7 delta self-cosine for node 1: 0.4057 (delta_norm=0.1630)"}
{"time":"2026-07-22 16:24:20,790","level":"INFO","node":0,"msg":"Per-class agreement with node 1: class0=0.953 class1=0.921 gap=0.032"}
{"time":"2026-07-22 16:24:20,790","level":"INFO","node":0,"msg":"Per-class rolling gap for node 1: mean=0.118 over last 2 round(s)"}
{"time":"2026-07-22 16:24:20,798","level":"INFO","node":0,"msg":"Trust score for node 1: S=0.818 (Z=1.00 A=0.94 P=0.54 R=1.00) advisory only"}
{"time":"2026-07-22 16:24:20,827","level":"INFO","node":0,"msg":"Sent consensus vote to node 1"}
{"time":"2026-07-22 16:24:20,857","level":"INFO","node":0,"msg":"Sent consensus vote to node 2"}
{"time":"2026-07-22 16:24:20,879","level":"INFO","node":0,"msg":"Sent consensus vote to node 3"}
{"time":"2026-07-22 16:24:20,899","level":"INFO","node":0,"msg":"[FC2 DELTA NORM] node 0 round=9 — fc2 delta norm this round: 0.0504"}
{"time":"2026-07-22 16:24:27,056","level":"INFO","node":0,"msg":"Forwarded to http://127.0.0.1:8001"}
{"time":"2026-07-22 16:24:27,097","level":"INFO","node":0,"msg":"Synced weights from master for round 9"}
{"time":"2026-07-22 16:24:27,102","level":"INFO","node":0,"msg":"Sent commit vote to node 1"}
{"time":"2026-07-22 16:24:33,536","level":"INFO","node":0,"msg":"Proposal received: round=10 origin=2 hash=31b553a257f5..."}
{"time":"2026-07-22 16:24:33,550","level":"INFO","node":0,"msg":"Consensus vote recorded: node 2 decision=True reason=zkp_ok round=10 new=True satisfied=False"}
{"time":"2026-07-22 16:24:43,322","level":"INFO","node":0,"msg":"Consensus vote recorded: node 3 decision=True reason=zkp_ok round=10 new=True satisfied=False"}
{"time":"2026-07-22 16:24:49,488","level":"INFO","node":0,"msg":"Received update from node 3, round 10"}
{"time":"2026-07-22 16:24:59,220","level":"INFO","node":0,"msg":"ZKP ACCEPTED from node 3"}
{"time":"2026-07-22 16:24:59,220","level":"INFO","node":0,"msg":"fc_in col7 delta self-cosine for node 2: 0.1821 (delta_norm=0.2005)"}
{"time":"2026-07-22 16:24:59,236","level":"INFO","node":0,"msg":"Per-class agreement with node 2: class0=0.965 class1=0.930 gap=0.036"}
{"time":"2026-07-22 16:24:59,236","level":"INFO","node":0,"msg":"Per-class rolling gap for node 2: mean=0.082 over last 2 round(s)"}
{"time":"2026-07-22 16:24:59,243","level":"INFO","node":0,"msg":"Trust score for node 2: S=0.828 (Z=1.00 A=0.95 P=0.54 R=1.00) advisory only"}
{"time":"2026-07-22 16:24:59,274","level":"INFO","node":0,"msg":"Sent consensus vote to node 1"}
{"time":"2026-07-22 16:24:59,292","level":"INFO","node":0,"msg":"Sent consensus vote to node 2"}
{"time":"2026-07-22 16:24:59,306","level":"INFO","node":0,"msg":"Sent consensus vote to node 3"}
{"time":"2026-07-22 16:24:59,328","level":"INFO","node":0,"msg":"[FC2 DELTA NORM] node 0 round=10 — fc2 delta norm this round: 0.0497"}
{"time":"2026-07-22 16:25:05,360","level":"INFO","node":0,"msg":"Forwarded to http://127.0.0.1:8001"}
{"time":"2026-07-22 16:25:15,092","level":"INFO","node":0,"msg":"Prediction agreement with node 1 round=10: A=0.994"}
{"time":"2026-07-22 16:25:15,092","level":"INFO","node":0,"msg":"Consensus vote recorded: node 1 decision=True reason=zkp_ok round=10 new=True satisfied=True"}
{"time":"2026-07-22 16:25:21,350","level":"INFO","node":0,"msg":"Synced weights from master for round 10"}
{"time":"2026-07-22 16:25:21,364","level":"INFO","node":0,"msg":"Sent commit vote to node 2"}
{"time":"2026-07-22 16:25:27,677","level":"INFO","node":0,"msg":"Proposal received: round=11 origin=3 hash=9c1fb678daad..."}
{"time":"2026-07-22 16:25:27,692","level":"INFO","node":0,"msg":"Consensus vote recorded: node 3 decision=True reason=zkp_ok round=11 new=True satisfied=False"}
{"time":"2026-07-22 16:25:27,710","level":"INFO","node":0,"msg":"Received update from node 3, round 11"}
{"time":"2026-07-22 16:25:37,269","level":"INFO","node":0,"msg":"ZKP ACCEPTED from node 3"}
{"time":"2026-07-22 16:25:37,269","level":"INFO","node":0,"msg":"fc_in col7 delta self-cosine for node 3: -0.0955 (delta_norm=0.2494)"}
{"time":"2026-07-22 16:25:37,275","level":"INFO","node":0,"msg":"Per-class agreement with node 3: class0=0.966 class1=0.914 gap=0.052"}
{"time":"2026-07-22 16:25:37,275","level":"INFO","node":0,"msg":"Per-class rolling gap for node 3: mean=0.045 over last 2 round(s)"}
{"time":"2026-07-22 16:25:37,277","level":"INFO","node":0,"msg":"Trust score for node 3: S=0.829 (Z=1.00 A=0.95 P=0.55 R=1.00) advisory only"}
{"time":"2026-07-22 16:25:37,290","level":"INFO","node":0,"msg":"Sent consensus vote to node 1"}
{"time":"2026-07-22 16:25:37,314","level":"INFO","node":0,"msg":"Sent consensus vote to node 2"}
{"time":"2026-07-22 16:25:37,326","level":"INFO","node":0,"msg":"Sent consensus vote to node 3"}
{"time":"2026-07-22 16:25:37,344","level":"INFO","node":0,"msg":"[FC2 DELTA NORM] node 0 round=11 — fc2 delta norm this round: 0.0526"}
{"time":"2026-07-22 16:25:43,447","level":"INFO","node":0,"msg":"Forwarded to http://127.0.0.1:8001"}
{"time":"2026-07-22 16:25:53,178","level":"INFO","node":0,"msg":"Prediction agreement with node 1 round=11: A=0.990"}
{"time":"2026-07-22 16:25:53,178","level":"INFO","node":0,"msg":"Consensus vote recorded: node 1 decision=True reason=zkp_ok round=11 new=True satisfied=True"}
{"time":"2026-07-22 16:26:09,193","level":"INFO","node":0,"msg":"Prediction agreement with node 2 round=11: A=0.954"}
{"time":"2026-07-22 16:26:09,193","level":"INFO","node":0,"msg":"Consensus vote recorded: node 2 decision=True reason=zkp_ok round=11 new=True satisfied=True"}
{"time":"2026-07-22 16:26:15,427","level":"INFO","node":0,"msg":"Synced weights from master for round 11"}
{"time":"2026-07-22 16:26:15,447","level":"INFO","node":0,"msg":"Sent commit vote to node 3"}
{"time":"2026-07-22 16:26:15,509","level":"INFO","node":0,"msg":"My turn — starting round 13 as proposer."}
{"time":"2026-07-22 16:26:15,509","level":"INFO","node":0,"msg":"Starting round 13"}
{"time":"2026-07-22 16:26:15,535","level":"INFO","node":0,"msg":"[FC2 DELTA NORM] node 0 round=12 — fc2 delta norm this round: 0.0533"}
{"time":"2026-07-22 16:26:21,679","level":"INFO","node":0,"msg":"Sent proposal to node 1"}
{"time":"2026-07-22 16:26:21,694","level":"INFO","node":0,"msg":"Sent proposal to node 2"}
{"time":"2026-07-22 16:26:21,712","level":"INFO","node":0,"msg":"Sent proposal to node 3"}
{"time":"2026-07-22 16:26:21,715","level":"INFO","node":0,"msg":"Sent consensus vote to node 1"}
{"time":"2026-07-22 16:26:21,718","level":"INFO","node":0,"msg":"Sent consensus vote to node 2"}
{"time":"2026-07-22 16:26:21,726","level":"INFO","node":0,"msg":"Sent consensus vote to node 3"}
{"time":"2026-07-22 16:26:21,736","level":"INFO","node":0,"msg":"Forwarded to http://127.0.0.1:8001"}
{"time":"2026-07-22 16:26:31,375","level":"INFO","node":0,"msg":"Consensus vote recorded: node 1 decision=True reason=zkp_ok round=12 new=True satisfied=False"}
{"time":"2026-07-22 16:26:47,385","level":"INFO","node":0,"msg":"Consensus vote recorded: node 2 decision=True reason=zkp_ok round=12 new=True satisfied=True"}
{"time":"2026-07-22 16:27:03,367","level":"INFO","node":0,"msg":"Consensus vote recorded: node 3 decision=True reason=zkp_ok round=12 new=True satisfied=True"}
{"time":"2026-07-22 16:27:09,595","level":"INFO","node":0,"msg":"Received update from node 3, round 12"}
{"time":"2026-07-22 16:27:09,595","level":"INFO","node":0,"msg":"Round 13 complete — aggregating"}
{"time":"2026-07-22 16:27:09,630","level":"WARNING","node":0,"msg":"[BACKDOOR PROBE] Round 13 SUSPICIOUS: feature=1 value=8.0 forces class=1 flip_rate=1.000 jump=0.782 (thresholds: flip>0.7, jump>0.3)"}
{"time":"2026-07-22 16:27:09,670","level":"INFO","node":0,"msg":"Commit vote recorded: node 1 decision=True round=12 satisfied=False"}
{"time":"2026-07-22 16:27:09,672","level":"INFO","node":0,"msg":"Broadcast weights to node 1"}
{"time":"2026-07-22 16:27:09,731","level":"INFO","node":0,"msg":"Commit vote recorded: node 2 decision=True round=12 satisfied=True"}
{"time":"2026-07-22 16:27:09,731","level":"INFO","node":0,"msg":"Round 13 COMMITTED — model hash agreed by [0, 1, 2]"}
{"time":"2026-07-22 16:27:09,733","level":"INFO","node":0,"msg":"Commit certificate saved to C:\Users\mousu\OneDrive\Desktop\Set A\securefedhe\dashboard\certificates\round_12.json"}
{"time":"2026-07-22 16:27:09,735","level":"INFO","node":0,"msg":"Broadcast weights to node 2"}
{"time":"2026-07-22 16:27:09,752","level":"INFO","node":0,"msg":"Commit vote recorded: node 3 decision=True round=12 satisfied=True"}
{"time":"2026-07-22 16:27:09,754","level":"INFO","node":0,"msg":"Broadcast weights to node 3"}
{"time":"2026-07-22 16:27:09,756","level":"INFO","node":0,"msg":"Checkpoint saved to C:\Users\mousu\OneDrive\Desktop\Set A\securefedhe\dashboard\model_latest.pt"}
{"time":"2026-07-22 16:27:09,756","level":"INFO","node":0,"msg":"Round 13 complete | accuracy=0.8091 | duration=54.25s"}
{"time":"2026-07-22 16:27:09,756","level":"INFO","node":0,"msg":"Round 14 belongs to node 1 — waiting for their proposal."}
{"time":"2026-07-22 16:27:09,759","level":"INFO","node":0,"msg":"Notified next proposer to node 1"}
{"time":"2026-07-22 16:27:09,760","level":"INFO","node":0,"msg":"[WATCHDOG SPAWNED] round=13 expected_proposer=1 timeout_s=600 spawned_at=16:27:09"}
{"time":"2026-07-22 16:27:16,063","level":"INFO","node":0,"msg":"Proposal received: round=13 origin=1 hash=c738741c2980..."}
{"time":"2026-07-22 16:27:16,106","level":"INFO","node":0,"msg":"Consensus vote recorded: node 1 decision=True reason=zkp_ok round=13 new=True satisfied=False"}
{"time":"2026-07-22 16:27:25,968","level":"INFO","node":0,"msg":"Consensus vote recorded: node 2 decision=True reason=zkp_ok round=13 new=True satisfied=False"}
{"time":"2026-07-22 16:27:41,878","level":"INFO","node":0,"msg":"Consensus vote recorded: node 3 decision=True reason=zkp_ok round=13 new=True satisfied=True"}
{"time":"2026-07-22 16:27:48,003","level":"INFO","node":0,"msg":"Received update from node 3, round 13"}
{"time":"2026-07-22 16:27:57,781","level":"INFO","node":0,"msg":"ZKP ACCEPTED from node 3"}
{"time":"2026-07-22 16:27:57,783","level":"INFO","node":0,"msg":"fc_in col7 delta self-cosine for node 1: 0.1862 (delta_norm=0.1845)"}
{"time":"2026-07-22 16:27:57,783","level":"INFO","node":0,"msg":"Per-class agreement with node 1: class0=0.968 class1=0.942 gap=0.026"}
{"time":"2026-07-22 16:27:57,783","level":"INFO","node":0,"msg":"Per-class rolling gap for node 1: mean=0.087 over last 3 round(s)"}
{"time":"2026-07-22 16:27:57,788","level":"INFO","node":0,"msg":"Trust score for node 1: S=0.818 (Z=1.00 A=0.96 P=0.48 R=1.00) advisory only"}
{"time":"2026-07-22 16:27:57,804","level":"INFO","node":0,"msg":"Sent consensus vote to node 1"}
{"time":"2026-07-22 16:27:57,829","level":"INFO","node":0,"msg":"Sent consensus vote to node 2"}
{"time":"2026-07-22 16:27:57,839","level":"INFO","node":0,"msg":"Sent consensus vote to node 3"}
{"time":"2026-07-22 16:27:57,858","level":"INFO","node":0,"msg":"[FC2 DELTA NORM] node 0 round=13 — fc2 delta norm this round: 0.0528"}
{"time":"2026-07-22 16:28:03,922","level":"INFO","node":0,"msg":"Forwarded to http://127.0.0.1:8001"}
{"time":"2026-07-22 16:28:03,996","level":"INFO","node":0,"msg":"Synced weights from master for round 13"}
{"time":"2026-07-22 16:28:04,003","level":"INFO","node":0,"msg":"Sent commit vote to node 1"}
{"time":"2026-07-22 16:28:10,493","level":"INFO","node":0,"msg":"Proposal received: round=14 origin=2 hash=768040f123ce..."}
{"time":"2026-07-22 16:28:10,529","level":"INFO","node":0,"msg":"Consensus vote recorded: node 2 decision=True reason=zkp_ok round=14 new=True satisfied=False"}
{"time":"2026-07-22 16:28:20,266","level":"INFO","node":0,"msg":"Consensus vote recorded: node 3 decision=True reason=zkp_ok round=14 new=True satisfied=False"}
{"time":"2026-07-22 16:28:26,435","level":"INFO","node":0,"msg":"Received update from node 3, round 14"}
{"time":"2026-07-22 16:28:36,176","level":"INFO","node":0,"msg":"ZKP ACCEPTED from node 3"}
{"time":"2026-07-22 16:28:36,176","level":"INFO","node":0,"msg":"fc_in col7 delta self-cosine for node 2: 0.0022 (delta_norm=0.1948)"}
{"time":"2026-07-22 16:28:36,176","level":"INFO","node":0,"msg":"Per-class agreement with node 2: class0=0.977 class1=0.943 gap=0.035"}
{"time":"2026-07-22 16:28:36,176","level":"INFO","node":0,"msg":"Per-class rolling gap for node 2: mean=0.066 over last 3 round(s)"}
{"time":"2026-07-22 16:28:36,192","level":"INFO","node":0,"msg":"Trust score for node 2: S=0.848 (Z=1.00 A=0.97 P=0.57 R=1.00) advisory only"}
{"time":"2026-07-22 16:28:36,207","level":"INFO","node":0,"msg":"Sent consensus vote to node 1"}
{"time":"2026-07-22 16:28:36,219","level":"INFO","node":0,"msg":"Sent consensus vote to node 2"}
{"time":"2026-07-22 16:28:36,227","level":"INFO","node":0,"msg":"Sent consensus vote to node 3"}
{"time":"2026-07-22 16:28:36,253","level":"INFO","node":0,"msg":"[FC2 DELTA NORM] node 0 round=14 — fc2 delta norm this round: 0.0526"}
{"time":"2026-07-22 16:28:42,424","level":"INFO","node":0,"msg":"Forwarded to http://127.0.0.1:8001"}
{"time":"2026-07-22 16:28:51,997","level":"INFO","node":0,"msg":"Prediction agreement with node 1 round=14: A=0.994"}
{"time":"2026-07-22 16:28:51,998","level":"INFO","node":0,"msg":"Consensus vote recorded: node 1 decision=True reason=zkp_ok round=14 new=True satisfied=True"}
{"time":"2026-07-22 16:28:58,295","level":"INFO","node":0,"msg":"Synced weights from master for round 14"}
{"time":"2026-07-22 16:28:58,316","level":"INFO","node":0,"msg":"Sent commit vote to node 2"}
{"time":"2026-07-22 16:29:04,672","level":"INFO","node":0,"msg":"Proposal received: round=15 origin=3 hash=63f2d37f5535..."}
{"time":"2026-07-22 16:29:04,710","level":"INFO","node":0,"msg":"Consensus vote recorded: node 3 decision=True reason=zkp_ok round=15 new=True satisfied=False"}
{"time":"2026-07-22 16:29:04,723","level":"INFO","node":0,"msg":"Received update from node 3, round 15"}
{"time":"2026-07-22 16:29:14,495","level":"INFO","node":0,"msg":"ZKP ACCEPTED from node 3"}
{"time":"2026-07-22 16:29:14,495","level":"INFO","node":0,"msg":"fc_in col7 delta self-cosine for node 3: -0.0817 (delta_norm=0.2564)"}
{"time":"2026-07-22 16:29:14,495","level":"INFO","node":0,"msg":"Per-class agreement with node 3: class0=0.973 class1=0.938 gap=0.035"}
{"time":"2026-07-22 16:29:14,504","level":"INFO","node":0,"msg":"Per-class rolling gap for node 3: mean=0.042 over last 3 round(s)"}
{"time":"2026-07-22 16:29:14,504","level":"INFO","node":0,"msg":"Trust score for node 3: S=0.839 (Z=1.00 A=0.96 P=0.55 R=1.00) advisory only"}
{"time":"2026-07-22 16:29:14,522","level":"INFO","node":0,"msg":"Sent consensus vote to node 1"}
{"time":"2026-07-22 16:29:14,547","level":"INFO","node":0,"msg":"Sent consensus vote to node 2"}
{"time":"2026-07-22 16:29:14,565","level":"INFO","node":0,"msg":"Sent consensus vote to node 3"}
{"time":"2026-07-22 16:29:14,587","level":"INFO","node":0,"msg":"[FC2 DELTA NORM] node 0 round=15 — fc2 delta norm this round: 0.0528"}
{"time":"2026-07-22 16:29:20,564","level":"INFO","node":0,"msg":"Forwarded to http://127.0.0.1:8001"}
{"time":"2026-07-22 16:29:30,586","level":"INFO","node":0,"msg":"Prediction agreement with node 1 round=15: A=0.992"}
{"time":"2026-07-22 16:29:30,587","level":"INFO","node":0,"msg":"Consensus vote recorded: node 1 decision=True reason=zkp_ok round=15 new=True satisfied=True"}
{"time":"2026-07-22 16:29:46,607","level":"INFO","node":0,"msg":"Prediction agreement with node 2 round=15: A=0.952"}
{"time":"2026-07-22 16:29:46,608","level":"INFO","node":0,"msg":"Consensus vote recorded: node 2 decision=True reason=zkp_ok round=15 new=True satisfied=True"}
{"time":"2026-07-22 16:29:52,823","level":"INFO","node":0,"msg":"Synced weights from master for round 15"}
{"time":"2026-07-22 16:29:52,848","level":"INFO","node":0,"msg":"Sent commit vote to node 3"}
{"time":"2026-07-22 16:29:52,925","level":"INFO","node":0,"msg":"My turn — starting round 17 as proposer."}
{"time":"2026-07-22 16:29:52,926","level":"INFO","node":0,"msg":"Starting round 17"}
{"time":"2026-07-22 16:29:52,947","level":"INFO","node":0,"msg":"[FC2 DELTA NORM] node 0 round=16 — fc2 delta norm this round: 0.0496"}
{"time":"2026-07-22 16:29:59,144","level":"INFO","node":0,"msg":"Sent proposal to node 1"}
{"time":"2026-07-22 16:29:59,163","level":"INFO","node":0,"msg":"Sent proposal to node 2"}
{"time":"2026-07-22 16:29:59,183","level":"INFO","node":0,"msg":"Sent proposal to node 3"}
{"time":"2026-07-22 16:29:59,192","level":"INFO","node":0,"msg":"Sent consensus vote to node 1"}
{"time":"2026-07-22 16:29:59,196","level":"INFO","node":0,"msg":"Sent consensus vote to node 2"}
{"time":"2026-07-22 16:29:59,200","level":"INFO","node":0,"msg":"Sent consensus vote to node 3"}
{"time":"2026-07-22 16:29:59,208","level":"INFO","node":0,"msg":"Forwarded to http://127.0.0.1:8001"}
{"time":"2026-07-22 16:30:08,792","level":"INFO","node":0,"msg":"Consensus vote recorded: node 1 decision=True reason=zkp_ok round=16 new=True satisfied=False"}
{"time":"2026-07-22 16:30:25,124","level":"INFO","node":0,"msg":"Consensus vote recorded: node 2 decision=True reason=zkp_ok round=16 new=True satisfied=True"}
{"time":"2026-07-22 16:30:41,135","level":"INFO","node":0,"msg":"Consensus vote recorded: node 3 decision=False reason=per_class_agreement_gap round=16 new=True satisfied=True"}
{"time":"2026-07-22 16:30:47,293","level":"INFO","node":0,"msg":"Received update from node 3, round 16"}
{"time":"2026-07-22 16:30:47,293","level":"INFO","node":0,"msg":"Round 17 complete — aggregating"}
{"time":"2026-07-22 16:30:47,329","level":"WARNING","node":0,"msg":"[BACKDOOR PROBE] Round 17 SUSPICIOUS: feature=1 value=8.0 forces class=1 flip_rate=1.000 jump=0.773 (thresholds: flip>0.7, jump>0.3)"}
{"time":"2026-07-22 16:30:47,364","level":"INFO","node":0,"msg":"Commit vote recorded: node 1 decision=True round=16 satisfied=False"}
{"time":"2026-07-22 16:30:47,366","level":"INFO","node":0,"msg":"Broadcast weights to node 1"}
{"time":"2026-07-22 16:30:47,391","level":"INFO","node":0,"msg":"Commit vote recorded: node 2 decision=True round=16 satisfied=True"}
{"time":"2026-07-22 16:30:47,391","level":"INFO","node":0,"msg":"Round 17 COMMITTED — model hash agreed by [0, 1, 2]"}
{"time":"2026-07-22 16:30:47,393","level":"INFO","node":0,"msg":"Commit certificate saved to C:\Users\mousu\OneDrive\Desktop\Set A\securefedhe\dashboard\certificates\round_16.json"}
{"time":"2026-07-22 16:30:47,395","level":"INFO","node":0,"msg":"Broadcast weights to node 2"}
{"time":"2026-07-22 16:30:47,425","level":"INFO","node":0,"msg":"Commit vote recorded: node 3 decision=True round=16 satisfied=True"}
{"time":"2026-07-22 16:30:47,427","level":"INFO","node":0,"msg":"Broadcast weights to node 3"}
{"time":"2026-07-22 16:30:47,429","level":"INFO","node":0,"msg":"Checkpoint saved to C:\Users\mousu\OneDrive\Desktop\Set A\securefedhe\dashboard\model_latest.pt"}
{"time":"2026-07-22 16:30:47,429","level":"INFO","node":0,"msg":"Round 17 complete | accuracy=0.8182 | duration=54.50s"}
{"time":"2026-07-22 16:30:47,429","level":"INFO","node":0,"msg":"Round 18 belongs to node 1 — waiting for their proposal."}
{"time":"2026-07-22 16:30:47,433","level":"INFO","node":0,"msg":"Notified next proposer to node 1"}
{"time":"2026-07-22 16:30:47,433","level":"INFO","node":0,"msg":"[WATCHDOG SPAWNED] round=17 expected_proposer=1 timeout_s=600 spawned_at=16:30:47"}
{"time":"2026-07-22 16:30:53,769","level":"INFO","node":0,"msg":"Proposal received: round=17 origin=1 hash=47727cb48b40..."}
{"time":"2026-07-22 16:30:53,786","level":"INFO","node":0,"msg":"Consensus vote recorded: node 1 decision=True reason=zkp_ok round=17 new=True satisfied=False"}
{"time":"2026-07-22 16:31:04,136","level":"INFO","node":0,"msg":"Consensus vote recorded: node 2 decision=False reason=per_class_agreement_gap round=17 new=True satisfied=False"}
{"time":"2026-07-22 16:31:20,352","level":"INFO","node":0,"msg":"Consensus vote recorded: node 3 decision=False reason=per_class_agreement_gap round=17 new=True satisfied=False"}
{"time":"2026-07-22 16:31:26,561","level":"INFO","node":0,"msg":"Received update from node 3, round 17"}
{"time":"2026-07-22 16:31:36,327","level":"INFO","node":0,"msg":"ZKP ACCEPTED from node 3"}
{"time":"2026-07-22 16:31:36,327","level":"INFO","node":0,"msg":"fc_in col7 delta self-cosine for node 1: 0.1665 (delta_norm=0.1833)"}
{"time":"2026-07-22 16:31:36,332","level":"INFO","node":0,"msg":"Per-class agreement with node 1: class0=0.980 class1=0.971 gap=0.009"}
{"time":"2026-07-22 16:31:36,335","level":"INFO","node":0,"msg":"Per-class rolling gap for node 1: mean=0.067 over last 4 round(s)"}
{"time":"2026-07-22 16:31:36,335","level":"WARNING","node":0,"msg":"[PER-CLASS AGREEMENT CHECK] node 0 observed node 1: SUSTAINED class agreement gap, rolling mean=0.067 over 4 rounds — possible asymmetric/label_flip-style corruption"}
{"time":"2026-07-22 16:31:36,339","level":"INFO","node":0,"msg":"Trust score for node 1: S=0.837 (Z=1.00 A=0.98 P=0.50 R=1.00) advisory only"}
{"time":"2026-07-22 16:31:36,340","level":"WARNING","node":0,"msg":"Update round=17 from node 1 REJECTED on per-class agreement gap"}
{"time":"2026-07-22 16:31:36,360","level":"INFO","node":0,"msg":"Sent consensus vote to node 1"}
{"time":"2026-07-22 16:31:36,388","level":"INFO","node":0,"msg":"Sent consensus vote to node 2"}
{"time":"2026-07-22 16:31:36,415","level":"INFO","node":0,"msg":"Sent consensus vote to node 3"}
{"time":"2026-07-22 16:31:36,438","level":"INFO","node":0,"msg":"[FC2 DELTA NORM] node 0 round=17 — fc2 delta norm this round: 0.0518"}
{"time":"2026-07-22 16:31:42,690","level":"INFO","node":0,"msg":"Forwarded to http://127.0.0.1:8001"}
{"time":"2026-07-22 16:31:49,526","level":"INFO","node":0,"msg":"Proposal for round=17 origin=1 changed hash after 55.76s — treating as a legitimate round retry, not equivocation."}
{"time":"2026-07-22 16:31:49,526","level":"INFO","node":0,"msg":"Proposal received: round=17 origin=1 hash=57754b09c7d8..."}
{"time":"2026-07-22 16:31:49,574","level":"INFO","node":0,"msg":"Consensus vote recorded: node 1 decision=True reason=zkp_ok round=17 new=True satisfied=False"}
{"time":"2026-07-22 16:31:59,336","level":"INFO","node":0,"msg":"Consensus vote recorded: node 2 decision=False reason=per_class_agreement_gap round=17 new=True satisfied=False"}
{"time":"2026-07-22 16:32:15,399","level":"INFO","node":0,"msg":"Consensus vote recorded: node 3 decision=True reason=zkp_ok round=17 new=True satisfied=False"}
{"time":"2026-07-22 16:32:21,581","level":"INFO","node":0,"msg":"Received update from node 3, round 17"}
{"time":"2026-07-22 16:32:31,199","level":"INFO","node":0,"msg":"ZKP ACCEPTED from node 3"}
{"time":"2026-07-22 16:32:31,201","level":"INFO","node":0,"msg":"fc_in col7 delta self-cosine for node 1: -0.1357 (delta_norm=0.1021)"}
{"time":"2026-07-22 16:32:31,201","level":"INFO","node":0,"msg":"Per-class agreement with node 1: class0=0.928 class1=0.944 gap=0.016"}
{"time":"2026-07-22 16:32:31,206","level":"INFO","node":0,"msg":"Per-class rolling gap for node 1: mean=0.021 over last 4 round(s)"}
{"time":"2026-07-22 16:32:31,208","level":"INFO","node":0,"msg":"Trust score for node 1: S=0.779 (Z=1.00 A=0.93 P=0.57 R=0.80) advisory only"}
{"time":"2026-07-22 16:32:31,234","level":"INFO","node":0,"msg":"Sent consensus vote to node 1"}
{"time":"2026-07-22 16:32:31,241","level":"INFO","node":0,"msg":"Sent consensus vote to node 2"}
{"time":"2026-07-22 16:32:31,271","level":"INFO","node":0,"msg":"Sent consensus vote to node 3"}
{"time":"2026-07-22 16:32:31,283","level":"INFO","node":0,"msg":"[FC2 DELTA NORM] node 0 round=17 — fc2 delta norm this round: 0.0428"}
{"time":"2026-07-22 16:32:37,409","level":"INFO","node":0,"msg":"Forwarded to http://127.0.0.1:8001"}
{"time":"2026-07-22 16:32:37,469","level":"INFO","node":0,"msg":"Synced weights from master for round 17"}
{"time":"2026-07-22 16:32:37,474","level":"INFO","node":0,"msg":"Sent commit vote to node 1"}
{"time":"2026-07-22 16:32:43,893","level":"INFO","node":0,"msg":"Proposal received: round=18 origin=2 hash=64897d3f6332..."}
{"time":"2026-07-22 16:32:43,936","level":"INFO","node":0,"msg":"Consensus vote recorded: node 2 decision=True reason=zkp_ok round=18 new=True satisfied=False"}
{"time":"2026-07-22 16:32:53,638","level":"INFO","node":0,"msg":"Consensus vote recorded: node 3 decision=True reason=zkp_ok round=18 new=True satisfied=False"}
{"time":"2026-07-22 16:32:59,838","level":"INFO","node":0,"msg":"Received update from node 3, round 18"}
{"time":"2026-07-22 16:33:09,702","level":"INFO","node":0,"msg":"ZKP ACCEPTED from node 3"}
{"time":"2026-07-22 16:33:09,702","level":"INFO","node":0,"msg":"fc_in col7 delta self-cosine for node 2: 0.2368 (delta_norm=0.2026)"}
{"time":"2026-07-22 16:33:09,717","level":"INFO","node":0,"msg":"Per-class agreement with node 2: class0=0.949 class1=0.928 gap=0.021"}
{"time":"2026-07-22 16:33:09,717","level":"INFO","node":0,"msg":"Per-class rolling gap for node 2: mean=0.055 over last 4 round(s)"}
{"time":"2026-07-22 16:33:09,721","level":"INFO","node":0,"msg":"Trust score for node 2: S=0.827 (Z=1.00 A=0.94 P=0.57 R=1.00) advisory only"}
{"time":"2026-07-22 16:33:09,750","level":"INFO","node":0,"msg":"Sent consensus vote to node 1"}
{"time":"2026-07-22 16:33:09,772","level":"INFO","node":0,"msg":"Sent consensus vote to node 2"}
{"time":"2026-07-22 16:33:09,805","level":"INFO","node":0,"msg":"Sent consensus vote to node 3"}
{"time":"2026-07-22 16:33:09,820","level":"INFO","node":0,"msg":"[FC2 DELTA NORM] node 0 round=18 — fc2 delta norm this round: 0.0526"}
{"time":"2026-07-22 16:33:15,901","level":"INFO","node":0,"msg":"Forwarded to http://127.0.0.1:8001"}
{"time":"2026-07-22 16:33:25,646","level":"INFO","node":0,"msg":"Prediction agreement with node 1 round=18: A=0.990"}
{"time":"2026-07-22 16:33:25,646","level":"INFO","node":0,"msg":"Consensus vote recorded: node 1 decision=True reason=zkp_ok round=18 new=True satisfied=True"}
{"time":"2026-07-22 16:33:32,044","level":"INFO","node":0,"msg":"Synced weights from master for round 18"}
{"time":"2026-07-22 16:33:32,065","level":"INFO","node":0,"msg":"Sent commit vote to node 2"}
{"time":"2026-07-22 16:33:38,315","level":"INFO","node":0,"msg":"Proposal received: round=19 origin=3 hash=4347cad03be9..."}
{"time":"2026-07-22 16:33:38,341","level":"INFO","node":0,"msg":"Consensus vote recorded: node 3 decision=True reason=zkp_ok round=19 new=True satisfied=False"}
{"time":"2026-07-22 16:33:38,365","level":"INFO","node":0,"msg":"Received update from node 3, round 19"}
{"time":"2026-07-22 16:33:47,932","level":"INFO","node":0,"msg":"ZKP ACCEPTED from node 3"}
{"time":"2026-07-22 16:33:47,932","level":"INFO","node":0,"msg":"fc_in col7 delta self-cosine for node 3: -0.0626 (delta_norm=0.2289)"}
{"time":"2026-07-22 16:33:47,932","level":"INFO","node":0,"msg":"Per-class agreement with node 3: class0=0.973 class1=0.957 gap=0.016"}
{"time":"2026-07-22 16:33:47,932","level":"INFO","node":0,"msg":"Per-class rolling gap for node 3: mean=0.035 over last 4 round(s)"}
{"time":"2026-07-22 16:33:47,940","level":"INFO","node":0,"msg":"Trust score for node 3: S=0.840 (Z=1.00 A=0.97 P=0.54 R=1.00) advisory only"}
{"time":"2026-07-22 16:33:47,953","level":"INFO","node":0,"msg":"Sent consensus vote to node 1"}
{"time":"2026-07-22 16:33:47,975","level":"INFO","node":0,"msg":"Sent consensus vote to node 2"}
{"time":"2026-07-22 16:33:48,011","level":"INFO","node":0,"msg":"Sent consensus vote to node 3"}
{"time":"2026-07-22 16:33:48,034","level":"INFO","node":0,"msg":"[FC2 DELTA NORM] node 0 round=19 — fc2 delta norm this round: 0.0502"}
{"time":"2026-07-22 16:33:54,122","level":"INFO","node":0,"msg":"Forwarded to http://127.0.0.1:8001"}
{"time":"2026-07-22 16:34:03,813","level":"INFO","node":0,"msg":"Prediction agreement with node 1 round=19: A=0.987"}
{"time":"2026-07-22 16:34:03,813","level":"INFO","node":0,"msg":"Consensus vote recorded: node 1 decision=True reason=zkp_ok round=19 new=True satisfied=True"}
{"time":"2026-07-22 16:34:19,971","level":"INFO","node":0,"msg":"Prediction agreement with node 2 round=19: A=0.939"}
{"time":"2026-07-22 16:34:19,971","level":"INFO","node":0,"msg":"Consensus vote recorded: node 2 decision=True reason=zkp_ok round=19 new=True satisfied=True"}
{"time":"2026-07-22 16:34:26,128","level":"INFO","node":0,"msg":"Synced weights from master for round 19"}
{"time":"2026-07-22 16:34:26,128","level":"INFO","node":0,"msg":"Training complete after 20 rounds"}
{"time":"2026-07-22 16:34:26,142","level":"INFO","node":0,"msg":"Sent commit vote to node 3"}
{"time":"2026-07-22 16:37:09,766","level":"INFO","node":0,"msg":"Watchdog fired but training already complete — ignoring, not excluding node 1."}
{"time":"2026-07-22 16:40:47,449","level":"INFO","node":0,"msg":"Watchdog fired but training already complete — ignoring, not excluding node 1."}
{"time":"2026-07-22 16:50:19,469","level":"INFO","node":0,"msg":"Starting node 0: City General Hospital"}
{"time":"2026-07-22 16:50:19,469","level":"INFO","node":0,"msg":"[CONFIG DEBUG] attack_simulation loaded: enabled=True target_node=2 type=gradient_norm config_path=config_dev.json"}
{"time":"2026-07-22 16:50:19,506","level":"WARNING","node":0,"msg":"DEV MODE: running without TLS"}
{"time":"2026-07-22 16:50:19,506","level":"INFO","node":0,"msg":"Listening on 127.0.0.1:8000 | TLS=False"}
{"time":"2026-07-22 16:50:26,199","level":"INFO","node":0,"msg":"Consensus pubkey received from node 1"}
{"time":"2026-07-22 16:50:26,207","level":"INFO","node":0,"msg":"Key exchange complete with node 1"}
{"time":"2026-07-22 16:50:28,561","level":"INFO","node":0,"msg":"Consensus pubkey received from node 2"}
{"time":"2026-07-22 16:50:28,561","level":"INFO","node":0,"msg":"Key exchange complete with node 2"}
{"time":"2026-07-22 16:50:32,111","level":"INFO","node":0,"msg":"Key exchange complete with node 3"}
{"time":"2026-07-22 16:50:32,127","level":"INFO","node":0,"msg":"Consensus pubkey received from node 3"}
{"time":"2026-07-22 16:50:37,376","level":"INFO","node":0,"msg":"Sent public key to node 1"}
{"time":"2026-07-22 16:50:37,396","level":"INFO","node":0,"msg":"Sent public key to node 2"}
{"time":"2026-07-22 16:50:37,420","level":"INFO","node":0,"msg":"Sent public key to node 3"}
{"time":"2026-07-22 16:50:37,428","level":"INFO","node":0,"msg":"Sent consensus pubkey to node 1"}
{"time":"2026-07-22 16:50:37,433","level":"INFO","node":0,"msg":"Sent consensus pubkey to node 2"}
{"time":"2026-07-22 16:50:37,438","level":"INFO","node":0,"msg":"Sent consensus pubkey to node 3"}
{"time":"2026-07-22 16:50:37,439","level":"INFO","node":0,"msg":"This node is round 1's proposer — starting."}
{"time":"2026-07-22 16:50:37,441","level":"INFO","node":0,"msg":"Starting round 1"}
{"time":"2026-07-22 16:50:38,737","level":"INFO","node":0,"msg":"[FC2 DELTA NORM] node 0 round=0 — fc2 delta norm this round: 0.0294"}
{"time":"2026-07-22 16:50:38,739","level":"WARNING","node":0,"msg":"ZKP norm violation (clipping applied): slack=-415861, retry=0"}
{"time":"2026-07-22 16:50:44,766","level":"INFO","node":0,"msg":"Sent proposal to node 1"}
{"time":"2026-07-22 16:50:44,771","level":"INFO","node":0,"msg":"Sent proposal to node 2"}
{"time":"2026-07-22 16:50:44,777","level":"INFO","node":0,"msg":"Sent proposal to node 3"}
{"time":"2026-07-22 16:50:44,789","level":"INFO","node":0,"msg":"Sent consensus vote to node 1"}
{"time":"2026-07-22 16:50:44,802","level":"INFO","node":0,"msg":"Sent consensus vote to node 2"}
{"time":"2026-07-22 16:50:44,818","level":"INFO","node":0,"msg":"Sent consensus vote to node 3"}
{"time":"2026-07-22 16:50:44,827","level":"INFO","node":0,"msg":"Forwarded to http://127.0.0.1:8001"}
{"time":"2026-07-22 16:50:54,425","level":"INFO","node":0,"msg":"Consensus vote recorded: node 1 decision=True reason=zkp_ok round=0 new=True satisfied=False"}
{"time":"2026-07-22 16:51:11,857","level":"INFO","node":0,"msg":"Consensus vote recorded: node 2 decision=True reason=zkp_ok round=0 new=True satisfied=True"}
{"time":"2026-07-22 16:51:28,827","level":"INFO","node":0,"msg":"Consensus vote recorded: node 3 decision=True reason=zkp_ok round=0 new=True satisfied=True"}
{"time":"2026-07-22 16:51:36,092","level":"INFO","node":0,"msg":"Received update from node 3, round 0"}
{"time":"2026-07-22 16:51:36,092","level":"INFO","node":0,"msg":"Round 1 complete — aggregating"}
{"time":"2026-07-22 16:51:36,108","level":"INFO","node":0,"msg":"Round 1 accuracy gate skipped (warm-up period, candidate_acc=0.6818)"}
{"time":"2026-07-22 16:51:36,177","level":"INFO","node":0,"msg":"Commit vote recorded: node 1 decision=True round=0 satisfied=False"}
{"time":"2026-07-22 16:51:36,177","level":"INFO","node":0,"msg":"Broadcast weights to node 1"}
{"time":"2026-07-22 16:51:36,216","level":"INFO","node":0,"msg":"Commit vote recorded: node 2 decision=True round=0 satisfied=True"}
{"time":"2026-07-22 16:51:36,216","level":"INFO","node":0,"msg":"Round 1 COMMITTED — model hash agreed by [0, 1, 2]"}
{"time":"2026-07-22 16:51:36,218","level":"INFO","node":0,"msg":"Commit certificate saved to C:\Users\mousu\OneDrive\Desktop\Set A\securefedhe\dashboard\certificates\round_0.json"}
{"time":"2026-07-22 16:51:36,220","level":"INFO","node":0,"msg":"Broadcast weights to node 2"}
{"time":"2026-07-22 16:51:36,245","level":"INFO","node":0,"msg":"Commit vote recorded: node 3 decision=True round=0 satisfied=True"}
{"time":"2026-07-22 16:51:36,247","level":"INFO","node":0,"msg":"Broadcast weights to node 3"}
{"time":"2026-07-22 16:51:36,255","level":"INFO","node":0,"msg":"Checkpoint saved to C:\Users\mousu\OneDrive\Desktop\Set A\securefedhe\dashboard\model_latest.pt"}
{"time":"2026-07-22 16:51:36,255","level":"INFO","node":0,"msg":"Round 1 complete | accuracy=0.6818 | duration=58.81s"}
{"time":"2026-07-22 16:51:36,255","level":"INFO","node":0,"msg":"Round 2 belongs to node 1 — waiting for their proposal."}
{"time":"2026-07-22 16:51:36,261","level":"INFO","node":0,"msg":"Notified next proposer to node 1"}
{"time":"2026-07-22 16:51:36,263","level":"INFO","node":0,"msg":"[WATCHDOG SPAWNED] round=1 expected_proposer=1 timeout_s=600 spawned_at=16:51:36"}
{"time":"2026-07-22 16:51:42,633","level":"INFO","node":0,"msg":"Proposal received: round=1 origin=1 hash=f1e257ef5786..."}
{"time":"2026-07-22 16:51:42,664","level":"INFO","node":0,"msg":"Consensus vote recorded: node 1 decision=True reason=zkp_ok round=1 new=True satisfied=False"}
{"time":"2026-07-22 16:52:14,608","level":"INFO","node":0,"msg":"Received update from node 3, round 1"}
{"time":"2026-07-22 16:52:24,364","level":"INFO","node":0,"msg":"ZKP ACCEPTED from node 3"}
{"time":"2026-07-22 16:52:24,364","level":"INFO","node":0,"msg":"Trust score for node 1: S=0.429 (Z=1.00 A=0.50 P=0.50 R=1.00) advisory only"}
{"time":"2026-07-22 16:52:24,383","level":"WARNING","node":0,"msg":"Sent consensus vote to node 1 FAILED (hard timeout or exception) — consecutive failure streak 1/3"}
{"time":"2026-07-22 16:52:24,384","level":"WARNING","node":0,"msg":"Sent consensus vote to node 2 FAILED (hard timeout or exception) — consecutive failure streak 1/3"}
{"time":"2026-07-22 16:52:24,386","level":"WARNING","node":0,"msg":"Sent consensus vote to node 3 FAILED (hard timeout or exception) — consecutive failure streak 1/3"}
{"time":"2026-07-22 16:52:24,408","level":"INFO","node":0,"msg":"[FC2 DELTA NORM] node 0 round=1 — fc2 delta norm this round: 0.0443"}
{"time":"2026-07-22 16:52:30,449","level":"INFO","node":0,"msg":"Forwarded to http://127.0.0.1:8001"}
{"time":"2026-07-22 16:52:37,467","level":"INFO","node":0,"msg":"Proposal for round=1 origin=1 changed hash after 54.83s — treating as a legitimate round retry, not equivocation."}
{"time":"2026-07-22 16:52:37,467","level":"INFO","node":0,"msg":"Proposal received: round=1 origin=1 hash=55517ec50ade..."}
{"time":"2026-07-22 16:52:37,490","level":"INFO","node":0,"msg":"Consensus vote recorded: node 1 decision=True reason=zkp_ok round=1 new=True satisfied=False"}
{"time":"2026-07-22 16:53:09,405","level":"INFO","node":0,"msg":"Received update from node 3, round 1"}
{"time":"2026-07-22 16:53:19,199","level":"INFO","node":0,"msg":"ZKP ACCEPTED from node 3"}
{"time":"2026-07-22 16:53:19,205","level":"INFO","node":0,"msg":"Trust score for node 1: S=0.000 (Z=1.00 A=0.00 P=0.50 R=1.00) advisory only"}
{"time":"2026-07-22 16:53:19,208","level":"WARNING","node":0,"msg":"Sent consensus vote to node 1 FAILED (hard timeout or exception) — consecutive failure streak 2/3"}
{"time":"2026-07-22 16:53:19,211","level":"WARNING","node":0,"msg":"Sent consensus vote to node 2 FAILED (hard timeout or exception) — consecutive failure streak 2/3"}
{"time":"2026-07-22 16:53:19,212","level":"WARNING","node":0,"msg":"Sent consensus vote to node 3 FAILED (hard timeout or exception) — consecutive failure streak 2/3"}
{"time":"2026-07-22 16:53:19,235","level":"INFO","node":0,"msg":"[FC2 DELTA NORM] node 0 round=1 — fc2 delta norm this round: 0.0383"}
{"time":"2026-07-22 16:53:25,451","level":"INFO","node":0,"msg":"Forwarded to http://127.0.0.1:8001"}
{"time":"2026-07-22 16:53:32,223","level":"INFO","node":0,"msg":"Proposal for round=1 origin=1 changed hash after 54.77s — treating as a legitimate round retry, not equivocation."}
{"time":"2026-07-22 16:53:32,223","level":"INFO","node":0,"msg":"Proposal received: round=1 origin=1 hash=e8c39bb457bd..."}
{"time":"2026-07-22 16:53:32,252","level":"INFO","node":0,"msg":"Consensus vote recorded: node 1 decision=True reason=zkp_ok round=1 new=True satisfied=False"}
{"time":"2026-07-22 16:53:41,958","level":"INFO","node":0,"msg":"Consensus vote recorded: node 2 decision=True reason=zkp_ok round=1 new=True satisfied=False"}
{"time":"2026-07-22 16:53:57,755","level":"INFO","node":0,"msg":"Consensus vote recorded: node 3 decision=True reason=zkp_ok round=1 new=True satisfied=True"}
{"time":"2026-07-22 16:54:04,005","level":"INFO","node":0,"msg":"Received update from node 3, round 1"}
{"time":"2026-07-22 16:54:13,578","level":"INFO","node":0,"msg":"ZKP ACCEPTED from node 3"}
{"time":"2026-07-22 16:54:13,578","level":"INFO","node":0,"msg":"fc_in col7 delta self-cosine for node 1: -0.0864 (delta_norm=0.1409)"}
{"time":"2026-07-22 16:54:13,594","level":"INFO","node":0,"msg":"Trust score for node 1: S=0.000 (Z=1.00 A=0.00 P=0.50 R=1.00) advisory only"}
{"time":"2026-07-22 16:54:13,599","level":"WARNING","node":0,"msg":"Sent consensus vote to node 1 FAILED (hard timeout or exception) — consecutive failure streak 3/3"}
{"time":"2026-07-22 16:54:13,599","level":"ERROR","node":0,"msg":"Node 1 EXCLUDED from proposing and quorum. Quorum requirement adjusted to 3 of 3 remaining trusted nodes."}
{"time":"2026-07-22 16:54:13,600","level":"INFO","node":0,"msg":"Sent exclusion notice for node 1 to node 2"}
{"time":"2026-07-22 16:54:13,611","level":"INFO","node":0,"msg":"Sent exclusion notice for node 1 to node 3"}
{"time":"2026-07-22 16:54:13,613","level":"WARNING","node":0,"msg":"Sent consensus vote to node 2 FAILED (hard timeout or exception) — consecutive failure streak 3/3"}
{"time":"2026-07-22 16:54:13,613","level":"ERROR","node":0,"msg":"Node 2 EXCLUDED from proposing and quorum. Quorum requirement adjusted to 2 of 2 remaining trusted nodes."}
{"time":"2026-07-22 16:54:13,624","level":"INFO","node":0,"msg":"Sent exclusion notice for node 2 to node 1"}
{"time":"2026-07-22 16:54:13,631","level":"INFO","node":0,"msg":"Sent exclusion notice for node 2 to node 3"}
{"time":"2026-07-22 16:54:13,631","level":"WARNING","node":0,"msg":"Sent consensus vote to node 3 FAILED (hard timeout or exception) — consecutive failure streak 3/3"}
{"time":"2026-07-22 16:54:13,631","level":"ERROR","node":0,"msg":"Node 3 EXCLUDED from proposing and quorum. Quorum requirement adjusted to 1 of 1 remaining trusted nodes."}
{"time":"2026-07-22 16:54:13,637","level":"INFO","node":0,"msg":"Sent exclusion notice for node 3 to node 1"}
{"time":"2026-07-22 16:54:13,641","level":"INFO","node":0,"msg":"Sent exclusion notice for node 3 to node 2"}
{"time":"2026-07-22 16:54:13,678","level":"INFO","node":0,"msg":"[FC2 DELTA NORM] node 0 round=1 — fc2 delta norm this round: 0.0402"}
{"time":"2026-07-22 16:54:19,815","level":"INFO","node":0,"msg":"Forwarded to http://127.0.0.1:8001"}
{"time":"2026-07-22 16:54:26,589","level":"INFO","node":0,"msg":"Proposal for round=1 origin=1 changed hash after 54.36s — treating as a legitimate round retry, not equivocation."}
{"time":"2026-07-22 16:54:26,589","level":"INFO","node":0,"msg":"Proposal received: round=1 origin=1 hash=b99aebf5ff3d..."}
{"time":"2026-07-22 16:54:26,589","level":"INFO","node":0,"msg":"Consensus vote recorded: node 1 decision=True reason=zkp_ok round=1 new=True satisfied=True"}
{"time":"2026-07-22 16:54:26,597","level":"INFO","node":0,"msg":"Received update from node 1, round 1"}
{"time":"2026-07-22 16:54:36,221","level":"INFO","node":0,"msg":"ZKP ACCEPTED from node 1"}
{"time":"2026-07-22 16:54:36,221","level":"INFO","node":0,"msg":"fc_in col7 delta self-cosine for node 1: -0.0512 (delta_norm=0.2525)"}
{"time":"2026-07-22 16:54:36,242","level":"INFO","node":0,"msg":"Trust score for node 1: S=0.000 (Z=1.00 A=0.00 P=0.34 R=1.00) advisory only"}
{"time":"2026-07-22 16:54:36,266","level":"INFO","node":0,"msg":"[FC2 DELTA NORM] node 0 round=1 — fc2 delta norm this round: 0.0387"}
{"time":"2026-07-22 16:54:42,373","level":"INFO","node":0,"msg":"Forwarded to http://127.0.0.1:8001"}
{"time":"2026-07-22 16:54:42,385","level":"INFO","node":0,"msg":"Round 2 skip acknowledged — advancing to round 3"}
{"time":"2026-07-22 16:54:42,385","level":"WARNING","node":0,"msg":"[SKIP STRIKE] round 2 skipped, proposer=1, reason=quorum_failure — recording independent strike"}
{"time":"2026-07-22 16:54:42,388","level":"INFO","node":0,"msg":"My turn — starting round 3 as proposer."}
{"time":"2026-07-22 16:54:42,389","level":"INFO","node":0,"msg":"Starting round 3"}
{"time":"2026-07-22 16:54:42,417","level":"INFO","node":0,"msg":"[FC2 DELTA NORM] node 0 round=2 — fc2 delta norm this round: 0.0424"}
{"time":"2026-07-22 16:54:48,566","level":"INFO","node":0,"msg":"Forwarded to http://127.0.0.1:8001"}
{"time":"2026-07-22 16:54:59,448","level":"INFO","node":0,"msg":"Consensus vote recorded: node 1 decision=True reason=zkp_ok round=2 new=True satisfied=True"}
{"time":"2026-07-22 16:55:05,741","level":"INFO","node":0,"msg":"Received update from node 1, round 2"}
{"time":"2026-07-22 16:55:05,741","level":"INFO","node":0,"msg":"Round 3 complete — aggregating"}
{"time":"2026-07-22 16:55:05,741","level":"INFO","node":0,"msg":"Round 3 accuracy gate skipped (warm-up period, candidate_acc=0.8182)"}
{"time":"2026-07-22 16:55:05,741","level":"INFO","node":0,"msg":"Checkpoint saved to C:\Users\mousu\OneDrive\Desktop\Set A\securefedhe\dashboard\model_latest.pt"}
{"time":"2026-07-22 16:55:05,741","level":"INFO","node":0,"msg":"Round 3 complete | accuracy=0.8182 | duration=23.35s"}
{"time":"2026-07-22 16:55:06,262","level":"INFO","node":0,"msg":"Starting round 4"}
{"time":"2026-07-22 16:55:06,291","level":"INFO","node":0,"msg":"[FC2 DELTA NORM] node 0 round=3 — fc2 delta norm this round: 0.0512"}
{"time":"2026-07-22 16:55:12,522","level":"INFO","node":0,"msg":"Forwarded to http://127.0.0.1:8001"}
{"time":"2026-07-22 16:55:23,494","level":"INFO","node":0,"msg":"Consensus vote recorded: node 1 decision=False reason=wrong_round round=3 new=True satisfied=True"}
{"time":"2026-07-22 16:55:29,762","level":"INFO","node":0,"msg":"Received update from node 1, round 3"}
{"time":"2026-07-22 16:55:29,762","level":"INFO","node":0,"msg":"Round 4 complete — aggregating"}
{"time":"2026-07-22 16:55:29,770","level":"INFO","node":0,"msg":"Round 4 accuracy gate skipped (warm-up period, candidate_acc=0.8091)"}
{"time":"2026-07-22 16:55:29,777","level":"INFO","node":0,"msg":"Checkpoint saved to C:\Users\mousu\OneDrive\Desktop\Set A\securefedhe\dashboard\model_latest.pt"}
{"time":"2026-07-22 16:55:29,777","level":"INFO","node":0,"msg":"Round 4 complete | accuracy=0.8091 | duration=23.52s"}
{"time":"2026-07-22 16:55:30,293","level":"INFO","node":0,"msg":"Starting round 5"}
{"time":"2026-07-22 16:55:30,312","level":"INFO","node":0,"msg":"[FC2 DELTA NORM] node 0 round=4 — fc2 delta norm this round: 0.0504"}
{"time":"2026-07-22 16:55:36,543","level":"INFO","node":0,"msg":"Forwarded to http://127.0.0.1:8001"}
{"time":"2026-07-22 16:55:47,448","level":"INFO","node":0,"msg":"Consensus vote recorded: node 1 decision=False reason=wrong_round round=4 new=True satisfied=True"}
{"time":"2026-07-22 16:55:53,712","level":"INFO","node":0,"msg":"Received update from node 1, round 4"}
{"time":"2026-07-22 16:55:53,712","level":"INFO","node":0,"msg":"Round 5 complete — aggregating"}
{"time":"2026-07-22 16:55:53,715","level":"INFO","node":0,"msg":"Round 5 accuracy gate skipped (warm-up period, candidate_acc=0.8091)"}
{"time":"2026-07-22 16:55:53,722","level":"INFO","node":0,"msg":"Checkpoint saved to C:\Users\mousu\OneDrive\Desktop\Set A\securefedhe\dashboard\model_latest.pt"}
{"time":"2026-07-22 16:55:53,722","level":"INFO","node":0,"msg":"Round 5 complete | accuracy=0.8091 | duration=23.43s"}
{"time":"2026-07-22 16:55:54,235","level":"INFO","node":0,"msg":"Starting round 6"}
{"time":"2026-07-22 16:55:54,256","level":"INFO","node":0,"msg":"[FC2 DELTA NORM] node 0 round=5 — fc2 delta norm this round: 0.0520"}
{"time":"2026-07-22 16:56:00,401","level":"INFO","node":0,"msg":"Forwarded to http://127.0.0.1:8001"}
{"time":"2026-07-22 16:56:11,365","level":"INFO","node":0,"msg":"Consensus vote recorded: node 1 decision=False reason=wrong_round round=5 new=True satisfied=True"}
{"time":"2026-07-22 16:56:17,623","level":"INFO","node":0,"msg":"Received update from node 1, round 5"}
{"time":"2026-07-22 16:56:17,623","level":"INFO","node":0,"msg":"Round 6 complete — aggregating"}
{"time":"2026-07-22 16:56:17,653","level":"INFO","node":0,"msg":"[BACKDOOR PROBE] Round 6 clean — worst case flip_rate=1.000 jump=0.200 (feature=1, value=-4.0)"}
{"time":"2026-07-22 16:56:17,658","level":"INFO","node":0,"msg":"Checkpoint saved to C:\Users\mousu\OneDrive\Desktop\Set A\securefedhe\dashboard\model_latest.pt"}
{"time":"2026-07-22 16:56:17,658","level":"INFO","node":0,"msg":"Round 6 complete | accuracy=0.8091 | duration=23.42s"}
{"time":"2026-07-22 16:56:18,160","level":"INFO","node":0,"msg":"Starting round 7"}
{"time":"2026-07-22 16:56:18,185","level":"INFO","node":0,"msg":"[FC2 DELTA NORM] node 0 round=6 — fc2 delta norm this round: 0.0521"}
{"time":"2026-07-22 16:56:24,356","level":"INFO","node":0,"msg":"Forwarded to http://127.0.0.1:8001"}
{"time":"2026-07-22 16:56:35,333","level":"INFO","node":0,"msg":"Consensus vote recorded: node 1 decision=False reason=wrong_round round=6 new=True satisfied=True"}
{"time":"2026-07-22 16:56:41,489","level":"INFO","node":0,"msg":"Received update from node 1, round 6"}
{"time":"2026-07-22 16:56:41,489","level":"INFO","node":0,"msg":"Round 7 complete — aggregating"}
{"time":"2026-07-22 16:56:41,519","level":"INFO","node":0,"msg":"[BACKDOOR PROBE] Round 7 clean — worst case flip_rate=1.000 jump=0.227 (feature=1, value=-4.0)"}
{"time":"2026-07-22 16:56:41,525","level":"INFO","node":0,"msg":"Checkpoint saved to C:\Users\mousu\OneDrive\Desktop\Set A\securefedhe\dashboard\model_latest.pt"}
{"time":"2026-07-22 16:56:41,525","level":"INFO","node":0,"msg":"Round 7 complete | accuracy=0.8182 | duration=23.37s"}
{"time":"2026-07-22 16:56:42,037","level":"INFO","node":0,"msg":"Starting round 8"}
{"time":"2026-07-22 16:56:42,070","level":"INFO","node":0,"msg":"[FC2 DELTA NORM] node 0 round=7 — fc2 delta norm this round: 0.0512"}
{"time":"2026-07-22 16:56:48,267","level":"INFO","node":0,"msg":"Forwarded to http://127.0.0.1:8001"}
{"time":"2026-07-22 16:56:59,262","level":"INFO","node":0,"msg":"Consensus vote recorded: node 1 decision=False reason=wrong_round round=7 new=True satisfied=True"}
{"time":"2026-07-22 16:57:05,445","level":"INFO","node":0,"msg":"Received update from node 1, round 7"}
{"time":"2026-07-22 16:57:05,445","level":"INFO","node":0,"msg":"Round 8 complete — aggregating"}
{"time":"2026-07-22 16:57:05,478","level":"INFO","node":0,"msg":"[BACKDOOR PROBE] Round 8 clean — worst case flip_rate=1.000 jump=0.173 (feature=1, value=-4.0)"}
{"time":"2026-07-22 16:57:05,483","level":"INFO","node":0,"msg":"Checkpoint saved to C:\Users\mousu\OneDrive\Desktop\Set A\securefedhe\dashboard\model_latest.pt"}
{"time":"2026-07-22 16:57:05,483","level":"INFO","node":0,"msg":"Round 8 complete | accuracy=0.8000 | duration=23.45s"}
{"time":"2026-07-22 16:57:06,000","level":"INFO","node":0,"msg":"Starting round 9"}
{"time":"2026-07-22 16:57:06,021","level":"INFO","node":0,"msg":"[FC2 DELTA NORM] node 0 round=8 — fc2 delta norm this round: 0.0511"}
{"time":"2026-07-22 16:57:12,088","level":"INFO","node":0,"msg":"Forwarded to http://127.0.0.1:8001"}
{"time":"2026-07-22 16:57:23,016","level":"INFO","node":0,"msg":"Consensus vote recorded: node 1 decision=False reason=wrong_round round=8 new=True satisfied=True"}
{"time":"2026-07-22 16:57:29,195","level":"INFO","node":0,"msg":"Received update from node 1, round 8"}
{"time":"2026-07-22 16:57:29,195","level":"INFO","node":0,"msg":"Round 9 complete — aggregating"}
{"time":"2026-07-22 16:57:29,253","level":"INFO","node":0,"msg":"[BACKDOOR PROBE] Round 9 clean — worst case flip_rate=1.000 jump=0.209 (feature=1, value=-4.0)"}
{"time":"2026-07-22 16:57:29,266","level":"INFO","node":0,"msg":"Checkpoint saved to C:\Users\mousu\OneDrive\Desktop\Set A\securefedhe\dashboard\model_latest.pt"}
{"time":"2026-07-22 16:57:29,266","level":"INFO","node":0,"msg":"Round 9 complete | accuracy=0.8182 | duration=23.27s"}
{"time":"2026-07-22 16:57:29,781","level":"INFO","node":0,"msg":"Starting round 10"}
{"time":"2026-07-22 16:57:29,810","level":"INFO","node":0,"msg":"[FC2 DELTA NORM] node 0 round=9 — fc2 delta norm this round: 0.0494"}
{"time":"2026-07-22 16:57:35,924","level":"INFO","node":0,"msg":"Forwarded to http://127.0.0.1:8001"}
{"time":"2026-07-22 16:57:46,935","level":"INFO","node":0,"msg":"Consensus vote recorded: node 1 decision=False reason=wrong_round round=9 new=True satisfied=True"}
{"time":"2026-07-22 16:57:53,022","level":"INFO","node":0,"msg":"Received update from node 1, round 9"}
{"time":"2026-07-22 16:57:53,022","level":"INFO","node":0,"msg":"Round 10 complete — aggregating"}
{"time":"2026-07-22 16:57:53,058","level":"INFO","node":0,"msg":"[BACKDOOR PROBE] Round 10 clean — worst case flip_rate=1.000 jump=0.182 (feature=1, value=-4.0)"}
{"time":"2026-07-22 16:57:53,065","level":"INFO","node":0,"msg":"Checkpoint saved to C:\Users\mousu\OneDrive\Desktop\Set A\securefedhe\dashboard\model_latest.pt"}
{"time":"2026-07-22 16:57:53,065","level":"INFO","node":0,"msg":"Round 10 complete | accuracy=0.8091 | duration=23.28s"}
{"time":"2026-07-22 16:57:53,578","level":"INFO","node":0,"msg":"Starting round 11"}
{"time":"2026-07-22 16:57:53,600","level":"INFO","node":0,"msg":"[FC2 DELTA NORM] node 0 round=10 — fc2 delta norm this round: 0.0517"}
{"time":"2026-07-22 16:57:59,716","level":"INFO","node":0,"msg":"Forwarded to http://127.0.0.1:8001"}
{"time":"2026-07-22 16:58:10,723","level":"INFO","node":0,"msg":"Consensus vote recorded: node 1 decision=False reason=wrong_round round=10 new=True satisfied=True"}
{"time":"2026-07-22 16:58:17,278","level":"INFO","node":0,"msg":"Received update from node 1, round 10"}
{"time":"2026-07-22 16:58:17,278","level":"INFO","node":0,"msg":"Round 11 complete — aggregating"}
{"time":"2026-07-22 16:58:17,333","level":"INFO","node":0,"msg":"[BACKDOOR PROBE] Round 11 clean — worst case flip_rate=1.000 jump=0.245 (feature=1, value=-4.0)"}
{"time":"2026-07-22 16:58:17,341","level":"INFO","node":0,"msg":"Checkpoint saved to C:\Users\mousu\OneDrive\Desktop\Set A\securefedhe\dashboard\model_latest.pt"}
{"time":"2026-07-22 16:58:17,341","level":"INFO","node":0,"msg":"Round 11 complete | accuracy=0.8364 | duration=23.76s"}
{"time":"2026-07-22 16:58:17,852","level":"INFO","node":0,"msg":"Starting round 12"}
{"time":"2026-07-22 16:58:17,887","level":"INFO","node":0,"msg":"[FC2 DELTA NORM] node 0 round=11 — fc2 delta norm this round: 0.0513"}
{"time":"2026-07-22 16:58:24,321","level":"INFO","node":0,"msg":"Forwarded to http://127.0.0.1:8001"}
{"time":"2026-07-22 16:58:35,354","level":"INFO","node":0,"msg":"Consensus vote recorded: node 1 decision=False reason=wrong_round round=11 new=True satisfied=True"}
{"time":"2026-07-22 16:58:41,551","level":"INFO","node":0,"msg":"Received update from node 1, round 11"}
{"time":"2026-07-22 16:58:41,551","level":"INFO","node":0,"msg":"Round 12 complete — aggregating"}
{"time":"2026-07-22 16:58:41,586","level":"INFO","node":0,"msg":"[BACKDOOR PROBE] Round 12 clean — worst case flip_rate=1.000 jump=0.164 (feature=1, value=-4.0)"}
{"time":"2026-07-22 16:58:41,591","level":"INFO","node":0,"msg":"Checkpoint saved to C:\Users\mousu\OneDrive\Desktop\Set A\securefedhe\dashboard\model_latest.pt"}
{"time":"2026-07-22 16:58:41,591","level":"INFO","node":0,"msg":"Round 12 complete | accuracy=0.7909 | duration=23.74s"}
{"time":"2026-07-22 16:58:42,107","level":"INFO","node":0,"msg":"Starting round 13"}
{"time":"2026-07-22 16:58:42,137","level":"INFO","node":0,"msg":"[FC2 DELTA NORM] node 0 round=12 — fc2 delta norm this round: 0.0530"}
{"time":"2026-07-22 16:58:48,319","level":"INFO","node":0,"msg":"Forwarded to http://127.0.0.1:8001"}
{"time":"2026-07-22 16:58:59,235","level":"INFO","node":0,"msg":"Consensus vote recorded: node 1 decision=False reason=wrong_round round=12 new=True satisfied=True"}
{"time":"2026-07-22 16:59:05,378","level":"INFO","node":0,"msg":"Received update from node 1, round 12"}
{"time":"2026-07-22 16:59:05,378","level":"INFO","node":0,"msg":"Round 13 complete — aggregating"}
{"time":"2026-07-22 16:59:05,412","level":"INFO","node":0,"msg":"[BACKDOOR PROBE] Round 13 clean — worst case flip_rate=1.000 jump=0.227 (feature=1, value=-4.0)"}
{"time":"2026-07-22 16:59:05,424","level":"INFO","node":0,"msg":"Checkpoint saved to C:\Users\mousu\OneDrive\Desktop\Set A\securefedhe\dashboard\model_latest.pt"}
{"time":"2026-07-22 16:59:05,424","level":"INFO","node":0,"msg":"Round 13 complete | accuracy=0.8182 | duration=23.32s"}
{"time":"2026-07-22 16:59:05,937","level":"INFO","node":0,"msg":"Starting round 14"}
{"time":"2026-07-22 16:59:05,969","level":"INFO","node":0,"msg":"[FC2 DELTA NORM] node 0 round=13 — fc2 delta norm this round: 0.0555"}
{"time":"2026-07-22 16:59:12,127","level":"INFO","node":0,"msg":"Forwarded to http://127.0.0.1:8001"}
{"time":"2026-07-22 16:59:23,153","level":"INFO","node":0,"msg":"Consensus vote recorded: node 1 decision=False reason=wrong_round round=13 new=True satisfied=True"}
{"time":"2026-07-22 16:59:29,376","level":"INFO","node":0,"msg":"Received update from node 1, round 13"}
{"time":"2026-07-22 16:59:29,376","level":"INFO","node":0,"msg":"Round 14 complete — aggregating"}
{"time":"2026-07-22 16:59:29,414","level":"INFO","node":0,"msg":"[BACKDOOR PROBE] Round 14 clean — worst case flip_rate=1.000 jump=0.145 (feature=0, value=8.0)"}
{"time":"2026-07-22 16:59:29,418","level":"INFO","node":0,"msg":"Checkpoint saved to C:\Users\mousu\OneDrive\Desktop\Set A\securefedhe\dashboard\model_latest.pt"}
{"time":"2026-07-22 16:59:29,418","level":"INFO","node":0,"msg":"Round 14 complete | accuracy=0.8091 | duration=23.48s"}
{"time":"2026-07-22 16:59:29,934","level":"INFO","node":0,"msg":"Starting round 15"}
{"time":"2026-07-22 16:59:29,963","level":"INFO","node":0,"msg":"[FC2 DELTA NORM] node 0 round=14 — fc2 delta norm this round: 0.0518"}
{"time":"2026-07-22 16:59:36,186","level":"INFO","node":0,"msg":"Forwarded to http://127.0.0.1:8001"}
{"time":"2026-07-22 16:59:47,262","level":"INFO","node":0,"msg":"Consensus vote recorded: node 1 decision=False reason=wrong_round round=14 new=True satisfied=True"}
{"time":"2026-07-22 16:59:53,510","level":"INFO","node":0,"msg":"Received update from node 1, round 14"}
{"time":"2026-07-22 16:59:53,510","level":"INFO","node":0,"msg":"Round 15 complete — aggregating"}
{"time":"2026-07-22 16:59:53,547","level":"INFO","node":0,"msg":"[BACKDOOR PROBE] Round 15 clean — worst case flip_rate=1.000 jump=0.155 (feature=1, value=-4.0)"}
{"time":"2026-07-22 16:59:53,552","level":"INFO","node":0,"msg":"Checkpoint saved to C:\Users\mousu\OneDrive\Desktop\Set A\securefedhe\dashboard\model_latest.pt"}
{"time":"2026-07-22 16:59:53,553","level":"INFO","node":0,"msg":"Round 15 complete | accuracy=0.8000 | duration=23.62s"}
{"time":"2026-07-22 16:59:54,059","level":"INFO","node":0,"msg":"Starting round 16"}
{"time":"2026-07-22 16:59:54,086","level":"INFO","node":0,"msg":"[FC2 DELTA NORM] node 0 round=15 — fc2 delta norm this round: 0.0539"}
{"time":"2026-07-22 17:00:00,589","level":"INFO","node":0,"msg":"Forwarded to http://127.0.0.1:8001"}
{"time":"2026-07-22 17:00:11,703","level":"INFO","node":0,"msg":"Consensus vote recorded: node 1 decision=False reason=wrong_round round=15 new=True satisfied=True"}
{"time":"2026-07-22 17:00:18,076","level":"INFO","node":0,"msg":"Received update from node 1, round 15"}
{"time":"2026-07-22 17:00:18,079","level":"INFO","node":0,"msg":"Round 16 complete — aggregating"}
{"time":"2026-07-22 17:00:18,127","level":"INFO","node":0,"msg":"[BACKDOOR PROBE] Round 16 clean — worst case flip_rate=1.000 jump=0.155 (feature=1, value=-4.0)"}
{"time":"2026-07-22 17:00:18,131","level":"INFO","node":0,"msg":"Checkpoint saved to C:\Users\mousu\OneDrive\Desktop\Set A\securefedhe\dashboard\model_latest.pt"}
{"time":"2026-07-22 17:00:18,134","level":"INFO","node":0,"msg":"Round 16 complete | accuracy=0.8182 | duration=24.07s"}
{"time":"2026-07-22 17:00:18,645","level":"INFO","node":0,"msg":"Starting round 17"}
{"time":"2026-07-22 17:00:18,667","level":"INFO","node":0,"msg":"[FC2 DELTA NORM] node 0 round=16 — fc2 delta norm this round: 0.0543"}
{"time":"2026-07-22 17:00:24,853","level":"INFO","node":0,"msg":"Forwarded to http://127.0.0.1:8001"}
{"time":"2026-07-22 17:00:35,915","level":"INFO","node":0,"msg":"Consensus vote recorded: node 1 decision=False reason=wrong_round round=16 new=True satisfied=True"}
{"time":"2026-07-22 17:00:44,150","level":"INFO","node":0,"msg":"Received update from node 1, round 16"}
{"time":"2026-07-22 17:00:44,150","level":"INFO","node":0,"msg":"Round 17 complete — aggregating"}
{"time":"2026-07-22 17:00:44,216","level":"INFO","node":0,"msg":"[BACKDOOR PROBE] Round 17 clean — worst case flip_rate=1.000 jump=0.191 (feature=1, value=-4.0)"}
{"time":"2026-07-22 17:00:44,225","level":"INFO","node":0,"msg":"Checkpoint saved to C:\Users\mousu\OneDrive\Desktop\Set A\securefedhe\dashboard\model_latest.pt"}
{"time":"2026-07-22 17:00:44,229","level":"INFO","node":0,"msg":"Round 17 complete | accuracy=0.8364 | duration=25.58s"}
{"time":"2026-07-22 17:00:44,746","level":"INFO","node":0,"msg":"Starting round 18"}
{"time":"2026-07-22 17:00:44,783","level":"INFO","node":0,"msg":"[FC2 DELTA NORM] node 0 round=17 — fc2 delta norm this round: 0.0520"}
{"time":"2026-07-22 17:00:51,066","level":"INFO","node":0,"msg":"Forwarded to http://127.0.0.1:8001"}
{"time":"2026-07-22 17:01:02,002","level":"INFO","node":0,"msg":"Consensus vote recorded: node 1 decision=False reason=wrong_round round=17 new=True satisfied=True"}
{"time":"2026-07-22 17:01:08,269","level":"INFO","node":0,"msg":"Received update from node 1, round 17"}
{"time":"2026-07-22 17:01:08,269","level":"INFO","node":0,"msg":"Round 18 complete — aggregating"}
{"time":"2026-07-22 17:01:08,294","level":"INFO","node":0,"msg":"[BACKDOOR PROBE] Round 18 clean — worst case flip_rate=1.000 jump=0.209 (feature=1, value=-4.0)"}
{"time":"2026-07-22 17:01:08,307","level":"INFO","node":0,"msg":"Checkpoint saved to C:\Users\mousu\OneDrive\Desktop\Set A\securefedhe\dashboard\model_latest.pt"}
{"time":"2026-07-22 17:01:08,307","level":"INFO","node":0,"msg":"Round 18 complete | accuracy=0.8182 | duration=23.56s"}
{"time":"2026-07-22 17:01:08,824","level":"INFO","node":0,"msg":"Starting round 19"}
{"time":"2026-07-22 17:01:08,849","level":"INFO","node":0,"msg":"[FC2 DELTA NORM] node 0 round=18 — fc2 delta norm this round: 0.0538"}
{"time":"2026-07-22 17:01:15,022","level":"INFO","node":0,"msg":"Forwarded to http://127.0.0.1:8001"}
{"time":"2026-07-22 17:01:25,991","level":"INFO","node":0,"msg":"Consensus vote recorded: node 1 decision=False reason=wrong_round round=18 new=True satisfied=True"}
{"time":"2026-07-22 17:01:32,173","level":"INFO","node":0,"msg":"Received update from node 1, round 18"}
{"time":"2026-07-22 17:01:32,173","level":"INFO","node":0,"msg":"Round 19 complete — aggregating"}
{"time":"2026-07-22 17:01:32,217","level":"INFO","node":0,"msg":"[BACKDOOR PROBE] Round 19 clean — worst case flip_rate=1.000 jump=0.245 (feature=1, value=-4.0)"}
{"time":"2026-07-22 17:01:32,224","level":"INFO","node":0,"msg":"Checkpoint saved to C:\Users\mousu\OneDrive\Desktop\Set A\securefedhe\dashboard\model_latest.pt"}
{"time":"2026-07-22 17:01:32,224","level":"INFO","node":0,"msg":"Round 19 complete | accuracy=0.8545 | duration=23.40s"}
{"time":"2026-07-22 17:01:32,725","level":"INFO","node":0,"msg":"Starting round 20"}
{"time":"2026-07-22 17:01:32,753","level":"INFO","node":0,"msg":"[FC2 DELTA NORM] node 0 round=19 — fc2 delta norm this round: 0.0524"}
{"time":"2026-07-22 17:01:38,915","level":"INFO","node":0,"msg":"Forwarded to http://127.0.0.1:8001"}
{"time":"2026-07-22 17:01:49,887","level":"INFO","node":0,"msg":"Consensus vote recorded: node 1 decision=False reason=wrong_round round=19 new=True satisfied=True"}
{"time":"2026-07-22 17:01:56,412","level":"INFO","node":0,"msg":"Received update from node 1, round 19"}
{"time":"2026-07-22 17:01:56,412","level":"INFO","node":0,"msg":"Round 20 complete — aggregating"}
{"time":"2026-07-22 17:01:56,468","level":"INFO","node":0,"msg":"[BACKDOOR PROBE] Round 20 clean — worst case flip_rate=1.000 jump=0.209 (feature=1, value=-4.0)"}
{"time":"2026-07-22 17:01:56,478","level":"INFO","node":0,"msg":"Checkpoint saved to C:\Users\mousu\OneDrive\Desktop\Set A\securefedhe\dashboard\model_latest.pt"}
{"time":"2026-07-22 17:01:56,478","level":"INFO","node":0,"msg":"Round 20 complete | accuracy=0.8545 | duration=23.75s"}
{"time":"2026-07-22 17:01:56,478","level":"INFO","node":0,"msg":"Training complete after 20 rounds"}
{"time":"2026-07-22 17:06:43,875","level":"INFO","node":0,"msg":"Received update from node 3, round 2"}
{"time":"2026-07-22 17:06:56,200","level":"INFO","node":0,"msg":"ZKP ACCEPTED from node 3"}
{"time":"2026-07-22 17:07:04,522","level":"INFO","node":0,"msg":"Starting node 0: City General Hospital"}
{"time":"2026-07-22 17:07:04,522","level":"INFO","node":0,"msg":"[CONFIG DEBUG] attack_simulation loaded: enabled=True target_node=2 type=gradient_norm config_path=config_dev.json"}
{"time":"2026-07-22 17:07:04,567","level":"WARNING","node":0,"msg":"DEV MODE: running without TLS"}
{"time":"2026-07-22 17:07:04,567","level":"INFO","node":0,"msg":"Listening on 127.0.0.1:8000 | TLS=False"}
{"time":"2026-07-22 17:07:11,772","level":"INFO","node":0,"msg":"Key exchange complete with node 1"}
{"time":"2026-07-22 17:07:11,802","level":"INFO","node":0,"msg":"Consensus pubkey received from node 1"}
{"time":"2026-07-22 17:07:14,102","level":"INFO","node":0,"msg":"Key exchange complete with node 2"}
{"time":"2026-07-22 17:07:14,118","level":"INFO","node":0,"msg":"Consensus pubkey received from node 2"}
{"time":"2026-07-22 17:07:16,406","level":"INFO","node":0,"msg":"Consensus pubkey received from node 3"}
{"time":"2026-07-22 17:07:16,422","level":"INFO","node":0,"msg":"Key exchange complete with node 3"}
{"time":"2026-07-22 17:07:22,575","level":"INFO","node":0,"msg":"Sent public key to node 1"}
{"time":"2026-07-22 17:07:22,582","level":"INFO","node":0,"msg":"Sent public key to node 2"}
{"time":"2026-07-22 17:07:22,589","level":"INFO","node":0,"msg":"Sent public key to node 3"}
{"time":"2026-07-22 17:07:22,594","level":"INFO","node":0,"msg":"Sent consensus pubkey to node 1"}
{"time":"2026-07-22 17:07:22,598","level":"INFO","node":0,"msg":"Sent consensus pubkey to node 2"}
{"time":"2026-07-22 17:07:22,603","level":"INFO","node":0,"msg":"Sent consensus pubkey to node 3"}
{"time":"2026-07-22 17:07:22,603","level":"INFO","node":0,"msg":"This node is round 1's proposer — starting."}
{"time":"2026-07-22 17:07:22,606","level":"INFO","node":0,"msg":"Starting round 1"}
{"time":"2026-07-22 17:07:23,832","level":"INFO","node":0,"msg":"[FC2 DELTA NORM] node 0 round=0 — fc2 delta norm this round: 0.0292"}
{"time":"2026-07-22 17:07:29,884","level":"INFO","node":0,"msg":"Sent proposal to node 1"}
{"time":"2026-07-22 17:07:29,903","level":"INFO","node":0,"msg":"Sent proposal to node 2"}
{"time":"2026-07-22 17:07:29,928","level":"INFO","node":0,"msg":"Sent proposal to node 3"}
{"time":"2026-07-22 17:07:29,938","level":"INFO","node":0,"msg":"Sent consensus vote to node 1"}
{"time":"2026-07-22 17:07:29,943","level":"INFO","node":0,"msg":"Sent consensus vote to node 2"}
{"time":"2026-07-22 17:07:29,953","level":"INFO","node":0,"msg":"Sent consensus vote to node 3"}
{"time":"2026-07-22 17:07:29,963","level":"INFO","node":0,"msg":"Forwarded to http://127.0.0.1:8001"}
{"time":"2026-07-22 17:07:39,598","level":"INFO","node":0,"msg":"Consensus vote recorded: node 1 decision=True reason=zkp_ok round=0 new=True satisfied=False"}
{"time":"2026-07-22 17:07:56,405","level":"INFO","node":0,"msg":"Consensus vote recorded: node 2 decision=True reason=zkp_ok round=0 new=True satisfied=True"}
{"time":"2026-07-22 17:08:13,488","level":"INFO","node":0,"msg":"Consensus vote recorded: node 3 decision=True reason=zkp_ok round=0 new=True satisfied=True"}
{"time":"2026-07-22 17:08:20,745","level":"INFO","node":0,"msg":"Received update from node 3, round 0"}
{"time":"2026-07-22 17:08:20,745","level":"INFO","node":0,"msg":"Round 1 complete — aggregating"}
{"time":"2026-07-22 17:08:20,751","level":"INFO","node":0,"msg":"Round 1 accuracy gate skipped (warm-up period, candidate_acc=0.6818)"}
{"time":"2026-07-22 17:08:20,797","level":"INFO","node":0,"msg":"Commit vote recorded: node 1 decision=True round=0 satisfied=False"}
{"time":"2026-07-22 17:08:20,800","level":"INFO","node":0,"msg":"Broadcast weights to node 1"}
{"time":"2026-07-22 17:08:20,857","level":"INFO","node":0,"msg":"Commit vote recorded: node 2 decision=True round=0 satisfied=True"}
{"time":"2026-07-22 17:08:20,857","level":"INFO","node":0,"msg":"Round 1 COMMITTED — model hash agreed by [0, 1, 2]"}
{"time":"2026-07-22 17:08:20,859","level":"INFO","node":0,"msg":"Commit certificate saved to C:\Users\mousu\OneDrive\Desktop\Set A\securefedhe\dashboard\certificates\round_0.json"}
{"time":"2026-07-22 17:08:20,861","level":"INFO","node":0,"msg":"Broadcast weights to node 2"}
{"time":"2026-07-22 17:08:20,887","level":"INFO","node":0,"msg":"Commit vote recorded: node 3 decision=True round=0 satisfied=True"}
{"time":"2026-07-22 17:08:20,889","level":"INFO","node":0,"msg":"Broadcast weights to node 3"}
{"time":"2026-07-22 17:08:20,898","level":"INFO","node":0,"msg":"Checkpoint saved to C:\Users\mousu\OneDrive\Desktop\Set A\securefedhe\dashboard\model_latest.pt"}
{"time":"2026-07-22 17:08:20,898","level":"INFO","node":0,"msg":"Round 1 complete | accuracy=0.6818 | duration=58.29s"}
{"time":"2026-07-22 17:08:20,898","level":"INFO","node":0,"msg":"Round 2 belongs to node 1 — waiting for their proposal."}
{"time":"2026-07-22 17:08:20,902","level":"INFO","node":0,"msg":"Notified next proposer to node 1"}
{"time":"2026-07-22 17:08:20,903","level":"INFO","node":0,"msg":"[WATCHDOG SPAWNED] round=1 expected_proposer=1 timeout_s=600 spawned_at=17:08:20"}
{"time":"2026-07-22 17:08:27,215","level":"INFO","node":0,"msg":"Proposal received: round=1 origin=1 hash=781d32387bb4..."}
{"time":"2026-07-22 17:08:27,253","level":"INFO","node":0,"msg":"Consensus vote recorded: node 1 decision=True reason=zkp_ok round=1 new=True satisfied=False"}
{"time":"2026-07-22 17:08:58,767","level":"INFO","node":0,"msg":"Received update from node 3, round 1"}
{"time":"2026-07-22 17:09:08,551","level":"INFO","node":0,"msg":"ZKP ACCEPTED from node 3"}
{"time":"2026-07-22 17:09:08,561","level":"INFO","node":0,"msg":"Trust score for node 1: S=0.429 (Z=1.00 A=0.50 P=0.50 R=1.00) advisory only"}
{"time":"2026-07-22 17:09:08,565","level":"WARNING","node":0,"msg":"Sent consensus vote to node 1 FAILED (hard timeout or exception) — consecutive failure streak 1/3 over 0.0s"}
{"time":"2026-07-22 17:09:08,566","level":"WARNING","node":0,"msg":"Sent consensus vote to node 2 FAILED (hard timeout or exception) — consecutive failure streak 1/3 over 0.0s"}
{"time":"2026-07-22 17:09:08,568","level":"WARNING","node":0,"msg":"Sent consensus vote to node 3 FAILED (hard timeout or exception) — consecutive failure streak 1/3 over 0.0s"}
{"time":"2026-07-22 17:09:08,590","level":"INFO","node":0,"msg":"[FC2 DELTA NORM] node 0 round=1 — fc2 delta norm this round: 0.0391"}
{"time":"2026-07-22 17:09:14,700","level":"INFO","node":0,"msg":"Forwarded to http://127.0.0.1:8001"}
{"time":"2026-07-22 17:09:21,344","level":"INFO","node":0,"msg":"Proposal for round=1 origin=1 changed hash after 54.15s — treating as a legitimate round retry, not equivocation."}
{"time":"2026-07-22 17:09:21,344","level":"INFO","node":0,"msg":"Proposal received: round=1 origin=1 hash=508f0780cecb..."}
{"time":"2026-07-22 17:09:21,379","level":"INFO","node":0,"msg":"Consensus vote recorded: node 1 decision=True reason=zkp_ok round=1 new=True satisfied=False"}
{"time":"2026-07-22 17:09:52,818","level":"INFO","node":0,"msg":"Received update from node 3, round 1"}
{"time":"2026-07-22 17:10:02,379","level":"INFO","node":0,"msg":"ZKP ACCEPTED from node 3"}
{"time":"2026-07-22 17:10:02,385","level":"INFO","node":0,"msg":"Trust score for node 1: S=0.000 (Z=1.00 A=0.00 P=0.50 R=1.00) advisory only"}
{"time":"2026-07-22 17:10:02,388","level":"WARNING","node":0,"msg":"Sent consensus vote to node 1 FAILED (hard timeout or exception) — consecutive failure streak 2/3 over 53.8s"}
{"time":"2026-07-22 17:10:02,389","level":"WARNING","node":0,"msg":"Sent consensus vote to node 2 FAILED (hard timeout or exception) — consecutive failure streak 2/3 over 53.8s"}
{"time":"2026-07-22 17:10:02,391","level":"WARNING","node":0,"msg":"Sent consensus vote to node 3 FAILED (hard timeout or exception) — consecutive failure streak 2/3 over 53.8s"}
{"time":"2026-07-22 17:10:02,417","level":"INFO","node":0,"msg":"[FC2 DELTA NORM] node 0 round=1 — fc2 delta norm this round: 0.0383"}
{"time":"2026-07-22 17:10:08,494","level":"INFO","node":0,"msg":"Forwarded to http://127.0.0.1:8001"}
{"time":"2026-07-22 17:10:15,024","level":"INFO","node":0,"msg":"Proposal for round=1 origin=1 changed hash after 53.68s — treating as a legitimate round retry, not equivocation."}
{"time":"2026-07-22 17:10:15,024","level":"INFO","node":0,"msg":"Proposal received: round=1 origin=1 hash=4e10646a089b..."}
{"time":"2026-07-22 17:10:15,053","level":"INFO","node":0,"msg":"Consensus vote recorded: node 1 decision=True reason=zkp_ok round=1 new=True satisfied=False"}
{"time":"2026-07-22 17:10:24,778","level":"INFO","node":0,"msg":"Consensus vote recorded: node 2 decision=True reason=zkp_ok round=1 new=True satisfied=False"}
{"time":"2026-07-22 17:10:40,575","level":"INFO","node":0,"msg":"Consensus vote recorded: node 3 decision=True reason=zkp_ok round=1 new=True satisfied=True"}
{"time":"2026-07-22 17:10:46,495","level":"INFO","node":0,"msg":"Received update from node 3, round 1"}
{"time":"2026-07-22 17:10:56,199","level":"INFO","node":0,"msg":"ZKP ACCEPTED from node 3"}
{"time":"2026-07-22 17:10:56,199","level":"INFO","node":0,"msg":"fc_in col7 delta self-cosine for node 1: -0.5261 (delta_norm=0.1536)"}
{"time":"2026-07-22 17:10:56,207","level":"INFO","node":0,"msg":"Trust score for node 1: S=0.000 (Z=1.00 A=0.00 P=0.50 R=1.00) advisory only"}
{"time":"2026-07-22 17:10:56,210","level":"WARNING","node":0,"msg":"Sent consensus vote to node 1 FAILED (hard timeout or exception) — consecutive failure streak 3/3 over 107.6s"}
{"time":"2026-07-22 17:10:56,210","level":"ERROR","node":0,"msg":"Node 1 EXCLUDED from proposing and quorum. Quorum requirement adjusted to 3 of 3 remaining trusted nodes."}
{"time":"2026-07-22 17:10:56,219","level":"INFO","node":0,"msg":"Sent exclusion notice for node 1 to node 2"}
{"time":"2026-07-22 17:10:56,224","level":"INFO","node":0,"msg":"Sent exclusion notice for node 1 to node 3"}
{"time":"2026-07-22 17:10:56,224","level":"WARNING","node":0,"msg":"Sent consensus vote to node 2 FAILED (hard timeout or exception) — consecutive failure streak 3/3 over 107.7s"}
{"time":"2026-07-22 17:10:56,225","level":"ERROR","node":0,"msg":"Node 2 EXCLUDED from proposing and quorum. Quorum requirement adjusted to 2 of 2 remaining trusted nodes."}
{"time":"2026-07-22 17:10:56,230","level":"INFO","node":0,"msg":"Sent exclusion notice for node 2 to node 1"}
{"time":"2026-07-22 17:10:56,235","level":"INFO","node":0,"msg":"Sent exclusion notice for node 2 to node 3"}
{"time":"2026-07-22 17:10:56,235","level":"WARNING","node":0,"msg":"Sent consensus vote to node 3 FAILED (hard timeout or exception) — consecutive failure streak 3/3 over 107.7s"}
{"time":"2026-07-22 17:10:56,237","level":"ERROR","node":0,"msg":"Node 3 EXCLUDED from proposing and quorum. Quorum requirement adjusted to 1 of 1 remaining trusted nodes."}
{"time":"2026-07-22 17:10:56,241","level":"INFO","node":0,"msg":"Sent exclusion notice for node 3 to node 1"}
{"time":"2026-07-22 17:10:56,246","level":"INFO","node":0,"msg":"Sent exclusion notice for node 3 to node 2"}
{"time":"2026-07-22 17:10:56,275","level":"INFO","node":0,"msg":"[FC2 DELTA NORM] node 0 round=1 — fc2 delta norm this round: 0.0363"}
{"time":"2026-07-22 17:11:02,580","level":"INFO","node":0,"msg":"Forwarded to http://127.0.0.1:8001"}
{"time":"2026-07-22 17:11:09,438","level":"INFO","node":0,"msg":"Proposal for round=1 origin=1 changed hash after 54.41s — treating as a legitimate round retry, not equivocation."}
{"time":"2026-07-22 17:11:09,438","level":"INFO","node":0,"msg":"Proposal received: round=1 origin=1 hash=7fcece525ab9..."}
{"time":"2026-07-22 17:11:09,438","level":"INFO","node":0,"msg":"Consensus vote recorded: node 1 decision=True reason=zkp_ok round=1 new=True satisfied=True"}
{"time":"2026-07-22 17:11:09,438","level":"INFO","node":0,"msg":"Received update from node 1, round 1"}
{"time":"2026-07-22 17:11:19,049","level":"INFO","node":0,"msg":"ZKP ACCEPTED from node 1"}
{"time":"2026-07-22 17:11:19,049","level":"INFO","node":0,"msg":"fc_in col7 delta self-cosine for node 1: -0.3018 (delta_norm=0.2568)"}
{"time":"2026-07-22 17:11:19,067","level":"INFO","node":0,"msg":"Trust score for node 1: S=0.000 (Z=1.00 A=0.00 P=0.50 R=1.00) advisory only"}
{"time":"2026-07-22 17:11:19,123","level":"INFO","node":0,"msg":"[FC2 DELTA NORM] node 0 round=1 — fc2 delta norm this round: 0.0403"}
{"time":"2026-07-22 17:11:25,287","level":"INFO","node":0,"msg":"Forwarded to http://127.0.0.1:8001"}
{"time":"2026-07-22 17:11:25,303","level":"INFO","node":0,"msg":"Round 2 skip acknowledged — advancing to round 3"}
{"time":"2026-07-22 17:11:25,303","level":"WARNING","node":0,"msg":"[SKIP STRIKE] round 2 skipped, proposer=1, reason=quorum_failure — recording independent strike"}
{"time":"2026-07-22 17:11:25,307","level":"INFO","node":0,"msg":"My turn — starting round 3 as proposer."}
{"time":"2026-07-22 17:11:25,308","level":"INFO","node":0,"msg":"Starting round 3"}
{"time":"2026-07-22 17:11:25,339","level":"INFO","node":0,"msg":"[FC2 DELTA NORM] node 0 round=2 — fc2 delta norm this round: 0.0431"}
{"time":"2026-07-22 17:11:31,513","level":"INFO","node":0,"msg":"Forwarded to http://127.0.0.1:8001"}
{"time":"2026-07-22 17:11:42,587","level":"INFO","node":0,"msg":"Consensus vote recorded: node 1 decision=True reason=zkp_ok round=2 new=True satisfied=True"}
{"time":"2026-07-22 17:11:48,765","level":"INFO","node":0,"msg":"Received update from node 1, round 2"}
{"time":"2026-07-22 17:11:48,767","level":"INFO","node":0,"msg":"Round 3 complete — aggregating"}
{"time":"2026-07-22 17:11:48,773","level":"INFO","node":0,"msg":"Round 3 accuracy gate skipped (warm-up period, candidate_acc=0.8455)"}
{"time":"2026-07-22 17:11:48,780","level":"INFO","node":0,"msg":"Checkpoint saved to C:\Users\mousu\OneDrive\Desktop\Set A\securefedhe\dashboard\model_latest.pt"}
{"time":"2026-07-22 17:11:48,781","level":"INFO","node":0,"msg":"Round 3 complete | accuracy=0.8455 | duration=23.47s"}
{"time":"2026-07-22 17:11:49,282","level":"INFO","node":0,"msg":"Starting round 4"}
{"time":"2026-07-22 17:11:49,308","level":"INFO","node":0,"msg":"[FC2 DELTA NORM] node 0 round=3 — fc2 delta norm this round: 0.0486"}
{"time":"2026-07-22 17:11:55,486","level":"INFO","node":0,"msg":"Forwarded to http://127.0.0.1:8001"}
{"time":"2026-07-22 17:12:06,401","level":"INFO","node":0,"msg":"Consensus vote recorded: node 1 decision=False reason=wrong_round round=3 new=True satisfied=True"}
{"time":"2026-07-22 17:12:12,635","level":"INFO","node":0,"msg":"Received update from node 1, round 3"}
{"time":"2026-07-22 17:12:12,635","level":"INFO","node":0,"msg":"Round 4 complete — aggregating"}
{"time":"2026-07-22 17:12:12,640","level":"INFO","node":0,"msg":"Round 4 accuracy gate skipped (warm-up period, candidate_acc=0.8364)"}
{"time":"2026-07-22 17:12:12,648","level":"INFO","node":0,"msg":"Checkpoint saved to C:\Users\mousu\OneDrive\Desktop\Set A\securefedhe\dashboard\model_latest.pt"}
{"time":"2026-07-22 17:12:12,648","level":"INFO","node":0,"msg":"Round 4 complete | accuracy=0.8364 | duration=23.37s"}
{"time":"2026-07-22 17:12:13,158","level":"INFO","node":0,"msg":"Starting round 5"}
{"time":"2026-07-22 17:12:13,190","level":"INFO","node":0,"msg":"[FC2 DELTA NORM] node 0 round=4 — fc2 delta norm this round: 0.0509"}
{"time":"2026-07-22 17:12:19,371","level":"INFO","node":0,"msg":"Forwarded to http://127.0.0.1:8001"}
{"time":"2026-07-22 17:12:30,408","level":"INFO","node":0,"msg":"Consensus vote recorded: node 1 decision=False reason=wrong_round round=4 new=True satisfied=True"}
{"time":"2026-07-22 17:12:36,531","level":"INFO","node":0,"msg":"Received update from node 1, round 4"}
{"time":"2026-07-22 17:12:36,531","level":"INFO","node":0,"msg":"Round 5 complete — aggregating"}
{"time":"2026-07-22 17:12:36,535","level":"INFO","node":0,"msg":"Round 5 accuracy gate skipped (warm-up period, candidate_acc=0.8455)"}
{"time":"2026-07-22 17:12:36,548","level":"INFO","node":0,"msg":"Checkpoint saved to C:\Users\mousu\OneDrive\Desktop\Set A\securefedhe\dashboard\model_latest.pt"}
{"time":"2026-07-22 17:12:36,549","level":"INFO","node":0,"msg":"Round 5 complete | accuracy=0.8455 | duration=23.39s"}
{"time":"2026-07-22 17:12:37,060","level":"INFO","node":0,"msg":"Starting round 6"}
{"time":"2026-07-22 17:12:37,086","level":"INFO","node":0,"msg":"[FC2 DELTA NORM] node 0 round=5 — fc2 delta norm this round: 0.0497"}
{"time":"2026-07-22 17:12:43,139","level":"INFO","node":0,"msg":"Forwarded to http://127.0.0.1:8001"}
{"time":"2026-07-22 17:12:54,082","level":"INFO","node":0,"msg":"Consensus vote recorded: node 1 decision=False reason=wrong_round round=5 new=True satisfied=True"}
{"time":"2026-07-22 17:13:00,155","level":"INFO","node":0,"msg":"Received update from node 1, round 5"}
{"time":"2026-07-22 17:13:00,155","level":"INFO","node":0,"msg":"Round 6 complete — aggregating"}
{"time":"2026-07-22 17:13:00,189","level":"INFO","node":0,"msg":"[BACKDOOR PROBE] Round 6 clean — worst case flip_rate=1.000 jump=0.227 (feature=1, value=-4.0)"}
{"time":"2026-07-22 17:13:00,194","level":"INFO","node":0,"msg":"Checkpoint saved to C:\Users\mousu\OneDrive\Desktop\Set A\securefedhe\dashboard\model_latest.pt"}
{"time":"2026-07-22 17:13:00,194","level":"INFO","node":0,"msg":"Round 6 complete | accuracy=0.8545 | duration=23.13s"}
{"time":"2026-07-22 17:13:00,707","level":"INFO","node":0,"msg":"Starting round 7"}
{"time":"2026-07-22 17:13:00,760","level":"INFO","node":0,"msg":"[FC2 DELTA NORM] node 0 round=6 — fc2 delta norm this round: 0.0507"}
{"time":"2026-07-22 17:13:06,971","level":"INFO","node":0,"msg":"Forwarded to http://127.0.0.1:8001"}
{"time":"2026-07-22 17:13:18,020","level":"INFO","node":0,"msg":"Consensus vote recorded: node 1 decision=False reason=wrong_round round=6 new=True satisfied=True"}
{"time":"2026-07-22 17:13:24,196","level":"INFO","node":0,"msg":"Received update from node 1, round 6"}
{"time":"2026-07-22 17:13:24,197","level":"INFO","node":0,"msg":"Round 7 complete — aggregating"}
{"time":"2026-07-22 17:13:24,228","level":"INFO","node":0,"msg":"[BACKDOOR PROBE] Round 7 clean — worst case flip_rate=1.000 jump=0.218 (feature=1, value=-4.0)"}
{"time":"2026-07-22 17:13:24,233","level":"INFO","node":0,"msg":"Checkpoint saved to C:\Users\mousu\OneDrive\Desktop\Set A\securefedhe\dashboard\model_latest.pt"}
{"time":"2026-07-22 17:13:24,233","level":"INFO","node":0,"msg":"Round 7 complete | accuracy=0.8455 | duration=23.53s"}
{"time":"2026-07-22 17:13:24,736","level":"INFO","node":0,"msg":"Starting round 8"}
{"time":"2026-07-22 17:13:24,795","level":"INFO","node":0,"msg":"[FC2 DELTA NORM] node 0 round=7 — fc2 delta norm this round: 0.0499"}
{"time":"2026-07-22 17:13:31,115","level":"INFO","node":0,"msg":"Forwarded to http://127.0.0.1:8001"}
{"time":"2026-07-22 17:13:42,009","level":"INFO","node":0,"msg":"Consensus vote recorded: node 1 decision=False reason=wrong_round round=7 new=True satisfied=True"}
{"time":"2026-07-22 17:13:48,127","level":"INFO","node":0,"msg":"Received update from node 1, round 7"}
{"time":"2026-07-22 17:13:48,127","level":"INFO","node":0,"msg":"Round 8 complete — aggregating"}
{"time":"2026-07-22 17:13:48,176","level":"INFO","node":0,"msg":"[BACKDOOR PROBE] Round 8 clean — worst case flip_rate=1.000 jump=0.282 (feature=1, value=-4.0)"}
{"time":"2026-07-22 17:13:48,176","level":"INFO","node":0,"msg":"Checkpoint saved to C:\Users\mousu\OneDrive\Desktop\Set A\securefedhe\dashboard\model_latest.pt"}
{"time":"2026-07-22 17:13:48,176","level":"INFO","node":0,"msg":"Round 8 complete | accuracy=0.8364 | duration=23.44s"}
{"time":"2026-07-22 17:13:48,688","level":"INFO","node":0,"msg":"Starting round 9"}
{"time":"2026-07-22 17:13:48,715","level":"INFO","node":0,"msg":"[FC2 DELTA NORM] node 0 round=8 — fc2 delta norm this round: 0.0499"}
{"time":"2026-07-22 17:13:54,840","level":"INFO","node":0,"msg":"Forwarded to http://127.0.0.1:8001"}
{"time":"2026-07-22 17:14:05,817","level":"INFO","node":0,"msg":"Consensus vote recorded: node 1 decision=False reason=wrong_round round=8 new=True satisfied=True"}
{"time":"2026-07-22 17:14:11,788","level":"INFO","node":0,"msg":"Received update from node 1, round 8"}
{"time":"2026-07-22 17:14:11,788","level":"INFO","node":0,"msg":"Round 9 complete — aggregating"}
{"time":"2026-07-22 17:14:11,819","level":"INFO","node":0,"msg":"[BACKDOOR PROBE] Round 9 clean — worst case flip_rate=1.000 jump=0.227 (feature=0, value=8.0)"}
{"time":"2026-07-22 17:14:11,826","level":"INFO","node":0,"msg":"Checkpoint saved to C:\Users\mousu\OneDrive\Desktop\Set A\securefedhe\dashboard\model_latest.pt"}
{"time":"2026-07-22 17:14:11,826","level":"INFO","node":0,"msg":"Round 9 complete | accuracy=0.8364 | duration=23.14s"}
{"time":"2026-07-22 17:14:12,341","level":"INFO","node":0,"msg":"Starting round 10"}
{"time":"2026-07-22 17:14:12,392","level":"INFO","node":0,"msg":"[FC2 DELTA NORM] node 0 round=9 — fc2 delta norm this round: 0.0510"}
{"time":"2026-07-22 17:14:18,441","level":"INFO","node":0,"msg":"Forwarded to http://127.0.0.1:8001"}
{"time":"2026-07-22 17:14:29,422","level":"INFO","node":0,"msg":"Consensus vote recorded: node 1 decision=False reason=wrong_round round=9 new=True satisfied=True"}
{"time":"2026-07-22 17:14:35,610","level":"INFO","node":0,"msg":"Received update from node 1, round 9"}
{"time":"2026-07-22 17:14:35,610","level":"INFO","node":0,"msg":"Round 10 complete — aggregating"}
{"time":"2026-07-22 17:14:35,649","level":"INFO","node":0,"msg":"[BACKDOOR PROBE] Round 10 clean — worst case flip_rate=1.000 jump=0.255 (feature=0, value=7.0)"}
{"time":"2026-07-22 17:14:35,655","level":"INFO","node":0,"msg":"Checkpoint saved to C:\Users\mousu\OneDrive\Desktop\Set A\securefedhe\dashboard\model_latest.pt"}
{"time":"2026-07-22 17:14:35,655","level":"INFO","node":0,"msg":"Round 10 complete | accuracy=0.8455 | duration=23.31s"}
{"time":"2026-07-22 17:14:36,164","level":"INFO","node":0,"msg":"Starting round 11"}
{"time":"2026-07-22 17:14:36,190","level":"INFO","node":0,"msg":"[FC2 DELTA NORM] node 0 round=10 — fc2 delta norm this round: 0.0513"}
{"time":"2026-07-22 17:14:42,328","level":"INFO","node":0,"msg":"Forwarded to http://127.0.0.1:8001"}
{"time":"2026-07-22 17:14:53,241","level":"INFO","node":0,"msg":"Consensus vote recorded: node 1 decision=False reason=wrong_round round=10 new=True satisfied=True"}
{"time":"2026-07-22 17:14:59,388","level":"INFO","node":0,"msg":"Received update from node 1, round 10"}
{"time":"2026-07-22 17:14:59,388","level":"INFO","node":0,"msg":"Round 11 complete — aggregating"}
{"time":"2026-07-22 17:14:59,426","level":"INFO","node":0,"msg":"[BACKDOOR PROBE] Round 11 clean — worst case flip_rate=1.000 jump=0.273 (feature=1, value=-4.0)"}
{"time":"2026-07-22 17:14:59,435","level":"INFO","node":0,"msg":"Checkpoint saved to C:\Users\mousu\OneDrive\Desktop\Set A\securefedhe\dashboard\model_latest.pt"}
{"time":"2026-07-22 17:14:59,435","level":"INFO","node":0,"msg":"Round 11 complete | accuracy=0.8455 | duration=23.27s"}
{"time":"2026-07-22 17:14:59,948","level":"INFO","node":0,"msg":"Starting round 12"}
{"time":"2026-07-22 17:14:59,980","level":"INFO","node":0,"msg":"[FC2 DELTA NORM] node 0 round=11 — fc2 delta norm this round: 0.0509"}
{"time":"2026-07-22 17:15:06,133","level":"INFO","node":0,"msg":"Forwarded to http://127.0.0.1:8001"}
{"time":"2026-07-22 17:15:17,147","level":"INFO","node":0,"msg":"Consensus vote recorded: node 1 decision=False reason=wrong_round round=11 new=True satisfied=True"}
{"time":"2026-07-22 17:15:23,470","level":"INFO","node":0,"msg":"Received update from node 1, round 11"}
{"time":"2026-07-22 17:15:23,470","level":"INFO","node":0,"msg":"Round 12 complete — aggregating"}
{"time":"2026-07-22 17:15:23,502","level":"INFO","node":0,"msg":"[BACKDOOR PROBE] Round 12 clean — worst case flip_rate=1.000 jump=0.282 (feature=1, value=-4.0)"}
{"time":"2026-07-22 17:15:23,507","level":"INFO","node":0,"msg":"Checkpoint saved to C:\Users\mousu\OneDrive\Desktop\Set A\securefedhe\dashboard\model_latest.pt"}
{"time":"2026-07-22 17:15:23,507","level":"INFO","node":0,"msg":"Round 12 complete | accuracy=0.8727 | duration=23.56s"}
{"time":"2026-07-22 17:15:24,011","level":"INFO","node":0,"msg":"Starting round 13"}
{"time":"2026-07-22 17:15:24,035","level":"INFO","node":0,"msg":"[FC2 DELTA NORM] node 0 round=12 — fc2 delta norm this round: 0.0510"}
{"time":"2026-07-22 17:15:30,209","level":"INFO","node":0,"msg":"Forwarded to http://127.0.0.1:8001"}
{"time":"2026-07-22 17:15:41,161","level":"INFO","node":0,"msg":"Consensus vote recorded: node 1 decision=False reason=wrong_round round=12 new=True satisfied=True"}
{"time":"2026-07-22 17:15:47,257","level":"INFO","node":0,"msg":"Received update from node 1, round 12"}
{"time":"2026-07-22 17:15:47,257","level":"INFO","node":0,"msg":"Round 13 complete — aggregating"}
{"time":"2026-07-22 17:15:47,276","level":"WARNING","node":0,"msg":"[BACKDOOR PROBE] Round 13 SUSPICIOUS: feature=1 value=-4.0 forces class=0 flip_rate=1.000 jump=0.318 (thresholds: flip>0.7, jump>0.3)"}
{"time":"2026-07-22 17:15:47,282","level":"INFO","node":0,"msg":"Checkpoint saved to C:\Users\mousu\OneDrive\Desktop\Set A\securefedhe\dashboard\model_latest.pt"}
{"time":"2026-07-22 17:15:47,282","level":"INFO","node":0,"msg":"Round 13 complete | accuracy=0.8545 | duration=23.27s"}
{"time":"2026-07-22 17:15:47,793","level":"INFO","node":0,"msg":"Starting round 14"}
{"time":"2026-07-22 17:15:47,818","level":"INFO","node":0,"msg":"[FC2 DELTA NORM] node 0 round=13 — fc2 delta norm this round: 0.0511"}
{"time":"2026-07-22 17:15:54,390","level":"INFO","node":0,"msg":"Forwarded to http://127.0.0.1:8001"}
{"time":"2026-07-22 17:16:05,961","level":"INFO","node":0,"msg":"Consensus vote recorded: node 1 decision=False reason=wrong_round round=13 new=True satisfied=True"}
{"time":"2026-07-22 17:16:12,120","level":"INFO","node":0,"msg":"Received update from node 1, round 13"}
{"time":"2026-07-22 17:16:12,120","level":"INFO","node":0,"msg":"Round 14 complete — aggregating"}
{"time":"2026-07-22 17:16:12,169","level":"INFO","node":0,"msg":"[BACKDOOR PROBE] Round 14 clean — worst case flip_rate=1.000 jump=0.273 (feature=1, value=-4.0)"}
{"time":"2026-07-22 17:16:12,179","level":"INFO","node":0,"msg":"Checkpoint saved to C:\Users\mousu\OneDrive\Desktop\Set A\securefedhe\dashboard\model_latest.pt"}
{"time":"2026-07-22 17:16:12,179","level":"INFO","node":0,"msg":"Round 14 complete | accuracy=0.8455 | duration=24.39s"}
{"time":"2026-07-22 17:16:12,684","level":"INFO","node":0,"msg":"Starting round 15"}
{"time":"2026-07-22 17:16:12,719","level":"INFO","node":0,"msg":"[FC2 DELTA NORM] node 0 round=14 — fc2 delta norm this round: 0.0497"}
{"time":"2026-07-22 17:16:19,093","level":"INFO","node":0,"msg":"Forwarded to http://127.0.0.1:8001"}
{"time":"2026-07-22 17:16:30,089","level":"INFO","node":0,"msg":"Consensus vote recorded: node 1 decision=False reason=wrong_round round=14 new=True satisfied=True"}
{"time":"2026-07-22 17:16:36,255","level":"INFO","node":0,"msg":"Received update from node 1, round 14"}
{"time":"2026-07-22 17:16:36,255","level":"INFO","node":0,"msg":"Round 15 complete — aggregating"}
{"time":"2026-07-22 17:16:36,297","level":"INFO","node":0,"msg":"[BACKDOOR PROBE] Round 15 clean — worst case flip_rate=1.000 jump=0.264 (feature=0, value=8.0)"}
{"time":"2026-07-22 17:16:36,304","level":"INFO","node":0,"msg":"Checkpoint saved to C:\Users\mousu\OneDrive\Desktop\Set A\securefedhe\dashboard\model_latest.pt"}
{"time":"2026-07-22 17:16:36,304","level":"INFO","node":0,"msg":"Round 15 complete | accuracy=0.8545 | duration=23.62s"}
{"time":"2026-07-22 17:16:36,815","level":"INFO","node":0,"msg":"Starting round 16"}
{"time":"2026-07-22 17:16:36,847","level":"INFO","node":0,"msg":"[FC2 DELTA NORM] node 0 round=15 — fc2 delta norm this round: 0.0511"}
{"time":"2026-07-22 17:16:42,949","level":"INFO","node":0,"msg":"Forwarded to http://127.0.0.1:8001"}
{"time":"2026-07-22 17:16:53,994","level":"INFO","node":0,"msg":"Consensus vote recorded: node 1 decision=False reason=wrong_round round=15 new=True satisfied=True"}
{"time":"2026-07-22 17:17:00,066","level":"INFO","node":0,"msg":"Received update from node 1, round 15"}
{"time":"2026-07-22 17:17:00,066","level":"INFO","node":0,"msg":"Round 16 complete — aggregating"}
{"time":"2026-07-22 17:17:00,097","level":"INFO","node":0,"msg":"[BACKDOOR PROBE] Round 16 clean — worst case flip_rate=1.000 jump=0.191 (feature=0, value=8.0)"}
{"time":"2026-07-22 17:17:00,103","level":"INFO","node":0,"msg":"Checkpoint saved to C:\Users\mousu\OneDrive\Desktop\Set A\securefedhe\dashboard\model_latest.pt"}
{"time":"2026-07-22 17:17:00,103","level":"INFO","node":0,"msg":"Round 16 complete | accuracy=0.8364 | duration=23.29s"}
{"time":"2026-07-22 17:17:00,607","level":"INFO","node":0,"msg":"Starting round 17"}
{"time":"2026-07-22 17:17:00,637","level":"INFO","node":0,"msg":"[FC2 DELTA NORM] node 0 round=16 — fc2 delta norm this round: 0.0518"}
{"time":"2026-07-22 17:17:07,053","level":"INFO","node":0,"msg":"Forwarded to http://127.0.0.1:8001"}
{"time":"2026-07-22 17:17:18,274","level":"INFO","node":0,"msg":"Consensus vote recorded: node 1 decision=False reason=wrong_round round=16 new=True satisfied=True"}
{"time":"2026-07-22 17:17:24,953","level":"INFO","node":0,"msg":"Received update from node 1, round 16"}
{"time":"2026-07-22 17:17:24,954","level":"INFO","node":0,"msg":"Round 17 complete — aggregating"}
{"time":"2026-07-22 17:17:24,980","level":"WARNING","node":0,"msg":"[BACKDOOR PROBE] Round 17 SUSPICIOUS: feature=1 value=-4.0 forces class=0 flip_rate=1.000 jump=0.309 (thresholds: flip>0.7, jump>0.3)"}
{"time":"2026-07-22 17:17:24,988","level":"INFO","node":0,"msg":"Checkpoint saved to C:\Users\mousu\OneDrive\Desktop\Set A\securefedhe\dashboard\model_latest.pt"}
{"time":"2026-07-22 17:17:24,988","level":"INFO","node":0,"msg":"Round 17 complete | accuracy=0.8273 | duration=24.38s"}
{"time":"2026-07-22 17:17:25,489","level":"INFO","node":0,"msg":"Starting round 18"}
{"time":"2026-07-22 17:17:25,521","level":"INFO","node":0,"msg":"[FC2 DELTA NORM] node 0 round=17 — fc2 delta norm this round: 0.0516"}
{"time":"2026-07-22 17:17:31,649","level":"INFO","node":0,"msg":"Forwarded to http://127.0.0.1:8001"}
{"time":"2026-07-22 17:17:42,632","level":"INFO","node":0,"msg":"Consensus vote recorded: node 1 decision=False reason=wrong_round round=17 new=True satisfied=True"}
{"time":"2026-07-22 17:17:48,589","level":"INFO","node":0,"msg":"Received update from node 1, round 17"}
{"time":"2026-07-22 17:17:48,589","level":"INFO","node":0,"msg":"Round 18 complete — aggregating"}
{"time":"2026-07-22 17:17:48,619","level":"WARNING","node":0,"msg":"[BACKDOOR PROBE] Round 18 SUSPICIOUS: feature=1 value=-4.0 forces class=0 flip_rate=1.000 jump=0.300 (thresholds: flip>0.7, jump>0.3)"}
{"time":"2026-07-22 17:17:48,621","level":"INFO","node":0,"msg":"Checkpoint saved to C:\Users\mousu\OneDrive\Desktop\Set A\securefedhe\dashboard\model_latest.pt"}
{"time":"2026-07-22 17:17:48,621","level":"INFO","node":0,"msg":"Round 18 complete | accuracy=0.8182 | duration=23.13s"}
{"time":"2026-07-22 17:17:49,126","level":"INFO","node":0,"msg":"Starting round 19"}
{"time":"2026-07-22 17:17:49,152","level":"INFO","node":0,"msg":"[FC2 DELTA NORM] node 0 round=18 — fc2 delta norm this round: 0.0506"}
{"time":"2026-07-22 17:17:55,137","level":"INFO","node":0,"msg":"Forwarded to http://127.0.0.1:8001"}
{"time":"2026-07-22 17:18:06,431","level":"INFO","node":0,"msg":"Consensus vote recorded: node 1 decision=False reason=wrong_round round=18 new=True satisfied=True"}
{"time":"2026-07-22 17:18:12,806","level":"INFO","node":0,"msg":"Received update from node 1, round 18"}
{"time":"2026-07-22 17:18:12,806","level":"INFO","node":0,"msg":"Round 19 complete — aggregating"}
{"time":"2026-07-22 17:18:12,859","level":"INFO","node":0,"msg":"[BACKDOOR PROBE] Round 19 clean — worst case flip_rate=1.000 jump=0.291 (feature=1, value=-4.0)"}
{"time":"2026-07-22 17:18:12,867","level":"INFO","node":0,"msg":"Checkpoint saved to C:\Users\mousu\OneDrive\Desktop\Set A\securefedhe\dashboard\model_latest.pt"}
{"time":"2026-07-22 17:18:12,867","level":"INFO","node":0,"msg":"Round 19 complete | accuracy=0.8273 | duration=23.74s"}
{"time":"2026-07-22 17:18:13,383","level":"INFO","node":0,"msg":"Starting round 20"}
{"time":"2026-07-22 17:18:13,407","level":"INFO","node":0,"msg":"[FC2 DELTA NORM] node 0 round=19 — fc2 delta norm this round: 0.0514"}
{"time":"2026-07-22 17:18:19,562","level":"INFO","node":0,"msg":"Forwarded to http://127.0.0.1:8001"}
{"time":"2026-07-22 17:18:30,527","level":"INFO","node":0,"msg":"Consensus vote recorded: node 1 decision=False reason=wrong_round round=19 new=True satisfied=True"}
{"time":"2026-07-22 17:18:40,476","level":"INFO","node":0,"msg":"Received update from node 1, round 19"}
{"time":"2026-07-22 17:18:40,476","level":"INFO","node":0,"msg":"Round 20 complete — aggregating"}
{"time":"2026-07-22 17:18:40,635","level":"INFO","node":0,"msg":"[BACKDOOR PROBE] Round 20 clean — worst case flip_rate=1.000 jump=0.227 (feature=1, value=-4.0)"}
{"time":"2026-07-22 17:18:40,655","level":"INFO","node":0,"msg":"Checkpoint saved to C:\Users\mousu\OneDrive\Desktop\Set A\securefedhe\dashboard\model_latest.pt"}
{"time":"2026-07-22 17:18:40,656","level":"INFO","node":0,"msg":"Round 20 complete | accuracy=0.8364 | duration=27.27s"}
{"time":"2026-07-22 17:18:40,657","level":"INFO","node":0,"msg":"Training complete after 20 rounds"}
{"time":"2026-07-22 17:24:49,592","level":"INFO","node":0,"msg":"Starting node 0: City General Hospital"}
{"time":"2026-07-22 17:24:49,592","level":"INFO","node":0,"msg":"[CONFIG DEBUG] attack_simulation loaded: enabled=True target_node=2 type=gradient_norm config_path=config_dev.json"}
{"time":"2026-07-22 17:24:49,663","level":"WARNING","node":0,"msg":"DEV MODE: running without TLS"}
{"time":"2026-07-22 17:24:49,663","level":"INFO","node":0,"msg":"Listening on 127.0.0.1:8000 | TLS=False"}
{"time":"2026-07-22 17:24:56,939","level":"INFO","node":0,"msg":"Key exchange complete with node 1"}
{"time":"2026-07-22 17:24:56,939","level":"INFO","node":0,"msg":"Consensus pubkey received from node 1"}
{"time":"2026-07-22 17:25:00,034","level":"INFO","node":0,"msg":"Consensus pubkey received from node 2"}
{"time":"2026-07-22 17:25:00,034","level":"INFO","node":0,"msg":"Key exchange complete with node 2"}
{"time":"2026-07-22 17:25:01,621","level":"INFO","node":0,"msg":"Key exchange complete with node 3"}
{"time":"2026-07-22 17:25:01,633","level":"INFO","node":0,"msg":"Consensus pubkey received from node 3"}
{"time":"2026-07-22 17:25:07,601","level":"INFO","node":0,"msg":"Sent public key to node 1"}
{"time":"2026-07-22 17:25:07,620","level":"INFO","node":0,"msg":"Sent public key to node 2"}
{"time":"2026-07-22 17:25:07,639","level":"INFO","node":0,"msg":"Sent public key to node 3"}
{"time":"2026-07-22 17:25:07,645","level":"INFO","node":0,"msg":"Sent consensus pubkey to node 1"}
{"time":"2026-07-22 17:25:07,654","level":"INFO","node":0,"msg":"Sent consensus pubkey to node 2"}
{"time":"2026-07-22 17:25:07,660","level":"INFO","node":0,"msg":"Sent consensus pubkey to node 3"}
{"time":"2026-07-22 17:25:07,661","level":"INFO","node":0,"msg":"This node is round 1's proposer — starting."}
{"time":"2026-07-22 17:25:07,661","level":"INFO","node":0,"msg":"Starting round 1"}
{"time":"2026-07-22 17:25:08,949","level":"INFO","node":0,"msg":"[FC2 DELTA NORM] node 0 round=0 — fc2 delta norm this round: 0.0302"}
{"time":"2026-07-22 17:25:08,953","level":"WARNING","node":0,"msg":"ZKP norm violation (clipping applied): slack=-297395, retry=0"}
{"time":"2026-07-22 17:25:14,903","level":"INFO","node":0,"msg":"Sent proposal to node 1"}
{"time":"2026-07-22 17:25:14,922","level":"INFO","node":0,"msg":"Sent proposal to node 2"}
{"time":"2026-07-22 17:25:14,927","level":"INFO","node":0,"msg":"Sent proposal to node 3"}
{"time":"2026-07-22 17:25:14,934","level":"INFO","node":0,"msg":"Sent consensus vote to node 1"}
{"time":"2026-07-22 17:25:14,938","level":"INFO","node":0,"msg":"Sent consensus vote to node 2"}
{"time":"2026-07-22 17:25:14,943","level":"INFO","node":0,"msg":"Sent consensus vote to node 3"}
{"time":"2026-07-22 17:25:14,951","level":"INFO","node":0,"msg":"Forwarded to http://127.0.0.1:8001"}
{"time":"2026-07-22 17:25:24,664","level":"INFO","node":0,"msg":"Consensus vote recorded: node 1 decision=True reason=zkp_ok round=0 new=True satisfied=False"}
{"time":"2026-07-22 17:25:59,129","level":"INFO","node":0,"msg":"Consensus vote recorded: node 2 decision=True reason=zkp_ok round=0 new=True satisfied=True"}
{"time":"2026-07-22 17:26:54,986","level":"INFO","node":0,"msg":"Consensus vote recorded: node 3 decision=True reason=zkp_ok round=0 new=True satisfied=True"}
{"time":"2026-07-22 17:27:20,094","level":"INFO","node":0,"msg":"Received update from node 3, round 0"}
{"time":"2026-07-22 17:27:20,094","level":"INFO","node":0,"msg":"Round 1 complete — aggregating"}
{"time":"2026-07-22 17:27:20,114","level":"INFO","node":0,"msg":"Round 1 accuracy gate skipped (warm-up period, candidate_acc=0.6818)"}
{"time":"2026-07-22 17:27:20,194","level":"INFO","node":0,"msg":"Commit vote recorded: node 1 decision=True round=0 satisfied=False"}
{"time":"2026-07-22 17:27:20,199","level":"INFO","node":0,"msg":"Broadcast weights to node 1"}
{"time":"2026-07-22 17:27:20,234","level":"INFO","node":0,"msg":"Commit vote recorded: node 2 decision=True round=0 satisfied=True"}
{"time":"2026-07-22 17:27:20,234","level":"INFO","node":0,"msg":"Round 1 COMMITTED — model hash agreed by [0, 1, 2]"}
{"time":"2026-07-22 17:27:20,240","level":"INFO","node":0,"msg":"Commit certificate saved to C:\Users\mousu\OneDrive\Desktop\Set A\securefedhe\dashboard\certificates\round_0.json"}
{"time":"2026-07-22 17:27:20,245","level":"INFO","node":0,"msg":"Broadcast weights to node 2"}
{"time":"2026-07-22 17:27:20,282","level":"INFO","node":0,"msg":"Commit vote recorded: node 3 decision=True round=0 satisfied=True"}
{"time":"2026-07-22 17:27:20,295","level":"INFO","node":0,"msg":"Broadcast weights to node 3"}
{"time":"2026-07-22 17:27:20,330","level":"INFO","node":0,"msg":"Checkpoint saved to C:\Users\mousu\OneDrive\Desktop\Set A\securefedhe\dashboard\model_latest.pt"}
{"time":"2026-07-22 17:27:20,330","level":"INFO","node":0,"msg":"Round 1 complete | accuracy=0.6818 | duration=132.67s"}
{"time":"2026-07-22 17:27:20,330","level":"INFO","node":0,"msg":"Round 2 belongs to node 1 — waiting for their proposal."}
{"time":"2026-07-22 17:27:20,339","level":"INFO","node":0,"msg":"Notified next proposer to node 1"}
{"time":"2026-07-22 17:27:20,341","level":"INFO","node":0,"msg":"[WATCHDOG SPAWNED] round=1 expected_proposer=1 timeout_s=600 spawned_at=17:27:20"}
{"time":"2026-07-22 17:27:42,126","level":"INFO","node":0,"msg":"Proposal received: round=1 origin=1 hash=91e75ce82b08..."}
{"time":"2026-07-22 17:27:42,164","level":"INFO","node":0,"msg":"Consensus vote recorded: node 1 decision=True reason=zkp_ok round=1 new=True satisfied=False"}
{"time":"2026-07-22 17:29:25,350","level":"INFO","node":0,"msg":"Received update from node 3, round 1"}
{"time":"2026-07-22 17:29:58,761","level":"INFO","node":0,"msg":"ZKP ACCEPTED from node 3"}
{"time":"2026-07-22 17:29:58,775","level":"INFO","node":0,"msg":"Trust score for node 1: S=0.429 (Z=1.00 A=0.50 P=0.50 R=1.00) advisory only"}
{"time":"2026-07-22 17:29:58,782","level":"WARNING","node":0,"msg":"Sent consensus vote to node 1 FAILED (hard timeout or exception) — consecutive failure streak 1/3 over 0.0s"}
{"time":"2026-07-22 17:29:58,789","level":"WARNING","node":0,"msg":"Sent consensus vote to node 2 FAILED (hard timeout or exception) — consecutive failure streak 1/3 over 0.0s"}
{"time":"2026-07-22 17:29:58,791","level":"WARNING","node":0,"msg":"Sent consensus vote to node 3 FAILED (hard timeout or exception) — consecutive failure streak 1/3 over 0.0s"}
{"time":"2026-07-22 17:29:58,858","level":"INFO","node":0,"msg":"[FC2 DELTA NORM] node 0 round=1 — fc2 delta norm this round: 0.0445"}
{"time":"2026-07-22 17:30:21,365","level":"INFO","node":0,"msg":"Forwarded to http://127.0.0.1:8001"}
{"time":"2026-07-22 17:30:41,952","level":"INFO","node":0,"msg":"Proposal for round=1 origin=1 changed hash after 179.83s — treating as a legitimate round retry, not equivocation."}
{"time":"2026-07-22 17:30:41,953","level":"INFO","node":0,"msg":"Proposal received: round=1 origin=1 hash=09e6eaabf739..."}
{"time":"2026-07-22 17:30:41,980","level":"INFO","node":0,"msg":"Consensus vote recorded: node 1 decision=True reason=zkp_ok round=1 new=True satisfied=False"}
{"time":"2026-07-22 17:32:13,859","level":"INFO","node":0,"msg":"Received update from node 3, round 1"}
{"time":"2026-07-22 17:32:37,007","level":"INFO","node":0,"msg":"ZKP ACCEPTED from node 3"}
{"time":"2026-07-22 17:32:37,033","level":"INFO","node":0,"msg":"Trust score for node 1: S=0.000 (Z=1.00 A=0.00 P=0.50 R=1.00) advisory only"}
{"time":"2026-07-22 17:32:37,052","level":"WARNING","node":0,"msg":"Sent consensus vote to node 1 FAILED (hard timeout or exception) — consecutive failure streak 2/3 over 158.3s"}
{"time":"2026-07-22 17:32:37,057","level":"WARNING","node":0,"msg":"Sent consensus vote to node 2 FAILED (hard timeout or exception) — consecutive failure streak 2/3 over 158.3s"}
{"time":"2026-07-22 17:32:37,060","level":"WARNING","node":0,"msg":"Sent consensus vote to node 3 FAILED (hard timeout or exception) — consecutive failure streak 2/3 over 158.3s"}
{"time":"2026-07-22 17:32:37,171","level":"INFO","node":0,"msg":"[FC2 DELTA NORM] node 0 round=1 — fc2 delta norm this round: 0.0456"}
{"time":"2026-07-22 17:32:58,430","level":"INFO","node":0,"msg":"Forwarded to http://127.0.0.1:8001"}
{"time":"2026-07-22 17:33:21,136","level":"INFO","node":0,"msg":"Proposal for round=1 origin=1 changed hash after 159.18s — treating as a legitimate round retry, not equivocation."}
{"time":"2026-07-22 17:33:21,138","level":"INFO","node":0,"msg":"Proposal received: round=1 origin=1 hash=041f32ca98ca..."}
{"time":"2026-07-22 17:33:21,187","level":"INFO","node":0,"msg":"Consensus vote recorded: node 1 decision=True reason=zkp_ok round=1 new=True satisfied=False"}
{"time":"2026-07-22 17:33:54,344","level":"INFO","node":0,"msg":"Consensus vote recorded: node 2 decision=True reason=zkp_ok round=1 new=True satisfied=False"}
{"time":"2026-07-22 17:34:48,293","level":"INFO","node":0,"msg":"Consensus vote recorded: node 3 decision=True reason=zkp_ok round=1 new=True satisfied=True"}
{"time":"2026-07-22 17:35:00,463","level":"INFO","node":0,"msg":"Received update from node 3, round 1"}
{"time":"2026-07-22 17:35:10,678","level":"INFO","node":0,"msg":"ZKP ACCEPTED from node 3"}
{"time":"2026-07-22 17:35:10,678","level":"INFO","node":0,"msg":"fc_in col7 delta self-cosine for node 1: -0.3159 (delta_norm=0.1400)"}
{"time":"2026-07-22 17:35:10,687","level":"INFO","node":0,"msg":"Trust score for node 1: S=0.000 (Z=1.00 A=0.00 P=0.50 R=1.00) advisory only"}
{"time":"2026-07-22 17:35:10,692","level":"WARNING","node":0,"msg":"Sent consensus vote to node 1 FAILED (hard timeout or exception) — consecutive failure streak 3/3 over 311.9s"}
{"time":"2026-07-22 17:35:10,692","level":"ERROR","node":0,"msg":"Node 1 EXCLUDED from proposing and quorum. Quorum requirement adjusted to 3 of 3 remaining trusted nodes."}
{"time":"2026-07-22 17:35:10,714","level":"INFO","node":0,"msg":"Sent exclusion notice for node 1 to node 2"}
{"time":"2026-07-22 17:35:10,738","level":"INFO","node":0,"msg":"Sent exclusion notice for node 1 to node 3"}
{"time":"2026-07-22 17:35:10,741","level":"WARNING","node":0,"msg":"Sent consensus vote to node 2 FAILED (hard timeout or exception) — consecutive failure streak 3/3 over 312.0s"}
{"time":"2026-07-22 17:35:10,741","level":"ERROR","node":0,"msg":"Node 2 EXCLUDED from proposing and quorum. Quorum requirement adjusted to 2 of 2 remaining trusted nodes."}
{"time":"2026-07-22 17:35:10,755","level":"INFO","node":0,"msg":"Sent exclusion notice for node 2 to node 1"}
{"time":"2026-07-22 17:35:10,765","level":"INFO","node":0,"msg":"Sent exclusion notice for node 2 to node 3"}
{"time":"2026-07-22 17:35:10,770","level":"WARNING","node":0,"msg":"Sent consensus vote to node 3 FAILED (hard timeout or exception) — consecutive failure streak 3/3 over 312.0s"}
{"time":"2026-07-22 17:35:10,771","level":"ERROR","node":0,"msg":"Node 3 EXCLUDED from proposing and quorum. Quorum requirement adjusted to 1 of 1 remaining trusted nodes."}
{"time":"2026-07-22 17:35:10,779","level":"INFO","node":0,"msg":"Sent exclusion notice for node 3 to node 1"}
{"time":"2026-07-22 17:35:10,787","level":"INFO","node":0,"msg":"Sent exclusion notice for node 3 to node 2"}
{"time":"2026-07-22 17:35:10,851","level":"INFO","node":0,"msg":"[FC2 DELTA NORM] node 0 round=1 — fc2 delta norm this round: 0.0463"}
{"time":"2026-07-22 17:35:16,855","level":"INFO","node":0,"msg":"Forwarded to http://127.0.0.1:8001"}
{"time":"2026-07-22 17:35:23,488","level":"INFO","node":0,"msg":"Proposal for round=1 origin=1 changed hash after 122.35s — treating as a legitimate round retry, not equivocation."}
{"time":"2026-07-22 17:35:23,488","level":"INFO","node":0,"msg":"Proposal received: round=1 origin=1 hash=ab69545e2566..."}
{"time":"2026-07-22 17:35:23,490","level":"INFO","node":0,"msg":"Consensus vote recorded: node 1 decision=True reason=zkp_ok round=1 new=True satisfied=True"}
{"time":"2026-07-22 17:35:23,499","level":"INFO","node":0,"msg":"Received update from node 1, round 1"}
{"time":"2026-07-22 17:35:33,183","level":"INFO","node":0,"msg":"ZKP ACCEPTED from node 1"}
{"time":"2026-07-22 17:35:33,183","level":"INFO","node":0,"msg":"fc_in col7 delta self-cosine for node 1: -0.0999 (delta_norm=0.2771)"}
{"time":"2026-07-22 17:35:33,183","level":"INFO","node":0,"msg":"Trust score for node 1: S=0.000 (Z=1.00 A=0.00 P=0.50 R=1.00) advisory only"}
{"time":"2026-07-22 17:35:33,215","level":"INFO","node":0,"msg":"[FC2 DELTA NORM] node 0 round=1 — fc2 delta norm this round: 0.0391"}
{"time":"2026-07-22 17:35:39,270","level":"INFO","node":0,"msg":"Forwarded to http://127.0.0.1:8001"}
{"time":"2026-07-22 17:35:39,287","level":"INFO","node":0,"msg":"Round 2 skip acknowledged — advancing to round 3"}
{"time":"2026-07-22 17:35:39,287","level":"WARNING","node":0,"msg":"[SKIP STRIKE] round 2 skipped, proposer=1, reason=quorum_failure — recording independent strike"}
{"time":"2026-07-22 17:35:39,291","level":"INFO","node":0,"msg":"My turn — starting round 3 as proposer."}
{"time":"2026-07-22 17:35:39,292","level":"INFO","node":0,"msg":"Starting round 3"}
{"time":"2026-07-22 17:35:39,319","level":"INFO","node":0,"msg":"[FC2 DELTA NORM] node 0 round=2 — fc2 delta norm this round: 0.0441"}
{"time":"2026-07-22 17:35:45,371","level":"INFO","node":0,"msg":"Forwarded to http://127.0.0.1:8001"}
{"time":"2026-07-22 17:35:56,689","level":"INFO","node":0,"msg":"Consensus vote recorded: node 1 decision=True reason=zkp_ok round=2 new=True satisfied=True"}
{"time":"2026-07-22 17:36:02,847","level":"INFO","node":0,"msg":"Received update from node 1, round 2"}
{"time":"2026-07-22 17:36:02,847","level":"INFO","node":0,"msg":"Round 3 complete — aggregating"}
{"time":"2026-07-22 17:36:02,853","level":"INFO","node":0,"msg":"Round 3 accuracy gate skipped (warm-up period, candidate_acc=0.8273)"}
{"time":"2026-07-22 17:36:02,864","level":"INFO","node":0,"msg":"Checkpoint saved to C:\Users\mousu\OneDrive\Desktop\Set A\securefedhe\dashboard\model_latest.pt"}
{"time":"2026-07-22 17:36:02,864","level":"INFO","node":0,"msg":"Round 3 complete | accuracy=0.8273 | duration=23.57s"}
{"time":"2026-07-22 17:36:03,370","level":"INFO","node":0,"msg":"Starting round 4"}
{"time":"2026-07-22 17:36:03,399","level":"INFO","node":0,"msg":"[FC2 DELTA NORM] node 0 round=3 — fc2 delta norm this round: 0.0491"}
{"time":"2026-07-22 17:36:09,419","level":"INFO","node":0,"msg":"Forwarded to http://127.0.0.1:8001"}
{"time":"2026-07-22 17:36:20,400","level":"INFO","node":0,"msg":"Consensus vote recorded: node 1 decision=False reason=wrong_round round=3 new=True satisfied=True"}
{"time":"2026-07-22 17:36:26,548","level":"INFO","node":0,"msg":"Received update from node 1, round 3"}
{"time":"2026-07-22 17:36:26,548","level":"INFO","node":0,"msg":"Round 4 complete — aggregating"}
{"time":"2026-07-22 17:36:26,553","level":"INFO","node":0,"msg":"Round 4 accuracy gate skipped (warm-up period, candidate_acc=0.8273)"}
{"time":"2026-07-22 17:36:26,566","level":"INFO","node":0,"msg":"Checkpoint saved to C:\Users\mousu\OneDrive\Desktop\Set A\securefedhe\dashboard\model_latest.pt"}
{"time":"2026-07-22 17:36:26,567","level":"INFO","node":0,"msg":"Round 4 complete | accuracy=0.8273 | duration=23.20s"}
{"time":"2026-07-22 17:36:27,080","level":"INFO","node":0,"msg":"Starting round 5"}
{"time":"2026-07-22 17:36:27,105","level":"INFO","node":0,"msg":"[FC2 DELTA NORM] node 0 round=4 — fc2 delta norm this round: 0.0489"}
{"time":"2026-07-22 17:36:33,112","level":"INFO","node":0,"msg":"Forwarded to http://127.0.0.1:8001"}
{"time":"2026-07-22 17:36:44,235","level":"INFO","node":0,"msg":"Consensus vote recorded: node 1 decision=False reason=wrong_round round=4 new=True satisfied=True"}
{"time":"2026-07-22 17:36:50,316","level":"INFO","node":0,"msg":"Received update from node 1, round 4"}
{"time":"2026-07-22 17:36:50,316","level":"INFO","node":0,"msg":"Round 5 complete — aggregating"}
{"time":"2026-07-22 17:36:50,321","level":"INFO","node":0,"msg":"Round 5 accuracy gate skipped (warm-up period, candidate_acc=0.8455)"}
{"time":"2026-07-22 17:36:50,327","level":"INFO","node":0,"msg":"Checkpoint saved to C:\Users\mousu\OneDrive\Desktop\Set A\securefedhe\dashboard\model_latest.pt"}
{"time":"2026-07-22 17:36:50,327","level":"INFO","node":0,"msg":"Round 5 complete | accuracy=0.8455 | duration=23.25s"}
{"time":"2026-07-22 17:36:50,843","level":"INFO","node":0,"msg":"Starting round 6"}
{"time":"2026-07-22 17:36:50,872","level":"INFO","node":0,"msg":"[FC2 DELTA NORM] node 0 round=5 — fc2 delta norm this round: 0.0514"}
{"time":"2026-07-22 17:36:57,000","level":"INFO","node":0,"msg":"Forwarded to http://127.0.0.1:8001"}
{"time":"2026-07-22 17:37:08,172","level":"INFO","node":0,"msg":"Consensus vote recorded: node 1 decision=False reason=wrong_round round=5 new=True satisfied=True"}
{"time":"2026-07-22 17:37:14,390","level":"INFO","node":0,"msg":"Received update from node 1, round 5"}
{"time":"2026-07-22 17:37:14,394","level":"INFO","node":0,"msg":"Round 6 complete — aggregating"}
{"time":"2026-07-22 17:37:14,424","level":"INFO","node":0,"msg":"[BACKDOOR PROBE] Round 6 clean — worst case flip_rate=1.000 jump=0.191 (feature=1, value=-4.0)"}
{"time":"2026-07-22 17:37:14,430","level":"INFO","node":0,"msg":"Checkpoint saved to C:\Users\mousu\OneDrive\Desktop\Set A\securefedhe\dashboard\model_latest.pt"}
{"time":"2026-07-22 17:37:14,430","level":"INFO","node":0,"msg":"Round 6 complete | accuracy=0.8182 | duration=23.59s"}
{"time":"2026-07-22 17:37:14,934","level":"INFO","node":0,"msg":"Starting round 7"}
{"time":"2026-07-22 17:37:14,965","level":"INFO","node":0,"msg":"[FC2 DELTA NORM] node 0 round=6 — fc2 delta norm this round: 0.0517"}
{"time":"2026-07-22 17:37:21,054","level":"INFO","node":0,"msg":"Forwarded to http://127.0.0.1:8001"}
{"time":"2026-07-22 17:37:32,006","level":"INFO","node":0,"msg":"Consensus vote recorded: node 1 decision=False reason=wrong_round round=6 new=True satisfied=True"}
{"time":"2026-07-22 17:37:38,174","level":"INFO","node":0,"msg":"Received update from node 1, round 6"}
{"time":"2026-07-22 17:37:38,174","level":"INFO","node":0,"msg":"Round 7 complete — aggregating"}
{"time":"2026-07-22 17:37:38,205","level":"INFO","node":0,"msg":"[BACKDOOR PROBE] Round 7 clean — worst case flip_rate=1.000 jump=0.218 (feature=1, value=-4.0)"}
{"time":"2026-07-22 17:37:38,214","level":"INFO","node":0,"msg":"Checkpoint saved to C:\Users\mousu\OneDrive\Desktop\Set A\securefedhe\dashboard\model_latest.pt"}
{"time":"2026-07-22 17:37:38,215","level":"INFO","node":0,"msg":"Round 7 complete | accuracy=0.8273 | duration=23.28s"}
{"time":"2026-07-22 17:37:38,728","level":"INFO","node":0,"msg":"Starting round 8"}
{"time":"2026-07-22 17:37:38,755","level":"INFO","node":0,"msg":"[FC2 DELTA NORM] node 0 round=7 — fc2 delta norm this round: 0.0525"}
{"time":"2026-07-22 17:37:44,898","level":"INFO","node":0,"msg":"Forwarded to http://127.0.0.1:8001"}
{"time":"2026-07-22 17:37:56,031","level":"INFO","node":0,"msg":"Consensus vote recorded: node 1 decision=False reason=wrong_round round=7 new=True satisfied=True"}
{"time":"2026-07-22 17:38:02,149","level":"INFO","node":0,"msg":"Received update from node 1, round 7"}
{"time":"2026-07-22 17:38:02,149","level":"INFO","node":0,"msg":"Round 8 complete — aggregating"}
{"time":"2026-07-22 17:38:02,192","level":"INFO","node":0,"msg":"[BACKDOOR PROBE] Round 8 clean — worst case flip_rate=1.000 jump=0.209 (feature=1, value=-4.0)"}
{"time":"2026-07-22 17:38:02,196","level":"INFO","node":0,"msg":"Checkpoint saved to C:\Users\mousu\OneDrive\Desktop\Set A\securefedhe\dashboard\model_latest.pt"}
{"time":"2026-07-22 17:38:02,196","level":"INFO","node":0,"msg":"Round 8 complete | accuracy=0.8182 | duration=23.47s"}
{"time":"2026-07-22 17:38:02,702","level":"INFO","node":0,"msg":"Starting round 9"}
{"time":"2026-07-22 17:38:02,724","level":"INFO","node":0,"msg":"[FC2 DELTA NORM] node 0 round=8 — fc2 delta norm this round: 0.0497"}
{"time":"2026-07-22 17:38:08,761","level":"INFO","node":0,"msg":"Forwarded to http://127.0.0.1:8001"}
{"time":"2026-07-22 17:38:19,742","level":"INFO","node":0,"msg":"Consensus vote recorded: node 1 decision=False reason=wrong_round round=8 new=True satisfied=True"}
{"time":"2026-07-22 17:38:26,095","level":"INFO","node":0,"msg":"Received update from node 1, round 8"}
{"time":"2026-07-22 17:38:26,095","level":"INFO","node":0,"msg":"Round 9 complete — aggregating"}
{"time":"2026-07-22 17:38:26,177","level":"INFO","node":0,"msg":"[BACKDOOR PROBE] Round 9 clean — worst case flip_rate=1.000 jump=0.191 (feature=1, value=-4.0)"}
{"time":"2026-07-22 17:38:26,186","level":"INFO","node":0,"msg":"Checkpoint saved to C:\Users\mousu\OneDrive\Desktop\Set A\securefedhe\dashboard\model_latest.pt"}
{"time":"2026-07-22 17:38:26,186","level":"INFO","node":0,"msg":"Round 9 complete | accuracy=0.8182 | duration=23.48s"}
{"time":"2026-07-22 17:38:26,691","level":"INFO","node":0,"msg":"Starting round 10"}
{"time":"2026-07-22 17:38:26,727","level":"INFO","node":0,"msg":"[FC2 DELTA NORM] node 0 round=9 — fc2 delta norm this round: 0.0526"}
{"time":"2026-07-22 17:38:32,796","level":"INFO","node":0,"msg":"Forwarded to http://127.0.0.1:8001"}
{"time":"2026-07-22 17:38:43,963","level":"INFO","node":0,"msg":"Consensus vote recorded: node 1 decision=False reason=wrong_round round=9 new=True satisfied=True"}
{"time":"2026-07-22 17:38:50,134","level":"INFO","node":0,"msg":"Received update from node 1, round 9"}
{"time":"2026-07-22 17:38:50,134","level":"INFO","node":0,"msg":"Round 10 complete — aggregating"}
{"time":"2026-07-22 17:38:50,177","level":"INFO","node":0,"msg":"[BACKDOOR PROBE] Round 10 clean — worst case flip_rate=1.000 jump=0.245 (feature=1, value=-4.0)"}
{"time":"2026-07-22 17:38:50,184","level":"INFO","node":0,"msg":"Checkpoint saved to C:\Users\mousu\OneDrive\Desktop\Set A\securefedhe\dashboard\model_latest.pt"}
{"time":"2026-07-22 17:38:50,184","level":"INFO","node":0,"msg":"Round 10 complete | accuracy=0.8364 | duration=23.49s"}
{"time":"2026-07-22 17:38:50,697","level":"INFO","node":0,"msg":"Starting round 11"}
{"time":"2026-07-22 17:38:50,729","level":"INFO","node":0,"msg":"[FC2 DELTA NORM] node 0 round=10 — fc2 delta norm this round: 0.0505"}
{"time":"2026-07-22 17:38:56,777","level":"INFO","node":0,"msg":"Forwarded to http://127.0.0.1:8001"}
{"time":"2026-07-22 17:39:07,910","level":"INFO","node":0,"msg":"Consensus vote recorded: node 1 decision=False reason=wrong_round round=10 new=True satisfied=True"}
{"time":"2026-07-22 17:39:13,951","level":"INFO","node":0,"msg":"Received update from node 1, round 10"}
{"time":"2026-07-22 17:39:13,951","level":"INFO","node":0,"msg":"Round 11 complete — aggregating"}
{"time":"2026-07-22 17:39:13,983","level":"INFO","node":0,"msg":"[BACKDOOR PROBE] Round 11 clean — worst case flip_rate=1.000 jump=0.182 (feature=1, value=-4.0)"}
{"time":"2026-07-22 17:39:13,990","level":"INFO","node":0,"msg":"Checkpoint saved to C:\Users\mousu\OneDrive\Desktop\Set A\securefedhe\dashboard\model_latest.pt"}
{"time":"2026-07-22 17:39:13,990","level":"INFO","node":0,"msg":"Round 11 complete | accuracy=0.8455 | duration=23.29s"}
{"time":"2026-07-22 17:39:14,506","level":"INFO","node":0,"msg":"Starting round 12"}
{"time":"2026-07-22 17:39:14,536","level":"INFO","node":0,"msg":"[FC2 DELTA NORM] node 0 round=11 — fc2 delta norm this round: 0.0516"}
{"time":"2026-07-22 17:39:20,662","level":"INFO","node":0,"msg":"Forwarded to http://127.0.0.1:8001"}
{"time":"2026-07-22 17:39:31,782","level":"INFO","node":0,"msg":"Consensus vote recorded: node 1 decision=False reason=wrong_round round=11 new=True satisfied=True"}
{"time":"2026-07-22 17:39:37,820","level":"INFO","node":0,"msg":"Received update from node 1, round 11"}
{"time":"2026-07-22 17:39:37,820","level":"INFO","node":0,"msg":"Round 12 complete — aggregating"}
{"time":"2026-07-22 17:39:37,861","level":"INFO","node":0,"msg":"[BACKDOOR PROBE] Round 12 clean — worst case flip_rate=1.000 jump=0.200 (feature=1, value=-4.0)"}
{"time":"2026-07-22 17:39:37,865","level":"INFO","node":0,"msg":"Checkpoint saved to C:\Users\mousu\OneDrive\Desktop\Set A\securefedhe\dashboard\model_latest.pt"}
{"time":"2026-07-22 17:39:37,866","level":"INFO","node":0,"msg":"Round 12 complete | accuracy=0.8273 | duration=23.36s"}
{"time":"2026-07-22 17:39:38,382","level":"INFO","node":0,"msg":"Starting round 13"}
{"time":"2026-07-22 17:39:38,427","level":"INFO","node":0,"msg":"[FC2 DELTA NORM] node 0 round=12 — fc2 delta norm this round: 0.0528"}
{"time":"2026-07-22 17:39:44,553","level":"INFO","node":0,"msg":"Forwarded to http://127.0.0.1:8001"}
{"time":"2026-07-22 17:39:55,688","level":"INFO","node":0,"msg":"Consensus vote recorded: node 1 decision=False reason=wrong_round round=12 new=True satisfied=True"}
{"time":"2026-07-22 17:40:01,819","level":"INFO","node":0,"msg":"Received update from node 1, round 12"}
{"time":"2026-07-22 17:40:01,835","level":"INFO","node":0,"msg":"Round 13 complete — aggregating"}
{"time":"2026-07-22 17:40:01,861","level":"INFO","node":0,"msg":"[BACKDOOR PROBE] Round 13 clean — worst case flip_rate=1.000 jump=0.209 (feature=1, value=-4.0)"}
{"time":"2026-07-22 17:40:01,868","level":"INFO","node":0,"msg":"Checkpoint saved to C:\Users\mousu\OneDrive\Desktop\Set A\securefedhe\dashboard\model_latest.pt"}
{"time":"2026-07-22 17:40:01,868","level":"INFO","node":0,"msg":"Round 13 complete | accuracy=0.8364 | duration=23.49s"}
{"time":"2026-07-22 17:40:02,379","level":"INFO","node":0,"msg":"Starting round 14"}
{"time":"2026-07-22 17:40:02,401","level":"INFO","node":0,"msg":"[FC2 DELTA NORM] node 0 round=13 — fc2 delta norm this round: 0.0524"}
{"time":"2026-07-22 17:40:08,479","level":"INFO","node":0,"msg":"Forwarded to http://127.0.0.1:8001"}
{"time":"2026-07-22 17:40:19,563","level":"INFO","node":0,"msg":"Consensus vote recorded: node 1 decision=False reason=wrong_round round=13 new=True satisfied=True"}
{"time":"2026-07-22 17:40:25,582","level":"INFO","node":0,"msg":"Received update from node 1, round 13"}
{"time":"2026-07-22 17:40:25,582","level":"INFO","node":0,"msg":"Round 14 complete — aggregating"}
{"time":"2026-07-22 17:40:25,616","level":"WARNING","node":0,"msg":"[BACKDOOR PROBE] Round 14 SUSPICIOUS: feature=1 value=8.0 forces class=1 flip_rate=0.987 jump=0.814 (thresholds: flip>0.7, jump>0.3)"}
{"time":"2026-07-22 17:40:25,622","level":"INFO","node":0,"msg":"Checkpoint saved to C:\Users\mousu\OneDrive\Desktop\Set A\securefedhe\dashboard\model_latest.pt"}
{"time":"2026-07-22 17:40:25,622","level":"INFO","node":0,"msg":"Round 14 complete | accuracy=0.8182 | duration=23.24s"}
{"time":"2026-07-22 17:40:26,133","level":"INFO","node":0,"msg":"Starting round 15"}
{"time":"2026-07-22 17:40:26,161","level":"INFO","node":0,"msg":"[FC2 DELTA NORM] node 0 round=14 — fc2 delta norm this round: 0.0527"}
{"time":"2026-07-22 17:40:32,306","level":"INFO","node":0,"msg":"Forwarded to http://127.0.0.1:8001"}
{"time":"2026-07-22 17:40:43,395","level":"INFO","node":0,"msg":"Consensus vote recorded: node 1 decision=False reason=wrong_round round=14 new=True satisfied=True"}
{"time":"2026-07-22 17:40:49,467","level":"INFO","node":0,"msg":"Received update from node 1, round 14"}
{"time":"2026-07-22 17:40:49,468","level":"INFO","node":0,"msg":"Round 15 complete — aggregating"}
{"time":"2026-07-22 17:40:49,509","level":"WARNING","node":0,"msg":"[BACKDOOR PROBE] Round 15 SUSPICIOUS: feature=1 value=8.0 forces class=1 flip_rate=1.000 jump=0.755 (thresholds: flip>0.7, jump>0.3)"}
{"time":"2026-07-22 17:40:49,516","level":"INFO","node":0,"msg":"Checkpoint saved to C:\Users\mousu\OneDrive\Desktop\Set A\securefedhe\dashboard\model_latest.pt"}
{"time":"2026-07-22 17:40:49,516","level":"INFO","node":0,"msg":"Round 15 complete | accuracy=0.8364 | duration=23.38s"}
{"time":"2026-07-22 17:40:50,033","level":"INFO","node":0,"msg":"Starting round 16"}
{"time":"2026-07-22 17:40:50,061","level":"INFO","node":0,"msg":"[FC2 DELTA NORM] node 0 round=15 — fc2 delta norm this round: 0.0522"}
{"time":"2026-07-22 17:40:56,165","level":"INFO","node":0,"msg":"Forwarded to http://127.0.0.1:8001"}
{"time":"2026-07-22 17:41:07,266","level":"INFO","node":0,"msg":"Consensus vote recorded: node 1 decision=False reason=wrong_round round=15 new=True satisfied=True"}
{"time":"2026-07-22 17:41:13,260","level":"INFO","node":0,"msg":"Received update from node 1, round 15"}
{"time":"2026-07-22 17:41:13,263","level":"INFO","node":0,"msg":"Round 16 complete — aggregating"}
{"time":"2026-07-22 17:41:13,293","level":"INFO","node":0,"msg":"[BACKDOOR PROBE] Round 16 clean — worst case flip_rate=1.000 jump=0.209 (feature=1, value=-4.0)"}
{"time":"2026-07-22 17:41:13,299","level":"INFO","node":0,"msg":"Checkpoint saved to C:\Users\mousu\OneDrive\Desktop\Set A\securefedhe\dashboard\model_latest.pt"}
{"time":"2026-07-22 17:41:13,299","level":"INFO","node":0,"msg":"Round 16 complete | accuracy=0.8727 | duration=23.27s"}
{"time":"2026-07-22 17:41:13,803","level":"INFO","node":0,"msg":"Starting round 17"}
{"time":"2026-07-22 17:41:13,829","level":"INFO","node":0,"msg":"[FC2 DELTA NORM] node 0 round=16 — fc2 delta norm this round: 0.0519"}
{"time":"2026-07-22 17:41:19,936","level":"INFO","node":0,"msg":"Forwarded to http://127.0.0.1:8001"}
{"time":"2026-07-22 17:41:31,091","level":"INFO","node":0,"msg":"Consensus vote recorded: node 1 decision=False reason=wrong_round round=16 new=True satisfied=True"}
{"time":"2026-07-22 17:41:37,206","level":"INFO","node":0,"msg":"Received update from node 1, round 16"}
{"time":"2026-07-22 17:41:37,206","level":"INFO","node":0,"msg":"Round 17 complete — aggregating"}
{"time":"2026-07-22 17:41:37,249","level":"INFO","node":0,"msg":"[BACKDOOR PROBE] Round 17 clean — worst case flip_rate=1.000 jump=0.245 (feature=1, value=-4.0)"}
{"time":"2026-07-22 17:41:37,255","level":"INFO","node":0,"msg":"Checkpoint saved to C:\Users\mousu\OneDrive\Desktop\Set A\securefedhe\dashboard\model_latest.pt"}
{"time":"2026-07-22 17:41:37,255","level":"INFO","node":0,"msg":"Round 17 complete | accuracy=0.8545 | duration=23.45s"}
{"time":"2026-07-22 17:41:37,767","level":"INFO","node":0,"msg":"Starting round 18"}
{"time":"2026-07-22 17:41:37,795","level":"INFO","node":0,"msg":"[FC2 DELTA NORM] node 0 round=17 — fc2 delta norm this round: 0.0520"}
{"time":"2026-07-22 17:41:43,929","level":"INFO","node":0,"msg":"Forwarded to http://127.0.0.1:8001"}
{"time":"2026-07-22 17:41:54,874","level":"INFO","node":0,"msg":"Consensus vote recorded: node 1 decision=False reason=wrong_round round=17 new=True satisfied=True"}
{"time":"2026-07-22 17:42:01,038","level":"INFO","node":0,"msg":"Received update from node 1, round 17"}
{"time":"2026-07-22 17:42:01,038","level":"INFO","node":0,"msg":"Round 18 complete — aggregating"}
{"time":"2026-07-22 17:42:01,071","level":"WARNING","node":0,"msg":"[BACKDOOR PROBE] Round 18 SUSPICIOUS: feature=1 value=7.0 forces class=1 flip_rate=0.973 jump=0.764 (thresholds: flip>0.7, jump>0.3)"}
{"time":"2026-07-22 17:42:01,077","level":"INFO","node":0,"msg":"Checkpoint saved to C:\Users\mousu\OneDrive\Desktop\Set A\securefedhe\dashboard\model_latest.pt"}
{"time":"2026-07-22 17:42:01,077","level":"INFO","node":0,"msg":"Round 18 complete | accuracy=0.8545 | duration=23.31s"}
{"time":"2026-07-22 17:42:01,581","level":"INFO","node":0,"msg":"Starting round 19"}
{"time":"2026-07-22 17:42:01,604","level":"INFO","node":0,"msg":"[FC2 DELTA NORM] node 0 round=18 — fc2 delta norm this round: 0.0515"}
{"time":"2026-07-22 17:42:07,564","level":"INFO","node":0,"msg":"Forwarded to http://127.0.0.1:8001"}
{"time":"2026-07-22 17:42:18,709","level":"INFO","node":0,"msg":"Consensus vote recorded: node 1 decision=False reason=wrong_round round=18 new=True satisfied=True"}
{"time":"2026-07-22 17:42:24,822","level":"INFO","node":0,"msg":"Received update from node 1, round 18"}
{"time":"2026-07-22 17:42:24,822","level":"INFO","node":0,"msg":"Round 19 complete — aggregating"}
{"time":"2026-07-22 17:42:24,858","level":"WARNING","node":0,"msg":"[BACKDOOR PROBE] Round 19 SUSPICIOUS: feature=1 value=8.0 forces class=1 flip_rate=1.000 jump=0.773 (thresholds: flip>0.7, jump>0.3)"}
{"time":"2026-07-22 17:42:24,862","level":"INFO","node":0,"msg":"Checkpoint saved to C:\Users\mousu\OneDrive\Desktop\Set A\securefedhe\dashboard\model_latest.pt"}
{"time":"2026-07-22 17:42:24,862","level":"INFO","node":0,"msg":"Round 19 complete | accuracy=0.8727 | duration=23.28s"}
{"time":"2026-07-22 17:42:25,370","level":"INFO","node":0,"msg":"Starting round 20"}
{"time":"2026-07-22 17:42:25,393","level":"INFO","node":0,"msg":"[FC2 DELTA NORM] node 0 round=19 — fc2 delta norm this round: 0.0520"}
{"time":"2026-07-22 17:42:31,526","level":"INFO","node":0,"msg":"Forwarded to http://127.0.0.1:8001"}
{"time":"2026-07-22 17:42:42,513","level":"INFO","node":0,"msg":"Consensus vote recorded: node 1 decision=False reason=wrong_round round=19 new=True satisfied=True"}
{"time":"2026-07-22 17:42:48,652","level":"INFO","node":0,"msg":"Received update from node 1, round 19"}
{"time":"2026-07-22 17:42:48,653","level":"INFO","node":0,"msg":"Round 20 complete — aggregating"}
{"time":"2026-07-22 17:42:48,696","level":"INFO","node":0,"msg":"[BACKDOOR PROBE] Round 20 clean — worst case flip_rate=1.000 jump=0.218 (feature=1, value=-4.0)"}
{"time":"2026-07-22 17:42:48,698","level":"INFO","node":0,"msg":"Checkpoint saved to C:\Users\mousu\OneDrive\Desktop\Set A\securefedhe\dashboard\model_latest.pt"}
{"time":"2026-07-22 17:42:48,698","level":"INFO","node":0,"msg":"Round 20 complete | accuracy=0.8455 | duration=23.33s"}
{"time":"2026-07-22 17:42:48,698","level":"INFO","node":0,"msg":"Training complete after 20 rounds"}
{"time":"2026-07-23 01:38:55,891","level":"INFO","node":0,"msg":"Starting node 0: City General Hospital"}
{"time":"2026-07-23 01:38:55,891","level":"INFO","node":0,"msg":"[CONFIG DEBUG] attack_simulation loaded: enabled=True target_node=2 type=gradient_norm config_path=config_dev.json"}
{"time":"2026-07-23 01:38:56,231","level":"WARNING","node":0,"msg":"DEV MODE: running without TLS"}
{"time":"2026-07-23 01:38:56,231","level":"INFO","node":0,"msg":"Listening on 127.0.0.1:8000 | TLS=False"}
{"time":"2026-07-23 01:39:01,230","level":"INFO","node":0,"msg":"Key exchange complete with node 3"}
{"time":"2026-07-23 01:39:01,230","level":"INFO","node":0,"msg":"Key exchange complete with node 1"}
{"time":"2026-07-23 01:39:01,233","level":"INFO","node":0,"msg":"Consensus pubkey received from node 3"}
{"time":"2026-07-23 01:39:01,233","level":"INFO","node":0,"msg":"Consensus pubkey received from node 1"}
{"time":"2026-07-23 01:39:01,253","level":"INFO","node":0,"msg":"Key exchange complete with node 2"}
{"time":"2026-07-23 01:39:01,255","level":"INFO","node":0,"msg":"Consensus pubkey received from node 2"}
{"time":"2026-07-23 01:39:12,907","level":"INFO","node":0,"msg":"Sent public key to node 1"}
{"time":"2026-07-23 01:39:12,936","level":"INFO","node":0,"msg":"Sent public key to node 2"}
{"time":"2026-07-23 01:39:12,956","level":"INFO","node":0,"msg":"Sent public key to node 3"}
{"time":"2026-07-23 01:39:12,962","level":"INFO","node":0,"msg":"Sent consensus pubkey to node 1"}
{"time":"2026-07-23 01:39:12,971","level":"INFO","node":0,"msg":"Sent consensus pubkey to node 2"}
{"time":"2026-07-23 01:39:12,973","level":"INFO","node":0,"msg":"Sent consensus pubkey to node 3"}
{"time":"2026-07-23 01:39:12,978","level":"INFO","node":0,"msg":"This node is round 1's proposer — starting."}
{"time":"2026-07-23 01:39:12,979","level":"INFO","node":0,"msg":"Starting round 1"}
{"time":"2026-07-23 01:39:14,935","level":"INFO","node":0,"msg":"[FC2 DELTA NORM] node 0 round=0 — fc2 delta norm this round: 0.0367"}
{"time":"2026-07-23 01:39:21,065","level":"INFO","node":0,"msg":"Sent proposal to node 1"}
{"time":"2026-07-23 01:39:21,074","level":"INFO","node":0,"msg":"Sent proposal to node 2"}
{"time":"2026-07-23 01:39:21,107","level":"INFO","node":0,"msg":"Sent proposal to node 3"}
{"time":"2026-07-23 01:39:21,118","level":"INFO","node":0,"msg":"Sent consensus vote to node 1"}
{"time":"2026-07-23 01:39:21,120","level":"INFO","node":0,"msg":"Sent consensus vote to node 2"}
{"time":"2026-07-23 01:39:21,123","level":"INFO","node":0,"msg":"Sent consensus vote to node 3"}
{"time":"2026-07-23 01:39:21,127","level":"INFO","node":0,"msg":"Forwarded to http://127.0.0.1:8001"}
{"time":"2026-07-23 01:39:30,813","level":"INFO","node":0,"msg":"Consensus vote recorded: node 1 decision=True reason=zkp_ok round=0 new=True satisfied=False"}
{"time":"2026-07-23 01:39:47,996","level":"INFO","node":0,"msg":"Consensus vote recorded: node 2 decision=True reason=zkp_ok round=0 new=True satisfied=True"}
{"time":"2026-07-23 01:40:04,708","level":"INFO","node":0,"msg":"Consensus vote recorded: node 3 decision=True reason=zkp_ok round=0 new=True satisfied=True"}
{"time":"2026-07-23 01:40:11,928","level":"INFO","node":0,"msg":"Received update from node 3, round 0"}
{"time":"2026-07-23 01:40:11,928","level":"INFO","node":0,"msg":"Round 1 complete — aggregating"}
{"time":"2026-07-23 01:40:11,944","level":"INFO","node":0,"msg":"Round 1 accuracy gate skipped (warm-up period, candidate_acc=0.6818)"}
{"time":"2026-07-23 01:40:11,972","level":"INFO","node":0,"msg":"Commit vote recorded: node 1 decision=True round=0 satisfied=False"}
{"time":"2026-07-23 01:40:11,974","level":"INFO","node":0,"msg":"Broadcast weights to node 1"}
{"time":"2026-07-23 01:40:12,022","level":"INFO","node":0,"msg":"Commit vote recorded: node 2 decision=True round=0 satisfied=True"}
{"time":"2026-07-23 01:40:12,022","level":"INFO","node":0,"msg":"Round 1 COMMITTED — model hash agreed by [0, 1, 2]"}
{"time":"2026-07-23 01:40:12,024","level":"INFO","node":0,"msg":"Commit certificate saved to C:\Users\mousu\OneDrive\Desktop\Set A\securefedhe\dashboard\certificates\round_0.json"}
{"time":"2026-07-23 01:40:12,027","level":"INFO","node":0,"msg":"Broadcast weights to node 2"}
{"time":"2026-07-23 01:40:12,047","level":"INFO","node":0,"msg":"Commit vote recorded: node 3 decision=True round=0 satisfied=True"}
{"time":"2026-07-23 01:40:12,050","level":"INFO","node":0,"msg":"Broadcast weights to node 3"}
{"time":"2026-07-23 01:40:12,081","level":"INFO","node":0,"msg":"Checkpoint saved to C:\Users\mousu\OneDrive\Desktop\Set A\securefedhe\dashboard\model_latest.pt"}
{"time":"2026-07-23 01:40:12,081","level":"INFO","node":0,"msg":"Round 1 complete | accuracy=0.6818 | duration=59.10s"}
{"time":"2026-07-23 01:40:12,081","level":"INFO","node":0,"msg":"Round 2 belongs to node 1 — waiting for their proposal."}
{"time":"2026-07-23 01:40:12,086","level":"INFO","node":0,"msg":"Notified next proposer to node 1"}
{"time":"2026-07-23 01:40:12,087","level":"INFO","node":0,"msg":"[WATCHDOG SPAWNED] round=1 expected_proposer=1 timeout_s=600 spawned_at=01:40:12"}
{"time":"2026-07-23 01:40:18,295","level":"INFO","node":0,"msg":"Proposal received: round=1 origin=1 hash=2c2ad9ccfc32..."}
{"time":"2026-07-23 01:40:18,334","level":"INFO","node":0,"msg":"Consensus vote recorded: node 1 decision=True reason=zkp_ok round=1 new=True satisfied=False"}
{"time":"2026-07-23 01:40:50,062","level":"INFO","node":0,"msg":"Received update from node 3, round 1"}
{"time":"2026-07-23 01:40:59,863","level":"INFO","node":0,"msg":"ZKP ACCEPTED from node 3"}
{"time":"2026-07-23 01:40:59,870","level":"INFO","node":0,"msg":"Trust score for node 1: S=0.429 (Z=1.00 A=0.50 P=0.50 R=1.00) advisory only"}
{"time":"2026-07-23 01:40:59,874","level":"WARNING","node":0,"msg":"Sent consensus vote to node 1 FAILED (hard timeout or exception) — consecutive failure streak 1/3 over 0.0s"}
{"time":"2026-07-23 01:40:59,874","level":"WARNING","node":0,"msg":"Sent consensus vote to node 2 FAILED (hard timeout or exception) — consecutive failure streak 1/3 over 0.0s"}
{"time":"2026-07-23 01:40:59,875","level":"WARNING","node":0,"msg":"Sent consensus vote to node 3 FAILED (hard timeout or exception) — consecutive failure streak 1/3 over 0.0s"}
{"time":"2026-07-23 01:40:59,900","level":"INFO","node":0,"msg":"[FC2 DELTA NORM] node 0 round=1 — fc2 delta norm this round: 0.0439"}
{"time":"2026-07-23 01:41:05,865","level":"INFO","node":0,"msg":"Forwarded to http://127.0.0.1:8001"}
{"time":"2026-07-23 01:41:12,430","level":"INFO","node":0,"msg":"Proposal for round=1 origin=1 changed hash after 54.16s — treating as a legitimate round retry, not equivocation."}
{"time":"2026-07-23 01:41:12,430","level":"INFO","node":0,"msg":"Proposal received: round=1 origin=1 hash=72cd3fb92b11..."}
{"time":"2026-07-23 01:41:12,460","level":"INFO","node":0,"msg":"Consensus vote recorded: node 1 decision=True reason=zkp_ok round=1 new=True satisfied=False"}
{"time":"2026-07-23 01:41:43,835","level":"INFO","node":0,"msg":"Received update from node 3, round 1"}
{"time":"2026-07-23 01:41:53,678","level":"INFO","node":0,"msg":"ZKP ACCEPTED from node 3"}
{"time":"2026-07-23 01:41:53,697","level":"INFO","node":0,"msg":"Trust score for node 1: S=0.000 (Z=1.00 A=0.00 P=0.50 R=1.00) advisory only"}
{"time":"2026-07-23 01:41:53,700","level":"WARNING","node":0,"msg":"Sent consensus vote to node 1 FAILED (hard timeout or exception) — consecutive failure streak 2/3 over 53.8s"}
{"time":"2026-07-23 01:41:53,701","level":"WARNING","node":0,"msg":"Sent consensus vote to node 2 FAILED (hard timeout or exception) — consecutive failure streak 2/3 over 53.8s"}
{"time":"2026-07-23 01:41:53,702","level":"WARNING","node":0,"msg":"Sent consensus vote to node 3 FAILED (hard timeout or exception) — consecutive failure streak 2/3 over 53.8s"}
{"time":"2026-07-23 01:41:53,721","level":"INFO","node":0,"msg":"[FC2 DELTA NORM] node 0 round=1 — fc2 delta norm this round: 0.0472"}
{"time":"2026-07-23 01:41:59,839","level":"INFO","node":0,"msg":"Forwarded to http://127.0.0.1:8001"}
{"time":"2026-07-23 01:42:06,449","level":"INFO","node":0,"msg":"Proposal for round=1 origin=1 changed hash after 54.01s — treating as a legitimate round retry, not equivocation."}
{"time":"2026-07-23 01:42:06,450","level":"INFO","node":0,"msg":"Proposal received: round=1 origin=1 hash=97b3955a2589..."}
{"time":"2026-07-23 01:42:06,472","level":"INFO","node":0,"msg":"Consensus vote recorded: node 1 decision=True reason=zkp_ok round=1 new=True satisfied=False"}
{"time":"2026-07-23 01:42:16,229","level":"INFO","node":0,"msg":"Consensus vote recorded: node 2 decision=True reason=zkp_ok round=1 new=True satisfied=False"}
{"time":"2026-07-23 01:42:32,173","level":"INFO","node":0,"msg":"Consensus vote recorded: node 3 decision=True reason=zkp_ok round=1 new=True satisfied=True"}
{"time":"2026-07-23 01:42:38,220","level":"INFO","node":0,"msg":"Received update from node 3, round 1"}
{"time":"2026-07-23 01:42:48,000","level":"INFO","node":0,"msg":"ZKP ACCEPTED from node 3"}
{"time":"2026-07-23 01:42:48,000","level":"INFO","node":0,"msg":"fc_in col7 delta self-cosine for node 1: -0.4322 (delta_norm=0.1433)"}
{"time":"2026-07-23 01:42:48,020","level":"INFO","node":0,"msg":"Trust score for node 1: S=0.000 (Z=1.00 A=0.00 P=0.50 R=1.00) advisory only"}
{"time":"2026-07-23 01:42:48,024","level":"WARNING","node":0,"msg":"Sent consensus vote to node 1 FAILED (hard timeout or exception) — consecutive failure streak 3/3 over 108.2s"}
{"time":"2026-07-23 01:42:48,026","level":"WARNING","node":0,"msg":"Sent consensus vote to node 2 FAILED (hard timeout or exception) — consecutive failure streak 3/3 over 108.2s"}
{"time":"2026-07-23 01:42:48,026","level":"ERROR","node":0,"msg":"Node 1 EXCLUDED from proposing and quorum. Quorum requirement adjusted to 3 of 3 remaining trusted nodes."}
{"time":"2026-07-23 01:42:48,026","level":"WARNING","node":0,"msg":"Sent consensus vote to node 3 FAILED (hard timeout or exception) — consecutive failure streak 3/3 over 108.2s"}
{"time":"2026-07-23 01:42:48,026","level":"ERROR","node":0,"msg":"Node 2 EXCLUDED from proposing and quorum. Quorum requirement adjusted to 2 of 2 remaining trusted nodes."}
{"time":"2026-07-23 01:42:48,026","level":"ERROR","node":0,"msg":"Node 3 EXCLUDED from proposing and quorum. Quorum requirement adjusted to 1 of 1 remaining trusted nodes."}
{"time":"2026-07-23 01:42:48,045","level":"INFO","node":0,"msg":"Sent exclusion notice for node 1 to node 2"}
{"time":"2026-07-23 01:42:48,045","level":"INFO","node":0,"msg":"Sent exclusion notice for node 3 to node 1"}
{"time":"2026-07-23 01:42:48,047","level":"INFO","node":0,"msg":"Sent exclusion notice for node 2 to node 1"}
{"time":"2026-07-23 01:42:48,053","level":"INFO","node":0,"msg":"Sent exclusion notice for node 3 to node 2"}
{"time":"2026-07-23 01:42:48,054","level":"INFO","node":0,"msg":"Sent exclusion notice for node 1 to node 3"}
{"time":"2026-07-23 01:42:48,056","level":"INFO","node":0,"msg":"Sent exclusion notice for node 2 to node 3"}
{"time":"2026-07-23 01:42:48,086","level":"INFO","node":0,"msg":"[FC2 DELTA NORM] node 0 round=1 — fc2 delta norm this round: 0.0461"}
{"time":"2026-07-23 01:42:53,943","level":"INFO","node":0,"msg":"Forwarded to http://127.0.0.1:8001"}
{"time":"2026-07-23 01:43:00,579","level":"INFO","node":0,"msg":"Proposal for round=1 origin=1 changed hash after 54.14s — treating as a legitimate round retry, not equivocation."}
{"time":"2026-07-23 01:43:00,579","level":"INFO","node":0,"msg":"Proposal received: round=1 origin=1 hash=5d3c55d32439..."}
{"time":"2026-07-23 01:43:00,579","level":"INFO","node":0,"msg":"Consensus vote recorded: node 1 decision=True reason=zkp_ok round=1 new=True satisfied=True"}
{"time":"2026-07-23 01:43:00,587","level":"INFO","node":0,"msg":"Received update from node 1, round 1"}
{"time":"2026-07-23 01:43:10,479","level":"INFO","node":0,"msg":"ZKP ACCEPTED from node 1"}
{"time":"2026-07-23 01:43:10,481","level":"INFO","node":0,"msg":"fc_in col7 delta self-cosine for node 1: 0.0612 (delta_norm=0.2345)"}
{"time":"2026-07-23 01:43:10,486","level":"INFO","node":0,"msg":"Trust score for node 1: S=0.000 (Z=1.00 A=0.00 P=0.00 R=1.00) advisory only"}
{"time":"2026-07-23 01:43:10,516","level":"INFO","node":0,"msg":"[FC2 DELTA NORM] node 0 round=1 — fc2 delta norm this round: 0.0418"}
{"time":"2026-07-23 01:43:16,588","level":"INFO","node":0,"msg":"Forwarded to http://127.0.0.1:8001"}
{"time":"2026-07-23 01:43:16,591","level":"INFO","node":0,"msg":"Round 2 skip acknowledged — advancing to round 3"}
{"time":"2026-07-23 01:43:16,591","level":"WARNING","node":0,"msg":"[SKIP STRIKE] round 2 skipped, proposer=1, reason=quorum_failure — recording independent strike"}
{"time":"2026-07-23 01:43:16,596","level":"INFO","node":0,"msg":"My turn — starting round 3 as proposer."}
{"time":"2026-07-23 01:43:16,596","level":"INFO","node":0,"msg":"Starting round 3"}
{"time":"2026-07-23 01:43:16,626","level":"INFO","node":0,"msg":"[FC2 DELTA NORM] node 0 round=2 — fc2 delta norm this round: 0.0466"}
{"time":"2026-07-23 01:43:22,502","level":"INFO","node":0,"msg":"Forwarded to http://127.0.0.1:8001"}
{"time":"2026-07-23 01:43:33,591","level":"INFO","node":0,"msg":"Consensus vote recorded: node 1 decision=True reason=zkp_ok round=2 new=True satisfied=True"}
{"time":"2026-07-23 01:43:39,732","level":"INFO","node":0,"msg":"Received update from node 1, round 2"}
{"time":"2026-07-23 01:43:39,732","level":"INFO","node":0,"msg":"Round 3 complete — aggregating"}
{"time":"2026-07-23 01:43:39,742","level":"INFO","node":0,"msg":"Round 3 accuracy gate skipped (warm-up period, candidate_acc=0.8000)"}
{"time":"2026-07-23 01:43:39,748","level":"INFO","node":0,"msg":"Checkpoint saved to C:\Users\mousu\OneDrive\Desktop\Set A\securefedhe\dashboard\model_latest.pt"}
{"time":"2026-07-23 01:43:39,749","level":"INFO","node":0,"msg":"Round 3 complete | accuracy=0.8000 | duration=23.15s"}
{"time":"2026-07-23 01:43:40,255","level":"INFO","node":0,"msg":"Starting round 4"}
{"time":"2026-07-23 01:43:40,286","level":"INFO","node":0,"msg":"[FC2 DELTA NORM] node 0 round=3 — fc2 delta norm this round: 0.0520"}
{"time":"2026-07-23 01:43:46,462","level":"INFO","node":0,"msg":"Forwarded to http://127.0.0.1:8001"}
{"time":"2026-07-23 01:43:57,541","level":"INFO","node":0,"msg":"Consensus vote recorded: node 1 decision=False reason=wrong_round round=3 new=True satisfied=True"}
{"time":"2026-07-23 01:44:03,604","level":"INFO","node":0,"msg":"Received update from node 1, round 3"}
{"time":"2026-07-23 01:44:03,604","level":"INFO","node":0,"msg":"Round 4 complete — aggregating"}
{"time":"2026-07-23 01:44:03,604","level":"INFO","node":0,"msg":"Round 4 accuracy gate skipped (warm-up period, candidate_acc=0.8091)"}
{"time":"2026-07-23 01:44:03,619","level":"INFO","node":0,"msg":"Checkpoint saved to C:\Users\mousu\OneDrive\Desktop\Set A\securefedhe\dashboard\model_latest.pt"}
{"time":"2026-07-23 01:44:03,619","level":"INFO","node":0,"msg":"Round 4 complete | accuracy=0.8091 | duration=23.36s"}
{"time":"2026-07-23 01:44:04,121","level":"INFO","node":0,"msg":"Starting round 5"}
{"time":"2026-07-23 01:44:04,142","level":"INFO","node":0,"msg":"[FC2 DELTA NORM] node 0 round=4 — fc2 delta norm this round: 0.0537"}
{"time":"2026-07-23 01:44:10,255","level":"INFO","node":0,"msg":"Forwarded to http://127.0.0.1:8001"}
{"time":"2026-07-23 01:44:21,445","level":"INFO","node":0,"msg":"Consensus vote recorded: node 1 decision=False reason=wrong_round round=4 new=True satisfied=True"}
{"time":"2026-07-23 01:44:43,132","level":"INFO","node":0,"msg":"Received update from node 1, round 4"}
{"time":"2026-07-23 01:44:43,132","level":"INFO","node":0,"msg":"Round 5 complete — aggregating"}
{"time":"2026-07-23 01:44:43,146","level":"INFO","node":0,"msg":"Round 5 accuracy gate skipped (warm-up period, candidate_acc=0.8727)"}
{"time":"2026-07-23 01:44:43,171","level":"INFO","node":0,"msg":"Checkpoint saved to C:\Users\mousu\OneDrive\Desktop\Set A\securefedhe\dashboard\model_latest.pt"}
{"time":"2026-07-23 01:44:43,171","level":"INFO","node":0,"msg":"Round 5 complete | accuracy=0.8727 | duration=39.05s"}
{"time":"2026-07-23 01:44:43,676","level":"INFO","node":0,"msg":"Starting round 6"}
{"time":"2026-07-23 01:44:43,735","level":"INFO","node":0,"msg":"[FC2 DELTA NORM] node 0 round=5 — fc2 delta norm this round: 0.0531"}
{"time":"2026-07-23 01:45:05,376","level":"INFO","node":0,"msg":"Forwarded to http://127.0.0.1:8001"}
{"time":"2026-07-23 01:45:38,831","level":"INFO","node":0,"msg":"Consensus vote recorded: node 1 decision=False reason=wrong_round round=5 new=True satisfied=True"}
{"time":"2026-07-23 01:46:00,603","level":"INFO","node":0,"msg":"Received update from node 1, round 5"}
{"time":"2026-07-23 01:46:00,605","level":"INFO","node":0,"msg":"Round 6 complete — aggregating"}
{"time":"2026-07-23 01:46:00,763","level":"WARNING","node":0,"msg":"[BACKDOOR PROBE] Round 6 SUSPICIOUS: feature=5 value=8.0 forces class=1 flip_rate=1.000 jump=0.727 (thresholds: flip>0.7, jump>0.3)"}
{"time":"2026-07-23 01:46:00,777","level":"INFO","node":0,"msg":"Checkpoint saved to C:\Users\mousu\OneDrive\Desktop\Set A\securefedhe\dashboard\model_latest.pt"}
{"time":"2026-07-23 01:46:00,777","level":"INFO","node":0,"msg":"Round 6 complete | accuracy=0.8818 | duration=77.10s"}
{"time":"2026-07-23 01:46:01,286","level":"INFO","node":0,"msg":"Starting round 7"}
{"time":"2026-07-23 01:46:01,361","level":"INFO","node":0,"msg":"[FC2 DELTA NORM] node 0 round=6 — fc2 delta norm this round: 0.0532"}
{"time":"2026-07-23 01:46:22,078","level":"INFO","node":0,"msg":"Forwarded to http://127.0.0.1:8001"}
{"time":"2026-07-23 01:46:55,466","level":"INFO","node":0,"msg":"Consensus vote recorded: node 1 decision=False reason=wrong_round round=6 new=True satisfied=True"}
{"time":"2026-07-23 01:47:17,540","level":"INFO","node":0,"msg":"Received update from node 1, round 6"}
{"time":"2026-07-23 01:47:17,545","level":"INFO","node":0,"msg":"Round 7 complete — aggregating"}
{"time":"2026-07-23 01:47:17,697","level":"INFO","node":0,"msg":"[BACKDOOR PROBE] Round 7 clean — worst case flip_rate=1.000 jump=0.245 (feature=1, value=-4.0)"}
{"time":"2026-07-23 01:47:17,707","level":"INFO","node":0,"msg":"Checkpoint saved to C:\Users\mousu\OneDrive\Desktop\Set A\securefedhe\dashboard\model_latest.pt"}
{"time":"2026-07-23 01:47:17,707","level":"INFO","node":0,"msg":"Round 7 complete | accuracy=0.8727 | duration=76.41s"}
{"time":"2026-07-23 01:47:18,218","level":"INFO","node":0,"msg":"Starting round 8"}
{"time":"2026-07-23 01:47:18,322","level":"INFO","node":0,"msg":"[FC2 DELTA NORM] node 0 round=7 — fc2 delta norm this round: 0.0539"}
{"time":"2026-07-23 01:47:39,571","level":"INFO","node":0,"msg":"Forwarded to http://127.0.0.1:8001"}
{"time":"2026-07-23 01:48:12,515","level":"INFO","node":0,"msg":"Consensus vote recorded: node 1 decision=False reason=wrong_round round=7 new=True satisfied=True"}
{"time":"2026-07-23 01:48:32,890","level":"INFO","node":0,"msg":"Received update from node 1, round 7"}
{"time":"2026-07-23 01:48:32,890","level":"INFO","node":0,"msg":"Round 8 complete — aggregating"}
{"time":"2026-07-23 01:48:33,007","level":"INFO","node":0,"msg":"[BACKDOOR PROBE] Round 8 clean — worst case flip_rate=1.000 jump=0.191 (feature=1, value=-4.0)"}
{"time":"2026-07-23 01:48:33,020","level":"INFO","node":0,"msg":"Checkpoint saved to C:\Users\mousu\OneDrive\Desktop\Set A\securefedhe\dashboard\model_latest.pt"}
{"time":"2026-07-23 01:48:33,020","level":"INFO","node":0,"msg":"Round 8 complete | accuracy=0.8000 | duration=74.80s"}
{"time":"2026-07-23 01:48:33,523","level":"INFO","node":0,"msg":"Starting round 9"}
{"time":"2026-07-23 01:48:33,643","level":"INFO","node":0,"msg":"[FC2 DELTA NORM] node 0 round=8 — fc2 delta norm this round: 0.0518"}
{"time":"2026-07-23 01:48:53,973","level":"INFO","node":0,"msg":"Forwarded to http://127.0.0.1:8001"}
{"time":"2026-07-23 01:49:26,785","level":"INFO","node":0,"msg":"Consensus vote recorded: node 1 decision=False reason=wrong_round round=8 new=True satisfied=True"}
{"time":"2026-07-23 01:49:47,480","level":"INFO","node":0,"msg":"Received update from node 1, round 8"}
{"time":"2026-07-23 01:49:47,480","level":"INFO","node":0,"msg":"Round 9 complete — aggregating"}
{"time":"2026-07-23 01:49:47,611","level":"INFO","node":0,"msg":"[BACKDOOR PROBE] Round 9 clean — worst case flip_rate=1.000 jump=0.173 (feature=1, value=-4.0)"}
{"time":"2026-07-23 01:49:47,625","level":"INFO","node":0,"msg":"Checkpoint saved to C:\Users\mousu\OneDrive\Desktop\Set A\securefedhe\dashboard\model_latest.pt"}
{"time":"2026-07-23 01:49:47,625","level":"INFO","node":0,"msg":"Round 9 complete | accuracy=0.8364 | duration=74.10s"}
{"time":"2026-07-23 01:49:48,132","level":"INFO","node":0,"msg":"Starting round 10"}
{"time":"2026-07-23 01:49:48,210","level":"INFO","node":0,"msg":"[FC2 DELTA NORM] node 0 round=9 — fc2 delta norm this round: 0.0532"}
{"time":"2026-07-23 01:50:09,271","level":"INFO","node":0,"msg":"Forwarded to http://127.0.0.1:8001"}
{"time":"2026-07-23 01:50:42,222","level":"INFO","node":0,"msg":"Consensus vote recorded: node 1 decision=False reason=wrong_round round=9 new=True satisfied=True"}
{"time":"2026-07-23 01:50:57,161","level":"INFO","node":0,"msg":"Received update from node 1, round 9"}
{"time":"2026-07-23 01:50:57,161","level":"INFO","node":0,"msg":"Round 10 complete — aggregating"}
{"time":"2026-07-23 01:50:57,203","level":"INFO","node":0,"msg":"[BACKDOOR PROBE] Round 10 clean — worst case flip_rate=1.000 jump=0.191 (feature=1, value=-4.0)"}
{"time":"2026-07-23 01:50:57,213","level":"INFO","node":0,"msg":"Checkpoint saved to C:\Users\mousu\OneDrive\Desktop\Set A\securefedhe\dashboard\model_latest.pt"}
{"time":"2026-07-23 01:50:57,213","level":"INFO","node":0,"msg":"Round 10 complete | accuracy=0.8364 | duration=69.08s"}
{"time":"2026-07-23 01:50:57,724","level":"INFO","node":0,"msg":"Starting round 11"}
{"time":"2026-07-23 01:50:57,747","level":"INFO","node":0,"msg":"[FC2 DELTA NORM] node 0 round=10 — fc2 delta norm this round: 0.0536"}
{"time":"2026-07-23 01:51:04,137","level":"INFO","node":0,"msg":"Forwarded to http://127.0.0.1:8001"}
{"time":"2026-07-23 01:51:15,554","level":"INFO","node":0,"msg":"Consensus vote recorded: node 1 decision=False reason=wrong_round round=10 new=True satisfied=True"}
{"time":"2026-07-23 16:54:02,713","level":"INFO","node":0,"msg":"Starting node 0: City General Hospital"}
{"time":"2026-07-23 16:54:02,713","level":"INFO","node":0,"msg":"[CONFIG DEBUG] attack_simulation loaded: enabled=True target_node=2 type=gradient_norm config_path=config_dev.json"}
{"time":"2026-07-23 16:54:03,027","level":"WARNING","node":0,"msg":"DEV MODE: running without TLS"}
{"time":"2026-07-23 16:54:03,027","level":"INFO","node":0,"msg":"Listening on 127.0.0.1:8000 | TLS=False"}
{"time":"2026-07-23 16:54:08,098","level":"INFO","node":0,"msg":"Consensus pubkey received from node 1"}
{"time":"2026-07-23 16:54:08,108","level":"INFO","node":0,"msg":"Key exchange complete with node 1"}
{"time":"2026-07-23 16:54:08,699","level":"INFO","node":0,"msg":"Key exchange complete with node 2"}
{"time":"2026-07-23 16:54:08,706","level":"INFO","node":0,"msg":"Consensus pubkey received from node 2"}
{"time":"2026-07-23 16:54:10,288","level":"INFO","node":0,"msg":"Key exchange complete with node 3"}
{"time":"2026-07-23 16:54:10,290","level":"INFO","node":0,"msg":"Consensus pubkey received from node 3"}
{"time":"2026-07-23 16:54:19,492","level":"INFO","node":0,"msg":"Sent public key to node 1"}
{"time":"2026-07-23 16:54:19,520","level":"INFO","node":0,"msg":"Sent public key to node 2"}
{"time":"2026-07-23 16:54:19,531","level":"INFO","node":0,"msg":"Sent public key to node 3"}
{"time":"2026-07-23 16:54:19,553","level":"INFO","node":0,"msg":"Sent consensus pubkey to node 1"}
{"time":"2026-07-23 16:54:19,574","level":"INFO","node":0,"msg":"Sent consensus pubkey to node 2"}
{"time":"2026-07-23 16:54:19,584","level":"INFO","node":0,"msg":"Sent consensus pubkey to node 3"}
{"time":"2026-07-23 16:54:19,584","level":"INFO","node":0,"msg":"This node is round 1's proposer — starting."}
{"time":"2026-07-23 16:54:19,588","level":"INFO","node":0,"msg":"Starting round 1"}
{"time":"2026-07-23 16:54:30,199","level":"INFO","node":0,"msg":"[FC2 DELTA NORM] node 0 round=0 — fc2 delta norm this round: 0.0382"}
{"time":"2026-07-23 16:55:10,970","level":"INFO","node":0,"msg":"Sent proposal to node 1"}
{"time":"2026-07-23 16:55:10,991","level":"INFO","node":0,"msg":"Sent proposal to node 2"}
{"time":"2026-07-23 16:55:11,039","level":"INFO","node":0,"msg":"Sent proposal to node 3"}
{"time":"2026-07-23 16:55:11,159","level":"INFO","node":0,"msg":"Sent consensus vote to node 1"}
{"time":"2026-07-23 16:55:11,167","level":"INFO","node":0,"msg":"Sent consensus vote to node 3"}
{"time":"2026-07-23 16:55:11,174","level":"INFO","node":0,"msg":"Sent consensus vote to node 2"}
{"time":"2026-07-23 16:55:11,194","level":"INFO","node":0,"msg":"Forwarded to http://127.0.0.1:8001"}
{"time":"2026-07-23 16:56:10,338","level":"INFO","node":0,"msg":"Consensus vote recorded: node 1 decision=True reason=zkp_ok round=0 new=True satisfied=False"}
{"time":"2026-07-23 16:58:00,627","level":"INFO","node":0,"msg":"Starting node 0: City General Hospital"}
{"time":"2026-07-23 16:58:00,627","level":"INFO","node":0,"msg":"[CONFIG DEBUG] attack_simulation loaded: enabled=True target_node=2 type=gradient_norm config_path=config_dev.json"}
{"time":"2026-07-23 16:58:00,707","level":"WARNING","node":0,"msg":"DEV MODE: running without TLS"}
{"time":"2026-07-23 16:58:00,707","level":"INFO","node":0,"msg":"Listening on 127.0.0.1:8000 | TLS=False"}
{"time":"2026-07-23 16:58:08,472","level":"INFO","node":0,"msg":"Consensus pubkey received from node 1"}
{"time":"2026-07-23 16:58:08,472","level":"INFO","node":0,"msg":"Key exchange complete with node 1"}
{"time":"2026-07-23 16:58:10,069","level":"INFO","node":0,"msg":"Key exchange complete with node 2"}
{"time":"2026-07-23 16:58:10,088","level":"INFO","node":0,"msg":"Consensus pubkey received from node 2"}
{"time":"2026-07-23 16:58:11,212","level":"INFO","node":0,"msg":"Consensus pubkey received from node 3"}
{"time":"2026-07-23 16:58:11,215","level":"INFO","node":0,"msg":"Key exchange complete with node 3"}
{"time":"2026-07-23 16:58:17,332","level":"INFO","node":0,"msg":"Sent public key to node 1"}
{"time":"2026-07-23 16:58:17,358","level":"INFO","node":0,"msg":"Sent public key to node 2"}
{"time":"2026-07-23 16:58:17,377","level":"INFO","node":0,"msg":"Sent public key to node 3"}
{"time":"2026-07-23 16:58:17,386","level":"INFO","node":0,"msg":"Sent consensus pubkey to node 1"}
{"time":"2026-07-23 16:58:17,395","level":"INFO","node":0,"msg":"Sent consensus pubkey to node 2"}
{"time":"2026-07-23 16:58:17,403","level":"INFO","node":0,"msg":"Sent consensus pubkey to node 3"}
{"time":"2026-07-23 16:58:17,403","level":"INFO","node":0,"msg":"This node is round 1's proposer — starting."}
{"time":"2026-07-23 16:58:17,408","level":"INFO","node":0,"msg":"Starting round 1"}
{"time":"2026-07-23 16:58:19,398","level":"INFO","node":0,"msg":"[FC2 DELTA NORM] node 0 round=0 — fc2 delta norm this round: 0.0509"}
{"time":"2026-07-23 16:58:29,637","level":"INFO","node":0,"msg":"Sent proposal to node 1"}
{"time":"2026-07-23 16:58:29,653","level":"INFO","node":0,"msg":"Sent proposal to node 2"}
{"time":"2026-07-23 16:58:29,675","level":"INFO","node":0,"msg":"Sent proposal to node 3"}
{"time":"2026-07-23 16:58:29,706","level":"INFO","node":0,"msg":"Sent consensus vote to node 1"}
{"time":"2026-07-23 16:58:29,713","level":"INFO","node":0,"msg":"Sent consensus vote to node 3"}
{"time":"2026-07-23 16:58:29,716","level":"INFO","node":0,"msg":"Sent consensus vote to node 2"}
{"time":"2026-07-23 16:58:29,728","level":"INFO","node":0,"msg":"Forwarded to http://127.0.0.1:8001"}
{"time":"2026-07-23 16:58:45,098","level":"INFO","node":0,"msg":"Consensus vote recorded: node 1 decision=True reason=zkp_ok round=0 new=True satisfied=False"}
{"time":"2026-07-23 16:59:12,735","level":"INFO","node":0,"msg":"Consensus vote recorded: node 2 decision=True reason=zkp_ok round=0 new=True satisfied=True"}
{"time":"2026-07-23 16:59:39,313","level":"INFO","node":0,"msg":"Consensus vote recorded: node 3 decision=True reason=zkp_ok round=0 new=True satisfied=True"}
{"time":"2026-07-23 16:59:51,150","level":"INFO","node":0,"msg":"Received update from node 3, round 0"}
{"time":"2026-07-23 16:59:51,150","level":"INFO","node":0,"msg":"Round 1 complete — aggregating"}
{"time":"2026-07-23 16:59:51,230","level":"INFO","node":0,"msg":"Round 1 accuracy gate skipped (warm-up period, candidate_acc=0.6818)"}
{"time":"2026-07-23 16:59:51,313","level":"INFO","node":0,"msg":"Commit vote recorded: node 1 decision=True round=0 satisfied=False"}
{"time":"2026-07-23 16:59:51,317","level":"INFO","node":0,"msg":"Broadcast weights to node 1"}
{"time":"2026-07-23 16:59:51,386","level":"INFO","node":0,"msg":"Commit vote recorded: node 2 decision=True round=0 satisfied=True"}
{"time":"2026-07-23 16:59:51,386","level":"INFO","node":0,"msg":"Round 1 COMMITTED — model hash agreed by [0, 1, 2]"}
{"time":"2026-07-23 16:59:51,388","level":"INFO","node":0,"msg":"Commit certificate saved to C:\Users\mousu\OneDrive\Desktop\Set A\securefedhe\dashboard\certificates\round_0.json"}
{"time":"2026-07-23 16:59:51,390","level":"INFO","node":0,"msg":"Broadcast weights to node 2"}
{"time":"2026-07-23 16:59:51,410","level":"INFO","node":0,"msg":"Commit vote recorded: node 3 decision=True round=0 satisfied=True"}
{"time":"2026-07-23 16:59:51,418","level":"INFO","node":0,"msg":"Broadcast weights to node 3"}
{"time":"2026-07-23 16:59:51,459","level":"INFO","node":0,"msg":"Checkpoint saved to C:\Users\mousu\OneDrive\Desktop\Set A\securefedhe\dashboard\model_latest.pt"}
{"time":"2026-07-23 16:59:51,459","level":"INFO","node":0,"msg":"Round 1 complete | accuracy=0.6818 | duration=94.05s"}
{"time":"2026-07-23 16:59:51,459","level":"INFO","node":0,"msg":"Round 2 belongs to node 1 — waiting for their proposal."}
{"time":"2026-07-23 16:59:51,459","level":"INFO","node":0,"msg":"Notified next proposer to node 1"}
{"time":"2026-07-23 16:59:51,475","level":"INFO","node":0,"msg":"[WATCHDOG SPAWNED] round=1 expected_proposer=1 timeout_s=600 spawned_at=16:59:51"}
{"time":"2026-07-23 17:00:01,698","level":"INFO","node":0,"msg":"Proposal received: round=1 origin=1 hash=18e61a3c3bce..."}
{"time":"2026-07-23 17:00:01,740","level":"INFO","node":0,"msg":"Consensus vote recorded: node 1 decision=True reason=zkp_ok round=1 new=True satisfied=False"}
{"time":"2026-07-23 17:00:52,593","level":"INFO","node":0,"msg":"Received update from node 3, round 1"}
{"time":"2026-07-23 17:01:08,153","level":"INFO","node":0,"msg":"ZKP ACCEPTED from node 3"}
{"time":"2026-07-23 17:01:08,177","level":"INFO","node":0,"msg":"Trust score for node 1: S=0.429 (Z=1.00 A=0.50 P=0.50 R=1.00) advisory only"}
{"time":"2026-07-23 17:01:08,181","level":"WARNING","node":0,"msg":"Sent consensus vote to node 1 FAILED (hard timeout or exception) — consecutive failure streak 1/3 over 0.0s"}
{"time":"2026-07-23 17:01:08,184","level":"WARNING","node":0,"msg":"Sent consensus vote to node 2 FAILED (hard timeout or exception) — consecutive failure streak 1/3 over 0.0s"}
{"time":"2026-07-23 17:01:08,186","level":"WARNING","node":0,"msg":"Sent consensus vote to node 3 FAILED (hard timeout or exception) — consecutive failure streak 1/3 over 0.0s"}
{"time":"2026-07-23 17:01:08,224","level":"INFO","node":0,"msg":"[FC2 DELTA NORM] node 0 round=1 — fc2 delta norm this round: 0.0475"}
{"time":"2026-07-23 17:01:17,999","level":"INFO","node":0,"msg":"Forwarded to http://127.0.0.1:8001"}
{"time":"2026-07-23 17:01:28,752","level":"INFO","node":0,"msg":"Proposal for round=1 origin=1 changed hash after 87.04s — treating as a legitimate round retry, not equivocation."}
{"time":"2026-07-23 17:01:28,752","level":"INFO","node":0,"msg":"Proposal received: round=1 origin=1 hash=095e23587cf6..."}
{"time":"2026-07-23 17:01:28,784","level":"INFO","node":0,"msg":"Consensus vote recorded: node 1 decision=True reason=zkp_ok round=1 new=True satisfied=False"}
{"time":"2026-07-23 17:02:19,561","level":"INFO","node":0,"msg":"Received update from node 3, round 1"}
{"time":"2026-07-23 17:02:34,507","level":"INFO","node":0,"msg":"ZKP ACCEPTED from node 3"}
{"time":"2026-07-23 17:02:34,520","level":"INFO","node":0,"msg":"Trust score for node 1: S=0.000 (Z=1.00 A=0.00 P=0.50 R=1.00) advisory only"}
{"time":"2026-07-23 17:02:34,524","level":"WARNING","node":0,"msg":"Sent consensus vote to node 2 FAILED (hard timeout or exception) — consecutive failure streak 2/3 over 86.3s"}
{"time":"2026-07-23 17:02:34,526","level":"WARNING","node":0,"msg":"Sent consensus vote to node 1 FAILED (hard timeout or exception) — consecutive failure streak 2/3 over 86.3s"}
{"time":"2026-07-23 17:02:34,527","level":"WARNING","node":0,"msg":"Sent consensus vote to node 3 FAILED (hard timeout or exception) — consecutive failure streak 2/3 over 86.3s"}
{"time":"2026-07-23 17:02:34,565","level":"INFO","node":0,"msg":"[FC2 DELTA NORM] node 0 round=1 — fc2 delta norm this round: 0.0458"}
{"time":"2026-07-23 17:02:44,394","level":"INFO","node":0,"msg":"Forwarded to http://127.0.0.1:8001"}
{"time":"2026-07-23 17:02:55,084","level":"INFO","node":0,"msg":"Proposal for round=1 origin=1 changed hash after 86.35s — treating as a legitimate round retry, not equivocation."}
{"time":"2026-07-23 17:02:55,084","level":"INFO","node":0,"msg":"Proposal received: round=1 origin=1 hash=83bc929f059d..."}
{"time":"2026-07-23 17:02:55,141","level":"INFO","node":0,"msg":"Consensus vote recorded: node 1 decision=True reason=zkp_ok round=1 new=True satisfied=False"}
{"time":"2026-07-23 17:03:10,780","level":"INFO","node":0,"msg":"Consensus vote recorded: node 2 decision=True reason=zkp_ok round=1 new=True satisfied=False"}
{"time":"2026-07-23 17:03:35,854","level":"INFO","node":0,"msg":"Consensus vote recorded: node 3 decision=True reason=zkp_ok round=1 new=True satisfied=True"}
{"time":"2026-07-23 17:03:45,624","level":"INFO","node":0,"msg":"Received update from node 3, round 1"}
{"time":"2026-07-23 17:04:00,943","level":"INFO","node":0,"msg":"ZKP ACCEPTED from node 3"}
{"time":"2026-07-23 17:04:00,943","level":"INFO","node":0,"msg":"fc_in col7 delta self-cosine for node 1: -0.3596 (delta_norm=0.1344)"}
{"time":"2026-07-23 17:04:00,965","level":"INFO","node":0,"msg":"Trust score for node 1: S=0.000 (Z=1.00 A=0.00 P=0.50 R=1.00) advisory only"}
{"time":"2026-07-23 17:04:00,972","level":"WARNING","node":0,"msg":"Sent consensus vote to node 1 FAILED (hard timeout or exception) — consecutive failure streak 3/3 over 172.8s"}
{"time":"2026-07-23 17:04:00,975","level":"WARNING","node":0,"msg":"Sent consensus vote to node 2 FAILED (hard timeout or exception) — consecutive failure streak 3/3 over 172.8s"}
{"time":"2026-07-23 17:04:00,975","level":"ERROR","node":0,"msg":"Node 1 EXCLUDED from proposing and quorum. Quorum requirement adjusted to 3 of 3 remaining trusted nodes."}
{"time":"2026-07-23 17:04:00,976","level":"WARNING","node":0,"msg":"Sent consensus vote to node 3 FAILED (hard timeout or exception) — consecutive failure streak 3/3 over 172.8s"}
{"time":"2026-07-23 17:04:00,976","level":"ERROR","node":0,"msg":"Node 2 EXCLUDED from proposing and quorum. Quorum requirement adjusted to 2 of 2 remaining trusted nodes."}
{"time":"2026-07-23 17:04:00,976","level":"ERROR","node":0,"msg":"Node 3 EXCLUDED from proposing and quorum. Quorum requirement adjusted to 1 of 1 remaining trusted nodes."}
{"time":"2026-07-23 17:04:01,009","level":"INFO","node":0,"msg":"Sent exclusion notice for node 3 to node 1"}
{"time":"2026-07-23 17:04:01,011","level":"INFO","node":0,"msg":"Sent exclusion notice for node 1 to node 2"}
{"time":"2026-07-23 17:04:01,013","level":"INFO","node":0,"msg":"Sent exclusion notice for node 2 to node 1"}
{"time":"2026-07-23 17:04:01,028","level":"INFO","node":0,"msg":"Sent exclusion notice for node 3 to node 2"}
{"time":"2026-07-23 17:04:01,041","level":"INFO","node":0,"msg":"Sent exclusion notice for node 1 to node 3"}
{"time":"2026-07-23 17:04:01,044","level":"INFO","node":0,"msg":"Sent exclusion notice for node 2 to node 3"}
{"time":"2026-07-23 17:04:01,135","level":"INFO","node":0,"msg":"[FC2 DELTA NORM] node 0 round=1 — fc2 delta norm this round: 0.0407"}
{"time":"2026-07-23 17:04:10,712","level":"INFO","node":0,"msg":"Forwarded to http://127.0.0.1:8001"}
{"time":"2026-07-23 17:04:21,376","level":"INFO","node":0,"msg":"Proposal for round=1 origin=1 changed hash after 86.28s — treating as a legitimate round retry, not equivocation."}
{"time":"2026-07-23 17:04:21,376","level":"INFO","node":0,"msg":"Proposal received: round=1 origin=1 hash=5d96d1a6adb5..."}
{"time":"2026-07-23 17:04:21,379","level":"INFO","node":0,"msg":"Consensus vote recorded: node 1 decision=True reason=zkp_ok round=1 new=True satisfied=True"}
{"time":"2026-07-23 17:04:21,393","level":"INFO","node":0,"msg":"Received update from node 1, round 1"}
{"time":"2026-07-23 17:04:36,673","level":"INFO","node":0,"msg":"ZKP ACCEPTED from node 1"}
{"time":"2026-07-23 17:04:36,673","level":"INFO","node":0,"msg":"fc_in col7 delta self-cosine for node 1: -0.0099 (delta_norm=0.2444)"}
{"time":"2026-07-23 17:04:36,693","level":"INFO","node":0,"msg":"Trust score for node 1: S=0.000 (Z=1.00 A=0.00 P=0.61 R=1.00) advisory only"}
{"time":"2026-07-23 17:04:36,728","level":"INFO","node":0,"msg":"[FC2 DELTA NORM] node 0 round=1 — fc2 delta norm this round: 0.0412"}
{"time":"2026-07-23 17:04:46,552","level":"INFO","node":0,"msg":"Forwarded to http://127.0.0.1:8001"}
{"time":"2026-07-23 17:04:46,568","level":"INFO","node":0,"msg":"Round 2 skip acknowledged — advancing to round 3"}
{"time":"2026-07-23 17:04:46,568","level":"WARNING","node":0,"msg":"[SKIP STRIKE] round 2 skipped, proposer=1, reason=quorum_failure — recording independent strike"}
{"time":"2026-07-23 17:04:46,576","level":"INFO","node":0,"msg":"My turn — starting round 3 as proposer."}
{"time":"2026-07-23 17:04:46,576","level":"INFO","node":0,"msg":"Starting round 3"}
{"time":"2026-07-23 17:04:46,632","level":"INFO","node":0,"msg":"[FC2 DELTA NORM] node 0 round=2 — fc2 delta norm this round: 0.0473"}
{"time":"2026-07-23 17:04:56,634","level":"INFO","node":0,"msg":"Forwarded to http://127.0.0.1:8001"}
{"time":"2026-07-23 17:05:13,278","level":"INFO","node":0,"msg":"Consensus vote recorded: node 1 decision=True reason=zkp_ok round=2 new=True satisfied=True"}
{"time":"2026-07-23 17:05:23,058","level":"INFO","node":0,"msg":"Received update from node 1, round 2"}
{"time":"2026-07-23 17:05:23,059","level":"INFO","node":0,"msg":"Round 3 complete — aggregating"}
{"time":"2026-07-23 17:05:23,071","level":"INFO","node":0,"msg":"Round 3 accuracy gate skipped (warm-up period, candidate_acc=0.8273)"}
{"time":"2026-07-23 17:05:23,086","level":"INFO","node":0,"msg":"Checkpoint saved to C:\Users\mousu\OneDrive\Desktop\Set A\securefedhe\dashboard\model_latest.pt"}
{"time":"2026-07-23 17:05:23,086","level":"INFO","node":0,"msg":"Round 3 complete | accuracy=0.8273 | duration=36.51s"}
{"time":"2026-07-23 17:05:23,594","level":"INFO","node":0,"msg":"Starting round 4"}
{"time":"2026-07-23 17:05:23,641","level":"INFO","node":0,"msg":"[FC2 DELTA NORM] node 0 round=3 — fc2 delta norm this round: 0.0525"}
{"time":"2026-07-23 17:05:33,614","level":"INFO","node":0,"msg":"Forwarded to http://127.0.0.1:8001"}
{"time":"2026-07-23 17:05:49,988","level":"INFO","node":0,"msg":"Consensus vote recorded: node 1 decision=False reason=wrong_round round=3 new=True satisfied=True"}
{"time":"2026-07-23 17:06:00,070","level":"INFO","node":0,"msg":"Received update from node 1, round 3"}
{"time":"2026-07-23 17:06:00,070","level":"INFO","node":0,"msg":"Round 4 complete — aggregating"}
{"time":"2026-07-23 17:06:00,085","level":"INFO","node":0,"msg":"Round 4 accuracy gate skipped (warm-up period, candidate_acc=0.8364)"}
{"time":"2026-07-23 17:06:00,097","level":"INFO","node":0,"msg":"Checkpoint saved to C:\Users\mousu\OneDrive\Desktop\Set A\securefedhe\dashboard\model_latest.pt"}
{"time":"2026-07-23 17:06:00,097","level":"INFO","node":0,"msg":"Round 4 complete | accuracy=0.8364 | duration=36.50s"}
{"time":"2026-07-23 17:06:00,614","level":"INFO","node":0,"msg":"Starting round 5"}
{"time":"2026-07-23 17:06:00,655","level":"INFO","node":0,"msg":"[FC2 DELTA NORM] node 0 round=4 — fc2 delta norm this round: 0.0536"}
{"time":"2026-07-23 17:06:10,672","level":"INFO","node":0,"msg":"Forwarded to http://127.0.0.1:8001"}
{"time":"2026-07-23 17:06:28,261","level":"INFO","node":0,"msg":"Consensus vote recorded: node 1 decision=False reason=wrong_round round=4 new=True satisfied=True"}
{"time":"2026-07-23 17:06:38,249","level":"INFO","node":0,"msg":"Received update from node 1, round 4"}
{"time":"2026-07-23 17:06:38,249","level":"INFO","node":0,"msg":"Round 5 complete — aggregating"}
{"time":"2026-07-23 17:06:38,269","level":"INFO","node":0,"msg":"Round 5 accuracy gate skipped (warm-up period, candidate_acc=0.8000)"}
{"time":"2026-07-23 17:06:38,280","level":"INFO","node":0,"msg":"Checkpoint saved to C:\Users\mousu\OneDrive\Desktop\Set A\securefedhe\dashboard\model_latest.pt"}
{"time":"2026-07-23 17:06:38,282","level":"INFO","node":0,"msg":"Round 5 complete | accuracy=0.8000 | duration=37.67s"}
{"time":"2026-07-23 17:06:38,796","level":"INFO","node":0,"msg":"Starting round 6"}
{"time":"2026-07-23 17:06:38,841","level":"INFO","node":0,"msg":"[FC2 DELTA NORM] node 0 round=5 — fc2 delta norm this round: 0.0538"}
{"time":"2026-07-23 17:06:48,869","level":"INFO","node":0,"msg":"Forwarded to http://127.0.0.1:8001"}
{"time":"2026-07-23 17:07:05,567","level":"INFO","node":0,"msg":"Consensus vote recorded: node 1 decision=False reason=wrong_round round=5 new=True satisfied=True"}
{"time":"2026-07-23 17:07:16,018","level":"INFO","node":0,"msg":"Received update from node 1, round 5"}
{"time":"2026-07-23 17:07:16,018","level":"INFO","node":0,"msg":"Round 6 complete — aggregating"}
{"time":"2026-07-23 17:07:16,116","level":"WARNING","node":0,"msg":"[BACKDOOR PROBE] Round 6 SUSPICIOUS: feature=1 value=7.0 forces class=1 flip_rate=1.000 jump=0.791 (thresholds: flip>0.7, jump>0.3)"}
{"time":"2026-07-23 17:07:16,124","level":"INFO","node":0,"msg":"Checkpoint saved to C:\Users\mousu\OneDrive\Desktop\Set A\securefedhe\dashboard\model_latest.pt"}
{"time":"2026-07-23 17:07:16,124","level":"INFO","node":0,"msg":"Round 6 complete | accuracy=0.8182 | duration=37.33s"}
{"time":"2026-07-23 17:07:16,634","level":"INFO","node":0,"msg":"Starting round 7"}
{"time":"2026-07-23 17:07:16,686","level":"INFO","node":0,"msg":"[FC2 DELTA NORM] node 0 round=6 — fc2 delta norm this round: 0.0535"}
{"time":"2026-07-23 17:07:26,904","level":"INFO","node":0,"msg":"Forwarded to http://127.0.0.1:8001"}
{"time":"2026-07-23 17:07:43,242","level":"INFO","node":0,"msg":"Consensus vote recorded: node 1 decision=False reason=wrong_round round=6 new=True satisfied=True"}
{"time":"2026-07-23 17:07:53,183","level":"INFO","node":0,"msg":"Received update from node 1, round 6"}
{"time":"2026-07-23 17:07:53,183","level":"INFO","node":0,"msg":"Round 7 complete — aggregating"}
{"time":"2026-07-23 17:07:53,277","level":"WARNING","node":0,"msg":"[BACKDOOR PROBE] Round 7 SUSPICIOUS: feature=1 value=7.0 forces class=1 flip_rate=1.000 jump=0.818 (thresholds: flip>0.7, jump>0.3)"}
{"time":"2026-07-23 17:07:53,289","level":"INFO","node":0,"msg":"Checkpoint saved to C:\Users\mousu\OneDrive\Desktop\Set A\securefedhe\dashboard\model_latest.pt"}
{"time":"2026-07-23 17:07:53,291","level":"INFO","node":0,"msg":"Round 7 complete | accuracy=0.8091 | duration=36.66s"}
{"time":"2026-07-23 17:07:53,799","level":"INFO","node":0,"msg":"Starting round 8"}
{"time":"2026-07-23 17:07:53,837","level":"INFO","node":0,"msg":"[FC2 DELTA NORM] node 0 round=7 — fc2 delta norm this round: 0.0518"}
{"time":"2026-07-23 17:08:03,901","level":"INFO","node":0,"msg":"Forwarded to http://127.0.0.1:8001"}
{"time":"2026-07-23 17:08:20,303","level":"INFO","node":0,"msg":"Consensus vote recorded: node 1 decision=False reason=wrong_round round=7 new=True satisfied=True"}
{"time":"2026-07-23 17:08:30,320","level":"INFO","node":0,"msg":"Received update from node 1, round 7"}
{"time":"2026-07-23 17:08:30,320","level":"INFO","node":0,"msg":"Round 8 complete — aggregating"}
{"time":"2026-07-23 17:08:30,404","level":"INFO","node":0,"msg":"[BACKDOOR PROBE] Round 8 clean — worst case flip_rate=1.000 jump=0.209 (feature=1, value=-4.0)"}
{"time":"2026-07-23 17:08:30,424","level":"INFO","node":0,"msg":"Checkpoint saved to C:\Users\mousu\OneDrive\Desktop\Set A\securefedhe\dashboard\model_latest.pt"}
{"time":"2026-07-23 17:08:30,426","level":"INFO","node":0,"msg":"Round 8 complete | accuracy=0.8182 | duration=36.63s"}
{"time":"2026-07-23 17:08:30,928","level":"INFO","node":0,"msg":"Starting round 9"}
{"time":"2026-07-23 17:08:30,985","level":"INFO","node":0,"msg":"[FC2 DELTA NORM] node 0 round=8 — fc2 delta norm this round: 0.0540"}
{"time":"2026-07-23 17:08:41,230","level":"INFO","node":0,"msg":"Forwarded to http://127.0.0.1:8001"}
{"time":"2026-07-23 17:08:57,652","level":"INFO","node":0,"msg":"Consensus vote recorded: node 1 decision=False reason=wrong_round round=8 new=True satisfied=True"}
{"time":"2026-07-23 17:09:07,702","level":"INFO","node":0,"msg":"Received update from node 1, round 8"}
{"time":"2026-07-23 17:09:07,702","level":"INFO","node":0,"msg":"Round 9 complete — aggregating"}
{"time":"2026-07-23 17:09:07,819","level":"WARNING","node":0,"msg":"[BACKDOOR PROBE] Round 9 SUSPICIOUS: feature=1 value=7.0 forces class=1 flip_rate=1.000 jump=0.736 (thresholds: flip>0.7, jump>0.3)"}
{"time":"2026-07-23 17:09:07,827","level":"INFO","node":0,"msg":"Checkpoint saved to C:\Users\mousu\OneDrive\Desktop\Set A\securefedhe\dashboard\model_latest.pt"}
{"time":"2026-07-23 17:09:07,827","level":"INFO","node":0,"msg":"Round 9 complete | accuracy=0.8727 | duration=36.90s"}
{"time":"2026-07-23 17:09:08,342","level":"INFO","node":0,"msg":"Starting round 10"}
{"time":"2026-07-23 17:09:08,399","level":"INFO","node":0,"msg":"[FC2 DELTA NORM] node 0 round=9 — fc2 delta norm this round: 0.0537"}
{"time":"2026-07-23 17:09:18,577","level":"INFO","node":0,"msg":"Forwarded to http://127.0.0.1:8001"}
{"time":"2026-07-23 17:09:35,251","level":"INFO","node":0,"msg":"Consensus vote recorded: node 1 decision=False reason=wrong_round round=9 new=True satisfied=True"}
{"time":"2026-07-23 17:09:44,964","level":"INFO","node":0,"msg":"Received update from node 1, round 9"}
{"time":"2026-07-23 17:09:44,964","level":"INFO","node":0,"msg":"Round 10 complete — aggregating"}
{"time":"2026-07-23 17:09:45,009","level":"INFO","node":0,"msg":"[BACKDOOR PROBE] Round 10 clean — worst case flip_rate=1.000 jump=0.200 (feature=1, value=-4.0)"}
{"time":"2026-07-23 17:09:45,042","level":"INFO","node":0,"msg":"Checkpoint saved to C:\Users\mousu\OneDrive\Desktop\Set A\securefedhe\dashboard\model_latest.pt"}
{"time":"2026-07-23 17:09:45,042","level":"INFO","node":0,"msg":"Round 10 complete | accuracy=0.8091 | duration=36.70s"}
{"time":"2026-07-23 17:09:45,550","level":"INFO","node":0,"msg":"Starting round 11"}
{"time":"2026-07-23 17:09:45,642","level":"INFO","node":0,"msg":"[FC2 DELTA NORM] node 0 round=10 — fc2 delta norm this round: 0.0540"}
{"time":"2026-07-23 17:09:55,507","level":"INFO","node":0,"msg":"Forwarded to http://127.0.0.1:8001"}
{"time":"2026-07-23 17:10:12,021","level":"INFO","node":0,"msg":"Consensus vote recorded: node 1 decision=False reason=wrong_round round=10 new=True satisfied=True"}
{"time":"2026-07-23 17:10:21,973","level":"INFO","node":0,"msg":"Received update from node 1, round 10"}
{"time":"2026-07-23 17:10:21,973","level":"INFO","node":0,"msg":"Round 11 complete — aggregating"}
{"time":"2026-07-23 17:10:22,056","level":"INFO","node":0,"msg":"[BACKDOOR PROBE] Round 11 clean — worst case flip_rate=1.000 jump=0.164 (feature=1, value=-4.0)"}
{"time":"2026-07-23 17:10:22,072","level":"INFO","node":0,"msg":"Checkpoint saved to C:\Users\mousu\OneDrive\Desktop\Set A\securefedhe\dashboard\model_latest.pt"}
{"time":"2026-07-23 17:10:22,072","level":"INFO","node":0,"msg":"Round 11 complete | accuracy=0.7727 | duration=36.52s"}
{"time":"2026-07-23 17:10:22,588","level":"INFO","node":0,"msg":"Starting round 12"}
{"time":"2026-07-23 17:10:22,626","level":"INFO","node":0,"msg":"[FC2 DELTA NORM] node 0 round=11 — fc2 delta norm this round: 0.0541"}
{"time":"2026-07-23 17:10:32,477","level":"INFO","node":0,"msg":"Forwarded to http://127.0.0.1:8001"}
{"time":"2026-07-23 17:10:49,048","level":"INFO","node":0,"msg":"Consensus vote recorded: node 1 decision=False reason=wrong_round round=11 new=True satisfied=True"}
{"time":"2026-07-23 17:10:58,948","level":"INFO","node":0,"msg":"Received update from node 1, round 11"}
{"time":"2026-07-23 17:10:58,948","level":"INFO","node":0,"msg":"Round 12 complete — aggregating"}
{"time":"2026-07-23 17:10:58,999","level":"INFO","node":0,"msg":"[BACKDOOR PROBE] Round 12 clean — worst case flip_rate=1.000 jump=0.191 (feature=1, value=-4.0)"}
{"time":"2026-07-23 17:10:59,019","level":"INFO","node":0,"msg":"Checkpoint saved to C:\Users\mousu\OneDrive\Desktop\Set A\securefedhe\dashboard\model_latest.pt"}
{"time":"2026-07-23 17:10:59,019","level":"INFO","node":0,"msg":"Round 12 complete | accuracy=0.8182 | duration=36.43s"}
{"time":"2026-07-23 17:10:59,534","level":"INFO","node":0,"msg":"Starting round 13"}
{"time":"2026-07-23 17:10:59,583","level":"INFO","node":0,"msg":"[FC2 DELTA NORM] node 0 round=12 — fc2 delta norm this round: 0.0540"}
{"time":"2026-07-23 17:11:09,624","level":"INFO","node":0,"msg":"Forwarded to http://127.0.0.1:8001"}
{"time":"2026-07-23 17:11:26,149","level":"INFO","node":0,"msg":"Consensus vote recorded: node 1 decision=False reason=wrong_round round=12 new=True satisfied=True"}
{"time":"2026-07-23 17:11:36,115","level":"INFO","node":0,"msg":"Received update from node 1, round 12"}
{"time":"2026-07-23 17:11:36,115","level":"INFO","node":0,"msg":"Round 13 complete — aggregating"}
{"time":"2026-07-23 17:11:36,190","level":"INFO","node":0,"msg":"[BACKDOOR PROBE] Round 13 clean — worst case flip_rate=1.000 jump=0.255 (feature=1, value=-4.0)"}
{"time":"2026-07-23 17:11:36,197","level":"INFO","node":0,"msg":"Checkpoint saved to C:\Users\mousu\OneDrive\Desktop\Set A\securefedhe\dashboard\model_latest.pt"}
{"time":"2026-07-23 17:11:36,199","level":"INFO","node":0,"msg":"Round 13 complete | accuracy=0.8636 | duration=36.67s"}
{"time":"2026-07-23 17:11:36,710","level":"INFO","node":0,"msg":"Starting round 14"}
{"time":"2026-07-23 17:11:36,769","level":"INFO","node":0,"msg":"[FC2 DELTA NORM] node 0 round=13 — fc2 delta norm this round: 0.0520"}
{"time":"2026-07-23 17:11:46,887","level":"INFO","node":0,"msg":"Forwarded to http://127.0.0.1:8001"}
{"time":"2026-07-23 17:12:03,417","level":"INFO","node":0,"msg":"Consensus vote recorded: node 1 decision=False reason=wrong_round round=13 new=True satisfied=True"}
{"time":"2026-07-23 17:12:13,413","level":"INFO","node":0,"msg":"Received update from node 1, round 13"}
{"time":"2026-07-23 17:12:13,413","level":"INFO","node":0,"msg":"Round 14 complete — aggregating"}
{"time":"2026-07-23 17:12:13,475","level":"INFO","node":0,"msg":"[BACKDOOR PROBE] Round 14 clean — worst case flip_rate=1.000 jump=0.245 (feature=1, value=-4.0)"}
{"time":"2026-07-23 17:12:13,475","level":"INFO","node":0,"msg":"Checkpoint saved to C:\Users\mousu\OneDrive\Desktop\Set A\securefedhe\dashboard\model_latest.pt"}
{"time":"2026-07-23 17:12:13,475","level":"INFO","node":0,"msg":"Round 14 complete | accuracy=0.8545 | duration=36.74s"}
{"time":"2026-07-23 17:12:13,990","level":"INFO","node":0,"msg":"Starting round 15"}
{"time":"2026-07-23 17:12:14,029","level":"INFO","node":0,"msg":"[FC2 DELTA NORM] node 0 round=14 — fc2 delta norm this round: 0.0515"}
{"time":"2026-07-23 17:12:24,093","level":"INFO","node":0,"msg":"Forwarded to http://127.0.0.1:8001"}
{"time":"2026-07-23 17:12:40,599","level":"INFO","node":0,"msg":"Consensus vote recorded: node 1 decision=False reason=wrong_round round=14 new=True satisfied=True"}
{"time":"2026-07-23 17:12:50,744","level":"INFO","node":0,"msg":"Received update from node 1, round 14"}
{"time":"2026-07-23 17:12:50,746","level":"INFO","node":0,"msg":"Round 15 complete — aggregating"}
{"time":"2026-07-23 17:12:50,790","level":"INFO","node":0,"msg":"[BACKDOOR PROBE] Round 15 clean — worst case flip_rate=1.000 jump=0.218 (feature=1, value=-4.0)"}
{"time":"2026-07-23 17:12:50,793","level":"INFO","node":0,"msg":"Checkpoint saved to C:\Users\mousu\OneDrive\Desktop\Set A\securefedhe\dashboard\model_latest.pt"}
{"time":"2026-07-23 17:12:50,793","level":"INFO","node":0,"msg":"Round 15 complete | accuracy=0.8273 | duration=36.80s"}
{"time":"2026-07-23 17:12:51,300","level":"INFO","node":0,"msg":"Starting round 16"}
{"time":"2026-07-23 17:12:51,343","level":"INFO","node":0,"msg":"[FC2 DELTA NORM] node 0 round=15 — fc2 delta norm this round: 0.0532"}
{"time":"2026-07-23 17:13:01,526","level":"INFO","node":0,"msg":"Forwarded to http://127.0.0.1:8001"}
{"time":"2026-07-23 17:13:18,331","level":"INFO","node":0,"msg":"Consensus vote recorded: node 1 decision=False reason=wrong_round round=15 new=True satisfied=True"}
{"time":"2026-07-23 17:13:28,616","level":"INFO","node":0,"msg":"Received update from node 1, round 15"}
{"time":"2026-07-23 17:13:28,616","level":"INFO","node":0,"msg":"Round 16 complete — aggregating"}
{"time":"2026-07-23 17:13:28,660","level":"INFO","node":0,"msg":"[BACKDOOR PROBE] Round 16 clean — worst case flip_rate=1.000 jump=0.236 (feature=1, value=-4.0)"}
{"time":"2026-07-23 17:13:28,670","level":"INFO","node":0,"msg":"Checkpoint saved to C:\Users\mousu\OneDrive\Desktop\Set A\securefedhe\dashboard\model_latest.pt"}
{"time":"2026-07-23 17:13:28,670","level":"INFO","node":0,"msg":"Round 16 complete | accuracy=0.8455 | duration=37.37s"}
{"time":"2026-07-23 17:13:29,188","level":"INFO","node":0,"msg":"Starting round 17"}
{"time":"2026-07-23 17:13:29,227","level":"INFO","node":0,"msg":"[FC2 DELTA NORM] node 0 round=16 — fc2 delta norm this round: 0.0526"}
{"time":"2026-07-23 17:13:39,268","level":"INFO","node":0,"msg":"Forwarded to http://127.0.0.1:8001"}
{"time":"2026-07-23 17:13:55,919","level":"INFO","node":0,"msg":"Consensus vote recorded: node 1 decision=False reason=wrong_round round=16 new=True satisfied=True"}
{"time":"2026-07-23 17:14:05,742","level":"INFO","node":0,"msg":"Received update from node 1, round 16"}
{"time":"2026-07-23 17:14:05,742","level":"INFO","node":0,"msg":"Round 17 complete — aggregating"}
{"time":"2026-07-23 17:14:05,783","level":"INFO","node":0,"msg":"[BACKDOOR PROBE] Round 17 clean — worst case flip_rate=1.000 jump=0.236 (feature=1, value=-4.0)"}
{"time":"2026-07-23 17:14:05,787","level":"INFO","node":0,"msg":"Checkpoint saved to C:\Users\mousu\OneDrive\Desktop\Set A\securefedhe\dashboard\model_latest.pt"}
{"time":"2026-07-23 17:14:05,787","level":"INFO","node":0,"msg":"Round 17 complete | accuracy=0.8455 | duration=36.60s"}
{"time":"2026-07-23 17:14:06,302","level":"INFO","node":0,"msg":"Starting round 18"}
{"time":"2026-07-23 17:14:06,340","level":"INFO","node":0,"msg":"[FC2 DELTA NORM] node 0 round=17 — fc2 delta norm this round: 0.0533"}
{"time":"2026-07-23 17:14:06,340","level":"WARNING","node":0,"msg":"ZKP norm violation (clipping applied): slack=-96519, retry=0"}
{"time":"2026-07-23 17:14:16,382","level":"INFO","node":0,"msg":"Forwarded to http://127.0.0.1:8001"}
{"time":"2026-07-23 17:14:32,818","level":"INFO","node":0,"msg":"Consensus vote recorded: node 1 decision=False reason=wrong_round round=17 new=True satisfied=True"}
{"time":"2026-07-23 17:14:42,949","level":"INFO","node":0,"msg":"Received update from node 1, round 17"}
{"time":"2026-07-23 17:14:42,949","level":"INFO","node":0,"msg":"Round 18 complete — aggregating"}
{"time":"2026-07-23 17:14:43,028","level":"INFO","node":0,"msg":"[BACKDOOR PROBE] Round 18 clean — worst case flip_rate=1.000 jump=0.191 (feature=1, value=-4.0)"}
{"time":"2026-07-23 17:14:43,036","level":"INFO","node":0,"msg":"Checkpoint saved to C:\Users\mousu\OneDrive\Desktop\Set A\securefedhe\dashboard\model_latest.pt"}
{"time":"2026-07-23 17:14:43,036","level":"INFO","node":0,"msg":"Round 18 complete | accuracy=0.8182 | duration=36.73s"}
{"time":"2026-07-23 17:14:43,550","level":"INFO","node":0,"msg":"Starting round 19"}
{"time":"2026-07-23 17:14:43,589","level":"INFO","node":0,"msg":"[FC2 DELTA NORM] node 0 round=18 — fc2 delta norm this round: 0.0535"}
{"time":"2026-07-23 17:14:53,451","level":"INFO","node":0,"msg":"Forwarded to http://127.0.0.1:8001"}
{"time":"2026-07-23 17:15:59,229","level":"INFO","node":0,"msg":"Received update from node 3, round 2"}
{"time":"2026-07-23 17:16:14,706","level":"INFO","node":0,"msg":"ZKP ACCEPTED from node 3"}
{"time":"2026-07-23 17:16:15,965","level":"WARNING","node":0,"msg":"No stored proposal for round=2 origin=1 — voting using fallback hash, may not match other peers"}
{"time":"2026-07-23 17:16:15,965","level":"INFO","node":0,"msg":"fc_in col7 delta self-cosine for node 1: -0.6560 (delta_norm=0.2860)"}
{"time":"2026-07-23 17:16:15,965","level":"INFO","node":0,"msg":"Per-class agreement with node 1: class0=0.918 class1=0.952 gap=0.034"}
{"time":"2026-07-23 17:16:15,965","level":"INFO","node":0,"msg":"Per-class rolling gap for node 1: mean=0.034 over last 1 round(s)"}
{"time":"2026-07-23 17:16:15,977","level":"INFO","node":0,"msg":"Trust score for node 1: S=0.766 (Z=1.00 A=0.93 P=0.54 R=0.80) advisory only"}
{"time":"2026-07-23 17:16:16,040","level":"INFO","node":0,"msg":"[FC2 DELTA NORM] node 0 round=2 — fc2 delta norm this round: 0.0490"}
{"time":"2026-07-23 17:16:22,769","level":"INFO","node":0,"msg":"Received update from node 3, round 18"}
{"time":"2026-07-23 17:16:22,801","level":"INFO","node":0,"msg":"Round 19 complete — aggregating"}
{"time":"2026-07-23 17:16:26,550","level":"INFO","node":0,"msg":"Forwarded to http://127.0.0.1:8001"}
{"time":"2026-07-23 17:16:26,605","level":"WARNING","node":0,"msg":"[BACKDOOR PROBE] Round 19 SUSPICIOUS: feature=1 value=5.0 forces class=1 flip_rate=1.000 jump=0.645 (thresholds: flip>0.7, jump>0.3)"}
{"time":"2026-07-23 17:16:26,612","level":"INFO","node":0,"msg":"Checkpoint saved to C:\Users\mousu\OneDrive\Desktop\Set A\securefedhe\dashboard\model_latest.pt"}
{"time":"2026-07-23 17:16:26,614","level":"INFO","node":0,"msg":"Round 19 complete | accuracy=0.8182 | duration=103.06s"}
{"time":"2026-07-23 17:16:27,116","level":"INFO","node":0,"msg":"Starting round 20"}
{"time":"2026-07-23 17:16:27,151","level":"INFO","node":0,"msg":"[FC2 DELTA NORM] node 0 round=19 — fc2 delta norm this round: 0.0513"}
{"time":"2026-07-23 17:16:37,102","level":"INFO","node":0,"msg":"Forwarded to http://127.0.0.1:8001"}
{"time":"2026-07-23 17:17:29,928","level":"INFO","node":0,"msg":"Received update from node 3, round 3"}
{"time":"2026-07-23 17:17:44,951","level":"INFO","node":0,"msg":"ZKP ACCEPTED from node 3"}
{"time":"2026-07-23 17:17:46,107","level":"WARNING","node":0,"msg":"No stored proposal for round=3 origin=1 — voting using fallback hash, may not match other peers"}
{"time":"2026-07-23 17:17:46,107","level":"INFO","node":0,"msg":"fc_in col7 delta self-cosine for node 1: -0.3286 (delta_norm=0.1356)"}
{"time":"2026-07-23 17:17:46,113","level":"INFO","node":0,"msg":"Per-class agreement with node 1: class0=0.888 class1=0.857 gap=0.032"}
{"time":"2026-07-23 17:17:46,115","level":"INFO","node":0,"msg":"Per-class rolling gap for node 1: mean=0.033 over last 2 round(s)"}
{"time":"2026-07-23 17:17:46,117","level":"INFO","node":0,"msg":"Trust score for node 1: S=0.670 (Z=1.00 A=0.88 P=0.32 R=0.80) advisory only"}
{"time":"2026-07-23 17:17:46,169","level":"INFO","node":0,"msg":"[FC2 DELTA NORM] node 0 round=3 — fc2 delta norm this round: 0.0399"}
{"time":"2026-07-23 17:17:56,553","level":"INFO","node":0,"msg":"Received update from node 3, round 19"}
{"time":"2026-07-23 17:17:56,553","level":"INFO","node":0,"msg":"Round 20 complete — aggregating"}
{"time":"2026-07-23 17:17:56,557","level":"INFO","node":0,"msg":"Forwarded to http://127.0.0.1:8001"}
{"time":"2026-07-23 17:17:56,651","level":"WARNING","node":0,"msg":"[BACKDOOR PROBE] Round 20 SUSPICIOUS: feature=1 value=4.0 forces class=1 flip_rate=1.000 jump=0.627 (thresholds: flip>0.7, jump>0.3)"}
{"time":"2026-07-23 17:17:56,662","level":"INFO","node":0,"msg":"Checkpoint saved to C:\Users\mousu\OneDrive\Desktop\Set A\securefedhe\dashboard\model_latest.pt"}
{"time":"2026-07-23 17:17:56,662","level":"INFO","node":0,"msg":"Round 20 complete | accuracy=0.8182 | duration=89.55s"}
{"time":"2026-07-23 17:17:56,662","level":"INFO","node":0,"msg":"Training complete after 20 rounds"}
{"time":"2026-07-23 17:19:01,323","level":"INFO","node":0,"msg":"Received update from node 3, round 4"}
{"time":"2026-07-23 17:19:16,632","level":"INFO","node":0,"msg":"ZKP ACCEPTED from node 3"}
{"time":"2026-07-23 17:19:17,886","level":"WARNING","node":0,"msg":"No stored proposal for round=4 origin=1 — voting using fallback hash, may not match other peers"}
{"time":"2026-07-23 17:19:17,886","level":"INFO","node":0,"msg":"fc_in col7 delta self-cosine for node 1: 0.0700 (delta_norm=0.1242)"}
{"time":"2026-07-23 17:19:17,895","level":"INFO","node":0,"msg":"Per-class agreement with node 1: class0=0.933 class1=0.963 gap=0.030"}
{"time":"2026-07-23 17:19:17,895","level":"INFO","node":0,"msg":"Per-class rolling gap for node 1: mean=0.032 over last 3 round(s)"}
{"time":"2026-07-23 17:19:17,899","level":"INFO","node":0,"msg":"Trust score for node 1: S=0.743 (Z=1.00 A=0.94 P=0.41 R=0.80) advisory only"}
{"time":"2026-07-23 17:19:17,950","level":"INFO","node":0,"msg":"[FC2 DELTA NORM] node 0 round=4 — fc2 delta norm this round: 0.0519"}
{"time":"2026-07-23 17:19:29,402","level":"INFO","node":0,"msg":"Forwarded to http://127.0.0.1:8001"}
{"time":"2026-07-23 17:25:49,600","level":"INFO","node":0,"msg":"Starting node 0: City General Hospital"}
{"time":"2026-07-23 17:25:49,600","level":"INFO","node":0,"msg":"[CONFIG DEBUG] attack_simulation loaded: enabled=True target_node=2 type=gradient_norm config_path=config_dev.json"}
{"time":"2026-07-23 17:25:49,672","level":"WARNING","node":0,"msg":"DEV MODE: running without TLS"}
{"time":"2026-07-23 17:25:49,672","level":"INFO","node":0,"msg":"Listening on 127.0.0.1:8000 | TLS=False"}
{"time":"2026-07-23 17:25:56,439","level":"INFO","node":0,"msg":"Key exchange complete with node 1"}
{"time":"2026-07-23 17:25:56,492","level":"INFO","node":0,"msg":"Consensus pubkey received from node 1"}
{"time":"2026-07-23 17:26:02,224","level":"INFO","node":0,"msg":"Key exchange complete with node 2"}
{"time":"2026-07-23 17:26:02,230","level":"INFO","node":0,"msg":"Consensus pubkey received from node 2"}
{"time":"2026-07-23 17:26:06,104","level":"INFO","node":0,"msg":"Sent public key to node 1"}
{"time":"2026-07-23 17:26:06,120","level":"INFO","node":0,"msg":"Sent public key to node 2"}
{"time":"2026-07-23 17:26:06,136","level":"INFO","node":0,"msg":"Sent public key to node 3"}
{"time":"2026-07-23 17:26:06,146","level":"INFO","node":0,"msg":"Sent consensus pubkey to node 1"}
{"time":"2026-07-23 17:26:06,158","level":"INFO","node":0,"msg":"Sent consensus pubkey to node 2"}
{"time":"2026-07-23 17:26:06,172","level":"INFO","node":0,"msg":"Sent consensus pubkey to node 3"}
{"time":"2026-07-23 17:26:08,749","level":"INFO","node":0,"msg":"Consensus pubkey received from node 3"}
{"time":"2026-07-23 17:26:08,749","level":"INFO","node":0,"msg":"Key exchange complete with node 3"}
{"time":"2026-07-23 17:26:09,208","level":"INFO","node":0,"msg":"This node is round 1's proposer — starting."}
{"time":"2026-07-23 17:26:09,209","level":"INFO","node":0,"msg":"Starting round 1"}
{"time":"2026-07-23 17:26:15,195","level":"INFO","node":0,"msg":"[FC2 DELTA NORM] node 0 round=0 — fc2 delta norm this round: 0.0302"}
{"time":"2026-07-23 17:26:31,452","level":"INFO","node":0,"msg":"Sent proposal to node 1"}
{"time":"2026-07-23 17:26:31,485","level":"INFO","node":0,"msg":"Sent proposal to node 2"}
{"time":"2026-07-23 17:26:31,498","level":"INFO","node":0,"msg":"Sent proposal to node 3"}
{"time":"2026-07-23 17:26:31,517","level":"INFO","node":0,"msg":"Sent consensus vote to node 1"}
{"time":"2026-07-23 17:26:31,517","level":"INFO","node":0,"msg":"Sent consensus vote to node 3"}
{"time":"2026-07-23 17:26:31,517","level":"INFO","node":0,"msg":"Sent consensus vote to node 2"}
{"time":"2026-07-23 17:26:31,520","level":"INFO","node":0,"msg":"Forwarded to http://127.0.0.1:8001"}
{"time":"2026-07-23 17:27:08,610","level":"INFO","node":0,"msg":"Consensus vote recorded: node 1 decision=True reason=zkp_ok round=0 new=True satisfied=False"}
{"time":"2026-07-23 17:28:42,888","level":"INFO","node":0,"msg":"Consensus vote recorded: node 2 decision=True reason=zkp_ok round=0 new=True satisfied=True"}
{"time":"2026-07-23 17:30:19,738","level":"INFO","node":0,"msg":"Consensus vote recorded: node 3 decision=True reason=zkp_ok round=0 new=True satisfied=True"}
{"time":"2026-07-23 17:31:01,597","level":"INFO","node":0,"msg":"Received update from node 3, round 0"}
{"time":"2026-07-23 17:31:01,599","level":"INFO","node":0,"msg":"Round 1 complete — aggregating"}
{"time":"2026-07-23 17:31:01,617","level":"INFO","node":0,"msg":"Round 1 accuracy gate skipped (warm-up period, candidate_acc=0.6818)"}
{"time":"2026-07-23 17:31:01,745","level":"INFO","node":0,"msg":"Commit vote recorded: node 1 decision=True round=0 satisfied=False"}
{"time":"2026-07-23 17:31:01,751","level":"INFO","node":0,"msg":"Broadcast weights to node 1"}
{"time":"2026-07-23 17:31:01,821","level":"INFO","node":0,"msg":"Commit vote recorded: node 2 decision=True round=0 satisfied=True"}
{"time":"2026-07-23 17:31:01,821","level":"INFO","node":0,"msg":"Round 1 COMMITTED — model hash agreed by [0, 1, 2]"}
{"time":"2026-07-23 17:31:01,830","level":"INFO","node":0,"msg":"Commit certificate saved to C:\Users\mousu\OneDrive\Desktop\Set A\securefedhe\dashboard\certificates\round_0.json"}
{"time":"2026-07-23 17:31:01,838","level":"INFO","node":0,"msg":"Broadcast weights to node 2"}
{"time":"2026-07-23 17:31:01,917","level":"INFO","node":0,"msg":"Commit vote recorded: node 3 decision=True round=0 satisfied=True"}
{"time":"2026-07-23 17:31:01,927","level":"INFO","node":0,"msg":"Broadcast weights to node 3"}
{"time":"2026-07-23 17:31:01,985","level":"INFO","node":0,"msg":"Checkpoint saved to C:\Users\mousu\OneDrive\Desktop\Set A\securefedhe\dashboard\model_latest.pt"}
{"time":"2026-07-23 17:31:01,993","level":"INFO","node":0,"msg":"Round 1 complete | accuracy=0.6818 | duration=292.78s"}
{"time":"2026-07-23 17:31:01,993","level":"INFO","node":0,"msg":"Round 2 belongs to node 1 — waiting for their proposal."}
{"time":"2026-07-23 17:31:02,016","level":"INFO","node":0,"msg":"Notified next proposer to node 1"}
{"time":"2026-07-23 17:31:02,024","level":"INFO","node":0,"msg":"[WATCHDOG SPAWNED] round=1 expected_proposer=1 timeout_s=600 spawned_at=17:31:02"}
{"time":"2026-07-23 17:31:38,764","level":"INFO","node":0,"msg":"Proposal received: round=1 origin=1 hash=7a77e0098d68..."}
{"time":"2026-07-23 17:31:38,832","level":"INFO","node":0,"msg":"Consensus vote recorded: node 1 decision=True reason=zkp_ok round=1 new=True satisfied=False"}
{"time":"2026-07-23 17:33:51,535","level":"INFO","node":0,"msg":"Starting node 0: City General Hospital"}
{"time":"2026-07-23 17:33:51,535","level":"INFO","node":0,"msg":"[CONFIG DEBUG] attack_simulation loaded: enabled=True target_node=2 type=gradient_norm config_path=config_dev.json"}
{"time":"2026-07-23 17:33:51,599","level":"WARNING","node":0,"msg":"DEV MODE: running without TLS"}
{"time":"2026-07-23 17:33:51,599","level":"INFO","node":0,"msg":"Listening on 127.0.0.1:8000 | TLS=False"}
{"time":"2026-07-23 17:33:58,562","level":"INFO","node":0,"msg":"Consensus pubkey received from node 1"}
{"time":"2026-07-23 17:33:58,562","level":"INFO","node":0,"msg":"Key exchange complete with node 1"}
{"time":"2026-07-23 17:34:00,379","level":"INFO","node":0,"msg":"Key exchange complete with node 2"}
{"time":"2026-07-23 17:34:00,379","level":"INFO","node":0,"msg":"Consensus pubkey received from node 2"}
{"time":"2026-07-23 17:34:02,164","level":"INFO","node":0,"msg":"Key exchange complete with node 3"}
{"time":"2026-07-23 17:34:02,164","level":"INFO","node":0,"msg":"Consensus pubkey received from node 3"}
{"time":"2026-07-23 17:34:08,555","level":"INFO","node":0,"msg":"Sent public key to node 1"}
{"time":"2026-07-23 17:34:08,559","level":"INFO","node":0,"msg":"Sent public key to node 2"}
{"time":"2026-07-23 17:34:08,576","level":"INFO","node":0,"msg":"Sent public key to node 3"}
{"time":"2026-07-23 17:34:08,588","level":"INFO","node":0,"msg":"Sent consensus pubkey to node 1"}
{"time":"2026-07-23 17:34:08,597","level":"INFO","node":0,"msg":"Sent consensus pubkey to node 2"}
{"time":"2026-07-23 17:34:08,608","level":"INFO","node":0,"msg":"Sent consensus pubkey to node 3"}
{"time":"2026-07-23 17:34:08,610","level":"INFO","node":0,"msg":"This node is round 1's proposer — starting."}
{"time":"2026-07-23 17:34:08,610","level":"INFO","node":0,"msg":"Starting round 1"}
{"time":"2026-07-23 17:34:10,485","level":"INFO","node":0,"msg":"[FC2 DELTA NORM] node 0 round=0 — fc2 delta norm this round: 0.0386"}
{"time":"2026-07-23 17:34:10,489","level":"WARNING","node":0,"msg":"ZKP norm violation (clipping applied): slack=-202880, retry=0"}
{"time":"2026-07-23 17:34:19,446","level":"INFO","node":0,"msg":"[TIMING] node 0 round=0 ZKP proof generation took 8.95s"}
{"time":"2026-07-23 17:34:19,446","level":"INFO","node":0,"msg":"[TIMING] node 0 round=0 HE encryption took 0.00s"}
{"time":"2026-07-23 17:34:19,480","level":"INFO","node":0,"msg":"Sent proposal to node 1"}
{"time":"2026-07-23 17:34:19,503","level":"INFO","node":0,"msg":"Sent proposal to node 2"}
{"time":"2026-07-23 17:34:19,519","level":"INFO","node":0,"msg":"Sent proposal to node 3"}
{"time":"2026-07-23 17:34:19,532","level":"INFO","node":0,"msg":"Sent consensus vote to node 1"}
{"time":"2026-07-23 17:34:19,539","level":"INFO","node":0,"msg":"Sent consensus vote to node 2"}
{"time":"2026-07-23 17:34:19,539","level":"INFO","node":0,"msg":"Sent consensus vote to node 3"}
{"time":"2026-07-23 17:34:19,550","level":"INFO","node":0,"msg":"Forwarded to http://127.0.0.1:8001"}
{"time":"2026-07-23 17:34:34,396","level":"INFO","node":0,"msg":"Consensus vote recorded: node 1 decision=True reason=zkp_ok round=0 new=True satisfied=False"}
{"time":"2026-07-23 17:35:00,305","level":"INFO","node":0,"msg":"Consensus vote recorded: node 2 decision=True reason=zkp_ok round=0 new=True satisfied=True"}
{"time":"2026-07-23 17:35:26,020","level":"INFO","node":0,"msg":"Consensus vote recorded: node 3 decision=True reason=zkp_ok round=0 new=True satisfied=True"}
{"time":"2026-07-23 17:35:37,109","level":"INFO","node":0,"msg":"Received update from node 3, round 0"}
{"time":"2026-07-23 17:35:37,109","level":"INFO","node":0,"msg":"Round 1 complete — aggregating"}
{"time":"2026-07-23 17:35:37,118","level":"INFO","node":0,"msg":"Round 1 accuracy gate skipped (warm-up period, candidate_acc=0.6818)"}
{"time":"2026-07-23 17:35:37,149","level":"INFO","node":0,"msg":"Commit vote recorded: node 1 decision=True round=0 satisfied=False"}
{"time":"2026-07-23 17:35:37,152","level":"INFO","node":0,"msg":"Broadcast weights to node 1"}
{"time":"2026-07-23 17:35:37,187","level":"INFO","node":0,"msg":"Commit vote recorded: node 2 decision=True round=0 satisfied=True"}
{"time":"2026-07-23 17:35:37,187","level":"INFO","node":0,"msg":"Round 1 COMMITTED — model hash agreed by [0, 1, 2]"}
{"time":"2026-07-23 17:35:37,189","level":"INFO","node":0,"msg":"Commit certificate saved to C:\Users\mousu\OneDrive\Desktop\Set A\securefedhe\dashboard\certificates\round_0.json"}
{"time":"2026-07-23 17:35:37,196","level":"INFO","node":0,"msg":"Broadcast weights to node 2"}
{"time":"2026-07-23 17:35:37,249","level":"INFO","node":0,"msg":"Commit vote recorded: node 3 decision=True round=0 satisfied=True"}
{"time":"2026-07-23 17:35:37,253","level":"INFO","node":0,"msg":"Broadcast weights to node 3"}
{"time":"2026-07-23 17:35:37,330","level":"INFO","node":0,"msg":"Checkpoint saved to C:\Users\mousu\OneDrive\Desktop\Set A\securefedhe\dashboard\model_latest.pt"}
{"time":"2026-07-23 17:35:37,330","level":"INFO","node":0,"msg":"Round 1 complete | accuracy=0.6818 | duration=88.72s"}
{"time":"2026-07-23 17:35:37,332","level":"INFO","node":0,"msg":"Round 2 belongs to node 1 — waiting for their proposal."}
{"time":"2026-07-23 17:35:37,337","level":"INFO","node":0,"msg":"Notified next proposer to node 1"}
{"time":"2026-07-23 17:35:37,339","level":"INFO","node":0,"msg":"[WATCHDOG SPAWNED] round=1 expected_proposer=1 timeout_s=600 spawned_at=17:35:37"}
{"time":"2026-07-23 17:35:46,940","level":"INFO","node":0,"msg":"Proposal received: round=1 origin=1 hash=da0698878166..."}
{"time":"2026-07-23 17:35:47,005","level":"INFO","node":0,"msg":"Consensus vote recorded: node 1 decision=True reason=zkp_ok round=1 new=True satisfied=False"}
{"time":"2026-07-23 17:36:35,424","level":"INFO","node":0,"msg":"Received update from node 3, round 1"}
{"time":"2026-07-23 17:36:51,108","level":"INFO","node":0,"msg":"ZKP ACCEPTED from node 3"}
{"time":"2026-07-23 17:36:51,131","level":"INFO","node":0,"msg":"Trust score for node 1: S=0.429 (Z=1.00 A=0.50 P=0.50 R=1.00) advisory only"}
{"time":"2026-07-23 17:36:51,135","level":"WARNING","node":0,"msg":"Sent consensus vote to node 1 FAILED (hard timeout or exception) — consecutive failure streak 1/3 over 0.0s"}
{"time":"2026-07-23 17:36:51,135","level":"WARNING","node":0,"msg":"Sent consensus vote to node 2 FAILED (hard timeout or exception) — consecutive failure streak 1/3 over 0.0s"}
{"time":"2026-07-23 17:36:51,137","level":"WARNING","node":0,"msg":"Sent consensus vote to node 3 FAILED (hard timeout or exception) — consecutive failure streak 1/3 over 0.0s"}
{"time":"2026-07-23 17:36:51,165","level":"INFO","node":0,"msg":"[FC2 DELTA NORM] node 0 round=1 — fc2 delta norm this round: 0.0422"}
{"time":"2026-07-23 17:37:00,342","level":"INFO","node":0,"msg":"[TIMING] node 0 round=1 ZKP proof generation (voter) took 9.16s"}
{"time":"2026-07-23 17:37:00,342","level":"INFO","node":0,"msg":"[TIMING] node 0 round=1 HE encryption (voter) took 0.00s"}
{"time":"2026-07-23 17:37:00,363","level":"INFO","node":0,"msg":"Forwarded to http://127.0.0.1:8001"}
{"time":"2026-07-23 17:37:10,622","level":"INFO","node":0,"msg":"Proposal for round=1 origin=1 changed hash after 83.68s — treating as a legitimate round retry, not equivocation."}
{"time":"2026-07-23 17:37:10,623","level":"INFO","node":0,"msg":"Proposal received: round=1 origin=1 hash=27d342fd0eec..."}
{"time":"2026-07-23 17:37:10,684","level":"INFO","node":0,"msg":"Consensus vote recorded: node 1 decision=True reason=zkp_ok round=1 new=True satisfied=False"}
{"time":"2026-07-23 17:37:59,753","level":"INFO","node":0,"msg":"Received update from node 3, round 1"}
{"time":"2026-07-23 17:38:14,673","level":"INFO","node":0,"msg":"ZKP ACCEPTED from node 3"}
{"time":"2026-07-23 17:38:14,695","level":"INFO","node":0,"msg":"Trust score for node 1: S=0.000 (Z=1.00 A=0.00 P=0.50 R=1.00) advisory only"}
{"time":"2026-07-23 17:38:14,700","level":"WARNING","node":0,"msg":"Sent consensus vote to node 1 FAILED (hard timeout or exception) — consecutive failure streak 2/3 over 83.6s"}
{"time":"2026-07-23 17:38:14,702","level":"WARNING","node":0,"msg":"Sent consensus vote to node 2 FAILED (hard timeout or exception) — consecutive failure streak 2/3 over 83.6s"}
{"time":"2026-07-23 17:38:14,702","level":"WARNING","node":0,"msg":"Sent consensus vote to node 3 FAILED (hard timeout or exception) — consecutive failure streak 2/3 over 83.6s"}
{"time":"2026-07-23 17:38:14,732","level":"INFO","node":0,"msg":"[FC2 DELTA NORM] node 0 round=1 — fc2 delta norm this round: 0.0399"}
{"time":"2026-07-23 17:38:24,000","level":"INFO","node":0,"msg":"[TIMING] node 0 round=1 ZKP proof generation (voter) took 9.26s"}
{"time":"2026-07-23 17:38:24,000","level":"INFO","node":0,"msg":"[TIMING] node 0 round=1 HE encryption (voter) took 0.00s"}
{"time":"2026-07-23 17:38:24,018","level":"INFO","node":0,"msg":"Forwarded to http://127.0.0.1:8001"}
{"time":"2026-07-23 17:38:34,125","level":"INFO","node":0,"msg":"Proposal for round=1 origin=1 changed hash after 83.50s — treating as a legitimate round retry, not equivocation."}
{"time":"2026-07-23 17:38:34,126","level":"INFO","node":0,"msg":"Proposal received: round=1 origin=1 hash=67c2bb6c16eb..."}
{"time":"2026-07-23 17:38:34,175","level":"INFO","node":0,"msg":"Consensus vote recorded: node 1 decision=True reason=zkp_ok round=1 new=True satisfied=False"}
{"time":"2026-07-23 17:38:49,271","level":"INFO","node":0,"msg":"Consensus vote recorded: node 2 decision=True reason=zkp_ok round=1 new=True satisfied=False"}
{"time":"2026-07-23 17:39:13,741","level":"INFO","node":0,"msg":"Consensus vote recorded: node 3 decision=True reason=zkp_ok round=1 new=True satisfied=True"}
{"time":"2026-07-23 17:39:22,996","level":"INFO","node":0,"msg":"Received update from node 3, round 1"}
{"time":"2026-07-23 17:39:38,105","level":"INFO","node":0,"msg":"ZKP ACCEPTED from node 3"}
{"time":"2026-07-23 17:39:38,105","level":"INFO","node":0,"msg":"fc_in col7 delta self-cosine for node 1: -0.2462 (delta_norm=0.1297)"}
{"time":"2026-07-23 17:39:38,115","level":"INFO","node":0,"msg":"Trust score for node 1: S=0.000 (Z=1.00 A=0.00 P=0.50 R=1.00) advisory only"}
{"time":"2026-07-23 17:39:38,119","level":"WARNING","node":0,"msg":"Sent consensus vote to node 1 FAILED (hard timeout or exception) — consecutive failure streak 3/3 over 167.0s"}
{"time":"2026-07-23 17:39:38,119","level":"WARNING","node":0,"msg":"Sent consensus vote to node 2 FAILED (hard timeout or exception) — consecutive failure streak 3/3 over 167.0s"}
{"time":"2026-07-23 17:39:38,119","level":"WARNING","node":0,"msg":"Sent consensus vote to node 3 FAILED (hard timeout or exception) — consecutive failure streak 3/3 over 167.0s"}
{"time":"2026-07-23 17:39:38,119","level":"ERROR","node":0,"msg":"Node 1 EXCLUDED from proposing and quorum. Quorum requirement adjusted to 3 of 3 remaining trusted nodes."}
{"time":"2026-07-23 17:39:38,124","level":"ERROR","node":0,"msg":"Node 2 EXCLUDED from proposing and quorum. Quorum requirement adjusted to 2 of 2 remaining trusted nodes."}
{"time":"2026-07-23 17:39:38,125","level":"ERROR","node":0,"msg":"Node 3 EXCLUDED from proposing and quorum. Quorum requirement adjusted to 1 of 1 remaining trusted nodes."}
{"time":"2026-07-23 17:39:38,140","level":"INFO","node":0,"msg":"Sent exclusion notice for node 3 to node 1"}
{"time":"2026-07-23 17:39:38,140","level":"INFO","node":0,"msg":"Sent exclusion notice for node 1 to node 2"}
{"time":"2026-07-23 17:39:38,145","level":"INFO","node":0,"msg":"Sent exclusion notice for node 3 to node 2"}
{"time":"2026-07-23 17:39:38,153","level":"INFO","node":0,"msg":"Sent exclusion notice for node 1 to node 3"}
{"time":"2026-07-23 17:39:38,158","level":"INFO","node":0,"msg":"Sent exclusion notice for node 2 to node 1"}
{"time":"2026-07-23 17:39:38,163","level":"INFO","node":0,"msg":"Sent exclusion notice for node 2 to node 3"}
{"time":"2026-07-23 17:39:38,203","level":"INFO","node":0,"msg":"[FC2 DELTA NORM] node 0 round=1 — fc2 delta norm this round: 0.0398"}
{"time":"2026-07-23 17:39:47,248","level":"INFO","node":0,"msg":"[TIMING] node 0 round=1 ZKP proof generation (voter) took 9.02s"}
{"time":"2026-07-23 17:39:47,248","level":"INFO","node":0,"msg":"[TIMING] node 0 round=1 HE encryption (voter) took 0.00s"}
{"time":"2026-07-23 17:39:47,264","level":"INFO","node":0,"msg":"Forwarded to http://127.0.0.1:8001"}
{"time":"2026-07-23 17:39:57,402","level":"INFO","node":0,"msg":"Proposal for round=1 origin=1 changed hash after 83.28s — treating as a legitimate round retry, not equivocation."}
{"time":"2026-07-23 17:39:57,402","level":"INFO","node":0,"msg":"Proposal received: round=1 origin=1 hash=92490328a115..."}
{"time":"2026-07-23 17:39:57,406","level":"INFO","node":0,"msg":"Consensus vote recorded: node 1 decision=True reason=zkp_ok round=1 new=True satisfied=True"}
{"time":"2026-07-23 17:39:57,415","level":"INFO","node":0,"msg":"Received update from node 1, round 1"}
{"time":"2026-07-23 17:40:12,283","level":"INFO","node":0,"msg":"ZKP ACCEPTED from node 1"}
{"time":"2026-07-23 17:40:12,283","level":"INFO","node":0,"msg":"fc_in col7 delta self-cosine for node 1: 0.0720 (delta_norm=0.2511)"}
{"time":"2026-07-23 17:40:12,291","level":"INFO","node":0,"msg":"Trust score for node 1: S=0.000 (Z=1.00 A=0.00 P=0.72 R=1.00) advisory only"}
{"time":"2026-07-23 17:40:12,313","level":"INFO","node":0,"msg":"[FC2 DELTA NORM] node 0 round=1 — fc2 delta norm this round: 0.0400"}
{"time":"2026-07-23 17:40:21,449","level":"INFO","node":0,"msg":"[TIMING] node 0 round=1 ZKP proof generation (voter) took 9.12s"}
{"time":"2026-07-23 17:40:21,451","level":"INFO","node":0,"msg":"[TIMING] node 0 round=1 HE encryption (voter) took 0.00s"}
{"time":"2026-07-23 17:40:21,472","level":"INFO","node":0,"msg":"Forwarded to http://127.0.0.1:8001"}
{"time":"2026-07-23 17:40:21,491","level":"INFO","node":0,"msg":"Round 2 skip acknowledged — advancing to round 3"}
{"time":"2026-07-23 17:40:21,491","level":"WARNING","node":0,"msg":"[SKIP STRIKE] round 2 skipped, proposer=1, reason=quorum_failure — recording independent strike"}
{"time":"2026-07-23 17:40:21,501","level":"INFO","node":0,"msg":"My turn — starting round 3 as proposer."}
{"time":"2026-07-23 17:40:21,503","level":"INFO","node":0,"msg":"Starting round 3"}
{"time":"2026-07-23 17:40:21,577","level":"INFO","node":0,"msg":"[FC2 DELTA NORM] node 0 round=2 — fc2 delta norm this round: 0.0458"}
{"time":"2026-07-23 17:40:30,786","level":"INFO","node":0,"msg":"[TIMING] node 0 round=2 ZKP proof generation took 9.20s"}
{"time":"2026-07-23 17:40:30,786","level":"INFO","node":0,"msg":"[TIMING] node 0 round=2 HE encryption took 0.00s"}
{"time":"2026-07-23 17:40:30,805","level":"INFO","node":0,"msg":"Forwarded to http://127.0.0.1:8001"}
{"time":"2026-07-23 17:40:47,302","level":"INFO","node":0,"msg":"Consensus vote recorded: node 1 decision=True reason=zkp_ok round=2 new=True satisfied=True"}
{"time":"2026-07-23 17:40:56,949","level":"INFO","node":0,"msg":"Received update from node 1, round 2"}
{"time":"2026-07-23 17:40:56,949","level":"INFO","node":0,"msg":"Round 3 complete — aggregating"}
{"time":"2026-07-23 17:40:56,957","level":"INFO","node":0,"msg":"Round 3 accuracy gate skipped (warm-up period, candidate_acc=0.8273)"}
{"time":"2026-07-23 17:40:56,965","level":"INFO","node":0,"msg":"Checkpoint saved to C:\Users\mousu\OneDrive\Desktop\Set A\securefedhe\dashboard\model_latest.pt"}
{"time":"2026-07-23 17:40:56,965","level":"INFO","node":0,"msg":"Round 3 complete | accuracy=0.8273 | duration=35.46s"}
{"time":"2026-07-23 17:40:57,473","level":"INFO","node":0,"msg":"Starting round 4"}
{"time":"2026-07-23 17:40:57,529","level":"INFO","node":0,"msg":"[FC2 DELTA NORM] node 0 round=3 — fc2 delta norm this round: 0.0509"}
{"time":"2026-07-23 17:41:07,034","level":"INFO","node":0,"msg":"[TIMING] node 0 round=3 ZKP proof generation took 9.49s"}
{"time":"2026-07-23 17:41:07,034","level":"INFO","node":0,"msg":"[TIMING] node 0 round=3 HE encryption took 0.00s"}
{"time":"2026-07-23 17:41:07,062","level":"INFO","node":0,"msg":"Forwarded to http://127.0.0.1:8001"}
{"time":"2026-07-23 17:41:23,347","level":"INFO","node":0,"msg":"Consensus vote recorded: node 1 decision=False reason=wrong_round round=3 new=True satisfied=True"}
{"time":"2026-07-23 17:41:33,075","level":"INFO","node":0,"msg":"Received update from node 1, round 3"}
{"time":"2026-07-23 17:41:33,075","level":"INFO","node":0,"msg":"Round 4 complete — aggregating"}
{"time":"2026-07-23 17:41:33,081","level":"INFO","node":0,"msg":"Round 4 accuracy gate skipped (warm-up period, candidate_acc=0.8182)"}
{"time":"2026-07-23 17:41:33,100","level":"INFO","node":0,"msg":"Checkpoint saved to C:\Users\mousu\OneDrive\Desktop\Set A\securefedhe\dashboard\model_latest.pt"}
{"time":"2026-07-23 17:41:33,101","level":"INFO","node":0,"msg":"Round 4 complete | accuracy=0.8182 | duration=35.61s"}
{"time":"2026-07-23 17:41:33,606","level":"INFO","node":0,"msg":"Starting round 5"}
{"time":"2026-07-23 17:41:33,647","level":"INFO","node":0,"msg":"[FC2 DELTA NORM] node 0 round=4 — fc2 delta norm this round: 0.0522"}
{"time":"2026-07-23 17:41:43,154","level":"INFO","node":0,"msg":"[TIMING] node 0 round=4 ZKP proof generation took 9.49s"}
{"time":"2026-07-23 17:41:43,154","level":"INFO","node":0,"msg":"[TIMING] node 0 round=4 HE encryption took 0.00s"}
{"time":"2026-07-23 17:41:43,172","level":"INFO","node":0,"msg":"Forwarded to http://127.0.0.1:8001"}
{"time":"2026-07-23 17:41:59,595","level":"INFO","node":0,"msg":"Consensus vote recorded: node 1 decision=False reason=wrong_round round=4 new=True satisfied=True"}
{"time":"2026-07-23 17:42:09,623","level":"INFO","node":0,"msg":"Received update from node 1, round 4"}
{"time":"2026-07-23 17:42:09,623","level":"INFO","node":0,"msg":"Round 5 complete — aggregating"}
{"time":"2026-07-23 17:42:09,630","level":"INFO","node":0,"msg":"Round 5 accuracy gate skipped (warm-up period, candidate_acc=0.8091)"}
{"time":"2026-07-23 17:42:09,644","level":"INFO","node":0,"msg":"Checkpoint saved to C:\Users\mousu\OneDrive\Desktop\Set A\securefedhe\dashboard\model_latest.pt"}
{"time":"2026-07-23 17:42:09,644","level":"INFO","node":0,"msg":"Round 5 complete | accuracy=0.8091 | duration=36.04s"}
{"time":"2026-07-23 17:42:10,149","level":"INFO","node":0,"msg":"Starting round 6"}
{"time":"2026-07-23 17:42:10,220","level":"INFO","node":0,"msg":"[FC2 DELTA NORM] node 0 round=5 — fc2 delta norm this round: 0.0527"}
{"time":"2026-07-23 17:42:19,828","level":"INFO","node":0,"msg":"[TIMING] node 0 round=5 ZKP proof generation took 9.60s"}
{"time":"2026-07-23 17:42:19,828","level":"INFO","node":0,"msg":"[TIMING] node 0 round=5 HE encryption took 0.00s"}
{"time":"2026-07-23 17:42:19,865","level":"INFO","node":0,"msg":"Forwarded to http://127.0.0.1:8001"}
{"time":"2026-07-23 17:42:35,908","level":"INFO","node":0,"msg":"Consensus vote recorded: node 1 decision=False reason=wrong_round round=5 new=True satisfied=True"}
{"time":"2026-07-23 17:42:45,582","level":"INFO","node":0,"msg":"Received update from node 1, round 5"}
{"time":"2026-07-23 17:42:45,588","level":"INFO","node":0,"msg":"Round 6 complete — aggregating"}
{"time":"2026-07-23 17:42:45,656","level":"INFO","node":0,"msg":"[BACKDOOR PROBE] Round 6 clean — worst case flip_rate=1.000 jump=0.200 (feature=1, value=-4.0)"}
{"time":"2026-07-23 17:42:45,663","level":"INFO","node":0,"msg":"Checkpoint saved to C:\Users\mousu\OneDrive\Desktop\Set A\securefedhe\dashboard\model_latest.pt"}
{"time":"2026-07-23 17:42:45,663","level":"INFO","node":0,"msg":"Round 6 complete | accuracy=0.8091 | duration=35.51s"}
{"time":"2026-07-23 17:42:46,178","level":"INFO","node":0,"msg":"Starting round 7"}
{"time":"2026-07-23 17:42:46,227","level":"INFO","node":0,"msg":"[FC2 DELTA NORM] node 0 round=6 — fc2 delta norm this round: 0.0479"}
{"time":"2026-07-23 17:42:56,646","level":"INFO","node":0,"msg":"[TIMING] node 0 round=6 ZKP proof generation took 10.40s"}
{"time":"2026-07-23 17:42:56,646","level":"INFO","node":0,"msg":"[TIMING] node 0 round=6 HE encryption took 0.00s"}
{"time":"2026-07-23 17:42:56,664","level":"INFO","node":0,"msg":"Forwarded to http://127.0.0.1:8001"}
{"time":"2026-07-23 17:43:13,082","level":"INFO","node":0,"msg":"Consensus vote recorded: node 1 decision=False reason=wrong_round round=6 new=True satisfied=True"}
{"time":"2026-07-23 17:43:22,860","level":"INFO","node":0,"msg":"Received update from node 1, round 6"}
{"time":"2026-07-23 17:43:22,861","level":"INFO","node":0,"msg":"Round 7 complete — aggregating"}
{"time":"2026-07-23 17:43:22,939","level":"INFO","node":0,"msg":"[BACKDOOR PROBE] Round 7 clean — worst case flip_rate=1.000 jump=0.255 (feature=1, value=-4.0)"}
{"time":"2026-07-23 17:43:22,956","level":"INFO","node":0,"msg":"Checkpoint saved to C:\Users\mousu\OneDrive\Desktop\Set A\securefedhe\dashboard\model_latest.pt"}
{"time":"2026-07-23 17:43:22,956","level":"INFO","node":0,"msg":"Round 7 complete | accuracy=0.8636 | duration=36.78s"}
{"time":"2026-07-23 17:43:23,461","level":"INFO","node":0,"msg":"Starting round 8"}
{"time":"2026-07-23 17:43:23,525","level":"INFO","node":0,"msg":"[FC2 DELTA NORM] node 0 round=7 — fc2 delta norm this round: 0.0527"}
{"time":"2026-07-23 17:43:33,048","level":"INFO","node":0,"msg":"[TIMING] node 0 round=7 ZKP proof generation took 9.52s"}
{"time":"2026-07-23 17:43:33,048","level":"INFO","node":0,"msg":"[TIMING] node 0 round=7 HE encryption took 0.00s"}
{"time":"2026-07-23 17:43:33,066","level":"INFO","node":0,"msg":"Forwarded to http://127.0.0.1:8001"}
{"time":"2026-07-23 17:43:49,432","level":"INFO","node":0,"msg":"Consensus vote recorded: node 1 decision=False reason=wrong_round round=7 new=True satisfied=True"}
{"time":"2026-07-23 17:43:58,893","level":"INFO","node":0,"msg":"Received update from node 1, round 7"}
{"time":"2026-07-23 17:43:58,895","level":"INFO","node":0,"msg":"Round 8 complete — aggregating"}
{"time":"2026-07-23 17:43:58,942","level":"INFO","node":0,"msg":"[BACKDOOR PROBE] Round 8 clean — worst case flip_rate=1.000 jump=0.236 (feature=1, value=-4.0)"}
{"time":"2026-07-23 17:43:58,950","level":"INFO","node":0,"msg":"Checkpoint saved to C:\Users\mousu\OneDrive\Desktop\Set A\securefedhe\dashboard\model_latest.pt"}
{"time":"2026-07-23 17:43:58,950","level":"INFO","node":0,"msg":"Round 8 complete | accuracy=0.8455 | duration=35.49s"}
{"time":"2026-07-23 17:43:59,461","level":"INFO","node":0,"msg":"Starting round 9"}
{"time":"2026-07-23 17:43:59,497","level":"INFO","node":0,"msg":"[FC2 DELTA NORM] node 0 round=8 — fc2 delta norm this round: 0.0509"}
{"time":"2026-07-23 17:44:08,914","level":"INFO","node":0,"msg":"[TIMING] node 0 round=8 ZKP proof generation took 9.38s"}
{"time":"2026-07-23 17:44:08,914","level":"INFO","node":0,"msg":"[TIMING] node 0 round=8 HE encryption took 0.00s"}
{"time":"2026-07-23 17:44:08,914","level":"INFO","node":0,"msg":"Forwarded to http://127.0.0.1:8001"}
{"time":"2026-07-23 17:44:25,155","level":"INFO","node":0,"msg":"Consensus vote recorded: node 1 decision=False reason=wrong_round round=8 new=True satisfied=True"}
{"time":"2026-07-23 17:44:34,624","level":"INFO","node":0,"msg":"Received update from node 1, round 8"}
{"time":"2026-07-23 17:44:34,624","level":"INFO","node":0,"msg":"Round 9 complete — aggregating"}
{"time":"2026-07-23 17:44:34,682","level":"INFO","node":0,"msg":"[BACKDOOR PROBE] Round 9 clean — worst case flip_rate=1.000 jump=0.227 (feature=1, value=-4.0)"}
{"time":"2026-07-23 17:44:34,689","level":"INFO","node":0,"msg":"Checkpoint saved to C:\Users\mousu\OneDrive\Desktop\Set A\securefedhe\dashboard\model_latest.pt"}
{"time":"2026-07-23 17:44:34,689","level":"INFO","node":0,"msg":"Round 9 complete | accuracy=0.8364 | duration=35.23s"}
{"time":"2026-07-23 17:44:35,192","level":"INFO","node":0,"msg":"Starting round 10"}
{"time":"2026-07-23 17:44:35,243","level":"INFO","node":0,"msg":"[FC2 DELTA NORM] node 0 round=9 — fc2 delta norm this round: 0.0530"}
{"time":"2026-07-23 17:44:44,808","level":"INFO","node":0,"msg":"[TIMING] node 0 round=9 ZKP proof generation took 9.55s"}
{"time":"2026-07-23 17:44:44,808","level":"INFO","node":0,"msg":"[TIMING] node 0 round=9 HE encryption took 0.00s"}
{"time":"2026-07-23 17:44:44,820","level":"INFO","node":0,"msg":"Forwarded to http://127.0.0.1:8001"}
{"time":"2026-07-23 17:45:01,085","level":"INFO","node":0,"msg":"Consensus vote recorded: node 1 decision=False reason=wrong_round round=9 new=True satisfied=True"}
{"time":"2026-07-23 17:45:10,818","level":"INFO","node":0,"msg":"Received update from node 1, round 9"}
{"time":"2026-07-23 17:45:10,818","level":"INFO","node":0,"msg":"Round 10 complete — aggregating"}
{"time":"2026-07-23 17:45:10,880","level":"INFO","node":0,"msg":"[BACKDOOR PROBE] Round 10 clean — worst case flip_rate=1.000 jump=0.191 (feature=1, value=-4.0)"}
{"time":"2026-07-23 17:45:10,888","level":"INFO","node":0,"msg":"Checkpoint saved to C:\Users\mousu\OneDrive\Desktop\Set A\securefedhe\dashboard\model_latest.pt"}
{"time":"2026-07-23 17:45:10,888","level":"INFO","node":0,"msg":"Round 10 complete | accuracy=0.8000 | duration=35.70s"}
{"time":"2026-07-23 17:45:11,399","level":"INFO","node":0,"msg":"Starting round 11"}
{"time":"2026-07-23 17:45:11,443","level":"INFO","node":0,"msg":"[FC2 DELTA NORM] node 0 round=10 — fc2 delta norm this round: 0.0517"}
{"time":"2026-07-23 17:45:20,882","level":"INFO","node":0,"msg":"[TIMING] node 0 round=10 ZKP proof generation took 9.40s"}
{"time":"2026-07-23 17:45:20,898","level":"INFO","node":0,"msg":"[TIMING] node 0 round=10 HE encryption took 0.02s"}
{"time":"2026-07-23 17:45:20,902","level":"INFO","node":0,"msg":"Forwarded to http://127.0.0.1:8001"}
{"time":"2026-07-23 17:45:37,006","level":"INFO","node":0,"msg":"Consensus vote recorded: node 1 decision=False reason=wrong_round round=10 new=True satisfied=True"}
{"time":"2026-07-23 17:45:46,638","level":"INFO","node":0,"msg":"Received update from node 1, round 10"}
{"time":"2026-07-23 17:45:46,638","level":"INFO","node":0,"msg":"Round 11 complete — aggregating"}
{"time":"2026-07-23 17:45:46,681","level":"INFO","node":0,"msg":"[BACKDOOR PROBE] Round 11 clean — worst case flip_rate=1.000 jump=0.209 (feature=1, value=-4.0)"}
{"time":"2026-07-23 17:45:46,689","level":"INFO","node":0,"msg":"Checkpoint saved to C:\Users\mousu\OneDrive\Desktop\Set A\securefedhe\dashboard\model_latest.pt"}
{"time":"2026-07-23 17:45:46,689","level":"INFO","node":0,"msg":"Round 11 complete | accuracy=0.8000 | duration=35.29s"}
{"time":"2026-07-23 17:45:47,194","level":"INFO","node":0,"msg":"Starting round 12"}
{"time":"2026-07-23 17:45:47,309","level":"INFO","node":0,"msg":"[FC2 DELTA NORM] node 0 round=11 — fc2 delta norm this round: 0.0482"}
{"time":"2026-07-23 17:45:56,810","level":"INFO","node":0,"msg":"[TIMING] node 0 round=11 ZKP proof generation took 9.49s"}
{"time":"2026-07-23 17:45:56,810","level":"INFO","node":0,"msg":"[TIMING] node 0 round=11 HE encryption took 0.00s"}
{"time":"2026-07-23 17:45:56,840","level":"INFO","node":0,"msg":"Forwarded to http://127.0.0.1:8001"}
{"time":"2026-07-23 17:46:13,249","level":"INFO","node":0,"msg":"Consensus vote recorded: node 1 decision=False reason=wrong_round round=11 new=True satisfied=True"}
{"time":"2026-07-23 17:46:22,551","level":"INFO","node":0,"msg":"Received update from node 1, round 11"}
{"time":"2026-07-23 17:46:22,551","level":"INFO","node":0,"msg":"Round 12 complete — aggregating"}
{"time":"2026-07-23 17:46:22,593","level":"INFO","node":0,"msg":"[BACKDOOR PROBE] Round 12 clean — worst case flip_rate=1.000 jump=0.255 (feature=1, value=-4.0)"}
{"time":"2026-07-23 17:46:22,603","level":"INFO","node":0,"msg":"Checkpoint saved to C:\Users\mousu\OneDrive\Desktop\Set A\securefedhe\dashboard\model_latest.pt"}
{"time":"2026-07-23 17:46:22,603","level":"INFO","node":0,"msg":"Round 12 complete | accuracy=0.8455 | duration=35.41s"}
{"time":"2026-07-23 17:46:23,113","level":"INFO","node":0,"msg":"Starting round 13"}
{"time":"2026-07-23 17:46:23,140","level":"INFO","node":0,"msg":"[FC2 DELTA NORM] node 0 round=12 — fc2 delta norm this round: 0.0502"}
{"time":"2026-07-23 17:46:32,480","level":"INFO","node":0,"msg":"[TIMING] node 0 round=12 ZKP proof generation took 9.33s"}
{"time":"2026-07-23 17:46:32,481","level":"INFO","node":0,"msg":"[TIMING] node 0 round=12 HE encryption took 0.00s"}
{"time":"2026-07-23 17:46:32,481","level":"INFO","node":0,"msg":"Forwarded to http://127.0.0.1:8001"}
{"time":"2026-07-23 17:46:48,716","level":"INFO","node":0,"msg":"Consensus vote recorded: node 1 decision=False reason=wrong_round round=12 new=True satisfied=True"}
{"time":"2026-07-23 17:46:58,446","level":"INFO","node":0,"msg":"Received update from node 1, round 12"}
{"time":"2026-07-23 17:46:58,446","level":"INFO","node":0,"msg":"Round 13 complete — aggregating"}
{"time":"2026-07-23 17:46:58,507","level":"INFO","node":0,"msg":"[BACKDOOR PROBE] Round 13 clean — worst case flip_rate=1.000 jump=0.209 (feature=1, value=-4.0)"}
{"time":"2026-07-23 17:46:58,527","level":"INFO","node":0,"msg":"Checkpoint saved to C:\Users\mousu\OneDrive\Desktop\Set A\securefedhe\dashboard\model_latest.pt"}
{"time":"2026-07-23 17:46:58,527","level":"INFO","node":0,"msg":"Round 13 complete | accuracy=0.8182 | duration=35.41s"}
{"time":"2026-07-23 17:46:59,040","level":"INFO","node":0,"msg":"Starting round 14"}
{"time":"2026-07-23 17:46:59,172","level":"INFO","node":0,"msg":"[FC2 DELTA NORM] node 0 round=13 — fc2 delta norm this round: 0.0521"}
{"time":"2026-07-23 17:47:08,501","level":"INFO","node":0,"msg":"[TIMING] node 0 round=13 ZKP proof generation took 9.32s"}
{"time":"2026-07-23 17:47:08,501","level":"INFO","node":0,"msg":"[TIMING] node 0 round=13 HE encryption took 0.00s"}
{"time":"2026-07-23 17:47:08,521","level":"INFO","node":0,"msg":"Forwarded to http://127.0.0.1:8001"}
{"time":"2026-07-23 17:47:24,848","level":"INFO","node":0,"msg":"Consensus vote recorded: node 1 decision=False reason=wrong_round round=13 new=True satisfied=True"}
{"time":"2026-07-23 17:47:34,293","level":"INFO","node":0,"msg":"Received update from node 1, round 13"}
{"time":"2026-07-23 17:47:34,293","level":"INFO","node":0,"msg":"Round 14 complete — aggregating"}
{"time":"2026-07-23 17:47:34,378","level":"INFO","node":0,"msg":"[BACKDOOR PROBE] Round 14 clean — worst case flip_rate=1.000 jump=0.218 (feature=1, value=-4.0)"}
{"time":"2026-07-23 17:47:34,392","level":"INFO","node":0,"msg":"Checkpoint saved to C:\Users\mousu\OneDrive\Desktop\Set A\securefedhe\dashboard\model_latest.pt"}
{"time":"2026-07-23 17:47:34,393","level":"INFO","node":0,"msg":"Round 14 complete | accuracy=0.8273 | duration=35.35s"}
{"time":"2026-07-23 17:47:34,901","level":"INFO","node":0,"msg":"Starting round 15"}
{"time":"2026-07-23 17:47:34,941","level":"INFO","node":0,"msg":"[FC2 DELTA NORM] node 0 round=14 — fc2 delta norm this round: 0.0517"}
{"time":"2026-07-23 17:47:44,343","level":"INFO","node":0,"msg":"[TIMING] node 0 round=14 ZKP proof generation took 9.39s"}
{"time":"2026-07-23 17:47:44,343","level":"INFO","node":0,"msg":"[TIMING] node 0 round=14 HE encryption took 0.00s"}
{"time":"2026-07-23 17:47:44,360","level":"INFO","node":0,"msg":"Forwarded to http://127.0.0.1:8001"}
{"time":"2026-07-23 17:48:00,634","level":"INFO","node":0,"msg":"Consensus vote recorded: node 1 decision=False reason=wrong_round round=14 new=True satisfied=True"}
{"time":"2026-07-23 17:48:09,924","level":"INFO","node":0,"msg":"Received update from node 1, round 14"}
{"time":"2026-07-23 17:48:09,924","level":"INFO","node":0,"msg":"Round 15 complete — aggregating"}
{"time":"2026-07-23 17:48:09,978","level":"INFO","node":0,"msg":"[BACKDOOR PROBE] Round 15 clean — worst case flip_rate=1.000 jump=0.218 (feature=1, value=-4.0)"}
{"time":"2026-07-23 17:48:09,985","level":"INFO","node":0,"msg":"Checkpoint saved to C:\Users\mousu\OneDrive\Desktop\Set A\securefedhe\dashboard\model_latest.pt"}
{"time":"2026-07-23 17:48:09,985","level":"INFO","node":0,"msg":"Round 15 complete | accuracy=0.8273 | duration=35.08s"}
{"time":"2026-07-23 17:48:10,496","level":"INFO","node":0,"msg":"Starting round 16"}
{"time":"2026-07-23 17:48:10,537","level":"INFO","node":0,"msg":"[FC2 DELTA NORM] node 0 round=15 — fc2 delta norm this round: 0.0523"}
{"time":"2026-07-23 17:48:20,381","level":"INFO","node":0,"msg":"[TIMING] node 0 round=15 ZKP proof generation took 9.82s"}
{"time":"2026-07-23 17:48:20,386","level":"INFO","node":0,"msg":"[TIMING] node 0 round=15 HE encryption took 0.00s"}
{"time":"2026-07-23 17:48:20,412","level":"INFO","node":0,"msg":"Forwarded to http://127.0.0.1:8001"}
{"time":"2026-07-23 17:48:48,210","level":"INFO","node":0,"msg":"Consensus vote recorded: node 1 decision=False reason=wrong_round round=15 new=True satisfied=True"}
{"time":"2026-07-23 17:48:54,414","level":"INFO","node":0,"msg":"Received update from node 1, round 15"}
{"time":"2026-07-23 17:48:54,414","level":"INFO","node":0,"msg":"Round 16 complete — aggregating"}
{"time":"2026-07-23 17:48:54,441","level":"INFO","node":0,"msg":"[BACKDOOR PROBE] Round 16 clean — worst case flip_rate=1.000 jump=0.255 (feature=1, value=-4.0)"}
{"time":"2026-07-23 17:48:54,447","level":"INFO","node":0,"msg":"Checkpoint saved to C:\Users\mousu\OneDrive\Desktop\Set A\securefedhe\dashboard\model_latest.pt"}
{"time":"2026-07-23 17:48:54,447","level":"INFO","node":0,"msg":"Round 16 complete | accuracy=0.8455 | duration=43.95s"}
{"time":"2026-07-23 17:48:54,950","level":"INFO","node":0,"msg":"Starting round 17"}
{"time":"2026-07-23 17:48:54,971","level":"INFO","node":0,"msg":"[FC2 DELTA NORM] node 0 round=16 — fc2 delta norm this round: 0.0511"}
{"time":"2026-07-23 17:49:00,946","level":"INFO","node":0,"msg":"[TIMING] node 0 round=16 ZKP proof generation took 5.97s"}
{"time":"2026-07-23 17:49:00,946","level":"INFO","node":0,"msg":"[TIMING] node 0 round=16 HE encryption took 0.00s"}
{"time":"2026-07-23 17:49:00,962","level":"INFO","node":0,"msg":"Forwarded to http://127.0.0.1:8001"}
{"time":"2026-07-23 17:49:11,871","level":"INFO","node":0,"msg":"Consensus vote recorded: node 1 decision=False reason=wrong_round round=16 new=True satisfied=True"}
{"time":"2026-07-23 17:49:18,027","level":"INFO","node":0,"msg":"Received update from node 1, round 16"}
{"time":"2026-07-23 17:49:18,027","level":"INFO","node":0,"msg":"Round 17 complete — aggregating"}
{"time":"2026-07-23 17:49:18,060","level":"INFO","node":0,"msg":"[BACKDOOR PROBE] Round 17 clean — worst case flip_rate=1.000 jump=0.273 (feature=1, value=-4.0)"}
{"time":"2026-07-23 17:49:18,066","level":"INFO","node":0,"msg":"Checkpoint saved to C:\Users\mousu\OneDrive\Desktop\Set A\securefedhe\dashboard\model_latest.pt"}
{"time":"2026-07-23 17:49:18,066","level":"INFO","node":0,"msg":"Round 17 complete | accuracy=0.8455 | duration=23.12s"}
{"time":"2026-07-23 17:49:18,573","level":"INFO","node":0,"msg":"Starting round 18"}
{"time":"2026-07-23 17:49:18,606","level":"INFO","node":0,"msg":"[FC2 DELTA NORM] node 0 round=17 — fc2 delta norm this round: 0.0519"}
{"time":"2026-07-23 17:49:24,645","level":"INFO","node":0,"msg":"[TIMING] node 0 round=17 ZKP proof generation took 6.03s"}
{"time":"2026-07-23 17:49:24,645","level":"INFO","node":0,"msg":"[TIMING] node 0 round=17 HE encryption took 0.00s"}
{"time":"2026-07-23 17:49:24,663","level":"INFO","node":0,"msg":"Forwarded to http://127.0.0.1:8001"}
{"time":"2026-07-23 17:49:35,780","level":"INFO","node":0,"msg":"Consensus vote recorded: node 1 decision=False reason=wrong_round round=17 new=True satisfied=True"}
{"time":"2026-07-23 17:49:41,954","level":"INFO","node":0,"msg":"Received update from node 1, round 17"}
{"time":"2026-07-23 17:49:41,955","level":"INFO","node":0,"msg":"Round 18 complete — aggregating"}
{"time":"2026-07-23 17:49:42,000","level":"INFO","node":0,"msg":"[BACKDOOR PROBE] Round 18 clean — worst case flip_rate=1.000 jump=0.236 (feature=1, value=-4.0)"}
{"time":"2026-07-23 17:49:42,022","level":"INFO","node":0,"msg":"Checkpoint saved to C:\Users\mousu\OneDrive\Desktop\Set A\securefedhe\dashboard\model_latest.pt"}
{"time":"2026-07-23 17:49:42,023","level":"INFO","node":0,"msg":"Round 18 complete | accuracy=0.8455 | duration=23.45s"}
{"time":"2026-07-23 17:49:42,530","level":"INFO","node":0,"msg":"Starting round 19"}
{"time":"2026-07-23 17:49:42,551","level":"INFO","node":0,"msg":"[FC2 DELTA NORM] node 0 round=18 — fc2 delta norm this round: 0.0525"}
{"time":"2026-07-23 17:49:48,570","level":"INFO","node":0,"msg":"[TIMING] node 0 round=18 ZKP proof generation took 6.01s"}
{"time":"2026-07-23 17:49:48,570","level":"INFO","node":0,"msg":"[TIMING] node 0 round=18 HE encryption took 0.00s"}
{"time":"2026-07-23 17:49:48,589","level":"INFO","node":0,"msg":"Forwarded to http://127.0.0.1:8001"}
{"time":"2026-07-23 17:49:59,555","level":"INFO","node":0,"msg":"Consensus vote recorded: node 1 decision=False reason=wrong_round round=18 new=True satisfied=True"}
{"time":"2026-07-23 17:50:05,751","level":"INFO","node":0,"msg":"Received update from node 1, round 18"}
{"time":"2026-07-23 17:50:05,751","level":"INFO","node":0,"msg":"Round 19 complete — aggregating"}
{"time":"2026-07-23 17:50:05,805","level":"INFO","node":0,"msg":"[BACKDOOR PROBE] Round 19 clean — worst case flip_rate=1.000 jump=0.155 (feature=0, value=8.0)"}
{"time":"2026-07-23 17:50:05,806","level":"INFO","node":0,"msg":"Checkpoint saved to C:\Users\mousu\OneDrive\Desktop\Set A\securefedhe\dashboard\model_latest.pt"}
{"time":"2026-07-23 17:50:05,806","level":"INFO","node":0,"msg":"Round 19 complete | accuracy=0.8000 | duration=23.28s"}
{"time":"2026-07-23 17:50:06,320","level":"INFO","node":0,"msg":"Starting round 20"}
{"time":"2026-07-23 17:50:06,355","level":"INFO","node":0,"msg":"[FC2 DELTA NORM] node 0 round=19 — fc2 delta norm this round: 0.0530"}
{"time":"2026-07-23 17:50:12,491","level":"INFO","node":0,"msg":"[TIMING] node 0 round=19 ZKP proof generation took 6.11s"}
{"time":"2026-07-23 17:50:12,491","level":"INFO","node":0,"msg":"[TIMING] node 0 round=19 HE encryption took 0.00s"}
{"time":"2026-07-23 17:50:12,496","level":"INFO","node":0,"msg":"Forwarded to http://127.0.0.1:8001"}
{"time":"2026-07-23 17:51:24,762","level":"INFO","node":0,"msg":"Received update from node 3, round 2"}
{"time":"2026-07-23 17:51:31,531","level":"INFO","node":0,"msg":"Received update from node 3, round 19"}
{"time":"2026-07-23 17:51:31,559","level":"INFO","node":0,"msg":"Round 20 complete — aggregating"}
{"time":"2026-07-23 17:51:35,671","level":"INFO","node":0,"msg":"ZKP ACCEPTED from node 3"}
{"time":"2026-07-23 17:51:35,715","level":"WARNING","node":0,"msg":"[BACKDOOR PROBE] Round 20 SUSPICIOUS: feature=0 value=8.0 forces class=1 flip_rate=1.000 jump=0.464 (thresholds: flip>0.7, jump>0.3)"}
{"time":"2026-07-23 17:51:35,725","level":"INFO","node":0,"msg":"Checkpoint saved to C:\Users\mousu\OneDrive\Desktop\Set A\securefedhe\dashboard\model_latest.pt"}
{"time":"2026-07-23 17:51:35,725","level":"INFO","node":0,"msg":"Round 20 complete | accuracy=0.7455 | duration=89.41s"}
{"time":"2026-07-23 17:51:35,726","level":"INFO","node":0,"msg":"Training complete after 20 rounds"}
{"time":"2026-07-23 17:51:36,913","level":"WARNING","node":0,"msg":"No stored proposal for round=2 origin=1 — voting using fallback hash, may not match other peers"}
{"time":"2026-07-23 17:51:36,913","level":"INFO","node":0,"msg":"fc_in col7 delta self-cosine for node 1: -0.5358 (delta_norm=0.2490)"}
{"time":"2026-07-23 17:51:36,922","level":"INFO","node":0,"msg":"Per-class agreement with node 1: class0=0.933 class1=0.879 gap=0.054"}
{"time":"2026-07-23 17:51:36,922","level":"INFO","node":0,"msg":"Per-class rolling gap for node 1: mean=0.054 over last 1 round(s)"}
{"time":"2026-07-23 17:51:36,927","level":"INFO","node":0,"msg":"Trust score for node 1: S=0.732 (Z=1.00 A=0.92 P=0.45 R=0.80) advisory only"}
{"time":"2026-07-23 17:51:36,982","level":"INFO","node":0,"msg":"[FC2 DELTA NORM] node 0 round=2 — fc2 delta norm this round: 0.0359"}
{"time":"2026-07-23 17:51:43,268","level":"INFO","node":0,"msg":"[TIMING] node 0 round=2 ZKP proof generation (voter) took 6.28s"}
{"time":"2026-07-23 17:51:43,270","level":"INFO","node":0,"msg":"[TIMING] node 0 round=2 HE encryption (voter) took 0.00s"}
{"time":"2026-07-23 17:51:43,288","level":"INFO","node":0,"msg":"Forwarded to http://127.0.0.1:8001"}
{"time":"2026-07-23 17:52:24,823","level":"INFO","node":0,"msg":"Received update from node 3, round 3"}
{"time":"2026-07-23 17:52:34,943","level":"INFO","node":0,"msg":"ZKP ACCEPTED from node 3"}
{"time":"2026-07-23 17:52:36,143","level":"WARNING","node":0,"msg":"No stored proposal for round=3 origin=1 — voting using fallback hash, may not match other peers"}
{"time":"2026-07-23 17:52:36,143","level":"INFO","node":0,"msg":"fc_in col7 delta self-cosine for node 1: -0.2778 (delta_norm=0.1519)"}
{"time":"2026-07-23 17:52:36,153","level":"INFO","node":0,"msg":"Per-class agreement with node 1: class0=0.971 class1=0.946 gap=0.025"}
{"time":"2026-07-23 17:52:36,153","level":"INFO","node":0,"msg":"Per-class rolling gap for node 1: mean=0.040 over last 2 round(s)"}
{"time":"2026-07-23 17:52:36,157","level":"INFO","node":0,"msg":"Trust score for node 1: S=0.764 (Z=1.00 A=0.96 P=0.43 R=0.80) advisory only"}
{"time":"2026-07-23 17:52:36,170","level":"INFO","node":0,"msg":"[FC2 DELTA NORM] node 0 round=3 — fc2 delta norm this round: 0.0327"}
{"time":"2026-07-23 17:52:42,473","level":"INFO","node":0,"msg":"[TIMING] node 0 round=3 ZKP proof generation (voter) took 6.28s"}
{"time":"2026-07-23 17:52:42,473","level":"INFO","node":0,"msg":"[TIMING] node 0 round=3 HE encryption (voter) took 0.00s"}
{"time":"2026-07-23 17:52:42,473","level":"INFO","node":0,"msg":"Forwarded to http://127.0.0.1:8001"}
{"time":"2026-07-23 17:53:24,164","level":"INFO","node":0,"msg":"Received update from node 3, round 4"}
{"time":"2026-07-23 17:53:33,991","level":"INFO","node":0,"msg":"ZKP ACCEPTED from node 3"}
{"time":"2026-07-23 17:53:35,238","level":"WARNING","node":0,"msg":"No stored proposal for round=4 origin=1 — voting using fallback hash, may not match other peers"}
{"time":"2026-07-23 17:53:35,238","level":"INFO","node":0,"msg":"fc_in col7 delta self-cosine for node 1: 0.1047 (delta_norm=0.1228)"}
{"time":"2026-07-23 17:53:35,249","level":"INFO","node":0,"msg":"Per-class agreement with node 1: class0=0.978 class1=0.969 gap=0.008"}
{"time":"2026-07-23 17:53:35,249","level":"INFO","node":0,"msg":"Per-class rolling gap for node 1: mean=0.029 over last 3 round(s)"}
{"time":"2026-07-23 17:53:35,253","level":"INFO","node":0,"msg":"Trust score for node 1: S=0.763 (Z=1.00 A=0.97 P=0.39 R=0.80) advisory only"}
{"time":"2026-07-23 17:53:35,280","level":"INFO","node":0,"msg":"[FC2 DELTA NORM] node 0 round=4 — fc2 delta norm this round: 0.0318"}
{"time":"2026-07-23 17:53:41,411","level":"INFO","node":0,"msg":"[TIMING] node 0 round=4 ZKP proof generation (voter) took 6.11s"}
{"time":"2026-07-23 17:53:41,413","level":"INFO","node":0,"msg":"[TIMING] node 0 round=4 HE encryption (voter) took 0.00s"}
{"time":"2026-07-23 17:53:41,430","level":"INFO","node":0,"msg":"Forwarded to http://127.0.0.1:8001"}
{"time":"2026-07-23 17:54:22,832","level":"INFO","node":0,"msg":"Received update from node 3, round 5"}
{"time":"2026-07-23 17:54:32,756","level":"INFO","node":0,"msg":"ZKP ACCEPTED from node 3"}
{"time":"2026-07-23 17:54:34,010","level":"WARNING","node":0,"msg":"No stored proposal for round=5 origin=1 — voting using fallback hash, may not match other peers"}
{"time":"2026-07-23 17:54:34,010","level":"INFO","node":0,"msg":"fc_in col7 delta self-cosine for node 1: -0.2517 (delta_norm=0.1113)"}
{"time":"2026-07-23 17:54:34,020","level":"INFO","node":0,"msg":"Per-class agreement with node 1: class0=0.979 class1=0.969 gap=0.010"}
{"time":"2026-07-23 17:54:34,020","level":"INFO","node":0,"msg":"Per-class rolling gap for node 1: mean=0.024 over last 4 round(s)"}
{"time":"2026-07-23 17:54:34,023","level":"INFO","node":0,"msg":"Trust score for node 1: S=0.764 (Z=1.00 A=0.98 P=0.39 R=0.80) advisory only"}
{"time":"2026-07-23 17:54:34,046","level":"INFO","node":0,"msg":"[FC2 DELTA NORM] node 0 round=5 — fc2 delta norm this round: 0.0307"}
{"time":"2026-07-23 17:54:40,143","level":"INFO","node":0,"msg":"[TIMING] node 0 round=5 ZKP proof generation (voter) took 6.08s"}
{"time":"2026-07-23 17:54:40,143","level":"INFO","node":0,"msg":"[TIMING] node 0 round=5 HE encryption (voter) took 0.00s"}
{"time":"2026-07-23 17:54:40,162","level":"INFO","node":0,"msg":"Forwarded to http://127.0.0.1:8001"}
{"time":"2026-07-23 17:55:21,448","level":"INFO","node":0,"msg":"Received update from node 3, round 6"}
{"time":"2026-07-23 17:55:31,325","level":"INFO","node":0,"msg":"ZKP ACCEPTED from node 3"}
{"time":"2026-07-23 17:55:32,578","level":"WARNING","node":0,"msg":"No stored proposal for round=6 origin=1 — voting using fallback hash, may not match other peers"}
{"time":"2026-07-23 17:55:32,578","level":"INFO","node":0,"msg":"fc_in col7 delta self-cosine for node 1: -0.3371 (delta_norm=0.1017)"}
{"time":"2026-07-23 17:55:32,586","level":"INFO","node":0,"msg":"Per-class agreement with node 1: class0=0.971 class1=0.958 gap=0.013"}
{"time":"2026-07-23 17:55:32,586","level":"INFO","node":0,"msg":"Per-class rolling gap for node 1: mean=0.014 over last 4 round(s)"}
{"time":"2026-07-23 17:55:32,590","level":"INFO","node":0,"msg":"Trust score for node 1: S=0.722 (Z=1.00 A=0.97 P=0.26 R=0.80) advisory only"}
{"time":"2026-07-23 17:55:32,615","level":"INFO","node":0,"msg":"[FC2 DELTA NORM] node 0 round=6 — fc2 delta norm this round: 0.0424"}
{"time":"2026-07-23 17:55:38,540","level":"INFO","node":0,"msg":"[TIMING] node 0 round=6 ZKP proof generation (voter) took 5.91s"}
{"time":"2026-07-23 17:55:38,540","level":"INFO","node":0,"msg":"[TIMING] node 0 round=6 HE encryption (voter) took 0.00s"}
{"time":"2026-07-23 17:55:38,555","level":"INFO","node":0,"msg":"Forwarded to http://127.0.0.1:8001"}
{"time":"2026-07-23 17:56:20,119","level":"INFO","node":0,"msg":"Received update from node 3, round 7"}
{"time":"2026-07-23 17:56:30,072","level":"INFO","node":0,"msg":"ZKP ACCEPTED from node 3"}
{"time":"2026-07-23 17:56:31,320","level":"WARNING","node":0,"msg":"No stored proposal for round=7 origin=1 — voting using fallback hash, may not match other peers"}
{"time":"2026-07-23 17:56:31,320","level":"INFO","node":0,"msg":"fc_in col7 delta self-cosine for node 1: -0.4162 (delta_norm=0.1109)"}
{"time":"2026-07-23 17:56:31,330","level":"INFO","node":0,"msg":"Per-class agreement with node 1: class0=0.973 class1=0.976 gap=0.003"}
{"time":"2026-07-23 17:56:31,332","level":"INFO","node":0,"msg":"Per-class rolling gap for node 1: mean=0.009 over last 4 round(s)"}
{"time":"2026-07-23 17:56:31,335","level":"INFO","node":0,"msg":"Trust score for node 1: S=0.743 (Z=1.00 A=0.97 P=0.32 R=0.80) advisory only"}
{"time":"2026-07-23 17:56:31,398","level":"INFO","node":0,"msg":"[FC2 DELTA NORM] node 0 round=7 — fc2 delta norm this round: 0.0343"}
{"time":"2026-07-23 17:56:37,463","level":"INFO","node":0,"msg":"[TIMING] node 0 round=7 ZKP proof generation (voter) took 6.05s"}
{"time":"2026-07-23 17:56:37,463","level":"INFO","node":0,"msg":"[TIMING] node 0 round=7 HE encryption (voter) took 0.00s"}
{"time":"2026-07-23 17:56:37,482","level":"INFO","node":0,"msg":"Forwarded to http://127.0.0.1:8001"}
{"time":"2026-07-23 17:57:20,272","level":"INFO","node":0,"msg":"Received update from node 3, round 8"}
{"time":"2026-07-23 17:57:30,870","level":"INFO","node":0,"msg":"ZKP ACCEPTED from node 3"}
{"time":"2026-07-23 17:57:32,120","level":"WARNING","node":0,"msg":"No stored proposal for round=8 origin=1 — voting using fallback hash, may not match other peers"}
{"time":"2026-07-23 17:57:32,120","level":"INFO","node":0,"msg":"fc_in col7 delta self-cosine for node 1: -0.3194 (delta_norm=0.1090)"}
{"time":"2026-07-23 17:57:32,131","level":"INFO","node":0,"msg":"Per-class agreement with node 1: class0=0.975 class1=0.972 gap=0.003"}
{"time":"2026-07-23 17:57:32,131","level":"INFO","node":0,"msg":"Per-class rolling gap for node 1: mean=0.007 over last 4 round(s)"}
{"time":"2026-07-23 17:57:32,135","level":"INFO","node":0,"msg":"Trust score for node 1: S=0.717 (Z=1.00 A=0.97 P=0.23 R=0.80) advisory only"}
{"time":"2026-07-23 17:57:32,183","level":"INFO","node":0,"msg":"[FC2 DELTA NORM] node 0 round=8 — fc2 delta norm this round: 0.0383"}
{"time":"2026-07-23 17:57:32,184","level":"WARNING","node":0,"msg":"ZKP norm violation (clipping applied): slack=-241287, retry=0"}
{"time":"2026-07-23 17:57:38,234","level":"INFO","node":0,"msg":"[TIMING] node 0 round=8 ZKP proof generation (voter) took 6.04s"}
{"time":"2026-07-23 17:57:38,250","level":"INFO","node":0,"msg":"[TIMING] node 0 round=8 HE encryption (voter) took 0.00s"}
{"time":"2026-07-23 17:57:38,268","level":"INFO","node":0,"msg":"Forwarded to http://127.0.0.1:8001"}
{"time":"2026-07-23 19:43:29,234","level":"INFO","node":0,"msg":"Starting node 0: City General Hospital"}
{"time":"2026-07-23 19:43:29,234","level":"INFO","node":0,"msg":"[CONFIG DEBUG] attack_simulation loaded: enabled=True target_node=2 type=gradient_norm config_path=config_dev.json"}
{"time":"2026-07-23 19:43:29,697","level":"WARNING","node":0,"msg":"DEV MODE: running without TLS"}
{"time":"2026-07-23 19:43:29,697","level":"INFO","node":0,"msg":"Listening on 127.0.0.1:8000 | TLS=False"}
{"time":"2026-07-23 19:43:34,634","level":"INFO","node":0,"msg":"Key exchange complete with node 1"}
{"time":"2026-07-23 19:43:34,636","level":"INFO","node":0,"msg":"Consensus pubkey received from node 1"}
{"time":"2026-07-23 19:43:34,638","level":"INFO","node":0,"msg":"Consensus pubkey received from node 2"}
{"time":"2026-07-23 19:43:34,640","level":"INFO","node":0,"msg":"Key exchange complete with node 2"}
{"time":"2026-07-23 19:43:34,644","level":"INFO","node":0,"msg":"Key exchange complete with node 3"}
{"time":"2026-07-23 19:43:34,646","level":"INFO","node":0,"msg":"Consensus pubkey received from node 3"}
{"time":"2026-07-23 19:43:46,186","level":"INFO","node":0,"msg":"Sent public key to node 1"}
{"time":"2026-07-23 19:43:46,204","level":"INFO","node":0,"msg":"Sent public key to node 2"}
{"time":"2026-07-23 19:43:46,226","level":"INFO","node":0,"msg":"Sent public key to node 3"}
{"time":"2026-07-23 19:43:46,231","level":"INFO","node":0,"msg":"Sent consensus pubkey to node 1"}
{"time":"2026-07-23 19:43:46,235","level":"INFO","node":0,"msg":"Sent consensus pubkey to node 2"}
{"time":"2026-07-23 19:43:46,243","level":"INFO","node":0,"msg":"Sent consensus pubkey to node 3"}
{"time":"2026-07-23 19:43:46,243","level":"INFO","node":0,"msg":"This node is round 1's proposer — starting."}
{"time":"2026-07-23 19:43:46,243","level":"INFO","node":0,"msg":"Starting round 1"}
{"time":"2026-07-23 19:43:48,333","level":"INFO","node":0,"msg":"[FC2 DELTA NORM] node 0 round=0 — fc2 delta norm this round: 0.0385"}
{"time":"2026-07-23 19:43:48,340","level":"WARNING","node":0,"msg":"ZKP norm violation (clipping applied): slack=-41434, retry=0"}
{"time":"2026-07-23 19:43:54,487","level":"INFO","node":0,"msg":"[TIMING] node 0 round=0 ZKP proof generation took 6.14s"}
{"time":"2026-07-23 19:43:54,503","level":"INFO","node":0,"msg":"[TIMING] node 0 round=0 HE encryption took 0.02s"}
{"time":"2026-07-23 19:43:54,520","level":"INFO","node":0,"msg":"Sent proposal to node 2"}
{"time":"2026-07-23 19:43:54,520","level":"INFO","node":0,"msg":"Sent proposal to node 1"}
{"time":"2026-07-23 19:43:54,521","level":"INFO","node":0,"msg":"Sent proposal to node 3"}
{"time":"2026-07-23 19:43:54,531","level":"INFO","node":0,"msg":"Sent consensus vote to node 1"}
{"time":"2026-07-23 19:43:54,532","level":"INFO","node":0,"msg":"Sent consensus vote to node 2"}
{"time":"2026-07-23 19:43:54,534","level":"INFO","node":0,"msg":"Sent consensus vote to node 3"}
{"time":"2026-07-23 19:43:54,538","level":"INFO","node":0,"msg":"Forwarded to http://127.0.0.1:8001"}
{"time":"2026-07-23 19:44:21,814","level":"INFO","node":0,"msg":"Consensus vote recorded: node 1 decision=True reason=zkp_ok round=0 new=True satisfied=False"}
{"time":"2026-07-23 19:44:57,831","level":"INFO","node":0,"msg":"Consensus vote recorded: node 2 decision=True reason=zkp_ok round=0 new=True satisfied=True"}
{"time":"2026-07-23 19:45:25,657","level":"INFO","node":0,"msg":"Consensus vote recorded: node 3 decision=True reason=zkp_ok round=0 new=True satisfied=True"}
{"time":"2026-07-23 19:45:33,746","level":"INFO","node":0,"msg":"Received update from node 3, round 0"}
{"time":"2026-07-23 19:45:33,746","level":"INFO","node":0,"msg":"Round 1 complete — aggregating"}
{"time":"2026-07-23 19:45:33,763","level":"INFO","node":0,"msg":"Round 1 accuracy gate skipped (warm-up period, candidate_acc=0.6818)"}
{"time":"2026-07-23 19:45:33,826","level":"INFO","node":0,"msg":"Commit vote recorded: node 3 decision=True round=0 satisfied=False"}
{"time":"2026-07-23 19:45:33,831","level":"INFO","node":0,"msg":"Commit vote recorded: node 2 decision=True round=0 satisfied=True"}
{"time":"2026-07-23 19:45:33,832","level":"INFO","node":0,"msg":"Round 1 COMMITTED — model hash agreed by [0, 3, 2]"}
{"time":"2026-07-23 19:45:33,833","level":"INFO","node":0,"msg":"Broadcast weights to node 3"}
{"time":"2026-07-23 19:45:33,835","level":"INFO","node":0,"msg":"Commit certificate saved to C:\Users\mousu\OneDrive\Desktop\Set A\securefedhe\dashboard\certificates\round_0.json"}
{"time":"2026-07-23 19:45:33,841","level":"INFO","node":0,"msg":"Commit vote recorded: node 1 decision=True round=0 satisfied=True"}
{"time":"2026-07-23 19:45:33,843","level":"INFO","node":0,"msg":"Broadcast weights to node 2"}
{"time":"2026-07-23 19:45:33,849","level":"INFO","node":0,"msg":"Broadcast weights to node 1"}
{"time":"2026-07-23 19:45:33,880","level":"INFO","node":0,"msg":"Checkpoint saved to C:\Users\mousu\OneDrive\Desktop\Set A\securefedhe\dashboard\model_latest.pt"}
{"time":"2026-07-23 19:45:33,881","level":"INFO","node":0,"msg":"Round 1 complete | accuracy=0.6818 | duration=107.64s"}
{"time":"2026-07-23 19:45:33,881","level":"INFO","node":0,"msg":"Round 2 belongs to node 1 — waiting for their proposal."}
{"time":"2026-07-23 19:45:33,889","level":"INFO","node":0,"msg":"Notified next proposer to node 1"}
{"time":"2026-07-23 19:45:33,890","level":"INFO","node":0,"msg":"[WATCHDOG SPAWNED] round=1 expected_proposer=1 timeout_s=600 spawned_at=19:45:33"}
{"time":"2026-07-23 19:45:42,054","level":"INFO","node":0,"msg":"Proposal received: round=1 origin=1 hash=0e36498f868d..."}
{"time":"2026-07-23 19:45:42,080","level":"INFO","node":0,"msg":"Consensus vote recorded: node 1 decision=True reason=zkp_ok round=1 new=True satisfied=False"}
{"time":"2026-07-23 19:46:14,395","level":"INFO","node":0,"msg":"Received update from node 3, round 1"}
{"time":"2026-07-23 19:46:24,760","level":"INFO","node":0,"msg":"ZKP ACCEPTED from node 3"}
{"time":"2026-07-23 19:46:24,779","level":"INFO","node":0,"msg":"Trust score for node 1: S=0.429 (Z=1.00 A=0.50 P=0.50 R=1.00) advisory only"}
{"time":"2026-07-23 19:46:24,784","level":"WARNING","node":0,"msg":"Sent consensus vote to node 1 FAILED (hard timeout or exception) — consecutive failure streak 1/3 over 0.0s"}
{"time":"2026-07-23 19:46:24,784","level":"WARNING","node":0,"msg":"Sent consensus vote to node 2 FAILED (hard timeout or exception) — consecutive failure streak 1/3 over 0.0s"}
{"time":"2026-07-23 19:46:24,785","level":"WARNING","node":0,"msg":"Sent consensus vote to node 3 FAILED (hard timeout or exception) — consecutive failure streak 1/3 over 0.0s"}
{"time":"2026-07-23 19:46:24,800","level":"INFO","node":0,"msg":"[FC2 DELTA NORM] node 0 round=1 — fc2 delta norm this round: 0.0445"}
{"time":"2026-07-23 19:46:30,867","level":"INFO","node":0,"msg":"[TIMING] node 0 round=1 ZKP proof generation (voter) took 6.06s"}
{"time":"2026-07-23 19:46:30,867","level":"INFO","node":0,"msg":"[TIMING] node 0 round=1 HE encryption (voter) took 0.00s"}
{"time":"2026-07-23 19:46:30,885","level":"INFO","node":0,"msg":"Forwarded to http://127.0.0.1:8001"}
{"time":"2026-07-23 19:46:37,611","level":"INFO","node":0,"msg":"Proposal for round=1 origin=1 changed hash after 55.56s — treating as a legitimate round retry, not equivocation."}
{"time":"2026-07-23 19:46:37,611","level":"INFO","node":0,"msg":"Proposal received: round=1 origin=1 hash=deabed6e8f27..."}
{"time":"2026-07-23 19:46:37,630","level":"INFO","node":0,"msg":"Consensus vote recorded: node 1 decision=True reason=zkp_ok round=1 new=True satisfied=False"}
{"time":"2026-07-23 19:47:09,455","level":"INFO","node":0,"msg":"Received update from node 3, round 1"}
{"time":"2026-07-23 19:47:19,761","level":"INFO","node":0,"msg":"ZKP ACCEPTED from node 3"}
{"time":"2026-07-23 19:47:19,770","level":"INFO","node":0,"msg":"Trust score for node 1: S=0.000 (Z=1.00 A=0.00 P=0.50 R=1.00) advisory only"}
{"time":"2026-07-23 19:47:19,774","level":"WARNING","node":0,"msg":"Sent consensus vote to node 1 FAILED (hard timeout or exception) — consecutive failure streak 2/3 over 55.0s"}
{"time":"2026-07-23 19:47:19,774","level":"WARNING","node":0,"msg":"Sent consensus vote to node 2 FAILED (hard timeout or exception) — consecutive failure streak 2/3 over 55.0s"}
{"time":"2026-07-23 19:47:19,775","level":"WARNING","node":0,"msg":"Sent consensus vote to node 3 FAILED (hard timeout or exception) — consecutive failure streak 2/3 over 55.0s"}
{"time":"2026-07-23 19:47:19,792","level":"INFO","node":0,"msg":"[FC2 DELTA NORM] node 0 round=1 — fc2 delta norm this round: 0.0438"}
{"time":"2026-07-23 19:47:25,968","level":"INFO","node":0,"msg":"[TIMING] node 0 round=1 ZKP proof generation (voter) took 6.16s"}
{"time":"2026-07-23 19:47:25,970","level":"INFO","node":0,"msg":"[TIMING] node 0 round=1 HE encryption (voter) took 0.00s"}
{"time":"2026-07-23 19:47:25,983","level":"INFO","node":0,"msg":"Forwarded to http://127.0.0.1:8001"}
{"time":"2026-07-23 19:47:32,768","level":"INFO","node":0,"msg":"Proposal for round=1 origin=1 changed hash after 55.16s — treating as a legitimate round retry, not equivocation."}
{"time":"2026-07-23 19:47:32,768","level":"INFO","node":0,"msg":"Proposal received: round=1 origin=1 hash=5f03919d969b..."}
{"time":"2026-07-23 19:47:32,801","level":"INFO","node":0,"msg":"Consensus vote recorded: node 1 decision=True reason=zkp_ok round=1 new=True satisfied=False"}
{"time":"2026-07-23 19:47:42,778","level":"INFO","node":0,"msg":"Consensus vote recorded: node 2 decision=True reason=zkp_ok round=1 new=True satisfied=False"}
{"time":"2026-07-23 19:47:58,849","level":"INFO","node":0,"msg":"Consensus vote recorded: node 3 decision=True reason=zkp_ok round=1 new=True satisfied=True"}
{"time":"2026-07-23 19:48:05,079","level":"INFO","node":0,"msg":"Received update from node 3, round 1"}
{"time":"2026-07-23 19:48:15,289","level":"INFO","node":0,"msg":"ZKP ACCEPTED from node 3"}
{"time":"2026-07-23 19:48:15,289","level":"INFO","node":0,"msg":"fc_in col7 delta self-cosine for node 1: -0.4603 (delta_norm=0.1468)"}
{"time":"2026-07-23 19:48:15,311","level":"INFO","node":0,"msg":"Trust score for node 1: S=0.000 (Z=1.00 A=0.00 P=0.50 R=1.00) advisory only"}
{"time":"2026-07-23 19:48:15,315","level":"WARNING","node":0,"msg":"Sent consensus vote to node 1 FAILED (hard timeout or exception) — consecutive failure streak 3/3 over 110.5s"}
{"time":"2026-07-23 19:48:15,315","level":"WARNING","node":0,"msg":"Sent consensus vote to node 2 FAILED (hard timeout or exception) — consecutive failure streak 3/3 over 110.5s"}
{"time":"2026-07-23 19:48:15,315","level":"ERROR","node":0,"msg":"Node 1 EXCLUDED from proposing and quorum. Quorum requirement adjusted to 3 of 3 remaining trusted nodes."}
{"time":"2026-07-23 19:48:15,316","level":"ERROR","node":0,"msg":"Node 2 EXCLUDED from proposing and quorum. Quorum requirement adjusted to 2 of 2 remaining trusted nodes."}
{"time":"2026-07-23 19:48:15,316","level":"WARNING","node":0,"msg":"Sent consensus vote to node 3 FAILED (hard timeout or exception) — consecutive failure streak 3/3 over 110.5s"}
{"time":"2026-07-23 19:48:15,317","level":"ERROR","node":0,"msg":"Node 3 EXCLUDED from proposing and quorum. Quorum requirement adjusted to 1 of 1 remaining trusted nodes."}
{"time":"2026-07-23 19:48:15,322","level":"INFO","node":0,"msg":"Sent exclusion notice for node 2 to node 1"}
{"time":"2026-07-23 19:48:15,322","level":"INFO","node":0,"msg":"Sent exclusion notice for node 1 to node 2"}
{"time":"2026-07-23 19:48:15,327","level":"INFO","node":0,"msg":"Sent exclusion notice for node 1 to node 3"}
{"time":"2026-07-23 19:48:15,328","level":"INFO","node":0,"msg":"Sent exclusion notice for node 2 to node 3"}
{"time":"2026-07-23 19:48:15,332","level":"INFO","node":0,"msg":"Sent exclusion notice for node 3 to node 1"}
{"time":"2026-07-23 19:48:15,335","level":"INFO","node":0,"msg":"Sent exclusion notice for node 3 to node 2"}
{"time":"2026-07-23 19:48:15,376","level":"INFO","node":0,"msg":"[FC2 DELTA NORM] node 0 round=1 — fc2 delta norm this round: 0.0426"}
{"time":"2026-07-23 19:48:21,609","level":"INFO","node":0,"msg":"[TIMING] node 0 round=1 ZKP proof generation (voter) took 6.22s"}
{"time":"2026-07-23 19:48:21,609","level":"INFO","node":0,"msg":"[TIMING] node 0 round=1 HE encryption (voter) took 0.00s"}
{"time":"2026-07-23 19:48:21,627","level":"INFO","node":0,"msg":"Forwarded to http://127.0.0.1:8001"}
{"time":"2026-07-23 19:48:28,483","level":"INFO","node":0,"msg":"Proposal for round=1 origin=1 changed hash after 55.70s — treating as a legitimate round retry, not equivocation."}
{"time":"2026-07-23 19:48:28,484","level":"INFO","node":0,"msg":"Proposal received: round=1 origin=1 hash=da1a39396aec..."}
{"time":"2026-07-23 19:48:28,489","level":"INFO","node":0,"msg":"Consensus vote recorded: node 1 decision=True reason=zkp_ok round=1 new=True satisfied=True"}
{"time":"2026-07-23 19:48:28,497","level":"INFO","node":0,"msg":"Received update from node 1, round 1"}
{"time":"2026-07-23 19:48:38,811","level":"INFO","node":0,"msg":"ZKP ACCEPTED from node 1"}
{"time":"2026-07-23 19:48:38,811","level":"INFO","node":0,"msg":"fc_in col7 delta self-cosine for node 1: -0.1626 (delta_norm=0.2337)"}
{"time":"2026-07-23 19:48:38,829","level":"INFO","node":0,"msg":"Trust score for node 1: S=0.000 (Z=1.00 A=0.00 P=0.50 R=1.00) advisory only"}
{"time":"2026-07-23 19:48:38,845","level":"INFO","node":0,"msg":"[FC2 DELTA NORM] node 0 round=1 — fc2 delta norm this round: 0.0447"}
{"time":"2026-07-23 19:48:45,009","level":"INFO","node":0,"msg":"[TIMING] node 0 round=1 ZKP proof generation (voter) took 6.15s"}
{"time":"2026-07-23 19:48:45,009","level":"INFO","node":0,"msg":"[TIMING] node 0 round=1 HE encryption (voter) took 0.00s"}
{"time":"2026-07-23 19:48:45,027","level":"INFO","node":0,"msg":"Forwarded to http://127.0.0.1:8001"}
{"time":"2026-07-23 19:48:45,043","level":"INFO","node":0,"msg":"Round 2 skip acknowledged — advancing to round 3"}
{"time":"2026-07-23 19:48:45,043","level":"WARNING","node":0,"msg":"[SKIP STRIKE] round 2 skipped, proposer=1, reason=quorum_failure — recording independent strike"}
{"time":"2026-07-23 19:48:45,049","level":"INFO","node":0,"msg":"My turn — starting round 3 as proposer."}
{"time":"2026-07-23 19:48:45,049","level":"INFO","node":0,"msg":"Starting round 3"}
{"time":"2026-07-23 19:48:45,094","level":"INFO","node":0,"msg":"[FC2 DELTA NORM] node 0 round=2 — fc2 delta norm this round: 0.0421"}
{"time":"2026-07-23 19:48:51,378","level":"INFO","node":0,"msg":"[TIMING] node 0 round=2 ZKP proof generation took 6.22s"}
{"time":"2026-07-23 19:48:51,378","level":"INFO","node":0,"msg":"[TIMING] node 0 round=2 HE encryption took 0.00s"}
{"time":"2026-07-23 19:48:51,402","level":"INFO","node":0,"msg":"Forwarded to http://127.0.0.1:8001"}
{"time":"2026-07-23 19:49:02,282","level":"INFO","node":0,"msg":"Consensus vote recorded: node 1 decision=True reason=zkp_ok round=2 new=True satisfied=True"}
{"time":"2026-07-23 19:49:08,596","level":"INFO","node":0,"msg":"Received update from node 1, round 2"}
{"time":"2026-07-23 19:49:08,597","level":"INFO","node":0,"msg":"Round 3 complete — aggregating"}
{"time":"2026-07-23 19:49:08,607","level":"INFO","node":0,"msg":"Round 3 accuracy gate skipped (warm-up period, candidate_acc=0.8545)"}
{"time":"2026-07-23 19:49:08,613","level":"INFO","node":0,"msg":"Checkpoint saved to C:\Users\mousu\OneDrive\Desktop\Set A\securefedhe\dashboard\model_latest.pt"}
{"time":"2026-07-23 19:49:08,613","level":"INFO","node":0,"msg":"Round 3 complete | accuracy=0.8545 | duration=23.56s"}
{"time":"2026-07-23 19:49:09,117","level":"INFO","node":0,"msg":"Starting round 4"}
{"time":"2026-07-23 19:49:09,138","level":"INFO","node":0,"msg":"[FC2 DELTA NORM] node 0 round=3 — fc2 delta norm this round: 0.0534"}
{"time":"2026-07-23 19:49:15,492","level":"INFO","node":0,"msg":"[TIMING] node 0 round=3 ZKP proof generation took 6.33s"}
{"time":"2026-07-23 19:49:15,492","level":"INFO","node":0,"msg":"[TIMING] node 0 round=3 HE encryption took 0.00s"}
{"time":"2026-07-23 19:49:15,508","level":"INFO","node":0,"msg":"Forwarded to http://127.0.0.1:8001"}
{"time":"2026-07-23 19:49:26,894","level":"INFO","node":0,"msg":"Consensus vote recorded: node 1 decision=False reason=wrong_round round=3 new=True satisfied=True"}
{"time":"2026-07-23 19:49:33,273","level":"INFO","node":0,"msg":"Received update from node 1, round 3"}
{"time":"2026-07-23 19:49:33,273","level":"INFO","node":0,"msg":"Round 4 complete — aggregating"}
{"time":"2026-07-23 19:49:33,273","level":"INFO","node":0,"msg":"Round 4 accuracy gate skipped (warm-up period, candidate_acc=0.8182)"}
{"time":"2026-07-23 19:49:33,289","level":"INFO","node":0,"msg":"Checkpoint saved to C:\Users\mousu\OneDrive\Desktop\Set A\securefedhe\dashboard\model_latest.pt"}
{"time":"2026-07-23 19:49:33,289","level":"INFO","node":0,"msg":"Round 4 complete | accuracy=0.8182 | duration=24.17s"}
{"time":"2026-07-23 19:49:33,793","level":"INFO","node":0,"msg":"Starting round 5"}
{"time":"2026-07-23 19:49:33,832","level":"INFO","node":0,"msg":"[FC2 DELTA NORM] node 0 round=4 — fc2 delta norm this round: 0.0532"}
{"time":"2026-07-23 19:49:40,018","level":"INFO","node":0,"msg":"[TIMING] node 0 round=4 ZKP proof generation took 6.16s"}
{"time":"2026-07-23 19:49:40,018","level":"INFO","node":0,"msg":"[TIMING] node 0 round=4 HE encryption took 0.00s"}
{"time":"2026-07-23 19:49:40,037","level":"INFO","node":0,"msg":"Forwarded to http://127.0.0.1:8001"}
{"time":"2026-07-23 19:49:51,057","level":"INFO","node":0,"msg":"Consensus vote recorded: node 1 decision=False reason=wrong_round round=4 new=True satisfied=True"}
{"time":"2026-07-23 19:49:57,160","level":"INFO","node":0,"msg":"Received update from node 1, round 4"}
{"time":"2026-07-23 19:49:57,160","level":"INFO","node":0,"msg":"Round 5 complete — aggregating"}
{"time":"2026-07-23 19:49:57,167","level":"INFO","node":0,"msg":"Round 5 accuracy gate skipped (warm-up period, candidate_acc=0.8364)"}
{"time":"2026-07-23 19:49:57,178","level":"INFO","node":0,"msg":"Checkpoint saved to C:\Users\mousu\OneDrive\Desktop\Set A\securefedhe\dashboard\model_latest.pt"}
{"time":"2026-07-23 19:49:57,178","level":"INFO","node":0,"msg":"Round 5 complete | accuracy=0.8364 | duration=23.38s"}
{"time":"2026-07-23 19:49:57,690","level":"INFO","node":0,"msg":"Starting round 6"}
{"time":"2026-07-23 19:49:57,710","level":"INFO","node":0,"msg":"[FC2 DELTA NORM] node 0 round=5 — fc2 delta norm this round: 0.0542"}
{"time":"2026-07-23 19:50:03,865","level":"INFO","node":0,"msg":"[TIMING] node 0 round=5 ZKP proof generation took 6.13s"}
{"time":"2026-07-23 19:50:03,865","level":"INFO","node":0,"msg":"[TIMING] node 0 round=5 HE encryption took 0.00s"}
{"time":"2026-07-23 19:50:03,883","level":"INFO","node":0,"msg":"Forwarded to http://127.0.0.1:8001"}
{"time":"2026-07-23 19:50:15,008","level":"INFO","node":0,"msg":"Consensus vote recorded: node 1 decision=False reason=wrong_round round=5 new=True satisfied=True"}
{"time":"2026-07-23 19:50:21,258","level":"INFO","node":0,"msg":"Received update from node 1, round 5"}
{"time":"2026-07-23 19:50:21,258","level":"INFO","node":0,"msg":"Round 6 complete — aggregating"}
{"time":"2026-07-23 19:50:21,325","level":"INFO","node":0,"msg":"[BACKDOOR PROBE] Round 6 clean — worst case flip_rate=1.000 jump=0.191 (feature=1, value=-4.0)"}
{"time":"2026-07-23 19:50:21,329","level":"INFO","node":0,"msg":"Checkpoint saved to C:\Users\mousu\OneDrive\Desktop\Set A\securefedhe\dashboard\model_latest.pt"}
{"time":"2026-07-23 19:50:21,329","level":"INFO","node":0,"msg":"Round 6 complete | accuracy=0.8364 | duration=23.64s"}
{"time":"2026-07-23 19:50:21,839","level":"INFO","node":0,"msg":"Starting round 7"}
{"time":"2026-07-23 19:50:21,873","level":"INFO","node":0,"msg":"[FC2 DELTA NORM] node 0 round=6 — fc2 delta norm this round: 0.0529"}
{"time":"2026-07-23 19:50:27,950","level":"INFO","node":0,"msg":"[TIMING] node 0 round=6 ZKP proof generation took 6.07s"}
{"time":"2026-07-23 19:50:27,950","level":"INFO","node":0,"msg":"[TIMING] node 0 round=6 HE encryption took 0.00s"}
{"time":"2026-07-23 19:50:27,950","level":"INFO","node":0,"msg":"Forwarded to http://127.0.0.1:8001"}
{"time":"2026-07-23 19:50:53,175","level":"INFO","node":0,"msg":"Consensus vote recorded: node 1 decision=False reason=wrong_round round=6 new=True satisfied=True"}
{"time":"2026-07-23 19:51:13,271","level":"INFO","node":0,"msg":"Received update from node 1, round 6"}
{"time":"2026-07-23 19:51:13,287","level":"INFO","node":0,"msg":"Round 7 complete — aggregating"}
{"time":"2026-07-23 19:51:13,387","level":"INFO","node":0,"msg":"[BACKDOOR PROBE] Round 7 clean — worst case flip_rate=1.000 jump=0.173 (feature=1, value=-4.0)"}
{"time":"2026-07-23 19:51:13,402","level":"INFO","node":0,"msg":"Checkpoint saved to C:\Users\mousu\OneDrive\Desktop\Set A\securefedhe\dashboard\model_latest.pt"}
{"time":"2026-07-23 19:51:13,402","level":"INFO","node":0,"msg":"Round 7 complete | accuracy=0.8182 | duration=51.56s"}
{"time":"2026-07-23 19:51:13,909","level":"INFO","node":0,"msg":"Starting round 8"}
{"time":"2026-07-23 19:51:13,967","level":"INFO","node":0,"msg":"[FC2 DELTA NORM] node 0 round=7 — fc2 delta norm this round: 0.0533"}
{"time":"2026-07-23 19:51:33,081","level":"INFO","node":0,"msg":"[TIMING] node 0 round=7 ZKP proof generation took 19.09s"}
{"time":"2026-07-23 19:51:33,081","level":"INFO","node":0,"msg":"[TIMING] node 0 round=7 HE encryption took 0.00s"}
{"time":"2026-07-23 19:51:33,097","level":"INFO","node":0,"msg":"Forwarded to http://127.0.0.1:8001"}
{"time":"2026-07-23 19:52:04,047","level":"INFO","node":0,"msg":"Consensus vote recorded: node 1 decision=False reason=wrong_round round=7 new=True satisfied=True"}
{"time":"2026-07-23 19:52:23,828","level":"INFO","node":0,"msg":"Received update from node 1, round 7"}
{"time":"2026-07-23 19:52:23,828","level":"INFO","node":0,"msg":"Round 8 complete — aggregating"}
{"time":"2026-07-23 19:52:23,934","level":"INFO","node":0,"msg":"[BACKDOOR PROBE] Round 8 clean — worst case flip_rate=1.000 jump=0.218 (feature=1, value=-4.0)"}
{"time":"2026-07-23 19:52:23,934","level":"INFO","node":0,"msg":"Checkpoint saved to C:\Users\mousu\OneDrive\Desktop\Set A\securefedhe\dashboard\model_latest.pt"}
{"time":"2026-07-23 19:52:23,934","level":"INFO","node":0,"msg":"Round 8 complete | accuracy=0.8455 | duration=70.02s"}
{"time":"2026-07-23 19:52:24,465","level":"INFO","node":0,"msg":"Starting round 9"}
{"time":"2026-07-23 19:52:24,526","level":"INFO","node":0,"msg":"[FC2 DELTA NORM] node 0 round=8 — fc2 delta norm this round: 0.0531"}
{"time":"2026-07-23 19:52:43,954","level":"INFO","node":0,"msg":"[TIMING] node 0 round=8 ZKP proof generation took 19.40s"}
{"time":"2026-07-23 19:52:43,954","level":"INFO","node":0,"msg":"[TIMING] node 0 round=8 HE encryption took 0.00s"}
{"time":"2026-07-23 19:52:43,971","level":"INFO","node":0,"msg":"Forwarded to http://127.0.0.1:8001"}
{"time":"2026-07-23 19:53:13,802","level":"INFO","node":0,"msg":"Consensus vote recorded: node 1 decision=False reason=wrong_round round=8 new=True satisfied=True"}
{"time":"2026-07-23 19:53:33,312","level":"INFO","node":0,"msg":"Received update from node 1, round 8"}
{"time":"2026-07-23 19:53:33,314","level":"INFO","node":0,"msg":"Round 9 complete — aggregating"}
{"time":"2026-07-23 19:53:33,408","level":"INFO","node":0,"msg":"[BACKDOOR PROBE] Round 9 clean — worst case flip_rate=1.000 jump=0.191 (feature=1, value=-4.0)"}
{"time":"2026-07-23 19:53:33,424","level":"INFO","node":0,"msg":"Checkpoint saved to C:\Users\mousu\OneDrive\Desktop\Set A\securefedhe\dashboard\model_latest.pt"}
{"time":"2026-07-23 19:53:33,424","level":"INFO","node":0,"msg":"Round 9 complete | accuracy=0.8182 | duration=68.96s"}
{"time":"2026-07-23 19:53:33,943","level":"INFO","node":0,"msg":"Starting round 10"}
{"time":"2026-07-23 19:53:34,006","level":"INFO","node":0,"msg":"[FC2 DELTA NORM] node 0 round=9 — fc2 delta norm this round: 0.0520"}
{"time":"2026-07-23 19:53:53,387","level":"INFO","node":0,"msg":"[TIMING] node 0 round=9 ZKP proof generation took 19.38s"}
{"time":"2026-07-23 19:53:53,387","level":"INFO","node":0,"msg":"[TIMING] node 0 round=9 HE encryption took 0.00s"}
{"time":"2026-07-23 19:53:53,401","level":"INFO","node":0,"msg":"Forwarded to http://127.0.0.1:8001"}
{"time":"2026-07-23 19:54:24,174","level":"INFO","node":0,"msg":"Consensus vote recorded: node 1 decision=False reason=wrong_round round=9 new=True satisfied=True"}
{"time":"2026-07-23 19:54:43,686","level":"INFO","node":0,"msg":"Received update from node 1, round 9"}
{"time":"2026-07-23 19:54:43,686","level":"INFO","node":0,"msg":"Round 10 complete — aggregating"}
{"time":"2026-07-23 19:54:43,787","level":"INFO","node":0,"msg":"[BACKDOOR PROBE] Round 10 clean — worst case flip_rate=1.000 jump=0.255 (feature=1, value=-4.0)"}
{"time":"2026-07-23 19:54:43,803","level":"INFO","node":0,"msg":"Checkpoint saved to C:\Users\mousu\OneDrive\Desktop\Set A\securefedhe\dashboard\model_latest.pt"}
{"time":"2026-07-23 19:54:43,811","level":"INFO","node":0,"msg":"Round 10 complete | accuracy=0.8636 | duration=69.87s"}
{"time":"2026-07-23 19:54:44,319","level":"INFO","node":0,"msg":"Starting round 11"}
{"time":"2026-07-23 19:54:44,370","level":"INFO","node":0,"msg":"[FC2 DELTA NORM] node 0 round=10 — fc2 delta norm this round: 0.0539"}
{"time":"2026-07-23 19:55:03,575","level":"INFO","node":0,"msg":"[TIMING] node 0 round=10 ZKP proof generation took 19.19s"}
{"time":"2026-07-23 19:55:03,575","level":"INFO","node":0,"msg":"[TIMING] node 0 round=10 HE encryption took 0.00s"}
{"time":"2026-07-23 19:55:03,591","level":"INFO","node":0,"msg":"Forwarded to http://127.0.0.1:8001"}
{"time":"2026-07-23 19:55:34,032","level":"INFO","node":0,"msg":"Consensus vote recorded: node 1 decision=False reason=wrong_round round=10 new=True satisfied=True"}
{"time":"2026-07-23 19:55:54,110","level":"INFO","node":0,"msg":"Received update from node 1, round 10"}
{"time":"2026-07-23 19:55:54,110","level":"INFO","node":0,"msg":"Round 11 complete — aggregating"}
{"time":"2026-07-23 19:55:54,222","level":"INFO","node":0,"msg":"[BACKDOOR PROBE] Round 11 clean — worst case flip_rate=1.000 jump=0.200 (feature=1, value=-4.0)"}
{"time":"2026-07-23 19:55:54,236","level":"INFO","node":0,"msg":"Checkpoint saved to C:\Users\mousu\OneDrive\Desktop\Set A\securefedhe\dashboard\model_latest.pt"}
{"time":"2026-07-23 19:55:54,236","level":"INFO","node":0,"msg":"Round 11 complete | accuracy=0.8091 | duration=69.92s"}
{"time":"2026-07-23 19:55:54,752","level":"INFO","node":0,"msg":"Starting round 12"}
{"time":"2026-07-23 19:55:54,806","level":"INFO","node":0,"msg":"[FC2 DELTA NORM] node 0 round=11 — fc2 delta norm this round: 0.0546"}
{"time":"2026-07-23 19:56:14,589","level":"INFO","node":0,"msg":"[TIMING] node 0 round=11 ZKP proof generation took 19.77s"}
{"time":"2026-07-23 19:56:14,605","level":"INFO","node":0,"msg":"[TIMING] node 0 round=11 HE encryption took 0.02s"}
{"time":"2026-07-23 19:56:14,605","level":"INFO","node":0,"msg":"Forwarded to http://127.0.0.1:8001"}
{"time":"2026-07-23 19:56:45,208","level":"INFO","node":0,"msg":"Consensus vote recorded: node 1 decision=False reason=wrong_round round=11 new=True satisfied=True"}
{"time":"2026-07-23 19:57:04,708","level":"INFO","node":0,"msg":"Received update from node 1, round 11"}
{"time":"2026-07-23 19:57:04,710","level":"INFO","node":0,"msg":"Round 12 complete — aggregating"}
{"time":"2026-07-23 19:57:04,821","level":"INFO","node":0,"msg":"[BACKDOOR PROBE] Round 12 clean — worst case flip_rate=1.000 jump=0.173 (feature=1, value=-4.0)"}
{"time":"2026-07-23 19:57:04,821","level":"INFO","node":0,"msg":"Checkpoint saved to C:\Users\mousu\OneDrive\Desktop\Set A\securefedhe\dashboard\model_latest.pt"}
{"time":"2026-07-23 19:57:04,836","level":"INFO","node":0,"msg":"Round 12 complete | accuracy=0.8000 | duration=70.08s"}
{"time":"2026-07-23 19:57:05,348","level":"INFO","node":0,"msg":"Starting round 13"}
{"time":"2026-07-23 19:57:05,412","level":"INFO","node":0,"msg":"[FC2 DELTA NORM] node 0 round=12 — fc2 delta norm this round: 0.0530"}
{"time":"2026-07-23 19:57:24,735","level":"INFO","node":0,"msg":"[TIMING] node 0 round=12 ZKP proof generation took 19.30s"}
{"time":"2026-07-23 19:57:24,790","level":"INFO","node":0,"msg":"[TIMING] node 0 round=12 HE encryption took 0.05s"}
{"time":"2026-07-23 19:57:24,790","level":"INFO","node":0,"msg":"Forwarded to http://127.0.0.1:8001"}
{"time":"2026-07-23 19:57:56,201","level":"INFO","node":0,"msg":"Consensus vote recorded: node 1 decision=False reason=wrong_round round=12 new=True satisfied=True"}
{"time":"2026-07-23 19:58:15,417","level":"INFO","node":0,"msg":"Received update from node 1, round 12"}
{"time":"2026-07-23 19:58:15,417","level":"INFO","node":0,"msg":"Round 13 complete — aggregating"}
{"time":"2026-07-23 19:58:15,519","level":"INFO","node":0,"msg":"[BACKDOOR PROBE] Round 13 clean — worst case flip_rate=1.000 jump=0.200 (feature=1, value=-4.0)"}
{"time":"2026-07-23 19:58:15,535","level":"INFO","node":0,"msg":"Checkpoint saved to C:\Users\mousu\OneDrive\Desktop\Set A\securefedhe\dashboard\model_latest.pt"}
{"time":"2026-07-23 19:58:15,535","level":"INFO","node":0,"msg":"Round 13 complete | accuracy=0.8273 | duration=70.19s"}
{"time":"2026-07-23 19:58:16,058","level":"INFO","node":0,"msg":"Starting round 14"}
{"time":"2026-07-23 19:58:16,126","level":"INFO","node":0,"msg":"[FC2 DELTA NORM] node 0 round=13 — fc2 delta norm this round: 0.0501"}
{"time":"2026-07-23 19:58:36,157","level":"INFO","node":0,"msg":"[TIMING] node 0 round=13 ZKP proof generation took 20.02s"}
{"time":"2026-07-23 19:58:36,159","level":"INFO","node":0,"msg":"[TIMING] node 0 round=13 HE encryption took 0.00s"}
{"time":"2026-07-23 19:58:36,174","level":"INFO","node":0,"msg":"Forwarded to http://127.0.0.1:8001"}
{"time":"2026-07-23 20:02:04,311","level":"INFO","node":0,"msg":"Received update from node 3, round 2"}
{"time":"2026-07-23 20:02:24,102","level":"INFO","node":0,"msg":"Received update from node 3, round 13"}
{"time":"2026-07-23 20:02:24,118","level":"INFO","node":0,"msg":"Round 14 complete — aggregating"}
{"time":"2026-07-23 20:02:34,479","level":"INFO","node":0,"msg":"ZKP ACCEPTED from node 3"}
{"time":"2026-07-23 20:02:34,542","level":"WARNING","node":0,"msg":"[BACKDOOR PROBE] Round 14 SUSPICIOUS: feature=1 value=5.0 forces class=1 flip_rate=1.000 jump=0.564 (thresholds: flip>0.7, jump>0.3)"}
{"time":"2026-07-23 20:02:34,556","level":"INFO","node":0,"msg":"Checkpoint saved to C:\Users\mousu\OneDrive\Desktop\Set A\securefedhe\dashboard\model_latest.pt"}
{"time":"2026-07-23 20:02:34,556","level":"INFO","node":0,"msg":"Round 14 complete | accuracy=0.7909 | duration=258.50s"}
{"time":"2026-07-23 20:02:35,064","level":"INFO","node":0,"msg":"Starting round 15"}
{"time":"2026-07-23 20:02:35,130","level":"INFO","node":0,"msg":"[FC2 DELTA NORM] node 0 round=14 — fc2 delta norm this round: 0.0489"}
{"time":"2026-07-23 20:02:35,672","level":"WARNING","node":0,"msg":"No stored proposal for round=2 origin=1 — voting using fallback hash, may not match other peers"}
{"time":"2026-07-23 20:02:35,686","level":"INFO","node":0,"msg":"fc_in col7 delta self-cosine for node 1: -0.6929 (delta_norm=0.2437)"}
{"time":"2026-07-23 20:02:37,069","level":"INFO","node":0,"msg":"Trust score for node 1: S=0.000 (Z=1.00 A=0.00 P=0.28 R=0.80) advisory only"}
{"time":"2026-07-23 20:02:48,444","level":"INFO","node":0,"msg":"[FC2 DELTA NORM] node 0 round=2 — fc2 delta norm this round: 0.0371"}
{"time":"2026-07-23 20:03:02,726","level":"INFO","node":0,"msg":"[TIMING] node 0 round=14 ZKP proof generation took 27.59s"}
{"time":"2026-07-23 20:03:02,740","level":"INFO","node":0,"msg":"[TIMING] node 0 round=14 HE encryption took 0.00s"}
{"time":"2026-07-23 20:03:02,833","level":"INFO","node":0,"msg":"Forwarded to http://127.0.0.1:8001"}
{"time":"2026-07-23 20:03:17,527","level":"INFO","node":0,"msg":"[TIMING] node 0 round=2 ZKP proof generation (voter) took 29.02s"}
{"time":"2026-07-23 20:03:17,527","level":"INFO","node":0,"msg":"[TIMING] node 0 round=2 HE encryption (voter) took 0.00s"}
{"time":"2026-07-23 20:03:17,670","level":"INFO","node":0,"msg":"Forwarded to http://127.0.0.1:8001"}
{"time":"2026-07-23 20:06:45,214","level":"INFO","node":0,"msg":"Received update from node 3, round 3"}
{"time":"2026-07-23 20:07:05,301","level":"INFO","node":0,"msg":"Received update from node 3, round 14"}
{"time":"2026-07-23 20:07:05,317","level":"INFO","node":0,"msg":"Round 15 complete — aggregating"}
{"time":"2026-07-23 20:07:16,734","level":"INFO","node":0,"msg":"ZKP ACCEPTED from node 3"}
{"time":"2026-07-23 20:07:16,811","level":"WARNING","node":0,"msg":"[BACKDOOR PROBE] Round 15 SUSPICIOUS: feature=0 value=4.0 forces class=1 flip_rate=1.000 jump=0.545 (thresholds: flip>0.7, jump>0.3)"}
{"time":"2026-07-23 20:07:16,825","level":"INFO","node":0,"msg":"Checkpoint saved to C:\Users\mousu\OneDrive\Desktop\Set A\securefedhe\dashboard\model_latest.pt"}
{"time":"2026-07-23 20:07:16,827","level":"INFO","node":0,"msg":"Round 15 complete | accuracy=0.7727 | duration=281.76s"}
{"time":"2026-07-23 20:07:17,332","level":"INFO","node":0,"msg":"Starting round 16"}
{"time":"2026-07-23 20:07:17,398","level":"INFO","node":0,"msg":"[FC2 DELTA NORM] node 0 round=15 — fc2 delta norm this round: 0.0462"}
{"time":"2026-07-23 20:07:18,200","level":"WARNING","node":0,"msg":"No stored proposal for round=3 origin=1 — voting using fallback hash, may not match other peers"}
{"time":"2026-07-23 20:07:18,215","level":"INFO","node":0,"msg":"fc_in col7 delta self-cosine for node 1: -0.1222 (delta_norm=0.1448)"}
{"time":"2026-07-23 20:07:18,978","level":"INFO","node":0,"msg":"Per-class agreement with node 1: class0=0.950 class1=0.930 gap=0.020"}
{"time":"2026-07-23 20:07:19,010","level":"INFO","node":0,"msg":"Per-class rolling gap for node 1: mean=0.020 over last 1 round(s)"}
{"time":"2026-07-23 20:07:19,564","level":"INFO","node":0,"msg":"Trust score for node 1: S=0.729 (Z=1.00 A=0.94 P=0.35 R=0.80) advisory only"}
{"time":"2026-07-23 20:07:29,610","level":"INFO","node":0,"msg":"[FC2 DELTA NORM] node 0 round=3 — fc2 delta norm this round: 0.0428"}
{"time":"2026-07-23 20:07:43,518","level":"INFO","node":0,"msg":"[TIMING] node 0 round=15 ZKP proof generation took 26.11s"}
{"time":"2026-07-23 20:07:43,533","level":"INFO","node":0,"msg":"[TIMING] node 0 round=15 HE encryption took 0.00s"}
{"time":"2026-07-23 20:07:43,676","level":"INFO","node":0,"msg":"Forwarded to http://127.0.0.1:8001"}
{"time":"2026-07-23 20:07:56,676","level":"INFO","node":0,"msg":"[TIMING] node 0 round=3 ZKP proof generation (voter) took 26.94s"}
{"time":"2026-07-23 20:07:56,676","level":"INFO","node":0,"msg":"[TIMING] node 0 round=3 HE encryption (voter) took 0.00s"}
{"time":"2026-07-23 20:07:56,772","level":"INFO","node":0,"msg":"Forwarded to http://127.0.0.1:8001"}
{"time":"2026-07-23 20:11:09,537","level":"INFO","node":0,"msg":"Received update from node 3, round 4"}
{"time":"2026-07-23 20:11:29,437","level":"INFO","node":0,"msg":"Received update from node 3, round 15"}
{"time":"2026-07-23 20:11:29,501","level":"INFO","node":0,"msg":"Round 16 complete — aggregating"}
{"time":"2026-07-23 20:11:40,691","level":"INFO","node":0,"msg":"ZKP ACCEPTED from node 3"}
{"time":"2026-07-23 20:11:40,755","level":"WARNING","node":0,"msg":"[BACKDOOR PROBE] Round 16 SUSPICIOUS: feature=0 value=5.0 forces class=1 flip_rate=1.000 jump=0.582 (thresholds: flip>0.7, jump>0.3)"}
{"time":"2026-07-23 20:11:40,771","level":"INFO","node":0,"msg":"Checkpoint saved to C:\Users\mousu\OneDrive\Desktop\Set A\securefedhe\dashboard\model_latest.pt"}
{"time":"2026-07-23 20:11:40,771","level":"INFO","node":0,"msg":"Round 16 complete | accuracy=0.8273 | duration=263.43s"}
{"time":"2026-07-23 20:11:41,297","level":"INFO","node":0,"msg":"Starting round 17"}
{"time":"2026-07-23 20:11:41,360","level":"INFO","node":0,"msg":"[FC2 DELTA NORM] node 0 round=16 — fc2 delta norm this round: 0.0478"}
{"time":"2026-07-23 20:11:42,188","level":"WARNING","node":0,"msg":"No stored proposal for round=4 origin=1 — voting using fallback hash, may not match other peers"}
{"time":"2026-07-23 20:11:42,252","level":"INFO","node":0,"msg":"fc_in col7 delta self-cosine for node 1: -0.1008 (delta_norm=0.1310)"}
{"time":"2026-07-23 20:11:43,145","level":"INFO","node":0,"msg":"Per-class agreement with node 1: class0=0.945 class1=0.971 gap=0.025"}
{"time":"2026-07-23 20:11:43,208","level":"INFO","node":0,"msg":"Per-class rolling gap for node 1: mean=0.023 over last 2 round(s)"}
{"time":"2026-07-23 20:11:43,891","level":"INFO","node":0,"msg":"Trust score for node 1: S=0.747 (Z=1.00 A=0.95 P=0.39 R=0.80) advisory only"}
{"time":"2026-07-23 20:11:57,273","level":"INFO","node":0,"msg":"[FC2 DELTA NORM] node 0 round=4 — fc2 delta norm this round: 0.0476"}
{"time":"2026-07-23 20:12:03,062","level":"INFO","node":0,"msg":"[TIMING] node 0 round=16 ZKP proof generation took 21.69s"}
{"time":"2026-07-23 20:12:03,078","level":"INFO","node":0,"msg":"[TIMING] node 0 round=16 HE encryption took 0.00s"}
{"time":"2026-07-23 20:12:03,269","level":"INFO","node":0,"msg":"Forwarded to http://127.0.0.1:8001"}
{"time":"2026-07-23 20:12:20,407","level":"INFO","node":0,"msg":"[TIMING] node 0 round=4 ZKP proof generation (voter) took 22.97s"}
{"time":"2026-07-23 20:12:20,407","level":"INFO","node":0,"msg":"[TIMING] node 0 round=4 HE encryption (voter) took 0.00s"}
{"time":"2026-07-23 20:12:20,471","level":"INFO","node":0,"msg":"Forwarded to http://127.0.0.1:8001"}
{"time":"2026-07-23 20:15:28,997","level":"INFO","node":0,"msg":"Received update from node 3, round 5"}
{"time":"2026-07-23 20:15:49,179","level":"INFO","node":0,"msg":"Received update from node 3, round 16"}
{"time":"2026-07-23 20:15:49,227","level":"INFO","node":0,"msg":"Round 17 complete — aggregating"}
{"time":"2026-07-23 20:16:00,227","level":"INFO","node":0,"msg":"ZKP ACCEPTED from node 3"}
{"time":"2026-07-23 20:16:00,306","level":"WARNING","node":0,"msg":"[BACKDOOR PROBE] Round 17 SUSPICIOUS: feature=0 value=5.0 forces class=1 flip_rate=1.000 jump=0.564 (thresholds: flip>0.7, jump>0.3)"}
{"time":"2026-07-23 20:16:00,322","level":"INFO","node":0,"msg":"Checkpoint saved to C:\Users\mousu\OneDrive\Desktop\Set A\securefedhe\dashboard\model_latest.pt"}
{"time":"2026-07-23 20:16:00,322","level":"INFO","node":0,"msg":"Round 17 complete | accuracy=0.8091 | duration=259.03s"}
{"time":"2026-07-23 20:16:00,833","level":"INFO","node":0,"msg":"Starting round 18"}
{"time":"2026-07-23 20:16:00,897","level":"INFO","node":0,"msg":"[FC2 DELTA NORM] node 0 round=17 — fc2 delta norm this round: 0.0488"}
{"time":"2026-07-23 20:16:01,645","level":"WARNING","node":0,"msg":"No stored proposal for round=5 origin=1 — voting using fallback hash, may not match other peers"}
{"time":"2026-07-23 20:16:01,677","level":"INFO","node":0,"msg":"fc_in col7 delta self-cosine for node 1: -0.2737 (delta_norm=0.1266)"}
{"time":"2026-07-23 20:16:02,409","level":"INFO","node":0,"msg":"Per-class agreement with node 1: class0=0.980 class1=0.970 gap=0.010"}
{"time":"2026-07-23 20:16:02,441","level":"INFO","node":0,"msg":"Per-class rolling gap for node 1: mean=0.018 over last 3 round(s)"}
{"time":"2026-07-23 20:16:03,253","level":"INFO","node":0,"msg":"Trust score for node 1: S=0.796 (Z=1.00 A=0.98 P=0.50 R=0.80) advisory only"}
{"time":"2026-07-23 20:16:13,490","level":"INFO","node":0,"msg":"[FC2 DELTA NORM] node 0 round=5 — fc2 delta norm this round: 0.0418"}
{"time":"2026-07-23 20:16:25,548","level":"INFO","node":0,"msg":"[TIMING] node 0 round=17 ZKP proof generation took 24.64s"}
{"time":"2026-07-23 20:16:25,565","level":"INFO","node":0,"msg":"[TIMING] node 0 round=17 HE encryption took 0.00s"}
{"time":"2026-07-23 20:16:25,836","level":"INFO","node":0,"msg":"Forwarded to http://127.0.0.1:8001"}
{"time":"2026-07-23 20:16:38,875","level":"INFO","node":0,"msg":"[TIMING] node 0 round=5 ZKP proof generation (voter) took 25.30s"}
{"time":"2026-07-23 20:16:38,875","level":"INFO","node":0,"msg":"[TIMING] node 0 round=5 HE encryption (voter) took 0.00s"}
{"time":"2026-07-23 20:16:38,955","level":"INFO","node":0,"msg":"Forwarded to http://127.0.0.1:8001"}
{"time":"2026-07-23 20:19:52,506","level":"INFO","node":0,"msg":"Received update from node 3, round 6"}
{"time":"2026-07-23 20:20:12,329","level":"INFO","node":0,"msg":"Received update from node 3, round 17"}
{"time":"2026-07-23 20:20:12,345","level":"INFO","node":0,"msg":"Round 18 complete — aggregating"}
{"time":"2026-07-23 20:20:23,675","level":"INFO","node":0,"msg":"ZKP ACCEPTED from node 3"}
{"time":"2026-07-23 20:20:23,739","level":"WARNING","node":0,"msg":"[BACKDOOR PROBE] Round 18 SUSPICIOUS: feature=0 value=4.0 forces class=1 flip_rate=1.000 jump=0.582 (thresholds: flip>0.7, jump>0.3)"}
{"time":"2026-07-23 20:20:23,755","level":"INFO","node":0,"msg":"Checkpoint saved to C:\Users\mousu\OneDrive\Desktop\Set A\securefedhe\dashboard\model_latest.pt"}
{"time":"2026-07-23 20:20:23,755","level":"INFO","node":0,"msg":"Round 18 complete | accuracy=0.8091 | duration=262.92s"}
{"time":"2026-07-23 20:20:24,280","level":"INFO","node":0,"msg":"Starting round 19"}
{"time":"2026-07-23 20:20:24,344","level":"INFO","node":0,"msg":"[FC2 DELTA NORM] node 0 round=18 — fc2 delta norm this round: 0.0483"}
{"time":"2026-07-23 20:20:25,126","level":"WARNING","node":0,"msg":"No stored proposal for round=6 origin=1 — voting using fallback hash, may not match other peers"}
{"time":"2026-07-23 20:20:25,142","level":"INFO","node":0,"msg":"fc_in col7 delta self-cosine for node 1: -0.4679 (delta_norm=0.1114)"}
{"time":"2026-07-23 20:20:26,065","level":"INFO","node":0,"msg":"Per-class agreement with node 1: class0=0.966 class1=0.963 gap=0.004"}
{"time":"2026-07-23 20:20:26,113","level":"INFO","node":0,"msg":"Per-class rolling gap for node 1: mean=0.015 over last 4 round(s)"}
{"time":"2026-07-23 20:20:26,780","level":"INFO","node":0,"msg":"Trust score for node 1: S=0.771 (Z=1.00 A=0.97 P=0.45 R=0.80) advisory only"}
{"time":"2026-07-23 20:20:37,748","level":"INFO","node":0,"msg":"[FC2 DELTA NORM] node 0 round=6 — fc2 delta norm this round: 0.0415"}
{"time":"2026-07-23 20:20:48,393","level":"INFO","node":0,"msg":"[TIMING] node 0 round=18 ZKP proof generation took 24.03s"}
{"time":"2026-07-23 20:20:48,424","level":"INFO","node":0,"msg":"[TIMING] node 0 round=18 HE encryption took 0.00s"}
{"time":"2026-07-23 20:20:48,663","level":"INFO","node":0,"msg":"Forwarded to http://127.0.0.1:8001"}
{"time":"2026-07-23 20:21:02,410","level":"INFO","node":0,"msg":"[TIMING] node 0 round=6 ZKP proof generation (voter) took 24.58s"}
{"time":"2026-07-23 20:21:02,410","level":"INFO","node":0,"msg":"[TIMING] node 0 round=6 HE encryption (voter) took 0.00s"}
{"time":"2026-07-23 20:21:02,505","level":"INFO","node":0,"msg":"Forwarded to http://127.0.0.1:8001"}
{"time":"2026-07-23 20:24:16,079","level":"INFO","node":0,"msg":"Received update from node 3, round 7"}
{"time":"2026-07-23 20:24:35,819","level":"INFO","node":0,"msg":"Received update from node 3, round 18"}
{"time":"2026-07-23 20:24:35,835","level":"INFO","node":0,"msg":"Round 19 complete — aggregating"}
{"time":"2026-07-23 20:24:47,373","level":"INFO","node":0,"msg":"ZKP ACCEPTED from node 3"}
{"time":"2026-07-23 20:24:47,453","level":"WARNING","node":0,"msg":"[BACKDOOR PROBE] Round 19 SUSPICIOUS: feature=0 value=6.0 forces class=1 flip_rate=1.000 jump=0.591 (thresholds: flip>0.7, jump>0.3)"}
{"time":"2026-07-23 20:24:47,469","level":"INFO","node":0,"msg":"Checkpoint saved to C:\Users\mousu\OneDrive\Desktop\Set A\securefedhe\dashboard\model_latest.pt"}
{"time":"2026-07-23 20:24:47,469","level":"INFO","node":0,"msg":"Round 19 complete | accuracy=0.8182 | duration=263.19s"}
{"time":"2026-07-23 20:24:47,978","level":"INFO","node":0,"msg":"Starting round 20"}
{"time":"2026-07-23 20:24:48,042","level":"INFO","node":0,"msg":"[FC2 DELTA NORM] node 0 round=19 — fc2 delta norm this round: 0.0521"}
{"time":"2026-07-23 20:24:48,951","level":"WARNING","node":0,"msg":"No stored proposal for round=7 origin=1 — voting using fallback hash, may not match other peers"}
{"time":"2026-07-23 20:24:48,983","level":"INFO","node":0,"msg":"fc_in col7 delta self-cosine for node 1: -0.2536 (delta_norm=0.1215)"}
{"time":"2026-07-23 20:24:49,745","level":"INFO","node":0,"msg":"Per-class agreement with node 1: class0=0.949 class1=0.945 gap=0.004"}
{"time":"2026-07-23 20:24:49,777","level":"INFO","node":0,"msg":"Per-class rolling gap for node 1: mean=0.011 over last 4 round(s)"}
{"time":"2026-07-23 20:24:50,543","level":"INFO","node":0,"msg":"Trust score for node 1: S=0.747 (Z=1.00 A=0.95 P=0.41 R=0.80) advisory only"}
{"time":"2026-07-23 20:25:00,332","level":"INFO","node":0,"msg":"[FC2 DELTA NORM] node 0 round=7 — fc2 delta norm this round: 0.0482"}
{"time":"2026-07-23 20:25:13,297","level":"INFO","node":0,"msg":"[TIMING] node 0 round=19 ZKP proof generation took 25.24s"}
{"time":"2026-07-23 20:25:13,329","level":"INFO","node":0,"msg":"[TIMING] node 0 round=19 HE encryption took 0.00s"}
{"time":"2026-07-23 20:25:13,599","level":"INFO","node":0,"msg":"Forwarded to http://127.0.0.1:8001"}
{"time":"2026-07-23 20:25:26,715","level":"INFO","node":0,"msg":"[TIMING] node 0 round=7 ZKP proof generation (voter) took 26.25s"}
{"time":"2026-07-23 20:25:26,715","level":"INFO","node":0,"msg":"[TIMING] node 0 round=7 HE encryption (voter) took 0.00s"}
{"time":"2026-07-23 20:25:26,763","level":"INFO","node":0,"msg":"Forwarded to http://127.0.0.1:8001"}
{"time":"2026-07-23 20:28:38,626","level":"INFO","node":0,"msg":"Received update from node 3, round 8"}
{"time":"2026-07-23 20:28:58,353","level":"INFO","node":0,"msg":"Received update from node 3, round 19"}
{"time":"2026-07-23 20:28:58,385","level":"INFO","node":0,"msg":"Round 20 complete — aggregating"}
{"time":"2026-07-23 20:29:10,298","level":"INFO","node":0,"msg":"ZKP ACCEPTED from node 3"}
{"time":"2026-07-23 20:29:10,368","level":"WARNING","node":0,"msg":"[BACKDOOR PROBE] Round 20 SUSPICIOUS: feature=0 value=5.0 forces class=1 flip_rate=1.000 jump=0.555 (thresholds: flip>0.7, jump>0.3)"}
{"time":"2026-07-23 20:29:10,378","level":"INFO","node":0,"msg":"Checkpoint saved to C:\Users\mousu\OneDrive\Desktop\Set A\securefedhe\dashboard\model_latest.pt"}
{"time":"2026-07-23 20:29:10,378","level":"INFO","node":0,"msg":"Round 20 complete | accuracy=0.8000 | duration=262.40s"}
{"time":"2026-07-23 20:29:10,388","level":"INFO","node":0,"msg":"Training complete after 20 rounds"}
{"time":"2026-07-23 20:29:11,571","level":"WARNING","node":0,"msg":"No stored proposal for round=8 origin=1 — voting using fallback hash, may not match other peers"}
{"time":"2026-07-23 20:29:11,572","level":"INFO","node":0,"msg":"fc_in col7 delta self-cosine for node 1: -0.3516 (delta_norm=0.1198)"}
{"time":"2026-07-23 20:29:11,578","level":"INFO","node":0,"msg":"Per-class agreement with node 1: class0=0.971 class1=0.959 gap=0.013"}
{"time":"2026-07-23 20:29:11,578","level":"INFO","node":0,"msg":"Per-class rolling gap for node 1: mean=0.008 over last 4 round(s)"}
{"time":"2026-07-23 20:29:11,588","level":"INFO","node":0,"msg":"Trust score for node 1: S=0.768 (Z=1.00 A=0.97 P=0.43 R=0.80) advisory only"}
{"time":"2026-07-23 20:29:11,651","level":"INFO","node":0,"msg":"[FC2 DELTA NORM] node 0 round=8 — fc2 delta norm this round: 0.0486"}
{"time":"2026-07-23 20:29:31,105","level":"INFO","node":0,"msg":"[TIMING] node 0 round=8 ZKP proof generation (voter) took 19.44s"}
{"time":"2026-07-23 20:29:31,105","level":"INFO","node":0,"msg":"[TIMING] node 0 round=8 HE encryption (voter) took 0.00s"}
{"time":"2026-07-23 20:29:31,121","level":"INFO","node":0,"msg":"Forwarded to http://127.0.0.1:8001"}
{"time":"2026-07-23 20:31:23,137","level":"INFO","node":0,"msg":"Received update from node 3, round 9"}
{"time":"2026-07-23 20:31:51,070","level":"INFO","node":0,"msg":"ZKP ACCEPTED from node 3"}
{"time":"2026-07-23 20:31:52,347","level":"WARNING","node":0,"msg":"No stored proposal for round=9 origin=1 — voting using fallback hash, may not match other peers"}
{"time":"2026-07-23 20:31:52,347","level":"INFO","node":0,"msg":"fc_in col7 delta self-cosine for node 1: -0.1007 (delta_norm=0.1325)"}
{"time":"2026-07-23 20:31:52,347","level":"INFO","node":0,"msg":"Per-class agreement with node 1: class0=0.966 class1=0.952 gap=0.015"}
{"time":"2026-07-23 20:31:52,347","level":"INFO","node":0,"msg":"Per-class rolling gap for node 1: mean=0.009 over last 4 round(s)"}
{"time":"2026-07-23 20:31:52,363","level":"INFO","node":0,"msg":"Trust score for node 1: S=0.768 (Z=1.00 A=0.96 P=0.45 R=0.80) advisory only"}
{"time":"2026-07-23 20:31:52,426","level":"INFO","node":0,"msg":"[FC2 DELTA NORM] node 0 round=9 — fc2 delta norm this round: 0.0439"}
{"time":"2026-07-23 20:32:10,141","level":"INFO","node":0,"msg":"[TIMING] node 0 round=9 ZKP proof generation (voter) took 17.70s"}
{"time":"2026-07-23 20:32:10,141","level":"INFO","node":0,"msg":"[TIMING] node 0 round=9 HE encryption (voter) took 0.00s"}
{"time":"2026-07-23 20:32:10,157","level":"INFO","node":0,"msg":"Forwarded to http://127.0.0.1:8001"}
{"time":"2026-07-23 20:34:01,900","level":"INFO","node":0,"msg":"Received update from node 3, round 10"}
{"time":"2026-07-23 20:34:29,995","level":"INFO","node":0,"msg":"ZKP ACCEPTED from node 3"}
{"time":"2026-07-23 20:34:31,270","level":"WARNING","node":0,"msg":"No stored proposal for round=10 origin=1 — voting using fallback hash, may not match other peers"}
{"time":"2026-07-23 20:34:31,270","level":"INFO","node":0,"msg":"fc_in col7 delta self-cosine for node 1: -0.4088 (delta_norm=0.1212)"}
{"time":"2026-07-23 20:34:31,270","level":"INFO","node":0,"msg":"Per-class agreement with node 1: class0=0.951 class1=0.965 gap=0.015"}
{"time":"2026-07-23 20:34:31,270","level":"INFO","node":0,"msg":"Per-class rolling gap for node 1: mean=0.012 over last 4 round(s)"}
{"time":"2026-07-23 20:34:31,286","level":"INFO","node":0,"msg":"Trust score for node 1: S=0.743 (Z=1.00 A=0.96 P=0.37 R=0.80) advisory only"}
{"time":"2026-07-23 20:34:31,350","level":"INFO","node":0,"msg":"[FC2 DELTA NORM] node 0 round=10 — fc2 delta norm this round: 0.0375"}
{"time":"2026-07-23 20:34:48,965","level":"INFO","node":0,"msg":"[TIMING] node 0 round=10 ZKP proof generation (voter) took 17.60s"}
{"time":"2026-07-23 20:34:48,965","level":"INFO","node":0,"msg":"[TIMING] node 0 round=10 HE encryption (voter) took 0.00s"}
{"time":"2026-07-23 20:34:48,965","level":"INFO","node":0,"msg":"Forwarded to http://127.0.0.1:8001"}
{"time":"2026-07-23 20:36:39,281","level":"INFO","node":0,"msg":"Received update from node 3, round 11"}
{"time":"2026-07-23 20:37:07,945","level":"INFO","node":0,"msg":"ZKP ACCEPTED from node 3"}
{"time":"2026-07-23 20:37:09,221","level":"WARNING","node":0,"msg":"No stored proposal for round=11 origin=1 — voting using fallback hash, may not match other peers"}
{"time":"2026-07-23 20:37:09,221","level":"INFO","node":0,"msg":"fc_in col7 delta self-cosine for node 1: -0.0823 (delta_norm=0.1089)"}
{"time":"2026-07-23 20:37:09,221","level":"INFO","node":0,"msg":"Per-class agreement with node 1: class0=0.945 class1=0.962 gap=0.017"}
{"time":"2026-07-23 20:37:09,221","level":"INFO","node":0,"msg":"Per-class rolling gap for node 1: mean=0.015 over last 4 round(s)"}
{"time":"2026-07-23 20:37:09,237","level":"INFO","node":0,"msg":"Trust score for node 1: S=0.695 (Z=1.00 A=0.95 P=0.21 R=0.80) advisory only"}
{"time":"2026-07-23 20:37:09,300","level":"INFO","node":0,"msg":"[FC2 DELTA NORM] node 0 round=11 — fc2 delta norm this round: 0.0301"}
{"time":"2026-07-23 20:37:26,831","level":"INFO","node":0,"msg":"[TIMING] node 0 round=11 ZKP proof generation (voter) took 17.51s"}
{"time":"2026-07-23 20:37:26,831","level":"INFO","node":0,"msg":"[TIMING] node 0 round=11 HE encryption (voter) took 0.00s"}
{"time":"2026-07-23 20:37:26,831","level":"INFO","node":0,"msg":"Forwarded to http://127.0.0.1:8001"}
{"time":"2026-07-23 20:39:17,850","level":"INFO","node":0,"msg":"Received update from node 3, round 12"}
{"time":"2026-07-23 20:39:45,598","level":"INFO","node":0,"msg":"ZKP ACCEPTED from node 3"}
{"time":"2026-07-23 20:39:46,871","level":"WARNING","node":0,"msg":"No stored proposal for round=12 origin=1 — voting using fallback hash, may not match other peers"}
{"time":"2026-07-23 20:39:46,873","level":"INFO","node":0,"msg":"fc_in col7 delta self-cosine for node 1: -0.4473 (delta_norm=0.1215)"}
{"time":"2026-07-23 20:39:46,873","level":"INFO","node":0,"msg":"Per-class agreement with node 1: class0=0.958 class1=0.963 gap=0.005"}
{"time":"2026-07-23 20:39:46,873","level":"INFO","node":0,"msg":"Per-class rolling gap for node 1: mean=0.013 over last 4 round(s)"}
{"time":"2026-07-23 20:39:46,873","level":"INFO","node":0,"msg":"Trust score for node 1: S=0.677 (Z=1.00 A=0.96 P=0.12 R=0.80) advisory only"}
{"time":"2026-07-23 20:39:46,935","level":"INFO","node":0,"msg":"[FC2 DELTA NORM] node 0 round=12 — fc2 delta norm this round: 0.0368"}
{"time":"2026-07-23 20:39:46,951","level":"WARNING","node":0,"msg":"ZKP norm violation (clipping applied): slack=-24981, retry=0"}
{"time":"2026-07-23 20:40:04,703","level":"INFO","node":0,"msg":"[TIMING] node 0 round=12 ZKP proof generation (voter) took 17.74s"}
{"time":"2026-07-23 20:40:04,703","level":"INFO","node":0,"msg":"[TIMING] node 0 round=12 HE encryption (voter) took 0.00s"}
{"time":"2026-07-23 20:40:04,719","level":"INFO","node":0,"msg":"Forwarded to http://127.0.0.1:8001"}
{"time":"2026-07-23 20:41:55,433","level":"INFO","node":0,"msg":"Received update from node 3, round 13"}
{"time":"2026-07-23 20:42:23,333","level":"INFO","node":0,"msg":"ZKP ACCEPTED from node 3"}
{"time":"2026-07-23 20:42:24,609","level":"WARNING","node":0,"msg":"No stored proposal for round=13 origin=1 — voting using fallback hash, may not match other peers"}
{"time":"2026-07-23 20:42:24,611","level":"INFO","node":0,"msg":"fc_in col7 delta self-cosine for node 1: -0.2954 (delta_norm=0.1183)"}
{"time":"2026-07-23 20:42:24,625","level":"INFO","node":0,"msg":"Per-class agreement with node 1: class0=0.974 class1=0.984 gap=0.010"}
{"time":"2026-07-23 20:42:24,625","level":"INFO","node":0,"msg":"Per-class rolling gap for node 1: mean=0.012 over last 4 round(s)"}
{"time":"2026-07-23 20:42:24,625","level":"INFO","node":0,"msg":"Trust score for node 1: S=0.699 (Z=1.00 A=0.98 P=0.15 R=0.80) advisory only"}
{"time":"2026-07-23 20:42:24,689","level":"INFO","node":0,"msg":"[FC2 DELTA NORM] node 0 round=13 — fc2 delta norm this round: 0.0232"}
{"time":"2026-07-23 20:42:42,190","level":"INFO","node":0,"msg":"[TIMING] node 0 round=13 ZKP proof generation (voter) took 17.48s"}
{"time":"2026-07-23 20:42:42,190","level":"INFO","node":0,"msg":"[TIMING] node 0 round=13 HE encryption (voter) took 0.00s"}
{"time":"2026-07-23 20:42:42,190","level":"INFO","node":0,"msg":"Forwarded to http://127.0.0.1:8001"}
{"time":"2026-07-23 20:44:33,085","level":"INFO","node":0,"msg":"Received update from node 3, round 14"}
{"time":"2026-07-23 20:45:01,093","level":"INFO","node":0,"msg":"ZKP ACCEPTED from node 3"}
{"time":"2026-07-23 20:45:02,367","level":"WARNING","node":0,"msg":"No stored proposal for round=14 origin=1 — voting using fallback hash, may not match other peers"}
{"time":"2026-07-23 20:45:02,367","level":"INFO","node":0,"msg":"fc_in col7 delta self-cosine for node 1: -0.3335 (delta_norm=0.1105)"}
{"time":"2026-07-23 20:45:02,383","level":"INFO","node":0,"msg":"Per-class agreement with node 1: class0=0.960 class1=0.978 gap=0.018"}
{"time":"2026-07-23 20:45:02,383","level":"INFO","node":0,"msg":"Per-class rolling gap for node 1: mean=0.013 over last 4 round(s)"}
{"time":"2026-07-23 20:45:02,383","level":"INFO","node":0,"msg":"Trust score for node 1: S=0.671 (Z=1.00 A=0.97 P=0.08 R=0.80) advisory only"}
{"time":"2026-07-23 20:45:02,447","level":"INFO","node":0,"msg":"[FC2 DELTA NORM] node 0 round=14 — fc2 delta norm this round: 0.0312"}
{"time":"2026-07-23 20:45:20,784","level":"INFO","node":0,"msg":"[TIMING] node 0 round=14 ZKP proof generation (voter) took 18.32s"}
{"time":"2026-07-23 20:45:20,796","level":"INFO","node":0,"msg":"[TIMING] node 0 round=14 HE encryption (voter) took 0.00s"}
{"time":"2026-07-23 20:45:20,796","level":"INFO","node":0,"msg":"Forwarded to http://127.0.0.1:8001"}
{"time":"2026-07-23 20:47:13,340","level":"INFO","node":0,"msg":"Received update from node 3, round 15"}
{"time":"2026-07-23 20:47:41,051","level":"INFO","node":0,"msg":"ZKP ACCEPTED from node 3"}
{"time":"2026-07-23 20:47:42,327","level":"WARNING","node":0,"msg":"No stored proposal for round=15 origin=1 — voting using fallback hash, may not match other peers"}
{"time":"2026-07-23 20:47:42,330","level":"INFO","node":0,"msg":"fc_in col7 delta self-cosine for node 1: -0.2566 (delta_norm=0.1002)"}
{"time":"2026-07-23 20:47:42,337","level":"INFO","node":0,"msg":"Per-class agreement with node 1: class0=0.977 class1=0.985 gap=0.008"}
{"time":"2026-07-23 20:47:42,337","level":"INFO","node":0,"msg":"Per-class rolling gap for node 1: mean=0.010 over last 4 round(s)"}
{"time":"2026-07-23 20:47:42,343","level":"INFO","node":0,"msg":"Trust score for node 1: S=0.680 (Z=1.00 A=0.98 P=0.08 R=0.80) advisory only"}
{"time":"2026-07-23 20:47:42,406","level":"INFO","node":0,"msg":"[FC2 DELTA NORM] node 0 round=15 — fc2 delta norm this round: 0.0427"}
{"time":"2026-07-23 20:47:42,406","level":"WARNING","node":0,"msg":"ZKP norm violation (clipping applied): slack=-191373, retry=0"}
{"time":"2026-07-23 20:48:00,433","level":"INFO","node":0,"msg":"[TIMING] node 0 round=15 ZKP proof generation (voter) took 18.01s"}
{"time":"2026-07-23 20:48:00,433","level":"INFO","node":0,"msg":"[TIMING] node 0 round=15 HE encryption (voter) took 0.00s"}
{"time":"2026-07-23 20:48:00,449","level":"INFO","node":0,"msg":"Forwarded to http://127.0.0.1:8001"}
{"time":"2026-07-23 21:25:53,807","level":"INFO","node":0,"msg":"Received update from node 3, round 16"}
{"time":"2026-07-23 21:26:43,410","level":"INFO","node":0,"msg":"ZKP ACCEPTED from node 3"}
{"time":"2026-07-23 21:26:44,528","level":"WARNING","node":0,"msg":"No stored proposal for round=16 origin=1 — voting using fallback hash, may not match other peers"}
{"time":"2026-07-23 21:26:44,528","level":"INFO","node":0,"msg":"fc_in col7 delta self-cosine for node 1: -0.3853 (delta_norm=0.1121)"}
{"time":"2026-07-23 21:26:44,544","level":"INFO","node":0,"msg":"Per-class agreement with node 1: class0=0.967 class1=0.992 gap=0.025"}
{"time":"2026-07-23 21:26:44,544","level":"INFO","node":0,"msg":"Per-class rolling gap for node 1: mean=0.015 over last 4 round(s)"}
{"time":"2026-07-23 21:26:44,550","level":"INFO","node":0,"msg":"Trust score for node 1: S=0.687 (Z=1.00 A=0.97 P=0.12 R=0.80) advisory only"}
{"time":"2026-07-23 21:26:44,608","level":"INFO","node":0,"msg":"[FC2 DELTA NORM] node 0 round=16 — fc2 delta norm this round: 0.0247"}
{"time":"2026-07-23 21:26:44,608","level":"WARNING","node":0,"msg":"ZKP norm violation (clipping applied): slack=-492184, retry=0"}
{"time":"2026-07-23 21:27:19,232","level":"INFO","node":0,"msg":"[TIMING] node 0 round=16 ZKP proof generation (voter) took 34.62s"}
{"time":"2026-07-23 21:27:19,237","level":"INFO","node":0,"msg":"[TIMING] node 0 round=16 HE encryption (voter) took 0.00s"}
{"time":"2026-07-23 21:27:19,253","level":"INFO","node":0,"msg":"Forwarded to http://127.0.0.1:8001"}
{"time":"2026-07-23 21:30:41,483","level":"INFO","node":0,"msg":"Received update from node 3, round 17"}
{"time":"2026-07-23 21:31:35,828","level":"INFO","node":0,"msg":"ZKP ACCEPTED from node 3"}
{"time":"2026-07-23 21:31:37,102","level":"WARNING","node":0,"msg":"No stored proposal for round=17 origin=1 — voting using fallback hash, may not match other peers"}
{"time":"2026-07-23 21:31:37,102","level":"INFO","node":0,"msg":"fc_in col7 delta self-cosine for node 1: -0.2249 (delta_norm=0.0981)"}
{"time":"2026-07-23 21:31:37,149","level":"INFO","node":0,"msg":"Per-class agreement with node 1: class0=0.951 class1=0.978 gap=0.027"}
{"time":"2026-07-23 21:31:37,149","level":"INFO","node":0,"msg":"Per-class rolling gap for node 1: mean=0.019 over last 4 round(s)"}
{"time":"2026-07-23 21:31:37,149","level":"INFO","node":0,"msg":"Trust score for node 1: S=0.657 (Z=1.00 A=0.96 P=0.05 R=0.80) advisory only"}
{"time":"2026-07-23 21:31:37,309","level":"INFO","node":0,"msg":"[FC2 DELTA NORM] node 0 round=17 — fc2 delta norm this round: 0.0353"}
{"time":"2026-07-23 21:32:16,123","level":"INFO","node":0,"msg":"[TIMING] node 0 round=17 ZKP proof generation (voter) took 38.79s"}
{"time":"2026-07-23 21:32:16,206","level":"INFO","node":0,"msg":"[TIMING] node 0 round=17 HE encryption (voter) took 0.04s"}
{"time":"2026-07-23 21:32:16,273","level":"INFO","node":0,"msg":"Forwarded to http://127.0.0.1:8001"}
{"time":"2026-07-23 21:36:43,364","level":"INFO","node":0,"msg":"Received update from node 3, round 18"}
{"time":"2026-07-23 21:37:53,891","level":"INFO","node":0,"msg":"ZKP ACCEPTED from node 3"}
{"time":"2026-07-23 21:37:55,182","level":"WARNING","node":0,"msg":"No stored proposal for round=18 origin=1 — voting using fallback hash, may not match other peers"}
{"time":"2026-07-23 21:37:55,230","level":"INFO","node":0,"msg":"fc_in col7 delta self-cosine for node 1: -0.3753 (delta_norm=0.1191)"}
{"time":"2026-07-23 21:37:55,644","level":"INFO","node":0,"msg":"Per-class agreement with node 1: class0=0.944 class1=0.990 gap=0.046"}
{"time":"2026-07-23 21:37:55,644","level":"INFO","node":0,"msg":"Per-class rolling gap for node 1: mean=0.026 over last 4 round(s)"}
{"time":"2026-07-23 21:37:55,676","level":"INFO","node":0,"msg":"Trust score for node 1: S=0.644 (Z=1.00 A=0.96 P=0.00 R=0.80) advisory only"}
{"time":"2026-07-23 21:37:56,091","level":"INFO","node":0,"msg":"[FC2 DELTA NORM] node 0 round=18 — fc2 delta norm this round: 0.0176"}
{"time":"2026-07-23 21:38:54,003","level":"INFO","node":0,"msg":"[TIMING] node 0 round=18 ZKP proof generation (voter) took 57.75s"}
{"time":"2026-07-23 21:38:54,104","level":"INFO","node":0,"msg":"[TIMING] node 0 round=18 HE encryption (voter) took 0.07s"}
{"time":"2026-07-23 21:38:54,307","level":"INFO","node":0,"msg":"Forwarded to http://127.0.0.1:8001"}
{"time":"2026-07-23 21:42:57,978","level":"INFO","node":0,"msg":"Received update from node 3, round 19"}
{"time":"2026-07-23 21:43:58,456","level":"INFO","node":0,"msg":"ZKP ACCEPTED from node 3"}
{"time":"2026-07-23 21:43:59,532","level":"WARNING","node":0,"msg":"No stored proposal for round=19 origin=1 — voting using fallback hash, may not match other peers"}
{"time":"2026-07-23 21:43:59,534","level":"INFO","node":0,"msg":"fc_in col7 delta self-cosine for node 1: -0.4158 (delta_norm=0.1169)"}
{"time":"2026-07-23 21:43:59,572","level":"INFO","node":0,"msg":"Per-class agreement with node 1: class0=0.967 class1=0.994 gap=0.027"}
{"time":"2026-07-23 21:43:59,572","level":"INFO","node":0,"msg":"Per-class rolling gap for node 1: mean=0.031 over last 4 round(s)"}
{"time":"2026-07-23 21:43:59,582","level":"INFO","node":0,"msg":"Trust score for node 1: S=0.663 (Z=1.00 A=0.98 P=0.03 R=0.80) advisory only"}
{"time":"2026-07-23 21:43:59,722","level":"INFO","node":0,"msg":"[FC2 DELTA NORM] node 0 round=19 — fc2 delta norm this round: 0.0111"}
{"time":"2026-07-23 21:44:38,398","level":"INFO","node":0,"msg":"[TIMING] node 0 round=19 ZKP proof generation (voter) took 38.66s"}
{"time":"2026-07-23 21:44:38,404","level":"INFO","node":0,"msg":"[TIMING] node 0 round=19 HE encryption (voter) took 0.00s"}
{"time":"2026-07-23 21:44:38,442","level":"INFO","node":0,"msg":"Forwarded to http://127.0.0.1:8001"}
{"time":"2026-07-24 14:10:55,902","level":"INFO","node":0,"msg":"Starting node 0: City General Hospital"}
{"time":"2026-07-24 14:10:55,902","level":"INFO","node":0,"msg":"[CONFIG DEBUG] attack_simulation loaded: enabled=False target_node=2 type=gradient_norm config_path=config_dev.json"}
{"time":"2026-07-24 14:10:56,318","level":"WARNING","node":0,"msg":"DEV MODE: running without TLS"}
{"time":"2026-07-24 14:10:56,318","level":"INFO","node":0,"msg":"Listening on 127.0.0.1:8000 | TLS=False"}
{"time":"2026-07-24 14:11:02,644","level":"INFO","node":0,"msg":"Consensus pubkey received from node 1"}
{"time":"2026-07-24 14:11:02,662","level":"INFO","node":0,"msg":"Key exchange complete with node 1"}
{"time":"2026-07-24 14:11:04,543","level":"INFO","node":0,"msg":"Consensus pubkey received from node 2"}
{"time":"2026-07-24 14:11:04,558","level":"INFO","node":0,"msg":"Key exchange complete with node 2"}
{"time":"2026-07-24 14:11:07,127","level":"INFO","node":0,"msg":"Key exchange complete with node 3"}
{"time":"2026-07-24 14:11:07,144","level":"INFO","node":0,"msg":"Consensus pubkey received from node 3"}
{"time":"2026-07-24 14:11:14,084","level":"INFO","node":0,"msg":"Sent public key to node 1"}
{"time":"2026-07-24 14:11:14,105","level":"INFO","node":0,"msg":"Sent public key to node 2"}
{"time":"2026-07-24 14:11:14,133","level":"INFO","node":0,"msg":"Sent public key to node 3"}
{"time":"2026-07-24 14:11:14,138","level":"INFO","node":0,"msg":"Sent consensus pubkey to node 1"}
{"time":"2026-07-24 14:11:14,143","level":"INFO","node":0,"msg":"Sent consensus pubkey to node 2"}
{"time":"2026-07-24 14:11:14,153","level":"INFO","node":0,"msg":"Sent consensus pubkey to node 3"}
{"time":"2026-07-24 14:11:14,154","level":"INFO","node":0,"msg":"This node is round 1's proposer — starting."}
{"time":"2026-07-24 14:11:14,155","level":"INFO","node":0,"msg":"Starting round 1"}
{"time":"2026-07-24 14:11:16,140","level":"INFO","node":0,"msg":"[FC2 DELTA NORM] node 0 round=0 — fc2 delta norm this round: 0.0421"}
{"time":"2026-07-24 14:11:22,170","level":"INFO","node":0,"msg":"[TIMING] node 0 round=0 ZKP proof generation took 6.01s"}
{"time":"2026-07-24 14:11:22,178","level":"INFO","node":0,"msg":"[TIMING] node 0 round=0 HE encryption took 0.01s"}
{"time":"2026-07-24 14:11:22,187","level":"INFO","node":0,"msg":"Sent proposal to node 1"}
{"time":"2026-07-24 14:11:22,187","level":"INFO","node":0,"msg":"Sent proposal to node 2"}
{"time":"2026-07-24 14:11:22,212","level":"INFO","node":0,"msg":"Sent proposal to node 3"}
{"time":"2026-07-24 14:11:22,223","level":"INFO","node":0,"msg":"Sent consensus vote to node 1"}
{"time":"2026-07-24 14:11:22,225","level":"INFO","node":0,"msg":"Sent consensus vote to node 2"}
{"time":"2026-07-24 14:11:22,227","level":"INFO","node":0,"msg":"Sent consensus vote to node 3"}
{"time":"2026-07-24 14:11:22,231","level":"INFO","node":0,"msg":"Forwarded to http://127.0.0.1:8001"}
{"time":"2026-07-24 14:11:31,975","level":"INFO","node":0,"msg":"Consensus vote recorded: node 1 decision=True reason=zkp_ok round=0 new=True satisfied=False"}
{"time":"2026-07-24 14:11:48,930","level":"INFO","node":0,"msg":"Consensus vote recorded: node 2 decision=True reason=zkp_ok round=0 new=True satisfied=True"}
{"time":"2026-07-24 14:12:05,945","level":"INFO","node":0,"msg":"Consensus vote recorded: node 3 decision=True reason=zkp_ok round=0 new=True satisfied=True"}
{"time":"2026-07-24 14:12:13,451","level":"INFO","node":0,"msg":"Received update from node 3, round 0"}
{"time":"2026-07-24 14:12:13,451","level":"INFO","node":0,"msg":"Round 1 complete — aggregating"}
{"time":"2026-07-24 14:12:13,471","level":"INFO","node":0,"msg":"Round 1 accuracy gate skipped (warm-up period, candidate_acc=0.6727)"}
{"time":"2026-07-24 14:12:13,526","level":"INFO","node":0,"msg":"Commit vote recorded: node 1 decision=True round=0 satisfied=False"}
{"time":"2026-07-24 14:12:13,529","level":"INFO","node":0,"msg":"Commit vote recorded: node 3 decision=True round=0 satisfied=True"}
{"time":"2026-07-24 14:12:13,530","level":"INFO","node":0,"msg":"Round 1 COMMITTED — model hash agreed by [0, 1, 3]"}
{"time":"2026-07-24 14:12:13,531","level":"INFO","node":0,"msg":"Broadcast weights to node 1"}
{"time":"2026-07-24 14:12:13,533","level":"INFO","node":0,"msg":"Commit certificate saved to C:\Users\mousu\OneDrive\Desktop\Set A\securefedhe\dashboard\certificates\round_0.json"}
{"time":"2026-07-24 14:12:13,535","level":"INFO","node":0,"msg":"Commit vote recorded: node 2 decision=True round=0 satisfied=True"}
{"time":"2026-07-24 14:12:13,537","level":"INFO","node":0,"msg":"Broadcast weights to node 3"}
{"time":"2026-07-24 14:12:13,540","level":"INFO","node":0,"msg":"Broadcast weights to node 2"}
{"time":"2026-07-24 14:12:13,595","level":"INFO","node":0,"msg":"Checkpoint saved to C:\Users\mousu\OneDrive\Desktop\Set A\securefedhe\dashboard\model_latest.pt"}
{"time":"2026-07-24 14:12:13,595","level":"INFO","node":0,"msg":"Round 1 complete | accuracy=0.6727 | duration=59.44s"}
{"time":"2026-07-24 14:12:13,596","level":"INFO","node":0,"msg":"Round 2 belongs to node 1 — waiting for their proposal."}
{"time":"2026-07-24 14:12:13,603","level":"INFO","node":0,"msg":"Notified next proposer to node 1"}
{"time":"2026-07-24 14:12:13,606","level":"INFO","node":0,"msg":"[WATCHDOG SPAWNED] round=1 expected_proposer=1 timeout_s=600 spawned_at=14:12:13"}
{"time":"2026-07-24 14:12:20,092","level":"INFO","node":0,"msg":"Proposal received: round=1 origin=1 hash=4354c2df3e2b..."}
{"time":"2026-07-24 14:12:20,123","level":"INFO","node":0,"msg":"Consensus vote recorded: node 1 decision=True reason=zkp_ok round=1 new=True satisfied=False"}
{"time":"2026-07-24 14:12:30,101","level":"INFO","node":0,"msg":"Consensus vote recorded: node 2 decision=True reason=zkp_ok round=1 new=True satisfied=False"}
{"time":"2026-07-24 14:12:55,480","level":"INFO","node":0,"msg":"Consensus vote recorded: node 3 decision=True reason=zkp_ok round=1 new=True satisfied=True"}
{"time":"2026-07-24 14:13:01,694","level":"INFO","node":0,"msg":"Received update from node 3, round 1"}
{"time":"2026-07-24 14:13:11,391","level":"INFO","node":0,"msg":"ZKP ACCEPTED from node 3"}
{"time":"2026-07-24 14:13:11,409","level":"INFO","node":0,"msg":"Trust score for node 1: S=0.431 (Z=1.00 A=0.50 P=0.52 R=1.00) advisory only"}
{"time":"2026-07-24 14:13:11,435","level":"INFO","node":0,"msg":"Sent consensus vote to node 2"}
{"time":"2026-07-24 14:13:11,437","level":"INFO","node":0,"msg":"Sent consensus vote to node 1"}
{"time":"2026-07-24 14:13:11,438","level":"INFO","node":0,"msg":"Sent consensus vote to node 3"}
{"time":"2026-07-24 14:13:11,462","level":"INFO","node":0,"msg":"[FC2 DELTA NORM] node 0 round=1 — fc2 delta norm this round: 0.0473"}
{"time":"2026-07-24 14:13:17,647","level":"INFO","node":0,"msg":"[TIMING] node 0 round=1 ZKP proof generation (voter) took 6.17s"}
{"time":"2026-07-24 14:13:17,649","level":"INFO","node":0,"msg":"[TIMING] node 0 round=1 HE encryption (voter) took 0.00s"}
{"time":"2026-07-24 14:13:17,649","level":"INFO","node":0,"msg":"Forwarded to http://127.0.0.1:8001"}
{"time":"2026-07-24 14:13:17,676","level":"INFO","node":0,"msg":"Synced weights from master for round 1"}
{"time":"2026-07-24 14:13:17,683","level":"INFO","node":0,"msg":"Sent commit vote to node 1"}
{"time":"2026-07-24 14:13:24,060","level":"INFO","node":0,"msg":"Proposal received: round=2 origin=2 hash=2a0d04a219cb..."}
{"time":"2026-07-24 14:13:24,081","level":"INFO","node":0,"msg":"Consensus vote recorded: node 2 decision=True reason=zkp_ok round=2 new=True satisfied=False"}
{"time":"2026-07-24 14:13:33,899","level":"INFO","node":0,"msg":"Consensus vote recorded: node 3 decision=True reason=zkp_ok round=2 new=True satisfied=False"}
{"time":"2026-07-24 14:13:40,034","level":"INFO","node":0,"msg":"Received update from node 3, round 2"}
{"time":"2026-07-24 14:13:49,675","level":"INFO","node":0,"msg":"ZKP ACCEPTED from node 3"}
{"time":"2026-07-24 14:13:49,687","level":"INFO","node":0,"msg":"Trust score for node 2: S=0.431 (Z=1.00 A=0.50 P=0.52 R=1.00) advisory only"}
{"time":"2026-07-24 14:13:49,707","level":"INFO","node":0,"msg":"Sent consensus vote to node 1"}
{"time":"2026-07-24 14:13:49,707","level":"INFO","node":0,"msg":"Sent consensus vote to node 3"}
{"time":"2026-07-24 14:13:49,727","level":"INFO","node":0,"msg":"Sent consensus vote to node 2"}
{"time":"2026-07-24 14:13:49,740","level":"INFO","node":0,"msg":"[FC2 DELTA NORM] node 0 round=2 — fc2 delta norm this round: 0.0486"}
{"time":"2026-07-24 14:13:55,898","level":"INFO","node":0,"msg":"[TIMING] node 0 round=2 ZKP proof generation (voter) took 6.15s"}
{"time":"2026-07-24 14:13:55,898","level":"INFO","node":0,"msg":"[TIMING] node 0 round=2 HE encryption (voter) took 0.00s"}
{"time":"2026-07-24 14:13:55,917","level":"INFO","node":0,"msg":"Forwarded to http://127.0.0.1:8001"}
{"time":"2026-07-24 14:14:05,610","level":"INFO","node":0,"msg":"Prediction agreement with node 1 round=2: A=0.998"}
{"time":"2026-07-24 14:14:05,610","level":"INFO","node":0,"msg":"Consensus vote recorded: node 1 decision=True reason=zkp_ok round=2 new=True satisfied=True"}
{"time":"2026-07-24 14:14:11,770","level":"INFO","node":0,"msg":"Synced weights from master for round 2"}
{"time":"2026-07-24 14:14:11,784","level":"INFO","node":0,"msg":"Sent commit vote to node 2"}
{"time":"2026-07-24 14:14:18,259","level":"INFO","node":0,"msg":"Proposal received: round=3 origin=3 hash=eaec361b929f..."}
{"time":"2026-07-24 14:14:18,273","level":"INFO","node":0,"msg":"Consensus vote recorded: node 3 decision=True reason=zkp_ok round=3 new=True satisfied=False"}
{"time":"2026-07-24 14:14:18,281","level":"INFO","node":0,"msg":"Received update from node 3, round 3"}
{"time":"2026-07-24 14:14:28,049","level":"INFO","node":0,"msg":"ZKP ACCEPTED from node 3"}
{"time":"2026-07-24 14:14:28,062","level":"INFO","node":0,"msg":"Trust score for node 3: S=0.452 (Z=1.00 A=0.50 P=0.66 R=1.00) advisory only"}
{"time":"2026-07-24 14:14:28,102","level":"INFO","node":0,"msg":"Sent consensus vote to node 2"}
{"time":"2026-07-24 14:14:28,102","level":"INFO","node":0,"msg":"Sent consensus vote to node 1"}
{"time":"2026-07-24 14:14:28,102","level":"INFO","node":0,"msg":"Sent consensus vote to node 3"}
{"time":"2026-07-24 14:14:28,140","level":"INFO","node":0,"msg":"[FC2 DELTA NORM] node 0 round=3 — fc2 delta norm this round: 0.0450"}
{"time":"2026-07-24 14:14:34,372","level":"INFO","node":0,"msg":"[TIMING] node 0 round=3 ZKP proof generation (voter) took 6.18s"}
{"time":"2026-07-24 14:14:34,372","level":"INFO","node":0,"msg":"[TIMING] node 0 round=3 HE encryption (voter) took 0.00s"}
{"time":"2026-07-24 14:14:34,390","level":"INFO","node":0,"msg":"Forwarded to http://127.0.0.1:8001"}
{"time":"2026-07-24 14:14:44,222","level":"INFO","node":0,"msg":"Prediction agreement with node 1 round=3: A=0.995"}
{"time":"2026-07-24 14:14:44,222","level":"INFO","node":0,"msg":"Consensus vote recorded: node 1 decision=True reason=zkp_ok round=3 new=True satisfied=True"}
{"time":"2026-07-24 14:15:00,467","level":"INFO","node":0,"msg":"Prediction agreement with node 2 round=3: A=0.957"}
{"time":"2026-07-24 14:15:00,467","level":"INFO","node":0,"msg":"Consensus vote recorded: node 2 decision=True reason=zkp_ok round=3 new=True satisfied=True"}
{"time":"2026-07-24 14:15:06,867","level":"INFO","node":0,"msg":"Synced weights from master for round 3"}
{"time":"2026-07-24 14:15:06,891","level":"INFO","node":0,"msg":"Sent commit vote to node 3"}
{"time":"2026-07-24 14:15:06,903","level":"INFO","node":0,"msg":"My turn — starting round 5 as proposer."}
{"time":"2026-07-24 14:15:06,904","level":"INFO","node":0,"msg":"Starting round 5"}
{"time":"2026-07-24 14:15:06,926","level":"INFO","node":0,"msg":"[FC2 DELTA NORM] node 0 round=4 — fc2 delta norm this round: 0.0512"}
{"time":"2026-07-24 14:15:13,524","level":"INFO","node":0,"msg":"[TIMING] node 0 round=4 ZKP proof generation took 6.59s"}
{"time":"2026-07-24 14:15:13,524","level":"INFO","node":0,"msg":"[TIMING] node 0 round=4 HE encryption took 0.00s"}
{"time":"2026-07-24 14:15:13,540","level":"INFO","node":0,"msg":"Sent proposal to node 2"}
{"time":"2026-07-24 14:15:13,540","level":"INFO","node":0,"msg":"Sent proposal to node 1"}
{"time":"2026-07-24 14:15:13,544","level":"INFO","node":0,"msg":"Sent proposal to node 3"}
{"time":"2026-07-24 14:15:13,550","level":"INFO","node":0,"msg":"Sent consensus vote to node 1"}
{"time":"2026-07-24 14:15:13,551","level":"INFO","node":0,"msg":"Sent consensus vote to node 3"}
{"time":"2026-07-24 14:15:13,551","level":"INFO","node":0,"msg":"Sent consensus vote to node 2"}
{"time":"2026-07-24 14:15:13,560","level":"INFO","node":0,"msg":"Forwarded to http://127.0.0.1:8001"}
{"time":"2026-07-24 14:15:24,104","level":"INFO","node":0,"msg":"Consensus vote recorded: node 1 decision=True reason=zkp_ok round=4 new=True satisfied=False"}
{"time":"2026-07-24 14:15:59,831","level":"INFO","node":0,"msg":"Consensus vote recorded: node 2 decision=True reason=zkp_ok round=4 new=True satisfied=True"}
{"time":"2026-07-24 14:16:37,862","level":"INFO","node":0,"msg":"Consensus vote recorded: node 3 decision=True reason=zkp_ok round=4 new=True satisfied=True"}
{"time":"2026-07-24 14:17:00,708","level":"INFO","node":0,"msg":"Received update from node 3, round 4"}
{"time":"2026-07-24 14:17:00,708","level":"INFO","node":0,"msg":"Round 5 complete — aggregating"}
{"time":"2026-07-24 14:17:00,737","level":"INFO","node":0,"msg":"Round 5 accuracy gate skipped (warm-up period, candidate_acc=0.7636)"}
{"time":"2026-07-24 14:17:00,821","level":"INFO","node":0,"msg":"Commit vote recorded: node 3 decision=True round=4 satisfied=False"}
{"time":"2026-07-24 14:17:00,827","level":"INFO","node":0,"msg":"Commit vote recorded: node 1 decision=True round=4 satisfied=True"}
{"time":"2026-07-24 14:17:00,827","level":"INFO","node":0,"msg":"Broadcast weights to node 3"}
{"time":"2026-07-24 14:17:00,827","level":"INFO","node":0,"msg":"Round 5 COMMITTED — model hash agreed by [0, 3, 1]"}
{"time":"2026-07-24 14:17:00,835","level":"INFO","node":0,"msg":"Commit certificate saved to C:\Users\mousu\OneDrive\Desktop\Set A\securefedhe\dashboard\certificates\round_4.json"}
{"time":"2026-07-24 14:17:00,842","level":"INFO","node":0,"msg":"Commit vote recorded: node 2 decision=True round=4 satisfied=True"}
{"time":"2026-07-24 14:17:00,842","level":"INFO","node":0,"msg":"Broadcast weights to node 1"}
{"time":"2026-07-24 14:17:00,842","level":"INFO","node":0,"msg":"Broadcast weights to node 2"}
{"time":"2026-07-24 14:17:00,855","level":"INFO","node":0,"msg":"Checkpoint saved to C:\Users\mousu\OneDrive\Desktop\Set A\securefedhe\dashboard\model_latest.pt"}
{"time":"2026-07-24 14:17:00,856","level":"INFO","node":0,"msg":"Round 5 complete | accuracy=0.7636 | duration=113.95s"}
{"time":"2026-07-24 14:17:00,858","level":"INFO","node":0,"msg":"Round 6 belongs to node 1 — waiting for their proposal."}
{"time":"2026-07-24 14:17:00,871","level":"INFO","node":0,"msg":"Notified next proposer to node 1"}
{"time":"2026-07-24 14:17:00,873","level":"INFO","node":0,"msg":"[WATCHDOG SPAWNED] round=5 expected_proposer=1 timeout_s=600 spawned_at=14:17:00"}
{"time":"2026-07-24 14:17:22,876","level":"INFO","node":0,"msg":"Proposal received: round=5 origin=1 hash=dd10cbb0b43c..."}
{"time":"2026-07-24 14:17:22,904","level":"INFO","node":0,"msg":"Consensus vote recorded: node 1 decision=True reason=zkp_ok round=5 new=True satisfied=False"}
{"time":"2026-07-24 14:17:54,593","level":"INFO","node":0,"msg":"Consensus vote recorded: node 2 decision=True reason=zkp_ok round=5 new=True satisfied=False"}
{"time":"2026-07-24 14:18:32,849","level":"INFO","node":0,"msg":"Consensus vote recorded: node 3 decision=True reason=zkp_ok round=5 new=True satisfied=True"}
{"time":"2026-07-24 14:18:54,910","level":"INFO","node":0,"msg":"Received update from node 3, round 5"}
{"time":"2026-07-24 14:19:26,211","level":"INFO","node":0,"msg":"ZKP ACCEPTED from node 3"}
{"time":"2026-07-24 14:19:26,221","level":"INFO","node":0,"msg":"Per-class agreement with node 1: class0=0.746 class1=0.923 gap=0.176"}
{"time":"2026-07-24 14:19:26,221","level":"INFO","node":0,"msg":"Per-class rolling gap for node 1: mean=0.176 over last 1 round(s)"}
{"time":"2026-07-24 14:19:26,230","level":"INFO","node":0,"msg":"Trust score for node 1: S=0.688 (Z=1.00 A=0.80 P=0.50 R=1.00) advisory only"}
{"time":"2026-07-24 14:19:26,292","level":"INFO","node":0,"msg":"Sent consensus vote to node 1"}
{"time":"2026-07-24 14:19:26,294","level":"INFO","node":0,"msg":"Sent consensus vote to node 3"}
{"time":"2026-07-24 14:19:26,296","level":"INFO","node":0,"msg":"Sent consensus vote to node 2"}
{"time":"2026-07-24 14:19:26,379","level":"INFO","node":0,"msg":"[FC2 DELTA NORM] node 0 round=5 — fc2 delta norm this round: 0.0495"}
{"time":"2026-07-24 14:19:41,252","level":"INFO","node":0,"msg":"[TIMING] node 0 round=5 ZKP proof generation (voter) took 14.86s"}
{"time":"2026-07-24 14:19:41,252","level":"INFO","node":0,"msg":"[TIMING] node 0 round=5 HE encryption (voter) took 0.00s"}
{"time":"2026-07-24 14:19:41,281","level":"INFO","node":0,"msg":"Forwarded to http://127.0.0.1:8001"}
{"time":"2026-07-24 14:19:41,451","level":"INFO","node":0,"msg":"Synced weights from master for round 5"}
{"time":"2026-07-24 14:19:41,467","level":"INFO","node":0,"msg":"Sent commit vote to node 1"}
{"time":"2026-07-24 14:19:49,686","level":"INFO","node":0,"msg":"Proposal received: round=6 origin=2 hash=b8348e997890..."}
{"time":"2026-07-24 14:19:49,706","level":"INFO","node":0,"msg":"Consensus vote recorded: node 2 decision=True reason=zkp_ok round=6 new=True satisfied=False"}
{"time":"2026-07-24 14:20:02,093","level":"INFO","node":0,"msg":"Consensus vote recorded: node 3 decision=True reason=zkp_ok round=6 new=True satisfied=False"}
{"time":"2026-07-24 14:20:10,528","level":"INFO","node":0,"msg":"Received update from node 3, round 6"}
{"time":"2026-07-24 14:20:22,478","level":"INFO","node":0,"msg":"ZKP ACCEPTED from node 3"}
{"time":"2026-07-24 14:20:22,484","level":"INFO","node":0,"msg":"Per-class agreement with node 2: class0=0.843 class1=0.932 gap=0.089"}
{"time":"2026-07-24 14:20:22,485","level":"INFO","node":0,"msg":"Per-class rolling gap for node 2: mean=0.089 over last 1 round(s)"}
{"time":"2026-07-24 14:20:22,490","level":"INFO","node":0,"msg":"Trust score for node 2: S=0.756 (Z=1.00 A=0.87 P=0.54 R=1.00) advisory only"}
{"time":"2026-07-24 14:20:22,512","level":"INFO","node":0,"msg":"Sent consensus vote to node 1"}
{"time":"2026-07-24 14:20:22,512","level":"INFO","node":0,"msg":"Sent consensus vote to node 2"}
{"time":"2026-07-24 14:20:22,513","level":"INFO","node":0,"msg":"Sent consensus vote to node 3"}
{"time":"2026-07-24 14:20:22,538","level":"INFO","node":0,"msg":"[FC2 DELTA NORM] node 0 round=6 — fc2 delta norm this round: 0.0519"}
{"time":"2026-07-24 14:20:30,890","level":"INFO","node":0,"msg":"[TIMING] node 0 round=6 ZKP proof generation (voter) took 8.35s"}
{"time":"2026-07-24 14:20:30,891","level":"INFO","node":0,"msg":"[TIMING] node 0 round=6 HE encryption (voter) took 0.00s"}
{"time":"2026-07-24 14:20:30,911","level":"INFO","node":0,"msg":"Forwarded to http://127.0.0.1:8001"}
{"time":"2026-07-24 14:20:43,454","level":"INFO","node":0,"msg":"Prediction agreement with node 1 round=6: A=0.995"}
{"time":"2026-07-24 14:20:43,455","level":"INFO","node":0,"msg":"Consensus vote recorded: node 1 decision=True reason=zkp_ok round=6 new=True satisfied=True"}
{"time":"2026-07-24 14:20:51,810","level":"INFO","node":0,"msg":"Synced weights from master for round 6"}
{"time":"2026-07-24 14:20:51,834","level":"INFO","node":0,"msg":"Sent commit vote to node 2"}
{"time":"2026-07-24 14:20:58,466","level":"INFO","node":0,"msg":"Proposal received: round=7 origin=3 hash=cc5e3b74faad..."}
{"time":"2026-07-24 14:20:58,484","level":"INFO","node":0,"msg":"Consensus vote recorded: node 3 decision=True reason=zkp_ok round=7 new=True satisfied=False"}
{"time":"2026-07-24 14:20:58,491","level":"INFO","node":0,"msg":"Received update from node 3, round 7"}
{"time":"2026-07-24 14:21:08,156","level":"INFO","node":0,"msg":"ZKP ACCEPTED from node 3"}
{"time":"2026-07-24 14:21:08,160","level":"INFO","node":0,"msg":"Per-class agreement with node 3: class0=0.899 class1=0.912 gap=0.012"}
{"time":"2026-07-24 14:21:08,160","level":"INFO","node":0,"msg":"Per-class rolling gap for node 3: mean=0.012 over last 1 round(s)"}
{"time":"2026-07-24 14:21:08,164","level":"INFO","node":0,"msg":"Trust score for node 3: S=0.807 (Z=1.00 A=0.90 P=0.63 R=1.00) advisory only"}
{"time":"2026-07-24 14:21:08,184","level":"INFO","node":0,"msg":"Sent consensus vote to node 1"}
{"time":"2026-07-24 14:21:08,184","level":"INFO","node":0,"msg":"Sent consensus vote to node 2"}
{"time":"2026-07-24 14:21:08,207","level":"INFO","node":0,"msg":"Sent consensus vote to node 3"}
{"time":"2026-07-24 14:21:08,231","level":"INFO","node":0,"msg":"[FC2 DELTA NORM] node 0 round=7 — fc2 delta norm this round: 0.0496"}
{"time":"2026-07-24 14:21:14,578","level":"INFO","node":0,"msg":"[TIMING] node 0 round=7 ZKP proof generation (voter) took 6.34s"}
{"time":"2026-07-24 14:21:14,580","level":"INFO","node":0,"msg":"[TIMING] node 0 round=7 HE encryption (voter) took 0.00s"}
{"time":"2026-07-24 14:21:14,598","level":"INFO","node":0,"msg":"Forwarded to http://127.0.0.1:8001"}
{"time":"2026-07-24 14:21:24,923","level":"INFO","node":0,"msg":"Prediction agreement with node 1 round=7: A=0.989"}
{"time":"2026-07-24 14:21:24,924","level":"INFO","node":0,"msg":"Consensus vote recorded: node 1 decision=True reason=zkp_ok round=7 new=True satisfied=True"}
{"time":"2026-07-24 14:21:42,593","level":"INFO","node":0,"msg":"Prediction agreement with node 2 round=7: A=0.945"}
{"time":"2026-07-24 14:21:42,593","level":"INFO","node":0,"msg":"Consensus vote recorded: node 2 decision=True reason=zkp_ok round=7 new=True satisfied=True"}
{"time":"2026-07-24 14:21:49,162","level":"INFO","node":0,"msg":"Synced weights from master for round 7"}
{"time":"2026-07-24 14:21:49,176","level":"INFO","node":0,"msg":"Sent commit vote to node 3"}
{"time":"2026-07-24 14:21:49,203","level":"INFO","node":0,"msg":"My turn — starting round 9 as proposer."}
{"time":"2026-07-24 14:21:49,203","level":"INFO","node":0,"msg":"Starting round 9"}
{"time":"2026-07-24 14:21:49,231","level":"INFO","node":0,"msg":"[FC2 DELTA NORM] node 0 round=8 — fc2 delta norm this round: 0.0515"}
{"time":"2026-07-24 14:21:57,288","level":"INFO","node":0,"msg":"[TIMING] node 0 round=8 ZKP proof generation took 8.05s"}
{"time":"2026-07-24 14:21:57,288","level":"INFO","node":0,"msg":"[TIMING] node 0 round=8 HE encryption took 0.00s"}
{"time":"2026-07-24 14:21:57,306","level":"INFO","node":0,"msg":"Sent proposal to node 1"}
{"time":"2026-07-24 14:21:57,306","level":"INFO","node":0,"msg":"Sent proposal to node 2"}
{"time":"2026-07-24 14:21:57,307","level":"INFO","node":0,"msg":"Sent proposal to node 3"}
{"time":"2026-07-24 14:21:57,334","level":"INFO","node":0,"msg":"Sent consensus vote to node 1"}
{"time":"2026-07-24 14:21:57,334","level":"INFO","node":0,"msg":"Sent consensus vote to node 2"}
{"time":"2026-07-24 14:21:57,334","level":"INFO","node":0,"msg":"Sent consensus vote to node 3"}
{"time":"2026-07-24 14:21:57,345","level":"INFO","node":0,"msg":"Forwarded to http://127.0.0.1:8001"}
{"time":"2026-07-24 14:22:24,237","level":"INFO","node":0,"msg":"Consensus vote recorded: node 1 decision=True reason=zkp_ok round=8 new=True satisfied=False"}
{"time":"2026-07-24 14:23:02,820","level":"INFO","node":0,"msg":"Consensus vote recorded: node 2 decision=True reason=zkp_ok round=8 new=True satisfied=True"}
{"time":"2026-07-24 14:23:52,349","level":"INFO","node":0,"msg":"Consensus vote recorded: node 3 decision=True reason=zkp_ok round=8 new=True satisfied=True"}
{"time":"2026-07-24 14:24:02,341","level":"INFO","node":0,"msg":"Received update from node 3, round 8"}
{"time":"2026-07-24 14:24:02,341","level":"INFO","node":0,"msg":"Round 9 complete — aggregating"}
{"time":"2026-07-24 14:24:02,439","level":"WARNING","node":0,"msg":"[BACKDOOR PROBE] Round 9 SUSPICIOUS: feature=5 value=8.0 forces class=1 flip_rate=1.000 jump=0.755 (thresholds: flip>0.7, jump>0.3)"}
{"time":"2026-07-24 14:24:02,492","level":"INFO","node":0,"msg":"Commit vote recorded: node 3 decision=True round=8 satisfied=False"}
{"time":"2026-07-24 14:24:02,507","level":"INFO","node":0,"msg":"Commit vote recorded: node 1 decision=True round=8 satisfied=True"}
{"time":"2026-07-24 14:24:02,511","level":"INFO","node":0,"msg":"Round 9 COMMITTED — model hash agreed by [0, 3, 1]"}
{"time":"2026-07-24 14:24:02,512","level":"INFO","node":0,"msg":"Broadcast weights to node 3"}
{"time":"2026-07-24 14:24:02,516","level":"INFO","node":0,"msg":"Commit certificate saved to C:\Users\mousu\OneDrive\Desktop\Set A\securefedhe\dashboard\certificates\round_8.json"}
{"time":"2026-07-24 14:24:02,522","level":"INFO","node":0,"msg":"Commit vote recorded: node 2 decision=True round=8 satisfied=True"}
{"time":"2026-07-24 14:24:02,528","level":"INFO","node":0,"msg":"Broadcast weights to node 1"}
{"time":"2026-07-24 14:24:02,534","level":"INFO","node":0,"msg":"Broadcast weights to node 2"}
{"time":"2026-07-24 14:24:02,544","level":"INFO","node":0,"msg":"Checkpoint saved to C:\Users\mousu\OneDrive\Desktop\Set A\securefedhe\dashboard\model_latest.pt"}
{"time":"2026-07-24 14:24:02,547","level":"INFO","node":0,"msg":"Round 9 complete | accuracy=0.8182 | duration=133.34s"}
{"time":"2026-07-24 14:24:02,551","level":"INFO","node":0,"msg":"Round 10 belongs to node 1 — waiting for their proposal."}
{"time":"2026-07-24 14:24:02,561","level":"INFO","node":0,"msg":"Notified next proposer to node 1"}
{"time":"2026-07-24 14:24:02,563","level":"INFO","node":0,"msg":"[WATCHDOG SPAWNED] round=9 expected_proposer=1 timeout_s=600 spawned_at=14:24:02"}
{"time":"2026-07-24 14:24:13,155","level":"INFO","node":0,"msg":"Proposal received: round=9 origin=1 hash=b7dfa7334073..."}
{"time":"2026-07-24 14:24:13,182","level":"INFO","node":0,"msg":"Consensus vote recorded: node 1 decision=True reason=zkp_ok round=9 new=True satisfied=False"}
{"time":"2026-07-24 14:24:29,258","level":"INFO","node":0,"msg":"Consensus vote recorded: node 2 decision=True reason=zkp_ok round=9 new=True satisfied=False"}
{"time":"2026-07-24 14:24:53,508","level":"INFO","node":0,"msg":"Consensus vote recorded: node 3 decision=True reason=zkp_ok round=9 new=True satisfied=True"}
{"time":"2026-07-24 14:25:00,127","level":"INFO","node":0,"msg":"Received update from node 3, round 9"}
{"time":"2026-07-24 14:25:18,018","level":"INFO","node":0,"msg":"ZKP ACCEPTED from node 3"}
{"time":"2026-07-24 14:25:18,018","level":"INFO","node":0,"msg":"fc_in col7 delta self-cosine for node 1: 0.2682 (delta_norm=0.1833)"}
{"time":"2026-07-24 14:25:18,030","level":"INFO","node":0,"msg":"Per-class agreement with node 1: class0=0.971 class1=0.913 gap=0.058"}
{"time":"2026-07-24 14:25:18,030","level":"INFO","node":0,"msg":"Per-class rolling gap for node 1: mean=0.117 over last 2 round(s)"}
{"time":"2026-07-24 14:25:18,033","level":"INFO","node":0,"msg":"Trust score for node 1: S=0.816 (Z=1.00 A=0.95 P=0.50 R=1.00) advisory only"}
{"time":"2026-07-24 14:25:18,060","level":"INFO","node":0,"msg":"Sent consensus vote to node 1"}
{"time":"2026-07-24 14:25:18,063","level":"INFO","node":0,"msg":"Sent consensus vote to node 2"}
{"time":"2026-07-24 14:25:18,063","level":"INFO","node":0,"msg":"Sent consensus vote to node 3"}
{"time":"2026-07-24 14:25:18,081","level":"INFO","node":0,"msg":"[FC2 DELTA NORM] node 0 round=9 — fc2 delta norm this round: 0.0517"}
{"time":"2026-07-24 14:25:24,279","level":"INFO","node":0,"msg":"[TIMING] node 0 round=9 ZKP proof generation (voter) took 6.19s"}
{"time":"2026-07-24 14:25:24,279","level":"INFO","node":0,"msg":"[TIMING] node 0 round=9 HE encryption (voter) took 0.00s"}
{"time":"2026-07-24 14:25:24,282","level":"INFO","node":0,"msg":"Forwarded to http://127.0.0.1:8001"}
{"time":"2026-07-24 14:25:24,353","level":"INFO","node":0,"msg":"Synced weights from master for round 9"}
{"time":"2026-07-24 14:25:24,360","level":"INFO","node":0,"msg":"Sent commit vote to node 1"}
{"time":"2026-07-24 14:25:30,850","level":"INFO","node":0,"msg":"Proposal received: round=10 origin=2 hash=924e1373ed33..."}
{"time":"2026-07-24 14:25:30,860","level":"INFO","node":0,"msg":"Consensus vote recorded: node 2 decision=True reason=zkp_ok round=10 new=True satisfied=False"}
{"time":"2026-07-24 14:25:40,635","level":"INFO","node":0,"msg":"Consensus vote recorded: node 3 decision=True reason=zkp_ok round=10 new=True satisfied=False"}
{"time":"2026-07-24 14:25:46,922","level":"INFO","node":0,"msg":"Received update from node 3, round 10"}
{"time":"2026-07-24 14:25:56,698","level":"INFO","node":0,"msg":"ZKP ACCEPTED from node 3"}
{"time":"2026-07-24 14:25:56,698","level":"INFO","node":0,"msg":"fc_in col7 delta self-cosine for node 2: 0.0425 (delta_norm=0.1871)"}
{"time":"2026-07-24 14:25:56,710","level":"INFO","node":0,"msg":"Per-class agreement with node 2: class0=0.961 class1=0.921 gap=0.039"}
{"time":"2026-07-24 14:25:56,710","level":"INFO","node":0,"msg":"Per-class rolling gap for node 2: mean=0.064 over last 2 round(s)"}
{"time":"2026-07-24 14:25:56,714","level":"INFO","node":0,"msg":"Trust score for node 2: S=0.837 (Z=1.00 A=0.95 P=0.59 R=1.00) advisory only"}
{"time":"2026-07-24 14:25:56,746","level":"INFO","node":0,"msg":"Sent consensus vote to node 3"}
{"time":"2026-07-24 14:25:56,746","level":"INFO","node":0,"msg":"Sent consensus vote to node 1"}
{"time":"2026-07-24 14:25:56,761","level":"INFO","node":0,"msg":"Sent consensus vote to node 2"}
{"time":"2026-07-24 14:25:56,779","level":"INFO","node":0,"msg":"[FC2 DELTA NORM] node 0 round=10 — fc2 delta norm this round: 0.0518"}
{"time":"2026-07-24 14:26:02,890","level":"INFO","node":0,"msg":"[TIMING] node 0 round=10 ZKP proof generation (voter) took 6.09s"}
{"time":"2026-07-24 14:26:02,907","level":"INFO","node":0,"msg":"[TIMING] node 0 round=10 HE encryption (voter) took 0.00s"}
{"time":"2026-07-24 14:26:02,911","level":"INFO","node":0,"msg":"Forwarded to http://127.0.0.1:8001"}
{"time":"2026-07-24 14:26:12,753","level":"INFO","node":0,"msg":"Prediction agreement with node 1 round=10: A=0.992"}
{"time":"2026-07-24 14:26:12,753","level":"INFO","node":0,"msg":"Consensus vote recorded: node 1 decision=True reason=zkp_ok round=10 new=True satisfied=True"}
{"time":"2026-07-24 14:26:19,121","level":"INFO","node":0,"msg":"Synced weights from master for round 10"}
{"time":"2026-07-24 14:26:19,134","level":"INFO","node":0,"msg":"Sent commit vote to node 2"}
{"time":"2026-07-24 14:26:25,538","level":"INFO","node":0,"msg":"Proposal received: round=11 origin=3 hash=b4071da36295..."}
{"time":"2026-07-24 14:26:25,575","level":"INFO","node":0,"msg":"Consensus vote recorded: node 3 decision=True reason=zkp_ok round=11 new=True satisfied=False"}
{"time":"2026-07-24 14:26:25,585","level":"INFO","node":0,"msg":"Received update from node 3, round 11"}
{"time":"2026-07-24 14:26:35,172","level":"INFO","node":0,"msg":"ZKP ACCEPTED from node 3"}
{"time":"2026-07-24 14:26:35,172","level":"INFO","node":0,"msg":"fc_in col7 delta self-cosine for node 3: -0.1328 (delta_norm=0.2441)"}
{"time":"2026-07-24 14:26:35,188","level":"INFO","node":0,"msg":"Per-class agreement with node 3: class0=0.970 class1=0.916 gap=0.054"}
{"time":"2026-07-24 14:26:35,188","level":"INFO","node":0,"msg":"Per-class rolling gap for node 3: mean=0.033 over last 2 round(s)"}
{"time":"2026-07-24 14:26:35,190","level":"INFO","node":0,"msg":"Trust score for node 3: S=0.827 (Z=1.00 A=0.95 P=0.54 R=1.00) advisory only"}
{"time":"2026-07-24 14:26:35,218","level":"INFO","node":0,"msg":"Sent consensus vote to node 1"}
{"time":"2026-07-24 14:26:35,219","level":"INFO","node":0,"msg":"Sent consensus vote to node 3"}
{"time":"2026-07-24 14:26:35,234","level":"INFO","node":0,"msg":"Sent consensus vote to node 2"}
{"time":"2026-07-24 14:26:35,264","level":"INFO","node":0,"msg":"[FC2 DELTA NORM] node 0 round=11 — fc2 delta norm this round: 0.0535"}
{"time":"2026-07-24 14:26:41,505","level":"INFO","node":0,"msg":"[TIMING] node 0 round=11 ZKP proof generation (voter) took 6.21s"}
{"time":"2026-07-24 14:26:41,505","level":"INFO","node":0,"msg":"[TIMING] node 0 round=11 HE encryption (voter) took 0.00s"}
{"time":"2026-07-24 14:26:41,524","level":"INFO","node":0,"msg":"Forwarded to http://127.0.0.1:8001"}
{"time":"2026-07-24 14:26:51,382","level":"INFO","node":0,"msg":"Prediction agreement with node 1 round=11: A=0.987"}
{"time":"2026-07-24 14:26:51,382","level":"INFO","node":0,"msg":"Consensus vote recorded: node 1 decision=True reason=zkp_ok round=11 new=True satisfied=True"}
{"time":"2026-07-24 14:27:07,907","level":"INFO","node":0,"msg":"Prediction agreement with node 2 round=11: A=0.940"}
{"time":"2026-07-24 14:27:07,907","level":"INFO","node":0,"msg":"Consensus vote recorded: node 2 decision=True reason=zkp_ok round=11 new=True satisfied=True"}
{"time":"2026-07-24 14:27:14,236","level":"INFO","node":0,"msg":"Synced weights from master for round 11"}
{"time":"2026-07-24 14:27:14,248","level":"INFO","node":0,"msg":"Sent commit vote to node 3"}
{"time":"2026-07-24 14:27:14,270","level":"INFO","node":0,"msg":"My turn — starting round 13 as proposer."}
{"time":"2026-07-24 14:27:14,270","level":"INFO","node":0,"msg":"Starting round 13"}
{"time":"2026-07-24 14:27:14,302","level":"INFO","node":0,"msg":"[FC2 DELTA NORM] node 0 round=12 — fc2 delta norm this round: 0.0522"}
{"time":"2026-07-24 14:27:20,594","level":"INFO","node":0,"msg":"[TIMING] node 0 round=12 ZKP proof generation took 6.28s"}
{"time":"2026-07-24 14:27:20,596","level":"INFO","node":0,"msg":"[TIMING] node 0 round=12 HE encryption took 0.00s"}
{"time":"2026-07-24 14:27:20,599","level":"INFO","node":0,"msg":"Sent proposal to node 1"}
{"time":"2026-07-24 14:27:20,604","level":"INFO","node":0,"msg":"Sent proposal to node 3"}
{"time":"2026-07-24 14:27:20,604","level":"INFO","node":0,"msg":"Sent proposal to node 2"}
{"time":"2026-07-24 14:27:20,612","level":"INFO","node":0,"msg":"Sent consensus vote to node 1"}
{"time":"2026-07-24 14:27:20,621","level":"INFO","node":0,"msg":"Sent consensus vote to node 3"}
{"time":"2026-07-24 14:27:20,621","level":"INFO","node":0,"msg":"Sent consensus vote to node 2"}
{"time":"2026-07-24 14:27:20,626","level":"INFO","node":0,"msg":"Forwarded to http://127.0.0.1:8001"}
{"time":"2026-07-24 14:27:30,432","level":"INFO","node":0,"msg":"Consensus vote recorded: node 1 decision=True reason=zkp_ok round=12 new=True satisfied=False"}
{"time":"2026-07-24 14:27:46,490","level":"INFO","node":0,"msg":"Consensus vote recorded: node 2 decision=True reason=zkp_ok round=12 new=True satisfied=True"}
{"time":"2026-07-24 14:28:02,528","level":"INFO","node":0,"msg":"Consensus vote recorded: node 3 decision=True reason=zkp_ok round=12 new=True satisfied=True"}
{"time":"2026-07-24 14:28:08,740","level":"INFO","node":0,"msg":"Received update from node 3, round 12"}
{"time":"2026-07-24 14:28:08,740","level":"INFO","node":0,"msg":"Round 13 complete — aggregating"}
{"time":"2026-07-24 14:28:08,781","level":"WARNING","node":0,"msg":"[BACKDOOR PROBE] Round 13 SUSPICIOUS: feature=5 value=7.0 forces class=1 flip_rate=1.000 jump=0.727 (thresholds: flip>0.7, jump>0.3)"}
{"time":"2026-07-24 14:28:08,804","level":"INFO","node":0,"msg":"Commit vote recorded: node 3 decision=True round=12 satisfied=False"}
{"time":"2026-07-24 14:28:08,806","level":"INFO","node":0,"msg":"Broadcast weights to node 3"}
{"time":"2026-07-24 14:28:08,812","level":"INFO","node":0,"msg":"Commit vote recorded: node 2 decision=True round=12 satisfied=True"}
{"time":"2026-07-24 14:28:08,814","level":"INFO","node":0,"msg":"Round 13 COMMITTED — model hash agreed by [0, 3, 2]"}
{"time":"2026-07-24 14:28:08,819","level":"INFO","node":0,"msg":"Commit certificate saved to C:\Users\mousu\OneDrive\Desktop\Set A\securefedhe\dashboard\certificates\round_12.json"}
{"time":"2026-07-24 14:28:08,822","level":"INFO","node":0,"msg":"Broadcast weights to node 2"}
{"time":"2026-07-24 14:28:08,827","level":"INFO","node":0,"msg":"Commit vote recorded: node 1 decision=True round=12 satisfied=True"}
{"time":"2026-07-24 14:28:08,831","level":"INFO","node":0,"msg":"Broadcast weights to node 1"}
{"time":"2026-07-24 14:28:08,834","level":"INFO","node":0,"msg":"Checkpoint saved to C:\Users\mousu\OneDrive\Desktop\Set A\securefedhe\dashboard\model_latest.pt"}
{"time":"2026-07-24 14:28:08,835","level":"INFO","node":0,"msg":"Round 13 complete | accuracy=0.8455 | duration=54.56s"}
{"time":"2026-07-24 14:28:08,835","level":"INFO","node":0,"msg":"Round 14 belongs to node 1 — waiting for their proposal."}
{"time":"2026-07-24 14:28:08,839","level":"INFO","node":0,"msg":"Notified next proposer to node 1"}
{"time":"2026-07-24 14:28:08,840","level":"INFO","node":0,"msg":"[WATCHDOG SPAWNED] round=13 expected_proposer=1 timeout_s=600 spawned_at=14:28:08"}
{"time":"2026-07-24 14:28:15,247","level":"INFO","node":0,"msg":"Proposal received: round=13 origin=1 hash=1b5013bb9e92..."}
{"time":"2026-07-24 14:28:15,258","level":"INFO","node":0,"msg":"Consensus vote recorded: node 1 decision=True reason=zkp_ok round=13 new=True satisfied=False"}
{"time":"2026-07-24 14:28:25,064","level":"INFO","node":0,"msg":"Consensus vote recorded: node 2 decision=True reason=zkp_ok round=13 new=True satisfied=False"}
{"time":"2026-07-24 14:28:41,054","level":"INFO","node":0,"msg":"Consensus vote recorded: node 3 decision=True reason=zkp_ok round=13 new=True satisfied=True"}
{"time":"2026-07-24 14:28:47,318","level":"INFO","node":0,"msg":"Received update from node 3, round 13"}
{"time":"2026-07-24 14:28:57,122","level":"INFO","node":0,"msg":"ZKP ACCEPTED from node 3"}
{"time":"2026-07-24 14:28:57,122","level":"INFO","node":0,"msg":"fc_in col7 delta self-cosine for node 1: 0.0578 (delta_norm=0.1549)"}
{"time":"2026-07-24 14:28:57,140","level":"INFO","node":0,"msg":"Per-class agreement with node 1: class0=0.974 class1=0.940 gap=0.034"}
{"time":"2026-07-24 14:28:57,140","level":"INFO","node":0,"msg":"Per-class rolling gap for node 1: mean=0.089 over last 3 round(s)"}
{"time":"2026-07-24 14:28:57,142","level":"INFO","node":0,"msg":"Trust score for node 1: S=0.805 (Z=1.00 A=0.96 P=0.43 R=1.00) advisory only"}
{"time":"2026-07-24 14:28:57,167","level":"INFO","node":0,"msg":"Sent consensus vote to node 1"}
{"time":"2026-07-24 14:28:57,167","level":"INFO","node":0,"msg":"Sent consensus vote to node 2"}
{"time":"2026-07-24 14:28:57,193","level":"INFO","node":0,"msg":"Sent consensus vote to node 3"}
{"time":"2026-07-24 14:28:57,217","level":"INFO","node":0,"msg":"[FC2 DELTA NORM] node 0 round=13 — fc2 delta norm this round: 0.0510"}
{"time":"2026-07-24 14:29:03,327","level":"INFO","node":0,"msg":"[TIMING] node 0 round=13 ZKP proof generation (voter) took 6.10s"}
{"time":"2026-07-24 14:29:03,335","level":"INFO","node":0,"msg":"[TIMING] node 0 round=13 HE encryption (voter) took 0.00s"}
{"time":"2026-07-24 14:29:03,338","level":"INFO","node":0,"msg":"Forwarded to http://127.0.0.1:8001"}
{"time":"2026-07-24 14:29:03,415","level":"INFO","node":0,"msg":"Synced weights from master for round 13"}
{"time":"2026-07-24 14:29:03,425","level":"INFO","node":0,"msg":"Sent commit vote to node 1"}
{"time":"2026-07-24 14:29:09,886","level":"INFO","node":0,"msg":"Proposal received: round=14 origin=2 hash=81ee358baca8..."}
{"time":"2026-07-24 14:29:09,897","level":"INFO","node":0,"msg":"Consensus vote recorded: node 2 decision=True reason=zkp_ok round=14 new=True satisfied=False"}
{"time":"2026-07-24 14:29:19,666","level":"INFO","node":0,"msg":"Consensus vote recorded: node 3 decision=True reason=zkp_ok round=14 new=True satisfied=False"}
{"time":"2026-07-24 14:29:25,975","level":"INFO","node":0,"msg":"Received update from node 3, round 14"}
{"time":"2026-07-24 14:29:35,769","level":"INFO","node":0,"msg":"ZKP ACCEPTED from node 3"}
{"time":"2026-07-24 14:29:35,769","level":"INFO","node":0,"msg":"fc_in col7 delta self-cosine for node 2: -0.0545 (delta_norm=0.1974)"}
{"time":"2026-07-24 14:29:35,780","level":"INFO","node":0,"msg":"Per-class agreement with node 2: class0=0.971 class1=0.946 gap=0.025"}
{"time":"2026-07-24 14:29:35,780","level":"INFO","node":0,"msg":"Per-class rolling gap for node 2: mean=0.051 over last 3 round(s)"}
{"time":"2026-07-24 14:29:35,782","level":"INFO","node":0,"msg":"Trust score for node 2: S=0.840 (Z=1.00 A=0.96 P=0.55 R=1.00) advisory only"}
{"time":"2026-07-24 14:29:35,813","level":"INFO","node":0,"msg":"Sent consensus vote to node 1"}
{"time":"2026-07-24 14:29:35,813","level":"INFO","node":0,"msg":"Sent consensus vote to node 2"}
{"time":"2026-07-24 14:29:35,814","level":"INFO","node":0,"msg":"Sent consensus vote to node 3"}
{"time":"2026-07-24 14:29:35,831","level":"INFO","node":0,"msg":"[FC2 DELTA NORM] node 0 round=14 — fc2 delta norm this round: 0.0521"}
{"time":"2026-07-24 14:29:41,931","level":"INFO","node":0,"msg":"[TIMING] node 0 round=14 ZKP proof generation (voter) took 6.09s"}
{"time":"2026-07-24 14:29:41,931","level":"INFO","node":0,"msg":"[TIMING] node 0 round=14 HE encryption (voter) took 0.00s"}
{"time":"2026-07-24 14:29:41,931","level":"INFO","node":0,"msg":"Forwarded to http://127.0.0.1:8001"}
{"time":"2026-07-24 14:29:51,678","level":"INFO","node":0,"msg":"Prediction agreement with node 1 round=14: A=0.993"}
{"time":"2026-07-24 14:29:51,678","level":"INFO","node":0,"msg":"Consensus vote recorded: node 1 decision=True reason=zkp_ok round=14 new=True satisfied=True"}
{"time":"2026-07-24 14:29:57,983","level":"INFO","node":0,"msg":"Synced weights from master for round 14"}
{"time":"2026-07-24 14:29:58,012","level":"INFO","node":0,"msg":"Sent commit vote to node 2"}
{"time":"2026-07-24 14:30:04,487","level":"INFO","node":0,"msg":"Proposal received: round=15 origin=3 hash=9761a9d62712..."}
{"time":"2026-07-24 14:30:04,510","level":"INFO","node":0,"msg":"Consensus vote recorded: node 3 decision=True reason=zkp_ok round=15 new=True satisfied=False"}
{"time":"2026-07-24 14:30:04,525","level":"INFO","node":0,"msg":"Received update from node 3, round 15"}
{"time":"2026-07-24 14:30:14,170","level":"INFO","node":0,"msg":"ZKP ACCEPTED from node 3"}
{"time":"2026-07-24 14:30:14,170","level":"INFO","node":0,"msg":"fc_in col7 delta self-cosine for node 3: -0.3004 (delta_norm=0.2103)"}
{"time":"2026-07-24 14:30:14,170","level":"INFO","node":0,"msg":"Per-class agreement with node 3: class0=0.976 class1=0.955 gap=0.021"}
{"time":"2026-07-24 14:30:14,170","level":"INFO","node":0,"msg":"Per-class rolling gap for node 3: mean=0.029 over last 3 round(s)"}
{"time":"2026-07-24 14:30:14,188","level":"INFO","node":0,"msg":"Trust score for node 3: S=0.836 (Z=1.00 A=0.97 P=0.52 R=1.00) advisory only"}
{"time":"2026-07-24 14:30:14,212","level":"INFO","node":0,"msg":"Sent consensus vote to node 1"}
{"time":"2026-07-24 14:30:14,212","level":"INFO","node":0,"msg":"Sent consensus vote to node 2"}
{"time":"2026-07-24 14:30:14,213","level":"INFO","node":0,"msg":"Sent consensus vote to node 3"}
{"time":"2026-07-24 14:30:14,222","level":"INFO","node":0,"msg":"[FC2 DELTA NORM] node 0 round=15 — fc2 delta norm this round: 0.0542"}
{"time":"2026-07-24 14:30:20,464","level":"INFO","node":0,"msg":"[TIMING] node 0 round=15 ZKP proof generation (voter) took 6.24s"}
{"time":"2026-07-24 14:30:20,464","level":"INFO","node":0,"msg":"[TIMING] node 0 round=15 HE encryption (voter) took 0.00s"}
{"time":"2026-07-24 14:30:20,483","level":"INFO","node":0,"msg":"Forwarded to http://127.0.0.1:8001"}
{"time":"2026-07-24 14:30:30,351","level":"INFO","node":0,"msg":"Prediction agreement with node 1 round=15: A=0.986"}
{"time":"2026-07-24 14:30:30,351","level":"INFO","node":0,"msg":"Consensus vote recorded: node 1 decision=True reason=zkp_ok round=15 new=True satisfied=True"}
{"time":"2026-07-24 14:30:53,741","level":"INFO","node":0,"msg":"Prediction agreement with node 2 round=15: A=0.947"}
{"time":"2026-07-24 14:30:53,742","level":"INFO","node":0,"msg":"Consensus vote recorded: node 2 decision=True reason=zkp_ok round=15 new=True satisfied=True"}
{"time":"2026-07-24 14:31:13,958","level":"INFO","node":0,"msg":"Synced weights from master for round 15"}
{"time":"2026-07-24 14:31:13,992","level":"INFO","node":0,"msg":"Sent commit vote to node 3"}
{"time":"2026-07-24 14:31:14,013","level":"INFO","node":0,"msg":"My turn — starting round 17 as proposer."}
{"time":"2026-07-24 14:31:14,015","level":"INFO","node":0,"msg":"Starting round 17"}
{"time":"2026-07-24 14:31:14,106","level":"INFO","node":0,"msg":"[FC2 DELTA NORM] node 0 round=16 — fc2 delta norm this round: 0.0529"}
{"time":"2026-07-24 14:31:35,384","level":"INFO","node":0,"msg":"[TIMING] node 0 round=16 ZKP proof generation took 21.26s"}
{"time":"2026-07-24 14:31:35,386","level":"INFO","node":0,"msg":"[TIMING] node 0 round=16 HE encryption took 0.00s"}
{"time":"2026-07-24 14:31:35,408","level":"INFO","node":0,"msg":"Sent proposal to node 2"}
{"time":"2026-07-24 14:31:35,412","level":"INFO","node":0,"msg":"Sent proposal to node 1"}
{"time":"2026-07-24 14:31:35,416","level":"INFO","node":0,"msg":"Sent proposal to node 3"}
{"time":"2026-07-24 14:31:35,444","level":"INFO","node":0,"msg":"Sent consensus vote to node 1"}
{"time":"2026-07-24 14:31:35,452","level":"INFO","node":0,"msg":"Sent consensus vote to node 2"}
{"time":"2026-07-24 14:31:35,453","level":"INFO","node":0,"msg":"Sent consensus vote to node 3"}
{"time":"2026-07-24 14:31:35,475","level":"INFO","node":0,"msg":"Forwarded to http://127.0.0.1:8001"}
{"time":"2026-07-24 14:32:06,877","level":"INFO","node":0,"msg":"Consensus vote recorded: node 1 decision=False reason=per_class_agreement_gap round=16 new=True satisfied=False"}
{"time":"2026-07-24 14:32:59,723","level":"INFO","node":0,"msg":"Consensus vote recorded: node 2 decision=False reason=per_class_agreement_gap round=16 new=True satisfied=False"}
{"time":"2026-07-24 14:33:52,536","level":"INFO","node":0,"msg":"Consensus vote recorded: node 3 decision=True reason=zkp_ok round=16 new=True satisfied=False"}
{"time":"2026-07-24 14:34:13,633","level":"INFO","node":0,"msg":"Received update from node 3, round 16"}
{"time":"2026-07-24 14:34:13,633","level":"INFO","node":0,"msg":"Round 17 complete — aggregating"}
{"time":"2026-07-24 14:34:13,640","level":"WARNING","node":0,"msg":"Round 17 REJECTED — quorum not satisfied (attempt 1/3). Retrying round."}
{"time":"2026-07-24 14:34:14,149","level":"INFO","node":0,"msg":"Starting round 17"}
{"time":"2026-07-24 14:34:14,223","level":"INFO","node":0,"msg":"[FC2 DELTA NORM] node 0 round=16 — fc2 delta norm this round: 0.0442"}
{"time":"2026-07-24 14:34:34,796","level":"INFO","node":0,"msg":"[TIMING] node 0 round=16 ZKP proof generation took 20.56s"}
{"time":"2026-07-24 14:34:34,797","level":"INFO","node":0,"msg":"[TIMING] node 0 round=16 HE encryption took 0.00s"}
{"time":"2026-07-24 14:34:34,817","level":"INFO","node":0,"msg":"Sent proposal to node 2"}
{"time":"2026-07-24 14:34:34,818","level":"INFO","node":0,"msg":"Sent proposal to node 3"}
{"time":"2026-07-24 14:34:34,834","level":"INFO","node":0,"msg":"Sent proposal to node 1"}
{"time":"2026-07-24 14:34:34,866","level":"INFO","node":0,"msg":"Sent consensus vote to node 2"}
{"time":"2026-07-24 14:34:34,866","level":"INFO","node":0,"msg":"Sent consensus vote to node 1"}
{"time":"2026-07-24 14:34:34,869","level":"INFO","node":0,"msg":"Sent consensus vote to node 3"}
{"time":"2026-07-24 14:34:34,887","level":"INFO","node":0,"msg":"Forwarded to http://127.0.0.1:8001"}
{"time":"2026-07-24 14:35:06,237","level":"INFO","node":0,"msg":"Consensus vote recorded: node 1 decision=True reason=zkp_ok round=16 new=True satisfied=False"}
{"time":"2026-07-24 14:36:02,072","level":"INFO","node":0,"msg":"Consensus vote recorded: node 2 decision=True reason=zkp_ok round=16 new=True satisfied=True"}
{"time":"2026-07-24 14:36:45,798","level":"INFO","node":0,"msg":"Consensus vote recorded: node 3 decision=True reason=zkp_ok round=16 new=True satisfied=True"}
{"time":"2026-07-24 14:37:04,833","level":"INFO","node":0,"msg":"Received update from node 3, round 16"}
{"time":"2026-07-24 14:37:04,835","level":"INFO","node":0,"msg":"Round 17 complete — aggregating"}
{"time":"2026-07-24 14:37:04,944","level":"WARNING","node":0,"msg":"[BACKDOOR PROBE] Round 17 SUSPICIOUS: feature=5 value=7.0 forces class=1 flip_rate=1.000 jump=0.664 (thresholds: flip>0.7, jump>0.3)"}
{"time":"2026-07-24 14:37:04,989","level":"INFO","node":0,"msg":"Commit vote recorded: node 3 decision=True round=16 satisfied=False"}
{"time":"2026-07-24 14:37:04,991","level":"INFO","node":0,"msg":"Commit vote recorded: node 1 decision=True round=16 satisfied=True"}
{"time":"2026-07-24 14:37:04,991","level":"INFO","node":0,"msg":"Round 17 COMMITTED — model hash agreed by [0, 3, 1]"}
{"time":"2026-07-24 14:37:04,997","level":"INFO","node":0,"msg":"Commit certificate saved to C:\Users\mousu\OneDrive\Desktop\Set A\securefedhe\dashboard\certificates\round_16.json"}
{"time":"2026-07-24 14:37:05,001","level":"INFO","node":0,"msg":"Broadcast weights to node 3"}
{"time":"2026-07-24 14:37:05,003","level":"INFO","node":0,"msg":"Broadcast weights to node 1"}
{"time":"2026-07-24 14:37:05,005","level":"INFO","node":0,"msg":"Commit vote recorded: node 2 decision=True round=16 satisfied=True"}
{"time":"2026-07-24 14:37:05,007","level":"INFO","node":0,"msg":"Broadcast weights to node 2"}
{"time":"2026-07-24 14:37:05,013","level":"INFO","node":0,"msg":"Checkpoint saved to C:\Users\mousu\OneDrive\Desktop\Set A\securefedhe\dashboard\model_latest.pt"}
{"time":"2026-07-24 14:37:05,013","level":"INFO","node":0,"msg":"Round 17 complete | accuracy=0.8909 | duration=170.86s"}
{"time":"2026-07-24 14:37:05,013","level":"INFO","node":0,"msg":"Round 18 belongs to node 1 — waiting for their proposal."}
{"time":"2026-07-24 14:37:05,021","level":"INFO","node":0,"msg":"Notified next proposer to node 1"}
{"time":"2026-07-24 14:37:05,021","level":"INFO","node":0,"msg":"[WATCHDOG SPAWNED] round=17 expected_proposer=1 timeout_s=600 spawned_at=14:37:05"}
{"time":"2026-07-24 14:37:23,718","level":"INFO","node":0,"msg":"Proposal received: round=17 origin=1 hash=0aa18d1fc02c..."}
{"time":"2026-07-24 14:37:23,754","level":"INFO","node":0,"msg":"Consensus vote recorded: node 1 decision=True reason=zkp_ok round=17 new=True satisfied=False"}
{"time":"2026-07-24 14:37:50,577","level":"INFO","node":0,"msg":"Consensus vote recorded: node 2 decision=False reason=per_class_agreement_gap round=17 new=True satisfied=False"}
{"time":"2026-07-24 14:38:37,208","level":"INFO","node":0,"msg":"Consensus vote recorded: node 3 decision=False reason=per_class_agreement_gap round=17 new=True satisfied=False"}
{"time":"2026-07-24 14:38:56,365","level":"INFO","node":0,"msg":"Received update from node 3, round 17"}
{"time":"2026-07-24 14:39:24,817","level":"INFO","node":0,"msg":"ZKP ACCEPTED from node 3"}
{"time":"2026-07-24 14:39:24,817","level":"INFO","node":0,"msg":"fc_in col7 delta self-cosine for node 1: 0.1887 (delta_norm=0.1755)"}
{"time":"2026-07-24 14:39:24,817","level":"INFO","node":0,"msg":"Per-class agreement with node 1: class0=0.963 class1=0.934 gap=0.029"}
{"time":"2026-07-24 14:39:24,833","level":"INFO","node":0,"msg":"Per-class rolling gap for node 1: mean=0.074 over last 4 round(s)"}
{"time":"2026-07-24 14:39:24,833","level":"WARNING","node":0,"msg":"[PER-CLASS AGREEMENT CHECK] node 0 observed node 1: SUSTAINED class agreement gap, rolling mean=0.074 over 4 rounds — possible asymmetric/label_flip-style corruption"}
{"time":"2026-07-24 14:39:24,833","level":"INFO","node":0,"msg":"Trust score for node 1: S=0.813 (Z=1.00 A=0.95 P=0.48 R=1.00) advisory only"}
{"time":"2026-07-24 14:39:24,833","level":"WARNING","node":0,"msg":"Update round=17 from node 1 REJECTED on per-class agreement gap"}
{"time":"2026-07-24 14:39:24,881","level":"INFO","node":0,"msg":"Sent consensus vote to node 1"}
{"time":"2026-07-24 14:39:24,881","level":"INFO","node":0,"msg":"Sent consensus vote to node 2"}
{"time":"2026-07-24 14:39:24,881","level":"INFO","node":0,"msg":"Sent consensus vote to node 3"}
{"time":"2026-07-24 14:39:24,947","level":"INFO","node":0,"msg":"[FC2 DELTA NORM] node 0 round=17 — fc2 delta norm this round: 0.0507"}
{"time":"2026-07-24 14:39:43,037","level":"INFO","node":0,"msg":"[TIMING] node 0 round=17 ZKP proof generation (voter) took 18.07s"}
{"time":"2026-07-24 14:39:43,037","level":"INFO","node":0,"msg":"[TIMING] node 0 round=17 HE encryption (voter) took 0.00s"}
{"time":"2026-07-24 14:39:43,052","level":"INFO","node":0,"msg":"Forwarded to http://127.0.0.1:8001"}
{"time":"2026-07-24 14:40:02,555","level":"INFO","node":0,"msg":"Proposal for round=17 origin=1 changed hash after 158.84s — treating as a legitimate round retry, not equivocation."}
{"time":"2026-07-24 14:40:02,555","level":"INFO","node":0,"msg":"Proposal received: round=17 origin=1 hash=03dcead59483..."}
{"time":"2026-07-24 14:40:02,587","level":"INFO","node":0,"msg":"Consensus vote recorded: node 1 decision=True reason=zkp_ok round=17 new=True satisfied=False"}
{"time":"2026-07-24 14:40:30,161","level":"INFO","node":0,"msg":"Consensus vote recorded: node 2 decision=True reason=zkp_ok round=17 new=True satisfied=False"}
{"time":"2026-07-24 14:40:54,529","level":"INFO","node":0,"msg":"Consensus vote recorded: node 3 decision=True reason=zkp_ok round=17 new=True satisfied=True"}
{"time":"2026-07-24 14:41:00,993","level":"INFO","node":0,"msg":"Received update from node 3, round 17"}
{"time":"2026-07-24 14:41:10,968","level":"INFO","node":0,"msg":"ZKP ACCEPTED from node 3"}
{"time":"2026-07-24 14:41:10,970","level":"INFO","node":0,"msg":"fc_in col7 delta self-cosine for node 1: -0.3548 (delta_norm=0.1157)"}
{"time":"2026-07-24 14:41:10,974","level":"INFO","node":0,"msg":"Per-class agreement with node 1: class0=0.939 class1=0.971 gap=0.032"}
{"time":"2026-07-24 14:41:10,974","level":"INFO","node":0,"msg":"Per-class rolling gap for node 1: mean=0.038 over last 4 round(s)"}
{"time":"2026-07-24 14:41:10,979","level":"INFO","node":0,"msg":"Trust score for node 1: S=0.763 (Z=1.00 A=0.95 P=0.46 R=0.80) advisory only"}
{"time":"2026-07-24 14:41:11,011","level":"INFO","node":0,"msg":"Sent consensus vote to node 1"}
{"time":"2026-07-24 14:41:11,012","level":"INFO","node":0,"msg":"Sent consensus vote to node 3"}
{"time":"2026-07-24 14:41:11,012","level":"INFO","node":0,"msg":"Sent consensus vote to node 2"}
{"time":"2026-07-24 14:41:11,028","level":"INFO","node":0,"msg":"[FC2 DELTA NORM] node 0 round=17 — fc2 delta norm this round: 0.0485"}
{"time":"2026-07-24 14:41:17,233","level":"INFO","node":0,"msg":"[TIMING] node 0 round=17 ZKP proof generation (voter) took 6.20s"}
{"time":"2026-07-24 14:41:17,233","level":"INFO","node":0,"msg":"[TIMING] node 0 round=17 HE encryption (voter) took 0.00s"}
{"time":"2026-07-24 14:41:17,251","level":"INFO","node":0,"msg":"Forwarded to http://127.0.0.1:8001"}
{"time":"2026-07-24 14:41:17,315","level":"INFO","node":0,"msg":"Synced weights from master for round 17"}
{"time":"2026-07-24 14:41:17,320","level":"INFO","node":0,"msg":"Sent commit vote to node 1"}
{"time":"2026-07-24 14:41:23,632","level":"INFO","node":0,"msg":"Proposal received: round=18 origin=2 hash=5b691ddb547a..."}
{"time":"2026-07-24 14:41:23,639","level":"INFO","node":0,"msg":"Consensus vote recorded: node 2 decision=True reason=zkp_ok round=18 new=True satisfied=False"}
{"time":"2026-07-24 14:41:33,469","level":"INFO","node":0,"msg":"Consensus vote recorded: node 3 decision=True reason=zkp_ok round=18 new=True satisfied=False"}
{"time":"2026-07-24 14:41:39,712","level":"INFO","node":0,"msg":"Received update from node 3, round 18"}
{"time":"2026-07-24 14:41:49,453","level":"INFO","node":0,"msg":"ZKP ACCEPTED from node 3"}
{"time":"2026-07-24 14:41:49,453","level":"INFO","node":0,"msg":"fc_in col7 delta self-cosine for node 2: 0.0107 (delta_norm=0.1789)"}
{"time":"2026-07-24 14:41:49,461","level":"INFO","node":0,"msg":"Per-class agreement with node 2: class0=0.954 class1=0.928 gap=0.026"}
{"time":"2026-07-24 14:41:49,461","level":"INFO","node":0,"msg":"Per-class rolling gap for node 2: mean=0.045 over last 4 round(s)"}
{"time":"2026-07-24 14:41:49,463","level":"INFO","node":0,"msg":"Trust score for node 2: S=0.796 (Z=1.00 A=0.95 P=0.45 R=1.00) advisory only"}
{"time":"2026-07-24 14:41:49,490","level":"INFO","node":0,"msg":"Sent consensus vote to node 1"}
{"time":"2026-07-24 14:41:49,490","level":"INFO","node":0,"msg":"Sent consensus vote to node 2"}
{"time":"2026-07-24 14:41:49,491","level":"INFO","node":0,"msg":"Sent consensus vote to node 3"}
{"time":"2026-07-24 14:41:49,517","level":"INFO","node":0,"msg":"[FC2 DELTA NORM] node 0 round=18 — fc2 delta norm this round: 0.0506"}
{"time":"2026-07-24 14:41:55,653","level":"INFO","node":0,"msg":"[TIMING] node 0 round=18 ZKP proof generation (voter) took 6.13s"}
{"time":"2026-07-24 14:41:55,657","level":"INFO","node":0,"msg":"[TIMING] node 0 round=18 HE encryption (voter) took 0.00s"}
{"time":"2026-07-24 14:41:55,664","level":"INFO","node":0,"msg":"Forwarded to http://127.0.0.1:8001"}
{"time":"2026-07-24 14:42:05,435","level":"INFO","node":0,"msg":"Prediction agreement with node 1 round=18: A=0.993"}
{"time":"2026-07-24 14:42:05,435","level":"INFO","node":0,"msg":"Consensus vote recorded: node 1 decision=True reason=zkp_ok round=18 new=True satisfied=True"}
{"time":"2026-07-24 14:42:11,715","level":"INFO","node":0,"msg":"Synced weights from master for round 18"}
{"time":"2026-07-24 14:42:11,734","level":"INFO","node":0,"msg":"Sent commit vote to node 2"}
{"time":"2026-07-24 14:42:18,054","level":"INFO","node":0,"msg":"Proposal received: round=19 origin=3 hash=bfb443d0dfc2..."}
{"time":"2026-07-24 14:42:18,062","level":"INFO","node":0,"msg":"Consensus vote recorded: node 3 decision=True reason=zkp_ok round=19 new=True satisfied=False"}
{"time":"2026-07-24 14:42:18,068","level":"INFO","node":0,"msg":"Received update from node 3, round 19"}
{"time":"2026-07-24 14:42:27,783","level":"INFO","node":0,"msg":"ZKP ACCEPTED from node 3"}
{"time":"2026-07-24 14:42:27,783","level":"INFO","node":0,"msg":"fc_in col7 delta self-cosine for node 3: -0.1085 (delta_norm=0.2113)"}
{"time":"2026-07-24 14:42:27,801","level":"INFO","node":0,"msg":"Per-class agreement with node 3: class0=0.970 class1=0.951 gap=0.019"}
{"time":"2026-07-24 14:42:27,801","level":"INFO","node":0,"msg":"Per-class rolling gap for node 3: mean=0.026 over last 4 round(s)"}
{"time":"2026-07-24 14:42:27,807","level":"INFO","node":0,"msg":"Trust score for node 3: S=0.801 (Z=1.00 A=0.96 P=0.41 R=1.00) advisory only"}
{"time":"2026-07-24 14:42:27,860","level":"INFO","node":0,"msg":"Sent consensus vote to node 2"}
{"time":"2026-07-24 14:42:27,861","level":"INFO","node":0,"msg":"Sent consensus vote to node 1"}
{"time":"2026-07-24 14:42:27,861","level":"INFO","node":0,"msg":"Sent consensus vote to node 3"}
{"time":"2026-07-24 14:42:27,888","level":"INFO","node":0,"msg":"[FC2 DELTA NORM] node 0 round=19 — fc2 delta norm this round: 0.0527"}
{"time":"2026-07-24 14:42:34,094","level":"INFO","node":0,"msg":"[TIMING] node 0 round=19 ZKP proof generation (voter) took 6.20s"}
{"time":"2026-07-24 14:42:34,094","level":"INFO","node":0,"msg":"[TIMING] node 0 round=19 HE encryption (voter) took 0.00s"}
{"time":"2026-07-24 14:42:34,110","level":"INFO","node":0,"msg":"Forwarded to http://127.0.0.1:8001"}
{"time":"2026-07-24 14:42:43,874","level":"INFO","node":0,"msg":"Prediction agreement with node 1 round=19: A=0.988"}
{"time":"2026-07-24 14:42:43,874","level":"INFO","node":0,"msg":"Consensus vote recorded: node 1 decision=True reason=zkp_ok round=19 new=True satisfied=True"}
{"time":"2026-07-24 14:43:00,104","level":"INFO","node":0,"msg":"Prediction agreement with node 2 round=19: A=0.951"}
{"time":"2026-07-24 14:43:00,104","level":"INFO","node":0,"msg":"Consensus vote recorded: node 2 decision=True reason=zkp_ok round=19 new=True satisfied=True"}
{"time":"2026-07-24 14:43:06,410","level":"INFO","node":0,"msg":"Synced weights from master for round 19"}
{"time":"2026-07-24 14:43:06,410","level":"INFO","node":0,"msg":"Training complete after 20 rounds"}
{"time":"2026-07-24 14:43:06,427","level":"INFO","node":0,"msg":"Sent commit vote to node 3"}
{"time":"2026-07-24 14:47:05,028","level":"INFO","node":0,"msg":"Watchdog fired but training already complete — ignoring, not excluding node 1."}
{"time":"2026-07-26 03:17:23,268","level":"INFO","node":0,"msg":"Starting node 0: City General Hospital"}
{"time":"2026-07-26 03:17:23,268","level":"INFO","node":0,"msg":"[CONFIG DEBUG] attack_simulation loaded: enabled=True target_node=2 type=stale_update config_path=config_dev.json"}
{"time":"2026-07-26 03:17:23,623","level":"WARNING","node":0,"msg":"DEV MODE: running without TLS"}
{"time":"2026-07-26 03:17:23,623","level":"INFO","node":0,"msg":"Listening on 127.0.0.1:8000 | TLS=False"}
