{"time":"2026-07-22 15:04:34,046","level":"INFO","node":2,"msg":"Starting node 2: Rural Health Centre"}
{"time":"2026-07-22 15:04:34,046","level":"INFO","node":2,"msg":"[CONFIG DEBUG] attack_simulation loaded: enabled=False target_node=2 type=gradient_norm config_path=config_dev.json"}
{"time":"2026-07-22 15:04:34,117","level":"WARNING","node":2,"msg":"DEV MODE: running without TLS"}
{"time":"2026-07-22 15:04:34,117","level":"INFO","node":2,"msg":"Listening on 127.0.0.1:8002 | TLS=False"}
{"time":"2026-07-22 15:04:37,224","level":"INFO","node":2,"msg":"Consensus pubkey received from node 1"}
{"time":"2026-07-22 15:04:37,236","level":"INFO","node":2,"msg":"Key exchange complete with node 1"}
{"time":"2026-07-22 15:04:39,161","level":"INFO","node":2,"msg":"Sent consensus pubkey to node 0"}
{"time":"2026-07-22 15:04:39,162","level":"INFO","node":2,"msg":"Sent public key to node 0"}
{"time":"2026-07-22 15:04:39,173","level":"INFO","node":2,"msg":"Sent consensus pubkey to node 1"}
{"time":"2026-07-22 15:04:39,189","level":"INFO","node":2,"msg":"Sent public key to node 1"}
{"time":"2026-07-22 15:04:39,190","level":"INFO","node":2,"msg":"Sent consensus pubkey to node 3"}
{"time":"2026-07-22 15:04:39,196","level":"INFO","node":2,"msg":"Sent public key to node 3"}
{"time":"2026-07-22 15:04:41,568","level":"INFO","node":2,"msg":"Consensus pubkey received from node 3"}
{"time":"2026-07-22 15:04:41,589","level":"INFO","node":2,"msg":"Key exchange complete with node 3"}
{"time":"2026-07-22 15:04:48,385","level":"INFO","node":2,"msg":"Key exchange complete with node 0"}
{"time":"2026-07-22 15:04:48,408","level":"INFO","node":2,"msg":"Consensus pubkey received from node 0"}
{"time":"2026-07-22 15:05:50,096","level":"INFO","node":2,"msg":"Starting node 2: Rural Health Centre"}
{"time":"2026-07-22 15:05:50,096","level":"INFO","node":2,"msg":"[CONFIG DEBUG] attack_simulation loaded: enabled=False target_node=2 type=gradient_norm config_path=config_dev.json"}
{"time":"2026-07-22 15:05:50,140","level":"WARNING","node":2,"msg":"DEV MODE: running without TLS"}
{"time":"2026-07-22 15:05:50,140","level":"INFO","node":2,"msg":"Listening on 127.0.0.1:8002 | TLS=False"}
{"time":"2026-07-22 15:05:55,005","level":"INFO","node":2,"msg":"Key exchange complete with node 3"}
{"time":"2026-07-22 15:05:55,027","level":"INFO","node":2,"msg":"Consensus pubkey received from node 3"}
{"time":"2026-07-22 15:05:55,155","level":"INFO","node":2,"msg":"Sent consensus pubkey to node 0"}
{"time":"2026-07-22 15:05:55,155","level":"INFO","node":2,"msg":"Sent public key to node 0"}
{"time":"2026-07-22 15:05:55,165","level":"INFO","node":2,"msg":"Sent consensus pubkey to node 1"}
{"time":"2026-07-22 15:05:55,165","level":"INFO","node":2,"msg":"Sent public key to node 1"}
{"time":"2026-07-22 15:05:55,173","level":"INFO","node":2,"msg":"Sent consensus pubkey to node 3"}
{"time":"2026-07-22 15:05:55,177","level":"INFO","node":2,"msg":"Sent public key to node 3"}
{"time":"2026-07-22 15:05:57,443","level":"INFO","node":2,"msg":"Consensus pubkey received from node 1"}
{"time":"2026-07-22 15:05:57,463","level":"INFO","node":2,"msg":"Key exchange complete with node 1"}
{"time":"2026-07-22 15:06:12,796","level":"INFO","node":2,"msg":"Key exchange complete with node 0"}
{"time":"2026-07-22 15:06:12,838","level":"INFO","node":2,"msg":"Consensus pubkey received from node 0"}
{"time":"2026-07-22 15:06:20,382","level":"INFO","node":2,"msg":"Proposal received: round=0 origin=0 hash=6535410ac0c9..."}
{"time":"2026-07-22 15:06:20,410","level":"INFO","node":2,"msg":"Consensus vote recorded: node 0 decision=True reason=zkp_ok round=0 new=True satisfied=False"}
{"time":"2026-07-22 15:06:30,021","level":"INFO","node":2,"msg":"Consensus vote recorded: node 1 decision=True reason=zkp_ok round=0 new=True satisfied=False"}
{"time":"2026-07-22 15:06:37,355","level":"INFO","node":2,"msg":"Received update from node 1, round 0"}
{"time":"2026-07-22 15:06:47,027","level":"INFO","node":2,"msg":"ZKP ACCEPTED from node 1"}
{"time":"2026-07-22 15:06:47,040","level":"INFO","node":2,"msg":"Trust score for node 0: S=0.429 (Z=1.00 A=0.50 P=0.50 R=1.00) advisory only"}
{"time":"2026-07-22 15:06:47,049","level":"INFO","node":2,"msg":"Sent consensus vote to node 0"}
{"time":"2026-07-22 15:06:47,070","level":"INFO","node":2,"msg":"Sent consensus vote to node 1"}
{"time":"2026-07-22 15:06:47,079","level":"INFO","node":2,"msg":"Sent consensus vote to node 3"}
{"time":"2026-07-22 15:06:48,257","level":"INFO","node":2,"msg":"[FC2 DELTA NORM] node 2 round=0 — fc2 delta norm this round: 0.0407"}
{"time":"2026-07-22 15:06:54,377","level":"INFO","node":2,"msg":"Forwarded to http://127.0.0.1:8003"}
{"time":"2026-07-22 15:07:04,115","level":"INFO","node":2,"msg":"Prediction agreement with node 3 round=0: A=0.686"}
{"time":"2026-07-22 15:07:04,116","level":"INFO","node":2,"msg":"Consensus vote recorded: node 3 decision=True reason=zkp_ok round=0 new=True satisfied=True"}
{"time":"2026-07-22 15:07:11,433","level":"INFO","node":2,"msg":"Synced weights from master for round 0"}
{"time":"2026-07-22 15:07:11,472","level":"INFO","node":2,"msg":"Sent commit vote to node 0"}
{"time":"2026-07-22 15:07:17,863","level":"INFO","node":2,"msg":"Proposal received: round=1 origin=1 hash=9054ea2ad0d6..."}
{"time":"2026-07-22 15:07:17,882","level":"INFO","node":2,"msg":"Consensus vote recorded: node 1 decision=True reason=zkp_ok round=1 new=True satisfied=False"}
{"time":"2026-07-22 15:07:17,892","level":"INFO","node":2,"msg":"Received update from node 1, round 1"}
{"time":"2026-07-22 15:07:27,686","level":"INFO","node":2,"msg":"ZKP ACCEPTED from node 1"}
{"time":"2026-07-22 15:07:27,702","level":"INFO","node":2,"msg":"Trust score for node 1: S=0.429 (Z=1.00 A=0.50 P=0.50 R=1.00) advisory only"}
{"time":"2026-07-22 15:07:27,715","level":"INFO","node":2,"msg":"Sent consensus vote to node 0"}
{"time":"2026-07-22 15:07:27,724","level":"INFO","node":2,"msg":"Sent consensus vote to node 1"}
{"time":"2026-07-22 15:07:27,752","level":"INFO","node":2,"msg":"Sent consensus vote to node 3"}
{"time":"2026-07-22 15:07:27,777","level":"INFO","node":2,"msg":"[FC2 DELTA NORM] node 2 round=1 — fc2 delta norm this round: 0.1035"}
{"time":"2026-07-22 15:07:33,862","level":"INFO","node":2,"msg":"Forwarded to http://127.0.0.1:8003"}
{"time":"2026-07-22 15:07:44,058","level":"INFO","node":2,"msg":"Prediction agreement with node 3 round=1: A=0.982"}
{"time":"2026-07-22 15:07:44,059","level":"INFO","node":2,"msg":"Consensus vote recorded: node 3 decision=True reason=zkp_ok round=1 new=True satisfied=True"}
{"time":"2026-07-22 15:08:00,226","level":"INFO","node":2,"msg":"Prediction agreement with node 0 round=1: A=0.977"}
{"time":"2026-07-22 15:08:00,226","level":"INFO","node":2,"msg":"Consensus vote recorded: node 0 decision=True reason=zkp_ok round=1 new=True satisfied=True"}
{"time":"2026-07-22 15:08:06,480","level":"INFO","node":2,"msg":"Synced weights from master for round 1"}
{"time":"2026-07-22 15:08:06,504","level":"INFO","node":2,"msg":"Sent commit vote to node 1"}
{"time":"2026-07-22 15:08:06,558","level":"INFO","node":2,"msg":"My turn — starting round 3 as proposer."}
{"time":"2026-07-22 15:08:06,558","level":"INFO","node":2,"msg":"Starting round 3"}
{"time":"2026-07-22 15:08:06,595","level":"INFO","node":2,"msg":"[FC2 DELTA NORM] node 2 round=2 — fc2 delta norm this round: 0.1048"}
{"time":"2026-07-22 15:08:12,707","level":"INFO","node":2,"msg":"Sent proposal to node 0"}
{"time":"2026-07-22 15:08:12,726","level":"INFO","node":2,"msg":"Sent proposal to node 1"}
{"time":"2026-07-22 15:08:12,735","level":"INFO","node":2,"msg":"Sent proposal to node 3"}
{"time":"2026-07-22 15:08:12,745","level":"INFO","node":2,"msg":"Sent consensus vote to node 0"}
{"time":"2026-07-22 15:08:12,749","level":"INFO","node":2,"msg":"Sent consensus vote to node 1"}
{"time":"2026-07-22 15:08:12,754","level":"INFO","node":2,"msg":"Sent consensus vote to node 3"}
{"time":"2026-07-22 15:08:12,758","level":"INFO","node":2,"msg":"Forwarded to http://127.0.0.1:8003"}
{"time":"2026-07-22 15:08:22,439","level":"INFO","node":2,"msg":"Consensus vote recorded: node 3 decision=True reason=zkp_ok round=2 new=True satisfied=False"}
{"time":"2026-07-22 15:08:38,367","level":"INFO","node":2,"msg":"Consensus vote recorded: node 0 decision=True reason=zkp_ok round=2 new=True satisfied=True"}
{"time":"2026-07-22 15:08:54,345","level":"INFO","node":2,"msg":"Consensus vote recorded: node 1 decision=True reason=zkp_ok round=2 new=True satisfied=True"}
{"time":"2026-07-22 15:09:00,663","level":"INFO","node":2,"msg":"Received update from node 1, round 2"}
{"time":"2026-07-22 15:09:00,663","level":"INFO","node":2,"msg":"Round 3 complete — aggregating"}
{"time":"2026-07-22 15:09:00,675","level":"INFO","node":2,"msg":"Round 3 accuracy gate skipped (warm-up period, candidate_acc=0.7091)"}
{"time":"2026-07-22 15:09:00,715","level":"INFO","node":2,"msg":"Commit vote recorded: node 0 decision=True round=2 satisfied=False"}
{"time":"2026-07-22 15:09:00,718","level":"INFO","node":2,"msg":"Broadcast weights to node 0"}
{"time":"2026-07-22 15:09:00,731","level":"INFO","node":2,"msg":"Commit vote recorded: node 1 decision=True round=2 satisfied=True"}
{"time":"2026-07-22 15:09:00,731","level":"INFO","node":2,"msg":"Round 3 COMMITTED — model hash agreed by [2, 0, 1]"}
{"time":"2026-07-22 15:09:00,732","level":"INFO","node":2,"msg":"Commit certificate saved to C:\Users\mousu\OneDrive\Desktop\Set A\securefedhe\dashboard\certificates\round_2.json"}
{"time":"2026-07-22 15:09:00,734","level":"INFO","node":2,"msg":"Broadcast weights to node 1"}
{"time":"2026-07-22 15:09:00,791","level":"INFO","node":2,"msg":"Commit vote recorded: node 3 decision=True round=2 satisfied=True"}
{"time":"2026-07-22 15:09:00,793","level":"INFO","node":2,"msg":"Broadcast weights to node 3"}
{"time":"2026-07-22 15:09:00,798","level":"INFO","node":2,"msg":"Checkpoint saved to C:\Users\mousu\OneDrive\Desktop\Set A\securefedhe\dashboard\model_latest.pt"}
{"time":"2026-07-22 15:09:00,798","level":"INFO","node":2,"msg":"Round 3 complete | accuracy=0.7091 | duration=54.24s"}
{"time":"2026-07-22 15:09:00,798","level":"INFO","node":2,"msg":"Round 4 belongs to node 3 — waiting for their proposal."}
{"time":"2026-07-22 15:09:00,803","level":"INFO","node":2,"msg":"Notified next proposer to node 3"}
{"time":"2026-07-22 15:09:00,804","level":"INFO","node":2,"msg":"[WATCHDOG SPAWNED] round=3 expected_proposer=3 timeout_s=600 spawned_at=15:09:00"}
{"time":"2026-07-22 15:09:07,129","level":"INFO","node":2,"msg":"Proposal received: round=3 origin=3 hash=858516fb3726..."}
{"time":"2026-07-22 15:09:07,147","level":"INFO","node":2,"msg":"Consensus vote recorded: node 3 decision=True reason=zkp_ok round=3 new=True satisfied=False"}
{"time":"2026-07-22 15:09:16,968","level":"INFO","node":2,"msg":"Consensus vote recorded: node 0 decision=True reason=zkp_ok round=3 new=True satisfied=False"}
{"time":"2026-07-22 15:09:32,920","level":"INFO","node":2,"msg":"Consensus vote recorded: node 1 decision=True reason=zkp_ok round=3 new=True satisfied=True"}
{"time":"2026-07-22 15:09:39,104","level":"INFO","node":2,"msg":"Received update from node 1, round 3"}
{"time":"2026-07-22 15:09:48,860","level":"INFO","node":2,"msg":"ZKP ACCEPTED from node 1"}
{"time":"2026-07-22 15:09:48,876","level":"INFO","node":2,"msg":"Trust score for node 3: S=0.452 (Z=1.00 A=0.50 P=0.66 R=1.00) advisory only"}
{"time":"2026-07-22 15:09:48,908","level":"INFO","node":2,"msg":"Sent consensus vote to node 0"}
{"time":"2026-07-22 15:09:48,932","level":"INFO","node":2,"msg":"Sent consensus vote to node 1"}
{"time":"2026-07-22 15:09:48,959","level":"INFO","node":2,"msg":"Sent consensus vote to node 3"}
{"time":"2026-07-22 15:09:48,985","level":"INFO","node":2,"msg":"[FC2 DELTA NORM] node 2 round=3 — fc2 delta norm this round: 0.1052"}
{"time":"2026-07-22 15:09:55,164","level":"INFO","node":2,"msg":"Forwarded to http://127.0.0.1:8003"}
{"time":"2026-07-22 15:09:55,233","level":"INFO","node":2,"msg":"Synced weights from master for round 3"}
{"time":"2026-07-22 15:09:55,241","level":"INFO","node":2,"msg":"Sent commit vote to node 3"}
{"time":"2026-07-22 15:10:01,423","level":"INFO","node":2,"msg":"Proposal received: round=4 origin=0 hash=f13a6a7b10d1..."}
{"time":"2026-07-22 15:10:01,458","level":"INFO","node":2,"msg":"Consensus vote recorded: node 0 decision=True reason=zkp_ok round=4 new=True satisfied=False"}
{"time":"2026-07-22 15:10:11,251","level":"INFO","node":2,"msg":"Consensus vote recorded: node 1 decision=True reason=zkp_ok round=4 new=True satisfied=False"}
{"time":"2026-07-22 15:10:17,374","level":"INFO","node":2,"msg":"Received update from node 1, round 4"}
{"time":"2026-07-22 15:10:27,100","level":"INFO","node":2,"msg":"ZKP ACCEPTED from node 1"}
{"time":"2026-07-22 15:10:27,116","level":"INFO","node":2,"msg":"Per-class agreement with node 0: class0=0.419 class1=0.633 gap=0.214"}
{"time":"2026-07-22 15:10:27,116","level":"INFO","node":2,"msg":"Per-class rolling gap for node 0: mean=0.214 over last 1 round(s)"}
{"time":"2026-07-22 15:10:27,116","level":"INFO","node":2,"msg":"Trust score for node 0: S=0.438 (Z=1.00 A=0.49 P=0.65 R=1.00) advisory only"}
{"time":"2026-07-22 15:10:27,147","level":"INFO","node":2,"msg":"Sent consensus vote to node 0"}
{"time":"2026-07-22 15:10:27,169","level":"INFO","node":2,"msg":"Sent consensus vote to node 1"}
{"time":"2026-07-22 15:10:27,180","level":"INFO","node":2,"msg":"Sent consensus vote to node 3"}
{"time":"2026-07-22 15:10:27,204","level":"INFO","node":2,"msg":"[FC2 DELTA NORM] node 2 round=4 — fc2 delta norm this round: 0.1059"}
{"time":"2026-07-22 15:10:33,229","level":"INFO","node":2,"msg":"Forwarded to http://127.0.0.1:8003"}
{"time":"2026-07-22 15:10:43,077","level":"INFO","node":2,"msg":"Prediction agreement with node 3 round=4: A=0.969"}
{"time":"2026-07-22 15:10:43,077","level":"INFO","node":2,"msg":"Consensus vote recorded: node 3 decision=True reason=zkp_ok round=4 new=True satisfied=True"}
{"time":"2026-07-22 15:10:49,363","level":"INFO","node":2,"msg":"Synced weights from master for round 4"}
{"time":"2026-07-22 15:10:49,382","level":"INFO","node":2,"msg":"Sent commit vote to node 0"}
{"time":"2026-07-22 15:10:55,585","level":"INFO","node":2,"msg":"Proposal received: round=5 origin=1 hash=f139d98f249a..."}
{"time":"2026-07-22 15:10:55,610","level":"INFO","node":2,"msg":"Consensus vote recorded: node 1 decision=True reason=zkp_ok round=5 new=True satisfied=False"}
{"time":"2026-07-22 15:10:55,617","level":"INFO","node":2,"msg":"Received update from node 1, round 5"}
{"time":"2026-07-22 15:11:05,371","level":"INFO","node":2,"msg":"ZKP ACCEPTED from node 1"}
{"time":"2026-07-22 15:11:05,371","level":"INFO","node":2,"msg":"Per-class agreement with node 1: class0=0.747 class1=0.892 gap=0.145"}
{"time":"2026-07-22 15:11:05,371","level":"INFO","node":2,"msg":"Per-class rolling gap for node 1: mean=0.145 over last 1 round(s)"}
{"time":"2026-07-22 15:11:05,383","level":"INFO","node":2,"msg":"Trust score for node 1: S=0.713 (Z=1.00 A=0.79 P=0.65 R=1.00) advisory only"}
{"time":"2026-07-22 15:11:05,394","level":"INFO","node":2,"msg":"Sent consensus vote to node 0"}
{"time":"2026-07-22 15:11:05,403","level":"INFO","node":2,"msg":"Sent consensus vote to node 1"}
{"time":"2026-07-22 15:11:05,417","level":"INFO","node":2,"msg":"Sent consensus vote to node 3"}
{"time":"2026-07-22 15:11:05,435","level":"INFO","node":2,"msg":"[FC2 DELTA NORM] node 2 round=5 — fc2 delta norm this round: 0.1054"}
{"time":"2026-07-22 15:11:11,580","level":"INFO","node":2,"msg":"Forwarded to http://127.0.0.1:8003"}
{"time":"2026-07-22 15:11:21,285","level":"INFO","node":2,"msg":"Prediction agreement with node 3 round=5: A=0.964"}
{"time":"2026-07-22 15:11:21,285","level":"INFO","node":2,"msg":"Consensus vote recorded: node 3 decision=True reason=zkp_ok round=5 new=True satisfied=True"}
{"time":"2026-07-22 15:11:37,120","level":"INFO","node":2,"msg":"Prediction agreement with node 0 round=5: A=0.951"}
{"time":"2026-07-22 15:11:37,120","level":"INFO","node":2,"msg":"Consensus vote recorded: node 0 decision=True reason=zkp_ok round=5 new=True satisfied=True"}
{"time":"2026-07-22 15:11:43,430","level":"INFO","node":2,"msg":"Synced weights from master for round 5"}
{"time":"2026-07-22 15:11:43,460","level":"INFO","node":2,"msg":"Sent commit vote to node 1"}
{"time":"2026-07-22 15:11:43,507","level":"INFO","node":2,"msg":"My turn — starting round 7 as proposer."}
{"time":"2026-07-22 15:11:43,508","level":"INFO","node":2,"msg":"Starting round 7"}
{"time":"2026-07-22 15:11:43,547","level":"INFO","node":2,"msg":"[FC2 DELTA NORM] node 2 round=6 — fc2 delta norm this round: 0.1050"}
{"time":"2026-07-22 15:11:49,788","level":"INFO","node":2,"msg":"Sent proposal to node 0"}
{"time":"2026-07-22 15:11:49,807","level":"INFO","node":2,"msg":"Sent proposal to node 1"}
{"time":"2026-07-22 15:11:49,813","level":"INFO","node":2,"msg":"Sent proposal to node 3"}
{"time":"2026-07-22 15:11:49,818","level":"INFO","node":2,"msg":"Sent consensus vote to node 0"}
{"time":"2026-07-22 15:11:49,823","level":"INFO","node":2,"msg":"Sent consensus vote to node 1"}
{"time":"2026-07-22 15:11:49,827","level":"INFO","node":2,"msg":"Sent consensus vote to node 3"}
{"time":"2026-07-22 15:11:49,830","level":"INFO","node":2,"msg":"Forwarded to http://127.0.0.1:8003"}
{"time":"2026-07-22 15:11:59,774","level":"INFO","node":2,"msg":"Consensus vote recorded: node 3 decision=True reason=zkp_ok round=6 new=True satisfied=False"}
{"time":"2026-07-22 15:12:15,635","level":"INFO","node":2,"msg":"Consensus vote recorded: node 0 decision=True reason=zkp_ok round=6 new=True satisfied=True"}
{"time":"2026-07-22 15:12:32,310","level":"INFO","node":2,"msg":"Consensus vote recorded: node 1 decision=True reason=zkp_ok round=6 new=True satisfied=True"}
{"time":"2026-07-22 15:12:38,584","level":"INFO","node":2,"msg":"Received update from node 1, round 6"}
{"time":"2026-07-22 15:12:38,584","level":"INFO","node":2,"msg":"Round 7 complete — aggregating"}
{"time":"2026-07-22 15:12:38,612","level":"WARNING","node":2,"msg":"[BACKDOOR PROBE] Round 7 SUSPICIOUS: feature=1 value=8.0 forces class=1 flip_rate=1.000 jump=0.727 (thresholds: flip>0.7, jump>0.3)"}
{"time":"2026-07-22 15:12:38,652","level":"INFO","node":2,"msg":"Commit vote recorded: node 0 decision=True round=6 satisfied=False"}
{"time":"2026-07-22 15:12:38,652","level":"INFO","node":2,"msg":"Broadcast weights to node 0"}
{"time":"2026-07-22 15:12:38,669","level":"INFO","node":2,"msg":"Commit vote recorded: node 1 decision=True round=6 satisfied=True"}
{"time":"2026-07-22 15:12:38,669","level":"INFO","node":2,"msg":"Round 7 COMMITTED — model hash agreed by [2, 0, 1]"}
{"time":"2026-07-22 15:12:38,670","level":"INFO","node":2,"msg":"Commit certificate saved to C:\Users\mousu\OneDrive\Desktop\Set A\securefedhe\dashboard\certificates\round_6.json"}
{"time":"2026-07-22 15:12:38,672","level":"INFO","node":2,"msg":"Broadcast weights to node 1"}
{"time":"2026-07-22 15:12:38,688","level":"INFO","node":2,"msg":"Commit vote recorded: node 3 decision=True round=6 satisfied=True"}
{"time":"2026-07-22 15:12:38,690","level":"INFO","node":2,"msg":"Broadcast weights to node 3"}
{"time":"2026-07-22 15:12:38,692","level":"INFO","node":2,"msg":"Checkpoint saved to C:\Users\mousu\OneDrive\Desktop\Set A\securefedhe\dashboard\model_latest.pt"}
{"time":"2026-07-22 15:12:38,692","level":"INFO","node":2,"msg":"Round 7 complete | accuracy=0.8455 | duration=55.18s"}
{"time":"2026-07-22 15:12:38,692","level":"INFO","node":2,"msg":"Round 8 belongs to node 3 — waiting for their proposal."}
{"time":"2026-07-22 15:12:38,696","level":"INFO","node":2,"msg":"Notified next proposer to node 3"}
{"time":"2026-07-22 15:12:38,696","level":"INFO","node":2,"msg":"[WATCHDOG SPAWNED] round=7 expected_proposer=3 timeout_s=600 spawned_at=15:12:38"}
{"time":"2026-07-22 15:12:44,945","level":"INFO","node":2,"msg":"Proposal received: round=7 origin=3 hash=6b681899fa5d..."}
{"time":"2026-07-22 15:12:44,964","level":"INFO","node":2,"msg":"Consensus vote recorded: node 3 decision=True reason=zkp_ok round=7 new=True satisfied=False"}
{"time":"2026-07-22 15:12:54,744","level":"INFO","node":2,"msg":"Consensus vote recorded: node 0 decision=True reason=zkp_ok round=7 new=True satisfied=False"}
{"time":"2026-07-22 15:13:10,711","level":"INFO","node":2,"msg":"Consensus vote recorded: node 1 decision=True reason=zkp_ok round=7 new=True satisfied=True"}
{"time":"2026-07-22 15:13:16,970","level":"INFO","node":2,"msg":"Received update from node 1, round 7"}
{"time":"2026-07-22 15:13:26,922","level":"INFO","node":2,"msg":"ZKP ACCEPTED from node 1"}
{"time":"2026-07-22 15:13:26,924","level":"INFO","node":2,"msg":"Per-class agreement with node 3: class0=0.935 class1=0.924 gap=0.011"}
{"time":"2026-07-22 15:13:26,924","level":"INFO","node":2,"msg":"Per-class rolling gap for node 3: mean=0.011 over last 1 round(s)"}
{"time":"2026-07-22 15:13:26,928","level":"INFO","node":2,"msg":"Trust score for node 3: S=0.789 (Z=1.00 A=0.93 P=0.46 R=1.00) advisory only"}
{"time":"2026-07-22 15:13:26,939","level":"INFO","node":2,"msg":"Sent consensus vote to node 0"}
{"time":"2026-07-22 15:13:26,948","level":"INFO","node":2,"msg":"Sent consensus vote to node 1"}
{"time":"2026-07-22 15:13:26,961","level":"INFO","node":2,"msg":"Sent consensus vote to node 3"}
{"time":"2026-07-22 15:13:26,986","level":"INFO","node":2,"msg":"[FC2 DELTA NORM] node 2 round=7 — fc2 delta norm this round: 0.1045"}
{"time":"2026-07-22 15:13:33,030","level":"INFO","node":2,"msg":"Forwarded to http://127.0.0.1:8003"}
{"time":"2026-07-22 15:13:33,149","level":"INFO","node":2,"msg":"Synced weights from master for round 7"}
{"time":"2026-07-22 15:13:33,156","level":"INFO","node":2,"msg":"Sent commit vote to node 3"}
{"time":"2026-07-22 15:13:39,448","level":"INFO","node":2,"msg":"Proposal received: round=8 origin=0 hash=c931bff3fba6..."}
{"time":"2026-07-22 15:13:39,486","level":"INFO","node":2,"msg":"Consensus vote recorded: node 0 decision=True reason=zkp_ok round=8 new=True satisfied=False"}
{"time":"2026-07-22 15:13:49,373","level":"INFO","node":2,"msg":"Consensus vote recorded: node 1 decision=True reason=zkp_ok round=8 new=True satisfied=False"}
{"time":"2026-07-22 15:13:55,640","level":"INFO","node":2,"msg":"Received update from node 1, round 8"}
{"time":"2026-07-22 15:14:05,317","level":"INFO","node":2,"msg":"ZKP ACCEPTED from node 1"}
{"time":"2026-07-22 15:14:05,317","level":"INFO","node":2,"msg":"fc_in col7 delta self-cosine for node 0: 0.1847 (delta_norm=0.2233)"}
{"time":"2026-07-22 15:14:05,317","level":"INFO","node":2,"msg":"Per-class agreement with node 0: class0=0.958 class1=0.951 gap=0.007"}
{"time":"2026-07-22 15:14:05,329","level":"INFO","node":2,"msg":"Per-class rolling gap for node 0: mean=0.110 over last 2 round(s)"}
{"time":"2026-07-22 15:14:05,331","level":"INFO","node":2,"msg":"Trust score for node 0: S=0.774 (Z=1.00 A=0.96 P=0.34 R=1.00) advisory only"}
{"time":"2026-07-22 15:14:05,358","level":"INFO","node":2,"msg":"Sent consensus vote to node 0"}
{"time":"2026-07-22 15:14:05,380","level":"INFO","node":2,"msg":"Sent consensus vote to node 1"}
{"time":"2026-07-22 15:14:05,394","level":"INFO","node":2,"msg":"Sent consensus vote to node 3"}
{"time":"2026-07-22 15:14:05,419","level":"INFO","node":2,"msg":"[FC2 DELTA NORM] node 2 round=8 — fc2 delta norm this round: 0.1049"}
{"time":"2026-07-22 15:14:11,696","level":"INFO","node":2,"msg":"Forwarded to http://127.0.0.1:8003"}
{"time":"2026-07-22 15:14:21,574","level":"INFO","node":2,"msg":"Prediction agreement with node 3 round=8: A=0.969"}
{"time":"2026-07-22 15:14:21,575","level":"INFO","node":2,"msg":"Consensus vote recorded: node 3 decision=True reason=zkp_ok round=8 new=True satisfied=True"}
{"time":"2026-07-22 15:14:27,738","level":"INFO","node":2,"msg":"Synced weights from master for round 8"}
{"time":"2026-07-22 15:14:27,747","level":"INFO","node":2,"msg":"Sent commit vote to node 0"}
{"time":"2026-07-22 15:14:34,170","level":"INFO","node":2,"msg":"Proposal received: round=9 origin=1 hash=e822dc97dbc5..."}
{"time":"2026-07-22 15:14:34,189","level":"INFO","node":2,"msg":"Consensus vote recorded: node 1 decision=True reason=zkp_ok round=9 new=True satisfied=False"}
{"time":"2026-07-22 15:14:34,202","level":"INFO","node":2,"msg":"Received update from node 1, round 9"}
{"time":"2026-07-22 15:14:43,903","level":"INFO","node":2,"msg":"ZKP ACCEPTED from node 1"}
{"time":"2026-07-22 15:14:43,903","level":"INFO","node":2,"msg":"fc_in col7 delta self-cosine for node 1: -0.1071 (delta_norm=0.2436)"}
{"time":"2026-07-22 15:14:43,908","level":"INFO","node":2,"msg":"Per-class agreement with node 1: class0=0.957 class1=0.955 gap=0.002"}
{"time":"2026-07-22 15:14:43,908","level":"INFO","node":2,"msg":"Per-class rolling gap for node 1: mean=0.073 over last 2 round(s)"}
{"time":"2026-07-22 15:14:43,910","level":"INFO","node":2,"msg":"Trust score for node 1: S=0.785 (Z=1.00 A=0.96 P=0.37 R=1.00) advisory only"}
{"time":"2026-07-22 15:14:43,932","level":"INFO","node":2,"msg":"Sent consensus vote to node 0"}
{"time":"2026-07-22 15:14:43,951","level":"INFO","node":2,"msg":"Sent consensus vote to node 1"}
{"time":"2026-07-22 15:14:43,980","level":"INFO","node":2,"msg":"Sent consensus vote to node 3"}
{"time":"2026-07-22 15:14:44,005","level":"INFO","node":2,"msg":"[FC2 DELTA NORM] node 2 round=9 — fc2 delta norm this round: 0.1053"}
{"time":"2026-07-22 15:14:49,959","level":"INFO","node":2,"msg":"Forwarded to http://127.0.0.1:8003"}
{"time":"2026-07-22 15:14:59,716","level":"INFO","node":2,"msg":"Prediction agreement with node 3 round=9: A=0.966"}
{"time":"2026-07-22 15:14:59,716","level":"INFO","node":2,"msg":"Consensus vote recorded: node 3 decision=True reason=zkp_ok round=9 new=True satisfied=True"}
{"time":"2026-07-22 15:15:16,279","level":"INFO","node":2,"msg":"Prediction agreement with node 0 round=9: A=0.943"}
{"time":"2026-07-22 15:15:16,279","level":"INFO","node":2,"msg":"Consensus vote recorded: node 0 decision=True reason=zkp_ok round=9 new=True satisfied=True"}
{"time":"2026-07-22 15:15:22,521","level":"INFO","node":2,"msg":"Synced weights from master for round 9"}
{"time":"2026-07-22 15:15:22,533","level":"INFO","node":2,"msg":"Sent commit vote to node 1"}
{"time":"2026-07-22 15:15:22,572","level":"INFO","node":2,"msg":"My turn — starting round 11 as proposer."}
{"time":"2026-07-22 15:15:22,574","level":"INFO","node":2,"msg":"Starting round 11"}
{"time":"2026-07-22 15:15:22,608","level":"INFO","node":2,"msg":"[FC2 DELTA NORM] node 2 round=10 — fc2 delta norm this round: 0.1058"}
{"time":"2026-07-22 15:15:28,917","level":"INFO","node":2,"msg":"Sent proposal to node 0"}
{"time":"2026-07-22 15:15:28,934","level":"INFO","node":2,"msg":"Sent proposal to node 1"}
{"time":"2026-07-22 15:15:28,953","level":"INFO","node":2,"msg":"Sent proposal to node 3"}
{"time":"2026-07-22 15:15:28,960","level":"INFO","node":2,"msg":"Sent consensus vote to node 0"}
{"time":"2026-07-22 15:15:28,964","level":"INFO","node":2,"msg":"Sent consensus vote to node 1"}
{"time":"2026-07-22 15:15:28,968","level":"INFO","node":2,"msg":"Sent consensus vote to node 3"}
{"time":"2026-07-22 15:15:28,972","level":"INFO","node":2,"msg":"Forwarded to http://127.0.0.1:8003"}
{"time":"2026-07-22 15:15:38,848","level":"INFO","node":2,"msg":"Consensus vote recorded: node 3 decision=True reason=zkp_ok round=10 new=True satisfied=False"}
{"time":"2026-07-22 15:15:54,740","level":"INFO","node":2,"msg":"Consensus vote recorded: node 0 decision=True reason=zkp_ok round=10 new=True satisfied=True"}
{"time":"2026-07-22 15:16:10,801","level":"INFO","node":2,"msg":"Consensus vote recorded: node 1 decision=True reason=zkp_ok round=10 new=True satisfied=True"}
{"time":"2026-07-22 15:16:16,961","level":"INFO","node":2,"msg":"Received update from node 1, round 10"}
{"time":"2026-07-22 15:16:16,961","level":"INFO","node":2,"msg":"Round 11 complete — aggregating"}
{"time":"2026-07-22 15:16:16,996","level":"WARNING","node":2,"msg":"[BACKDOOR PROBE] Round 11 SUSPICIOUS: feature=1 value=8.0 forces class=1 flip_rate=1.000 jump=0.736 (thresholds: flip>0.7, jump>0.3)"}
{"time":"2026-07-22 15:16:17,041","level":"INFO","node":2,"msg":"Commit vote recorded: node 0 decision=True round=10 satisfied=False"}
{"time":"2026-07-22 15:16:17,044","level":"INFO","node":2,"msg":"Broadcast weights to node 0"}
{"time":"2026-07-22 15:16:17,057","level":"INFO","node":2,"msg":"Commit vote recorded: node 1 decision=True round=10 satisfied=True"}
{"time":"2026-07-22 15:16:17,057","level":"INFO","node":2,"msg":"Round 11 COMMITTED — model hash agreed by [2, 0, 1]"}
{"time":"2026-07-22 15:16:17,058","level":"INFO","node":2,"msg":"Commit certificate saved to C:\Users\mousu\OneDrive\Desktop\Set A\securefedhe\dashboard\certificates\round_10.json"}
{"time":"2026-07-22 15:16:17,061","level":"INFO","node":2,"msg":"Broadcast weights to node 1"}
{"time":"2026-07-22 15:16:17,103","level":"INFO","node":2,"msg":"Commit vote recorded: node 3 decision=True round=10 satisfied=True"}
{"time":"2026-07-22 15:16:17,104","level":"INFO","node":2,"msg":"Broadcast weights to node 3"}
{"time":"2026-07-22 15:16:17,106","level":"INFO","node":2,"msg":"Checkpoint saved to C:\Users\mousu\OneDrive\Desktop\Set A\securefedhe\dashboard\model_latest.pt"}
{"time":"2026-07-22 15:16:17,106","level":"INFO","node":2,"msg":"Round 11 complete | accuracy=0.8182 | duration=54.53s"}
{"time":"2026-07-22 15:16:17,106","level":"INFO","node":2,"msg":"Round 12 belongs to node 3 — waiting for their proposal."}
{"time":"2026-07-22 15:16:17,110","level":"INFO","node":2,"msg":"Notified next proposer to node 3"}
{"time":"2026-07-22 15:16:17,111","level":"INFO","node":2,"msg":"[WATCHDOG SPAWNED] round=11 expected_proposer=3 timeout_s=600 spawned_at=15:16:17"}
{"time":"2026-07-22 15:16:23,370","level":"INFO","node":2,"msg":"Proposal received: round=11 origin=3 hash=f3fb00a27bb6..."}
{"time":"2026-07-22 15:16:23,403","level":"INFO","node":2,"msg":"Consensus vote recorded: node 3 decision=True reason=zkp_ok round=11 new=True satisfied=False"}
{"time":"2026-07-22 15:16:33,273","level":"INFO","node":2,"msg":"Consensus vote recorded: node 0 decision=True reason=zkp_ok round=11 new=True satisfied=False"}
{"time":"2026-07-22 15:16:49,548","level":"INFO","node":2,"msg":"Consensus vote recorded: node 1 decision=True reason=zkp_ok round=11 new=True satisfied=True"}
{"time":"2026-07-22 15:16:55,835","level":"INFO","node":2,"msg":"Received update from node 1, round 11"}
{"time":"2026-07-22 15:17:05,601","level":"INFO","node":2,"msg":"ZKP ACCEPTED from node 1"}
{"time":"2026-07-22 15:17:05,601","level":"INFO","node":2,"msg":"fc_in col7 delta self-cosine for node 3: 0.1164 (delta_norm=0.1686)"}
{"time":"2026-07-22 15:17:05,606","level":"INFO","node":2,"msg":"Per-class agreement with node 3: class0=0.974 class1=0.939 gap=0.035"}
{"time":"2026-07-22 15:17:05,606","level":"INFO","node":2,"msg":"Per-class rolling gap for node 3: mean=0.023 over last 2 round(s)"}
{"time":"2026-07-22 15:17:05,612","level":"INFO","node":2,"msg":"Trust score for node 3: S=0.820 (Z=1.00 A=0.96 P=0.48 R=1.00) advisory only"}
{"time":"2026-07-22 15:17:05,646","level":"INFO","node":2,"msg":"Sent consensus vote to node 0"}
{"time":"2026-07-22 15:17:05,681","level":"INFO","node":2,"msg":"Sent consensus vote to node 1"}
{"time":"2026-07-22 15:17:05,710","level":"INFO","node":2,"msg":"Sent consensus vote to node 3"}
{"time":"2026-07-22 15:17:05,740","level":"INFO","node":2,"msg":"[FC2 DELTA NORM] node 2 round=11 — fc2 delta norm this round: 0.1059"}
{"time":"2026-07-22 15:17:11,865","level":"INFO","node":2,"msg":"Forwarded to http://127.0.0.1:8003"}
{"time":"2026-07-22 15:17:11,972","level":"INFO","node":2,"msg":"Synced weights from master for round 11"}
{"time":"2026-07-22 15:17:11,978","level":"INFO","node":2,"msg":"Sent commit vote to node 3"}
{"time":"2026-07-22 15:17:18,238","level":"INFO","node":2,"msg":"Proposal received: round=12 origin=0 hash=8337de1caa7e..."}
{"time":"2026-07-22 15:17:18,265","level":"INFO","node":2,"msg":"Consensus vote recorded: node 0 decision=True reason=zkp_ok round=12 new=True satisfied=False"}
{"time":"2026-07-22 15:17:28,129","level":"INFO","node":2,"msg":"Consensus vote recorded: node 1 decision=True reason=zkp_ok round=12 new=True satisfied=False"}
{"time":"2026-07-22 15:17:34,352","level":"INFO","node":2,"msg":"Received update from node 1, round 12"}
{"time":"2026-07-22 15:17:43,971","level":"INFO","node":2,"msg":"ZKP ACCEPTED from node 1"}
{"time":"2026-07-22 15:17:43,971","level":"INFO","node":2,"msg":"fc_in col7 delta self-cosine for node 0: -0.1085 (delta_norm=0.1918)"}
{"time":"2026-07-22 15:17:43,976","level":"INFO","node":2,"msg":"Per-class agreement with node 0: class0=0.976 class1=0.939 gap=0.037"}
{"time":"2026-07-22 15:17:43,978","level":"INFO","node":2,"msg":"Per-class rolling gap for node 0: mean=0.086 over last 3 round(s)"}
{"time":"2026-07-22 15:17:43,980","level":"INFO","node":2,"msg":"Trust score for node 0: S=0.812 (Z=1.00 A=0.96 P=0.45 R=1.00) advisory only"}
{"time":"2026-07-22 15:17:44,008","level":"INFO","node":2,"msg":"Sent consensus vote to node 0"}
{"time":"2026-07-22 15:17:44,034","level":"INFO","node":2,"msg":"Sent consensus vote to node 1"}
{"time":"2026-07-22 15:17:44,044","level":"INFO","node":2,"msg":"Sent consensus vote to node 3"}
{"time":"2026-07-22 15:17:44,071","level":"INFO","node":2,"msg":"[FC2 DELTA NORM] node 2 round=12 — fc2 delta norm this round: 0.1063"}
{"time":"2026-07-22 15:17:50,293","level":"INFO","node":2,"msg":"Forwarded to http://127.0.0.1:8003"}
{"time":"2026-07-22 15:18:00,036","level":"INFO","node":2,"msg":"Prediction agreement with node 3 round=12: A=0.972"}
{"time":"2026-07-22 15:18:00,036","level":"INFO","node":2,"msg":"Consensus vote recorded: node 3 decision=True reason=zkp_ok round=12 new=True satisfied=True"}
{"time":"2026-07-22 15:18:06,371","level":"INFO","node":2,"msg":"Synced weights from master for round 12"}
{"time":"2026-07-22 15:18:06,383","level":"INFO","node":2,"msg":"Sent commit vote to node 0"}
{"time":"2026-07-22 15:18:12,746","level":"INFO","node":2,"msg":"Proposal received: round=13 origin=1 hash=fec5791fc90d..."}
{"time":"2026-07-22 15:18:12,764","level":"INFO","node":2,"msg":"Consensus vote recorded: node 1 decision=True reason=zkp_ok round=13 new=True satisfied=False"}
{"time":"2026-07-22 15:18:12,771","level":"INFO","node":2,"msg":"Received update from node 1, round 13"}
{"time":"2026-07-22 15:18:22,572","level":"INFO","node":2,"msg":"ZKP ACCEPTED from node 1"}
{"time":"2026-07-22 15:18:22,572","level":"INFO","node":2,"msg":"fc_in col7 delta self-cosine for node 1: -0.1514 (delta_norm=0.2097)"}
{"time":"2026-07-22 15:18:22,572","level":"INFO","node":2,"msg":"Per-class agreement with node 1: class0=0.972 class1=0.929 gap=0.043"}
{"time":"2026-07-22 15:18:22,572","level":"INFO","node":2,"msg":"Per-class rolling gap for node 1: mean=0.063 over last 3 round(s)"}
{"time":"2026-07-22 15:18:22,572","level":"INFO","node":2,"msg":"Trust score for node 1: S=0.801 (Z=1.00 A=0.96 P=0.43 R=1.00) advisory only"}
{"time":"2026-07-22 15:18:22,592","level":"INFO","node":2,"msg":"Sent consensus vote to node 0"}
{"time":"2026-07-22 15:18:22,603","level":"INFO","node":2,"msg":"Sent consensus vote to node 1"}
{"time":"2026-07-22 15:18:22,631","level":"INFO","node":2,"msg":"Sent consensus vote to node 3"}
{"time":"2026-07-22 15:18:22,664","level":"INFO","node":2,"msg":"[FC2 DELTA NORM] node 2 round=13 — fc2 delta norm this round: 0.1055"}
{"time":"2026-07-22 15:18:28,810","level":"INFO","node":2,"msg":"Forwarded to http://127.0.0.1:8003"}
{"time":"2026-07-22 15:18:38,652","level":"INFO","node":2,"msg":"Prediction agreement with node 3 round=13: A=0.969"}
{"time":"2026-07-22 15:18:38,652","level":"INFO","node":2,"msg":"Consensus vote recorded: node 3 decision=True reason=zkp_ok round=13 new=True satisfied=True"}
{"time":"2026-07-22 15:18:54,605","level":"INFO","node":2,"msg":"Prediction agreement with node 0 round=13: A=0.949"}
{"time":"2026-07-22 15:18:54,605","level":"INFO","node":2,"msg":"Consensus vote recorded: node 0 decision=True reason=zkp_ok round=13 new=True satisfied=True"}
{"time":"2026-07-22 15:19:00,831","level":"INFO","node":2,"msg":"Synced weights from master for round 13"}
{"time":"2026-07-22 15:19:00,848","level":"INFO","node":2,"msg":"Sent commit vote to node 1"}
{"time":"2026-07-22 15:19:00,870","level":"INFO","node":2,"msg":"My turn — starting round 15 as proposer."}
{"time":"2026-07-22 15:19:00,871","level":"INFO","node":2,"msg":"Starting round 15"}
{"time":"2026-07-22 15:19:00,929","level":"INFO","node":2,"msg":"[FC2 DELTA NORM] node 2 round=14 — fc2 delta norm this round: 0.1054"}
{"time":"2026-07-22 15:19:07,160","level":"INFO","node":2,"msg":"Sent proposal to node 0"}
{"time":"2026-07-22 15:19:07,181","level":"INFO","node":2,"msg":"Sent proposal to node 1"}
{"time":"2026-07-22 15:19:07,202","level":"INFO","node":2,"msg":"Sent proposal to node 3"}
{"time":"2026-07-22 15:19:07,206","level":"INFO","node":2,"msg":"Sent consensus vote to node 0"}
{"time":"2026-07-22 15:19:07,211","level":"INFO","node":2,"msg":"Sent consensus vote to node 1"}
{"time":"2026-07-22 15:19:07,214","level":"INFO","node":2,"msg":"Sent consensus vote to node 3"}
{"time":"2026-07-22 15:19:07,217","level":"INFO","node":2,"msg":"Forwarded to http://127.0.0.1:8003"}
{"time":"2026-07-22 15:19:16,946","level":"INFO","node":2,"msg":"Consensus vote recorded: node 3 decision=True reason=zkp_ok round=14 new=True satisfied=False"}
{"time":"2026-07-22 15:19:32,914","level":"INFO","node":2,"msg":"Consensus vote recorded: node 0 decision=True reason=zkp_ok round=14 new=True satisfied=True"}
{"time":"2026-07-22 15:19:48,792","level":"INFO","node":2,"msg":"Consensus vote recorded: node 1 decision=True reason=zkp_ok round=14 new=True satisfied=True"}
{"time":"2026-07-22 15:19:55,101","level":"INFO","node":2,"msg":"Received update from node 1, round 14"}
{"time":"2026-07-22 15:19:55,103","level":"INFO","node":2,"msg":"Round 15 complete — aggregating"}
{"time":"2026-07-22 15:19:55,131","level":"WARNING","node":2,"msg":"[BACKDOOR PROBE] Round 15 SUSPICIOUS: feature=1 value=8.0 forces class=1 flip_rate=1.000 jump=0.727 (thresholds: flip>0.7, jump>0.3)"}
{"time":"2026-07-22 15:19:55,173","level":"INFO","node":2,"msg":"Commit vote recorded: node 0 decision=True round=14 satisfied=False"}
{"time":"2026-07-22 15:19:55,175","level":"INFO","node":2,"msg":"Broadcast weights to node 0"}
{"time":"2026-07-22 15:19:55,202","level":"INFO","node":2,"msg":"Commit vote recorded: node 1 decision=True round=14 satisfied=True"}
{"time":"2026-07-22 15:19:55,202","level":"INFO","node":2,"msg":"Round 15 COMMITTED — model hash agreed by [2, 0, 1]"}
{"time":"2026-07-22 15:19:55,203","level":"INFO","node":2,"msg":"Commit certificate saved to C:\Users\mousu\OneDrive\Desktop\Set A\securefedhe\dashboard\certificates\round_14.json"}
{"time":"2026-07-22 15:19:55,205","level":"INFO","node":2,"msg":"Broadcast weights to node 1"}
{"time":"2026-07-22 15:19:55,265","level":"INFO","node":2,"msg":"Commit vote recorded: node 3 decision=True round=14 satisfied=True"}
{"time":"2026-07-22 15:19:55,267","level":"INFO","node":2,"msg":"Broadcast weights to node 3"}
{"time":"2026-07-22 15:19:55,269","level":"INFO","node":2,"msg":"Checkpoint saved to C:\Users\mousu\OneDrive\Desktop\Set A\securefedhe\dashboard\model_latest.pt"}
{"time":"2026-07-22 15:19:55,269","level":"INFO","node":2,"msg":"Round 15 complete | accuracy=0.8455 | duration=54.40s"}
{"time":"2026-07-22 15:19:55,269","level":"INFO","node":2,"msg":"Round 16 belongs to node 3 — waiting for their proposal."}
{"time":"2026-07-22 15:19:55,272","level":"INFO","node":2,"msg":"Notified next proposer to node 3"}
{"time":"2026-07-22 15:19:55,272","level":"INFO","node":2,"msg":"[WATCHDOG SPAWNED] round=15 expected_proposer=3 timeout_s=600 spawned_at=15:19:55"}
{"time":"2026-07-22 15:20:01,604","level":"INFO","node":2,"msg":"Proposal received: round=15 origin=3 hash=d3b4b19e1220..."}
{"time":"2026-07-22 15:20:01,624","level":"INFO","node":2,"msg":"Consensus vote recorded: node 3 decision=True reason=zkp_ok round=15 new=True satisfied=False"}
{"time":"2026-07-22 15:20:11,471","level":"INFO","node":2,"msg":"Consensus vote recorded: node 0 decision=True reason=zkp_ok round=15 new=True satisfied=False"}
{"time":"2026-07-22 15:20:27,536","level":"INFO","node":2,"msg":"Consensus vote recorded: node 1 decision=True reason=zkp_ok round=15 new=True satisfied=True"}
{"time":"2026-07-22 15:20:33,801","level":"INFO","node":2,"msg":"Received update from node 1, round 15"}
{"time":"2026-07-22 15:20:43,413","level":"INFO","node":2,"msg":"ZKP ACCEPTED from node 1"}
{"time":"2026-07-22 15:20:43,415","level":"INFO","node":2,"msg":"fc_in col7 delta self-cosine for node 3: 0.2189 (delta_norm=0.1721)"}
{"time":"2026-07-22 15:20:43,415","level":"INFO","node":2,"msg":"Per-class agreement with node 3: class0=0.977 class1=0.970 gap=0.008"}
{"time":"2026-07-22 15:20:43,415","level":"INFO","node":2,"msg":"Per-class rolling gap for node 3: mean=0.018 over last 3 round(s)"}
{"time":"2026-07-22 15:20:43,419","level":"INFO","node":2,"msg":"Trust score for node 3: S=0.825 (Z=1.00 A=0.97 P=0.46 R=1.00) advisory only"}
{"time":"2026-07-22 15:20:43,432","level":"INFO","node":2,"msg":"Sent consensus vote to node 0"}
{"time":"2026-07-22 15:20:43,442","level":"INFO","node":2,"msg":"Sent consensus vote to node 1"}
{"time":"2026-07-22 15:20:43,455","level":"INFO","node":2,"msg":"Sent consensus vote to node 3"}
{"time":"2026-07-22 15:20:43,483","level":"INFO","node":2,"msg":"[FC2 DELTA NORM] node 2 round=15 — fc2 delta norm this round: 0.1073"}
{"time":"2026-07-22 15:20:49,564","level":"INFO","node":2,"msg":"Forwarded to http://127.0.0.1:8003"}
{"time":"2026-07-22 15:20:49,743","level":"INFO","node":2,"msg":"Synced weights from master for round 15"}
{"time":"2026-07-22 15:20:49,749","level":"INFO","node":2,"msg":"Sent commit vote to node 3"}
{"time":"2026-07-22 15:20:56,004","level":"INFO","node":2,"msg":"Proposal received: round=16 origin=0 hash=325d4b529445..."}
{"time":"2026-07-22 15:20:56,019","level":"INFO","node":2,"msg":"Consensus vote recorded: node 0 decision=True reason=zkp_ok round=16 new=True satisfied=False"}
{"time":"2026-07-22 15:21:05,801","level":"INFO","node":2,"msg":"Consensus vote recorded: node 1 decision=True reason=zkp_ok round=16 new=True satisfied=False"}
{"time":"2026-07-22 15:21:12,024","level":"INFO","node":2,"msg":"Received update from node 1, round 16"}
{"time":"2026-07-22 15:21:21,775","level":"INFO","node":2,"msg":"ZKP ACCEPTED from node 1"}
{"time":"2026-07-22 15:21:21,775","level":"INFO","node":2,"msg":"fc_in col7 delta self-cosine for node 0: -0.0164 (delta_norm=0.2175)"}
{"time":"2026-07-22 15:21:21,775","level":"INFO","node":2,"msg":"Per-class agreement with node 0: class0=0.969 class1=0.949 gap=0.020"}
{"time":"2026-07-22 15:21:21,786","level":"INFO","node":2,"msg":"Per-class rolling gap for node 0: mean=0.069 over last 4 round(s)"}
{"time":"2026-07-22 15:21:21,786","level":"WARNING","node":2,"msg":"[PER-CLASS AGREEMENT CHECK] node 2 observed node 0: SUSTAINED class agreement gap, rolling mean=0.069 over 4 rounds — possible asymmetric/label_flip-style corruption"}
{"time":"2026-07-22 15:21:21,786","level":"INFO","node":2,"msg":"Trust score for node 0: S=0.795 (Z=1.00 A=0.96 P=0.39 R=1.00) advisory only"}
{"time":"2026-07-22 15:21:21,786","level":"WARNING","node":2,"msg":"Update round=16 from node 0 REJECTED on per-class agreement gap"}
{"time":"2026-07-22 15:21:21,798","level":"INFO","node":2,"msg":"Sent consensus vote to node 0"}
{"time":"2026-07-22 15:21:21,808","level":"INFO","node":2,"msg":"Sent consensus vote to node 1"}
{"time":"2026-07-22 15:21:21,828","level":"INFO","node":2,"msg":"Sent consensus vote to node 3"}
{"time":"2026-07-22 15:21:21,838","level":"INFO","node":2,"msg":"[FC2 DELTA NORM] node 2 round=16 — fc2 delta norm this round: 0.1058"}
{"time":"2026-07-22 15:21:28,057","level":"INFO","node":2,"msg":"Forwarded to http://127.0.0.1:8003"}
{"time":"2026-07-22 15:21:37,851","level":"INFO","node":2,"msg":"Prediction agreement with node 3 round=16: A=0.971"}
{"time":"2026-07-22 15:21:37,852","level":"INFO","node":2,"msg":"Consensus vote recorded: node 3 decision=True reason=zkp_ok round=16 new=True satisfied=True"}
{"time":"2026-07-22 15:21:44,049","level":"INFO","node":2,"msg":"Synced weights from master for round 16"}
{"time":"2026-07-22 15:21:44,073","level":"INFO","node":2,"msg":"Sent commit vote to node 0"}
{"time":"2026-07-22 15:21:50,442","level":"INFO","node":2,"msg":"Proposal received: round=17 origin=1 hash=86d26f291874..."}
{"time":"2026-07-22 15:21:50,455","level":"INFO","node":2,"msg":"Consensus vote recorded: node 1 decision=True reason=zkp_ok round=17 new=True satisfied=False"}
{"time":"2026-07-22 15:21:50,467","level":"INFO","node":2,"msg":"Received update from node 1, round 17"}
{"time":"2026-07-22 15:22:00,175","level":"INFO","node":2,"msg":"ZKP ACCEPTED from node 1"}
{"time":"2026-07-22 15:22:00,175","level":"INFO","node":2,"msg":"fc_in col7 delta self-cosine for node 1: -0.1712 (delta_norm=0.2253)"}
{"time":"2026-07-22 15:22:00,187","level":"INFO","node":2,"msg":"Per-class agreement with node 1: class0=0.973 class1=0.952 gap=0.020"}
{"time":"2026-07-22 15:22:00,187","level":"INFO","node":2,"msg":"Per-class rolling gap for node 1: mean=0.053 over last 4 round(s)"}
{"time":"2026-07-22 15:22:00,190","level":"INFO","node":2,"msg":"Trust score for node 1: S=0.808 (Z=1.00 A=0.97 P=0.43 R=1.00) advisory only"}
{"time":"2026-07-22 15:22:00,203","level":"INFO","node":2,"msg":"Sent consensus vote to node 0"}
{"time":"2026-07-22 15:22:00,225","level":"INFO","node":2,"msg":"Sent consensus vote to node 1"}
{"time":"2026-07-22 15:22:00,252","level":"INFO","node":2,"msg":"Sent consensus vote to node 3"}
{"time":"2026-07-22 15:22:00,273","level":"INFO","node":2,"msg":"[FC2 DELTA NORM] node 2 round=17 — fc2 delta norm this round: 0.1048"}
{"time":"2026-07-22 15:22:06,321","level":"INFO","node":2,"msg":"Forwarded to http://127.0.0.1:8003"}
{"time":"2026-07-22 15:22:15,976","level":"INFO","node":2,"msg":"Prediction agreement with node 3 round=17: A=0.957"}
{"time":"2026-07-22 15:22:15,977","level":"INFO","node":2,"msg":"Consensus vote recorded: node 3 decision=True reason=zkp_ok round=17 new=True satisfied=True"}
{"time":"2026-07-22 15:22:31,933","level":"INFO","node":2,"msg":"Prediction agreement with node 0 round=17: A=0.941"}
{"time":"2026-07-22 15:22:31,933","level":"INFO","node":2,"msg":"Consensus vote recorded: node 0 decision=True reason=zkp_ok round=17 new=True satisfied=True"}
{"time":"2026-07-22 15:22:38,162","level":"INFO","node":2,"msg":"Synced weights from master for round 17"}
{"time":"2026-07-22 15:22:38,187","level":"INFO","node":2,"msg":"Sent commit vote to node 1"}
{"time":"2026-07-22 15:22:38,219","level":"INFO","node":2,"msg":"My turn — starting round 19 as proposer."}
{"time":"2026-07-22 15:22:38,220","level":"INFO","node":2,"msg":"Starting round 19"}
{"time":"2026-07-22 15:22:38,278","level":"INFO","node":2,"msg":"[FC2 DELTA NORM] node 2 round=18 — fc2 delta norm this round: 0.1054"}
{"time":"2026-07-22 15:22:44,495","level":"INFO","node":2,"msg":"Sent proposal to node 0"}
{"time":"2026-07-22 15:22:44,529","level":"INFO","node":2,"msg":"Sent proposal to node 1"}
{"time":"2026-07-22 15:22:44,550","level":"INFO","node":2,"msg":"Sent proposal to node 3"}
{"time":"2026-07-22 15:22:44,557","level":"INFO","node":2,"msg":"Sent consensus vote to node 0"}
{"time":"2026-07-22 15:22:44,560","level":"INFO","node":2,"msg":"Sent consensus vote to node 1"}
{"time":"2026-07-22 15:22:44,563","level":"INFO","node":2,"msg":"Sent consensus vote to node 3"}
{"time":"2026-07-22 15:22:44,567","level":"INFO","node":2,"msg":"Forwarded to http://127.0.0.1:8003"}
{"time":"2026-07-22 15:22:54,355","level":"INFO","node":2,"msg":"Consensus vote recorded: node 3 decision=True reason=zkp_ok round=18 new=True satisfied=False"}
{"time":"2026-07-22 15:23:10,343","level":"INFO","node":2,"msg":"Consensus vote recorded: node 0 decision=True reason=zkp_ok round=18 new=True satisfied=True"}
{"time":"2026-07-22 15:23:26,314","level":"INFO","node":2,"msg":"Consensus vote recorded: node 1 decision=True reason=zkp_ok round=18 new=True satisfied=True"}
{"time":"2026-07-22 15:23:32,620","level":"INFO","node":2,"msg":"Received update from node 1, round 18"}
{"time":"2026-07-22 15:23:32,620","level":"INFO","node":2,"msg":"Round 19 complete — aggregating"}
{"time":"2026-07-22 15:23:32,655","level":"WARNING","node":2,"msg":"[BACKDOOR PROBE] Round 19 SUSPICIOUS: feature=5 value=6.0 forces class=1 flip_rate=1.000 jump=0.691 (thresholds: flip>0.7, jump>0.3)"}
{"time":"2026-07-22 15:23:32,692","level":"INFO","node":2,"msg":"Commit vote recorded: node 0 decision=True round=18 satisfied=False"}
{"time":"2026-07-22 15:23:32,694","level":"INFO","node":2,"msg":"Broadcast weights to node 0"}
{"time":"2026-07-22 15:23:32,709","level":"INFO","node":2,"msg":"Commit vote recorded: node 1 decision=True round=18 satisfied=True"}
{"time":"2026-07-22 15:23:32,709","level":"INFO","node":2,"msg":"Round 19 COMMITTED — model hash agreed by [2, 0, 1]"}
{"time":"2026-07-22 15:23:32,712","level":"INFO","node":2,"msg":"Commit certificate saved to C:\Users\mousu\OneDrive\Desktop\Set A\securefedhe\dashboard\certificates\round_18.json"}
{"time":"2026-07-22 15:23:32,716","level":"INFO","node":2,"msg":"Broadcast weights to node 1"}
{"time":"2026-07-22 15:23:32,729","level":"INFO","node":2,"msg":"Commit vote recorded: node 3 decision=True round=18 satisfied=True"}
{"time":"2026-07-22 15:23:32,731","level":"INFO","node":2,"msg":"Broadcast weights to node 3"}
{"time":"2026-07-22 15:23:32,733","level":"INFO","node":2,"msg":"Checkpoint saved to C:\Users\mousu\OneDrive\Desktop\Set A\securefedhe\dashboard\model_latest.pt"}
{"time":"2026-07-22 15:23:32,733","level":"INFO","node":2,"msg":"Round 19 complete | accuracy=0.8455 | duration=54.51s"}
{"time":"2026-07-22 15:23:32,733","level":"INFO","node":2,"msg":"Round 20 belongs to node 3 — waiting for their proposal."}
{"time":"2026-07-22 15:23:32,736","level":"INFO","node":2,"msg":"Notified next proposer to node 3"}
{"time":"2026-07-22 15:23:32,736","level":"INFO","node":2,"msg":"[WATCHDOG SPAWNED] round=19 expected_proposer=3 timeout_s=600 spawned_at=15:23:32"}
{"time":"2026-07-22 15:23:38,982","level":"INFO","node":2,"msg":"Proposal received: round=19 origin=3 hash=b7ef3b922e19..."}
{"time":"2026-07-22 15:23:39,004","level":"INFO","node":2,"msg":"Consensus vote recorded: node 3 decision=True reason=zkp_ok round=19 new=True satisfied=False"}
{"time":"2026-07-22 15:23:48,807","level":"INFO","node":2,"msg":"Consensus vote recorded: node 0 decision=True reason=zkp_ok round=19 new=True satisfied=False"}
{"time":"2026-07-22 15:24:04,699","level":"INFO","node":2,"msg":"Consensus vote recorded: node 1 decision=True reason=zkp_ok round=19 new=True satisfied=True"}
{"time":"2026-07-22 15:24:11,007","level":"INFO","node":2,"msg":"Received update from node 1, round 19"}
{"time":"2026-07-22 15:24:20,790","level":"INFO","node":2,"msg":"ZKP ACCEPTED from node 1"}
{"time":"2026-07-22 15:24:20,790","level":"INFO","node":2,"msg":"fc_in col7 delta self-cosine for node 3: -0.0519 (delta_norm=0.1604)"}
{"time":"2026-07-22 15:24:20,794","level":"INFO","node":2,"msg":"Per-class agreement with node 3: class0=0.977 class1=0.959 gap=0.019"}
{"time":"2026-07-22 15:24:20,794","level":"INFO","node":2,"msg":"Per-class rolling gap for node 3: mean=0.018 over last 4 round(s)"}
{"time":"2026-07-22 15:24:20,794","level":"INFO","node":2,"msg":"Trust score for node 3: S=0.843 (Z=1.00 A=0.97 P=0.54 R=1.00) advisory only"}
{"time":"2026-07-22 15:24:20,807","level":"INFO","node":2,"msg":"Sent consensus vote to node 0"}
{"time":"2026-07-22 15:24:20,829","level":"INFO","node":2,"msg":"Sent consensus vote to node 1"}
{"time":"2026-07-22 15:24:20,841","level":"INFO","node":2,"msg":"Sent consensus vote to node 3"}
{"time":"2026-07-22 15:24:20,864","level":"INFO","node":2,"msg":"[FC2 DELTA NORM] node 2 round=19 — fc2 delta norm this round: 0.1057"}
{"time":"2026-07-22 15:24:27,027","level":"INFO","node":2,"msg":"Forwarded to http://127.0.0.1:8003"}
{"time":"2026-07-22 15:24:27,181","level":"INFO","node":2,"msg":"Synced weights from master for round 19"}
{"time":"2026-07-22 15:24:27,181","level":"INFO","node":2,"msg":"Training complete after 20 rounds"}
{"time":"2026-07-22 15:24:27,188","level":"INFO","node":2,"msg":"Sent commit vote to node 3"}
{"time":"2026-07-22 15:26:17,112","level":"INFO","node":2,"msg":"Watchdog fired but training already complete — ignoring, not excluding node 3."}
{"time":"2026-07-22 15:31:51,360","level":"INFO","node":2,"msg":"Starting node 2: Rural Health Centre"}
{"time":"2026-07-22 15:31:51,360","level":"INFO","node":2,"msg":"[CONFIG DEBUG] attack_simulation loaded: enabled=True target_node=2 type=backdoor config_path=config_dev.json"}
{"time":"2026-07-22 15:31:51,412","level":"WARNING","node":2,"msg":"DEV MODE: running without TLS"}
{"time":"2026-07-22 15:31:51,412","level":"INFO","node":2,"msg":"Listening on 127.0.0.1:8002 | TLS=False"}
{"time":"2026-07-22 15:31:55,299","level":"INFO","node":2,"msg":"Key exchange complete with node 1"}
{"time":"2026-07-22 15:31:55,311","level":"INFO","node":2,"msg":"Consensus pubkey received from node 1"}
{"time":"2026-07-22 15:31:56,435","level":"INFO","node":2,"msg":"Sent consensus pubkey to node 0"}
{"time":"2026-07-22 15:31:56,435","level":"INFO","node":2,"msg":"Sent public key to node 0"}
{"time":"2026-07-22 15:31:56,439","level":"INFO","node":2,"msg":"Sent consensus pubkey to node 1"}
{"time":"2026-07-22 15:31:56,447","level":"INFO","node":2,"msg":"Sent public key to node 1"}
{"time":"2026-07-22 15:31:56,460","level":"INFO","node":2,"msg":"Sent public key to node 3"}
{"time":"2026-07-22 15:31:56,474","level":"INFO","node":2,"msg":"Sent consensus pubkey to node 3"}
{"time":"2026-07-22 15:31:57,279","level":"INFO","node":2,"msg":"Key exchange complete with node 3"}
{"time":"2026-07-22 15:31:57,285","level":"INFO","node":2,"msg":"Consensus pubkey received from node 3"}
{"time":"2026-07-22 15:32:06,494","level":"INFO","node":2,"msg":"Key exchange complete with node 0"}
{"time":"2026-07-22 15:32:06,521","level":"INFO","node":2,"msg":"Consensus pubkey received from node 0"}
{"time":"2026-07-22 15:32:13,616","level":"INFO","node":2,"msg":"Proposal received: round=0 origin=0 hash=7ce51806ad7c..."}
{"time":"2026-07-22 15:32:13,664","level":"INFO","node":2,"msg":"Consensus vote recorded: node 0 decision=True reason=zkp_ok round=0 new=True satisfied=False"}
{"time":"2026-07-22 15:32:23,364","level":"INFO","node":2,"msg":"Consensus vote recorded: node 1 decision=True reason=zkp_ok round=0 new=True satisfied=False"}
{"time":"2026-07-22 15:32:30,655","level":"INFO","node":2,"msg":"Received update from node 1, round 0"}
{"time":"2026-07-22 15:32:40,311","level":"INFO","node":2,"msg":"ZKP ACCEPTED from node 1"}
{"time":"2026-07-22 15:32:40,311","level":"INFO","node":2,"msg":"Trust score for node 0: S=0.429 (Z=1.00 A=0.50 P=0.50 R=1.00) advisory only"}
{"time":"2026-07-22 15:32:40,331","level":"INFO","node":2,"msg":"Sent consensus vote to node 0"}
{"time":"2026-07-22 15:32:40,350","level":"INFO","node":2,"msg":"Sent consensus vote to node 1"}
{"time":"2026-07-22 15:32:40,363","level":"INFO","node":2,"msg":"Sent consensus vote to node 3"}
{"time":"2026-07-22 15:32:40,364","level":"WARNING","node":2,"msg":"[ATTACK SIMULATION] backdoor active on node 2 — stamping trigger on 30% of samples, forcing class 1"}
{"time":"2026-07-22 15:32:41,520","level":"INFO","node":2,"msg":"[FC2 DELTA NORM] node 2 round=0 — fc2 delta norm this round: 0.0945"}
{"time":"2026-07-22 15:32:41,524","level":"WARNING","node":2,"msg":"ZKP norm violation (clipping applied): slack=-485805, retry=0"}
{"time":"2026-07-22 15:32:47,561","level":"INFO","node":2,"msg":"Forwarded to http://127.0.0.1:8003"}
{"time":"2026-07-22 15:32:57,168","level":"INFO","node":2,"msg":"Prediction agreement with node 3 round=0: A=0.843"}
{"time":"2026-07-22 15:32:57,168","level":"INFO","node":2,"msg":"Consensus vote recorded: node 3 decision=True reason=zkp_ok round=0 new=True satisfied=True"}
{"time":"2026-07-22 15:33:04,420","level":"INFO","node":2,"msg":"Synced weights from master for round 0"}
{"time":"2026-07-22 15:33:04,458","level":"INFO","node":2,"msg":"Sent commit vote to node 0"}
{"time":"2026-07-22 15:33:10,805","level":"INFO","node":2,"msg":"Proposal received: round=1 origin=1 hash=d579161ddfa1..."}
{"time":"2026-07-22 15:33:10,836","level":"INFO","node":2,"msg":"Consensus vote recorded: node 1 decision=True reason=zkp_ok round=1 new=True satisfied=False"}
{"time":"2026-07-22 15:33:10,848","level":"INFO","node":2,"msg":"Received update from node 1, round 1"}
{"time":"2026-07-22 15:33:20,669","level":"INFO","node":2,"msg":"ZKP ACCEPTED from node 1"}
{"time":"2026-07-22 15:33:20,678","level":"INFO","node":2,"msg":"Trust score for node 1: S=0.429 (Z=1.00 A=0.50 P=0.50 R=1.00) advisory only"}
{"time":"2026-07-22 15:33:20,709","level":"INFO","node":2,"msg":"Sent consensus vote to node 0"}
{"time":"2026-07-22 15:33:20,747","level":"INFO","node":2,"msg":"Sent consensus vote to node 1"}
{"time":"2026-07-22 15:33:20,778","level":"INFO","node":2,"msg":"Sent consensus vote to node 3"}
{"time":"2026-07-22 15:33:20,778","level":"WARNING","node":2,"msg":"[ATTACK SIMULATION] backdoor active on node 2 — stamping trigger on 30% of samples, forcing class 1"}
{"time":"2026-07-22 15:33:20,813","level":"INFO","node":2,"msg":"[FC2 DELTA NORM] node 2 round=1 — fc2 delta norm this round: 0.1044"}
{"time":"2026-07-22 15:33:26,923","level":"INFO","node":2,"msg":"Forwarded to http://127.0.0.1:8003"}
{"time":"2026-07-22 15:33:36,696","level":"INFO","node":2,"msg":"Prediction agreement with node 3 round=1: A=0.977"}
{"time":"2026-07-22 15:33:36,696","level":"INFO","node":2,"msg":"Consensus vote recorded: node 3 decision=True reason=zkp_ok round=1 new=True satisfied=True"}
{"time":"2026-07-22 15:33:52,523","level":"INFO","node":2,"msg":"Prediction agreement with node 0 round=1: A=0.971"}
{"time":"2026-07-22 15:33:52,523","level":"INFO","node":2,"msg":"Consensus vote recorded: node 0 decision=True reason=zkp_ok round=1 new=True satisfied=True"}
{"time":"2026-07-22 15:33:58,496","level":"INFO","node":2,"msg":"Synced weights from master for round 1"}
{"time":"2026-07-22 15:33:58,512","level":"INFO","node":2,"msg":"Sent commit vote to node 1"}
{"time":"2026-07-22 15:33:58,555","level":"INFO","node":2,"msg":"My turn — starting round 3 as proposer."}
{"time":"2026-07-22 15:33:58,556","level":"INFO","node":2,"msg":"Starting round 3"}
{"time":"2026-07-22 15:33:58,556","level":"WARNING","node":2,"msg":"[ATTACK SIMULATION] backdoor active on node 2 — stamping trigger on 30% of samples, forcing class 1"}
{"time":"2026-07-22 15:33:58,591","level":"INFO","node":2,"msg":"[FC2 DELTA NORM] node 2 round=2 — fc2 delta norm this round: 0.1037"}
{"time":"2026-07-22 15:34:04,750","level":"INFO","node":2,"msg":"Sent proposal to node 0"}
{"time":"2026-07-22 15:34:04,769","level":"INFO","node":2,"msg":"Sent proposal to node 1"}
{"time":"2026-07-22 15:34:04,776","level":"INFO","node":2,"msg":"Sent proposal to node 3"}
{"time":"2026-07-22 15:34:04,785","level":"INFO","node":2,"msg":"Sent consensus vote to node 0"}
{"time":"2026-07-22 15:34:04,789","level":"INFO","node":2,"msg":"Sent consensus vote to node 1"}
{"time":"2026-07-22 15:34:04,792","level":"INFO","node":2,"msg":"Sent consensus vote to node 3"}
{"time":"2026-07-22 15:34:04,795","level":"INFO","node":2,"msg":"Forwarded to http://127.0.0.1:8003"}
{"time":"2026-07-22 15:34:14,503","level":"INFO","node":2,"msg":"Consensus vote recorded: node 3 decision=True reason=zkp_ok round=2 new=True satisfied=False"}
{"time":"2026-07-22 15:34:30,179","level":"INFO","node":2,"msg":"Consensus vote recorded: node 0 decision=True reason=zkp_ok round=2 new=True satisfied=True"}
{"time":"2026-07-22 15:34:45,933","level":"INFO","node":2,"msg":"Consensus vote recorded: node 1 decision=True reason=zkp_ok round=2 new=True satisfied=True"}
{"time":"2026-07-22 15:34:52,116","level":"INFO","node":2,"msg":"Received update from node 1, round 2"}
{"time":"2026-07-22 15:34:52,116","level":"INFO","node":2,"msg":"Round 3 complete — aggregating"}
{"time":"2026-07-22 15:34:52,116","level":"INFO","node":2,"msg":"Round 3 accuracy gate skipped (warm-up period, candidate_acc=0.6818)"}
{"time":"2026-07-22 15:34:52,155","level":"INFO","node":2,"msg":"Commit vote recorded: node 0 decision=True round=2 satisfied=False"}
{"time":"2026-07-22 15:34:52,158","level":"INFO","node":2,"msg":"Broadcast weights to node 0"}
{"time":"2026-07-22 15:34:52,182","level":"INFO","node":2,"msg":"Commit vote recorded: node 1 decision=True round=2 satisfied=True"}
{"time":"2026-07-22 15:34:52,184","level":"INFO","node":2,"msg":"Round 3 COMMITTED — model hash agreed by [2, 0, 1]"}
{"time":"2026-07-22 15:34:52,185","level":"INFO","node":2,"msg":"Commit certificate saved to C:\Users\mousu\OneDrive\Desktop\Set A\securefedhe\dashboard\certificates\round_2.json"}
{"time":"2026-07-22 15:34:52,188","level":"INFO","node":2,"msg":"Broadcast weights to node 1"}
{"time":"2026-07-22 15:34:52,213","level":"INFO","node":2,"msg":"Commit vote recorded: node 3 decision=True round=2 satisfied=True"}
{"time":"2026-07-22 15:34:52,214","level":"INFO","node":2,"msg":"Broadcast weights to node 3"}
{"time":"2026-07-22 15:34:52,222","level":"INFO","node":2,"msg":"Checkpoint saved to C:\Users\mousu\OneDrive\Desktop\Set A\securefedhe\dashboard\model_latest.pt"}
{"time":"2026-07-22 15:34:52,222","level":"INFO","node":2,"msg":"Round 3 complete | accuracy=0.6818 | duration=53.67s"}
{"time":"2026-07-22 15:34:52,222","level":"INFO","node":2,"msg":"Round 4 belongs to node 3 — waiting for their proposal."}
{"time":"2026-07-22 15:34:52,225","level":"INFO","node":2,"msg":"Notified next proposer to node 3"}
{"time":"2026-07-22 15:34:52,226","level":"INFO","node":2,"msg":"[WATCHDOG SPAWNED] round=3 expected_proposer=3 timeout_s=600 spawned_at=15:34:52"}
{"time":"2026-07-22 15:34:58,426","level":"INFO","node":2,"msg":"Proposal received: round=3 origin=3 hash=6b48150b50b0..."}
{"time":"2026-07-22 15:34:58,441","level":"INFO","node":2,"msg":"Consensus vote recorded: node 3 decision=True reason=zkp_ok round=3 new=True satisfied=False"}
{"time":"2026-07-22 15:35:08,328","level":"INFO","node":2,"msg":"Consensus vote recorded: node 0 decision=True reason=zkp_ok round=3 new=True satisfied=False"}
{"time":"2026-07-22 15:35:24,227","level":"INFO","node":2,"msg":"Consensus vote recorded: node 1 decision=True reason=zkp_ok round=3 new=True satisfied=True"}
{"time":"2026-07-22 15:35:30,514","level":"INFO","node":2,"msg":"Received update from node 1, round 3"}
{"time":"2026-07-22 15:35:40,248","level":"INFO","node":2,"msg":"ZKP ACCEPTED from node 1"}
{"time":"2026-07-22 15:35:40,257","level":"INFO","node":2,"msg":"Trust score for node 3: S=0.439 (Z=1.00 A=0.50 P=0.57 R=1.00) advisory only"}
{"time":"2026-07-22 15:35:40,277","level":"INFO","node":2,"msg":"Sent consensus vote to node 0"}
{"time":"2026-07-22 15:35:40,296","level":"INFO","node":2,"msg":"Sent consensus vote to node 1"}
{"time":"2026-07-22 15:35:40,332","level":"INFO","node":2,"msg":"Sent consensus vote to node 3"}
{"time":"2026-07-22 15:35:40,332","level":"WARNING","node":2,"msg":"[ATTACK SIMULATION] backdoor active on node 2 — stamping trigger on 30% of samples, forcing class 1"}
{"time":"2026-07-22 15:35:40,380","level":"INFO","node":2,"msg":"[FC2 DELTA NORM] node 2 round=3 — fc2 delta norm this round: 0.1076"}
{"time":"2026-07-22 15:35:46,504","level":"INFO","node":2,"msg":"Forwarded to http://127.0.0.1:8003"}
{"time":"2026-07-22 15:35:46,581","level":"INFO","node":2,"msg":"Synced weights from master for round 3"}
{"time":"2026-07-22 15:35:46,587","level":"INFO","node":2,"msg":"Sent commit vote to node 3"}
{"time":"2026-07-22 15:35:52,638","level":"INFO","node":2,"msg":"Proposal received: round=4 origin=0 hash=697d43b22086..."}
{"time":"2026-07-22 15:35:52,649","level":"INFO","node":2,"msg":"Consensus vote recorded: node 0 decision=True reason=zkp_ok round=4 new=True satisfied=False"}
{"time":"2026-07-22 15:36:02,613","level":"INFO","node":2,"msg":"Consensus vote recorded: node 1 decision=True reason=zkp_ok round=4 new=True satisfied=False"}
{"time":"2026-07-22 15:36:08,911","level":"INFO","node":2,"msg":"Received update from node 1, round 4"}
{"time":"2026-07-22 15:36:18,685","level":"INFO","node":2,"msg":"ZKP ACCEPTED from node 1"}
{"time":"2026-07-22 15:36:18,685","level":"INFO","node":2,"msg":"Per-class agreement with node 0: class0=0.842 class1=0.755 gap=0.088"}
{"time":"2026-07-22 15:36:18,685","level":"INFO","node":2,"msg":"Per-class rolling gap for node 0: mean=0.088 over last 1 round(s)"}
{"time":"2026-07-22 15:36:18,692","level":"INFO","node":2,"msg":"Trust score for node 0: S=0.728 (Z=1.00 A=0.81 P=0.63 R=1.00) advisory only"}
{"time":"2026-07-22 15:36:18,715","level":"INFO","node":2,"msg":"Sent consensus vote to node 0"}
{"time":"2026-07-22 15:36:18,738","level":"INFO","node":2,"msg":"Sent consensus vote to node 1"}
{"time":"2026-07-22 15:36:18,765","level":"INFO","node":2,"msg":"Sent consensus vote to node 3"}
{"time":"2026-07-22 15:36:18,777","level":"WARNING","node":2,"msg":"[ATTACK SIMULATION] backdoor active on node 2 — stamping trigger on 30% of samples, forcing class 1"}
{"time":"2026-07-22 15:36:18,804","level":"INFO","node":2,"msg":"[FC2 DELTA NORM] node 2 round=4 — fc2 delta norm this round: 0.1055"}
{"time":"2026-07-22 15:36:24,763","level":"INFO","node":2,"msg":"Forwarded to http://127.0.0.1:8003"}
{"time":"2026-07-22 15:36:34,667","level":"INFO","node":2,"msg":"Prediction agreement with node 3 round=4: A=0.977"}
{"time":"2026-07-22 15:36:34,667","level":"INFO","node":2,"msg":"Consensus vote recorded: node 3 decision=True reason=zkp_ok round=4 new=True satisfied=True"}
{"time":"2026-07-22 15:36:40,677","level":"INFO","node":2,"msg":"Synced weights from master for round 4"}
{"time":"2026-07-22 15:36:40,704","level":"INFO","node":2,"msg":"Sent commit vote to node 0"}
{"time":"2026-07-22 15:36:47,175","level":"INFO","node":2,"msg":"Proposal received: round=5 origin=1 hash=2bbb13f02abe..."}
{"time":"2026-07-22 15:36:47,196","level":"INFO","node":2,"msg":"Consensus vote recorded: node 1 decision=True reason=zkp_ok round=5 new=True satisfied=False"}
{"time":"2026-07-22 15:36:47,209","level":"INFO","node":2,"msg":"Received update from node 1, round 5"}
{"time":"2026-07-22 15:36:56,969","level":"INFO","node":2,"msg":"ZKP ACCEPTED from node 1"}
{"time":"2026-07-22 15:36:56,974","level":"INFO","node":2,"msg":"Per-class agreement with node 1: class0=0.755 class1=0.920 gap=0.166"}
{"time":"2026-07-22 15:36:56,975","level":"INFO","node":2,"msg":"Per-class rolling gap for node 1: mean=0.166 over last 1 round(s)"}
{"time":"2026-07-22 15:36:56,976","level":"INFO","node":2,"msg":"Trust score for node 1: S=0.721 (Z=1.00 A=0.81 P=0.63 R=1.00) advisory only"}
{"time":"2026-07-22 15:36:56,989","level":"INFO","node":2,"msg":"Sent consensus vote to node 0"}
{"time":"2026-07-22 15:36:56,999","level":"INFO","node":2,"msg":"Sent consensus vote to node 1"}
{"time":"2026-07-22 15:36:57,011","level":"INFO","node":2,"msg":"Sent consensus vote to node 3"}
{"time":"2026-07-22 15:36:57,011","level":"WARNING","node":2,"msg":"[ATTACK SIMULATION] backdoor active on node 2 — stamping trigger on 30% of samples, forcing class 1"}
{"time":"2026-07-22 15:36:57,039","level":"INFO","node":2,"msg":"[FC2 DELTA NORM] node 2 round=5 — fc2 delta norm this round: 0.1065"}
{"time":"2026-07-22 15:37:03,125","level":"INFO","node":2,"msg":"Forwarded to http://127.0.0.1:8003"}
{"time":"2026-07-22 15:37:13,038","level":"INFO","node":2,"msg":"Prediction agreement with node 3 round=5: A=0.963"}
{"time":"2026-07-22 15:37:13,038","level":"INFO","node":2,"msg":"Consensus vote recorded: node 3 decision=True reason=zkp_ok round=5 new=True satisfied=True"}
{"time":"2026-07-22 15:37:28,973","level":"INFO","node":2,"msg":"Prediction agreement with node 0 round=5: A=0.958"}
{"time":"2026-07-22 15:37:28,973","level":"INFO","node":2,"msg":"Consensus vote recorded: node 0 decision=True reason=zkp_ok round=5 new=True satisfied=True"}
{"time":"2026-07-22 15:37:35,212","level":"INFO","node":2,"msg":"Synced weights from master for round 5"}
{"time":"2026-07-22 15:37:35,235","level":"INFO","node":2,"msg":"Sent commit vote to node 1"}
{"time":"2026-07-22 15:37:35,284","level":"INFO","node":2,"msg":"My turn — starting round 7 as proposer."}
{"time":"2026-07-22 15:37:35,284","level":"INFO","node":2,"msg":"Starting round 7"}
{"time":"2026-07-22 15:37:35,285","level":"WARNING","node":2,"msg":"[ATTACK SIMULATION] backdoor active on node 2 — stamping trigger on 30% of samples, forcing class 1"}
{"time":"2026-07-22 15:37:35,322","level":"INFO","node":2,"msg":"[FC2 DELTA NORM] node 2 round=6 — fc2 delta norm this round: 0.1067"}
{"time":"2026-07-22 15:37:41,514","level":"INFO","node":2,"msg":"Sent proposal to node 0"}
{"time":"2026-07-22 15:37:41,548","level":"INFO","node":2,"msg":"Sent proposal to node 1"}
{"time":"2026-07-22 15:37:41,566","level":"INFO","node":2,"msg":"Sent proposal to node 3"}
{"time":"2026-07-22 15:37:41,573","level":"INFO","node":2,"msg":"Sent consensus vote to node 0"}
{"time":"2026-07-22 15:37:41,577","level":"INFO","node":2,"msg":"Sent consensus vote to node 1"}
{"time":"2026-07-22 15:37:41,580","level":"INFO","node":2,"msg":"Sent consensus vote to node 3"}
{"time":"2026-07-22 15:37:41,583","level":"INFO","node":2,"msg":"Forwarded to http://127.0.0.1:8003"}
{"time":"2026-07-22 15:37:51,494","level":"INFO","node":2,"msg":"Consensus vote recorded: node 3 decision=True reason=zkp_ok round=6 new=True satisfied=False"}
{"time":"2026-07-22 15:38:07,239","level":"INFO","node":2,"msg":"Consensus vote recorded: node 0 decision=True reason=zkp_ok round=6 new=True satisfied=True"}
{"time":"2026-07-22 15:38:23,029","level":"INFO","node":2,"msg":"Consensus vote recorded: node 1 decision=True reason=zkp_ok round=6 new=True satisfied=True"}
{"time":"2026-07-22 15:38:29,311","level":"INFO","node":2,"msg":"Received update from node 1, round 6"}
{"time":"2026-07-22 15:38:29,311","level":"INFO","node":2,"msg":"Round 7 complete — aggregating"}
{"time":"2026-07-22 15:38:29,348","level":"INFO","node":2,"msg":"[BACKDOOR PROBE] Round 7 clean — worst case flip_rate=1.000 jump=0.236 (feature=1, value=-4.0)"}
{"time":"2026-07-22 15:38:29,390","level":"INFO","node":2,"msg":"Commit vote recorded: node 0 decision=True round=6 satisfied=False"}
{"time":"2026-07-22 15:38:29,390","level":"INFO","node":2,"msg":"Broadcast weights to node 0"}
{"time":"2026-07-22 15:38:29,407","level":"INFO","node":2,"msg":"Commit vote recorded: node 1 decision=True round=6 satisfied=True"}
{"time":"2026-07-22 15:38:29,408","level":"INFO","node":2,"msg":"Round 7 COMMITTED — model hash agreed by [2, 0, 1]"}
{"time":"2026-07-22 15:38:29,409","level":"INFO","node":2,"msg":"Commit certificate saved to C:\Users\mousu\OneDrive\Desktop\Set A\securefedhe\dashboard\certificates\round_6.json"}
{"time":"2026-07-22 15:38:29,411","level":"INFO","node":2,"msg":"Broadcast weights to node 1"}
{"time":"2026-07-22 15:38:29,436","level":"INFO","node":2,"msg":"Commit vote recorded: node 3 decision=True round=6 satisfied=True"}
{"time":"2026-07-22 15:38:29,438","level":"INFO","node":2,"msg":"Broadcast weights to node 3"}
{"time":"2026-07-22 15:38:29,440","level":"INFO","node":2,"msg":"Checkpoint saved to C:\Users\mousu\OneDrive\Desktop\Set A\securefedhe\dashboard\model_latest.pt"}
{"time":"2026-07-22 15:38:29,440","level":"INFO","node":2,"msg":"Round 7 complete | accuracy=0.8273 | duration=54.15s"}
{"time":"2026-07-22 15:38:29,440","level":"INFO","node":2,"msg":"Round 8 belongs to node 3 — waiting for their proposal."}
{"time":"2026-07-22 15:38:29,443","level":"INFO","node":2,"msg":"Notified next proposer to node 3"}
{"time":"2026-07-22 15:38:29,444","level":"INFO","node":2,"msg":"[WATCHDOG SPAWNED] round=7 expected_proposer=3 timeout_s=600 spawned_at=15:38:29"}
{"time":"2026-07-22 15:38:35,685","level":"INFO","node":2,"msg":"Proposal received: round=7 origin=3 hash=fbc51fd153e2..."}
{"time":"2026-07-22 15:38:35,709","level":"INFO","node":2,"msg":"Consensus vote recorded: node 3 decision=True reason=zkp_ok round=7 new=True satisfied=False"}
{"time":"2026-07-22 15:38:45,661","level":"INFO","node":2,"msg":"Consensus vote recorded: node 0 decision=True reason=zkp_ok round=7 new=True satisfied=False"}
{"time":"2026-07-22 15:39:01,586","level":"INFO","node":2,"msg":"Consensus vote recorded: node 1 decision=True reason=zkp_ok round=7 new=True satisfied=True"}
{"time":"2026-07-22 15:39:07,884","level":"INFO","node":2,"msg":"Received update from node 1, round 7"}
{"time":"2026-07-22 15:39:18,027","level":"INFO","node":2,"msg":"ZKP ACCEPTED from node 1"}
{"time":"2026-07-22 15:39:18,039","level":"INFO","node":2,"msg":"Per-class agreement with node 3: class0=0.905 class1=0.938 gap=0.033"}
{"time":"2026-07-22 15:39:18,039","level":"INFO","node":2,"msg":"Per-class rolling gap for node 3: mean=0.033 over last 1 round(s)"}
{"time":"2026-07-22 15:39:18,043","level":"INFO","node":2,"msg":"Trust score for node 3: S=0.771 (Z=1.00 A=0.92 P=0.45 R=1.00) advisory only"}
{"time":"2026-07-22 15:39:18,060","level":"INFO","node":2,"msg":"Sent consensus vote to node 0"}
{"time":"2026-07-22 15:39:18,085","level":"INFO","node":2,"msg":"Sent consensus vote to node 1"}
{"time":"2026-07-22 15:39:18,115","level":"INFO","node":2,"msg":"Sent consensus vote to node 3"}
{"time":"2026-07-22 15:39:18,115","level":"WARNING","node":2,"msg":"[ATTACK SIMULATION] backdoor active on node 2 — stamping trigger on 30% of samples, forcing class 1"}
{"time":"2026-07-22 15:39:18,165","level":"INFO","node":2,"msg":"[FC2 DELTA NORM] node 2 round=7 — fc2 delta norm this round: 0.1070"}
{"time":"2026-07-22 15:39:24,240","level":"INFO","node":2,"msg":"Forwarded to http://127.0.0.1:8003"}
{"time":"2026-07-22 15:39:24,373","level":"INFO","node":2,"msg":"Synced weights from master for round 7"}
{"time":"2026-07-22 15:39:24,379","level":"INFO","node":2,"msg":"Sent commit vote to node 3"}
{"time":"2026-07-22 15:39:30,596","level":"INFO","node":2,"msg":"Proposal received: round=8 origin=0 hash=a6306f1a18f8..."}
{"time":"2026-07-22 15:39:30,619","level":"INFO","node":2,"msg":"Consensus vote recorded: node 0 decision=True reason=zkp_ok round=8 new=True satisfied=False"}
{"time":"2026-07-22 15:39:40,469","level":"INFO","node":2,"msg":"Consensus vote recorded: node 1 decision=True reason=zkp_ok round=8 new=True satisfied=False"}
{"time":"2026-07-22 15:39:46,645","level":"INFO","node":2,"msg":"Received update from node 1, round 8"}
{"time":"2026-07-22 15:39:56,305","level":"INFO","node":2,"msg":"ZKP ACCEPTED from node 1"}
{"time":"2026-07-22 15:39:56,305","level":"INFO","node":2,"msg":"fc_in col7 delta self-cosine for node 0: 0.2676 (delta_norm=0.1951)"}
{"time":"2026-07-22 15:39:56,305","level":"INFO","node":2,"msg":"Per-class agreement with node 0: class0=0.964 class1=0.947 gap=0.016"}
{"time":"2026-07-22 15:39:56,305","level":"INFO","node":2,"msg":"Per-class rolling gap for node 0: mean=0.052 over last 2 round(s)"}
{"time":"2026-07-22 15:39:56,305","level":"INFO","node":2,"msg":"Trust score for node 0: S=0.792 (Z=1.00 A=0.96 P=0.39 R=1.00) advisory only"}
{"time":"2026-07-22 15:39:56,344","level":"INFO","node":2,"msg":"Sent consensus vote to node 0"}
{"time":"2026-07-22 15:39:56,377","level":"INFO","node":2,"msg":"Sent consensus vote to node 1"}
{"time":"2026-07-22 15:39:56,403","level":"INFO","node":2,"msg":"Sent consensus vote to node 3"}
{"time":"2026-07-22 15:39:56,403","level":"WARNING","node":2,"msg":"[ATTACK SIMULATION] backdoor active on node 2 — stamping trigger on 30% of samples, forcing class 1"}
{"time":"2026-07-22 15:39:56,429","level":"INFO","node":2,"msg":"[FC2 DELTA NORM] node 2 round=8 — fc2 delta norm this round: 0.1073"}
{"time":"2026-07-22 15:40:02,398","level":"INFO","node":2,"msg":"Forwarded to http://127.0.0.1:8003"}
{"time":"2026-07-22 15:40:12,255","level":"INFO","node":2,"msg":"Prediction agreement with node 3 round=8: A=0.974"}
{"time":"2026-07-22 15:40:12,256","level":"INFO","node":2,"msg":"Consensus vote recorded: node 3 decision=True reason=zkp_ok round=8 new=True satisfied=True"}
{"time":"2026-07-22 15:40:18,434","level":"INFO","node":2,"msg":"Synced weights from master for round 8"}
{"time":"2026-07-22 15:40:18,470","level":"INFO","node":2,"msg":"Sent commit vote to node 0"}
{"time":"2026-07-22 15:40:24,972","level":"INFO","node":2,"msg":"Proposal received: round=9 origin=1 hash=3cbc2f9ecf6f..."}
{"time":"2026-07-22 15:40:24,989","level":"INFO","node":2,"msg":"Consensus vote recorded: node 1 decision=True reason=zkp_ok round=9 new=True satisfied=False"}
{"time":"2026-07-22 15:40:24,996","level":"INFO","node":2,"msg":"Received update from node 1, round 9"}
{"time":"2026-07-22 15:40:34,671","level":"INFO","node":2,"msg":"ZKP ACCEPTED from node 1"}
{"time":"2026-07-22 15:40:34,671","level":"INFO","node":2,"msg":"fc_in col7 delta self-cosine for node 1: 0.2320 (delta_norm=0.2206)"}
{"time":"2026-07-22 15:40:34,671","level":"INFO","node":2,"msg":"Per-class agreement with node 1: class0=0.951 class1=0.951 gap=0.000"}
{"time":"2026-07-22 15:40:34,671","level":"INFO","node":2,"msg":"Per-class rolling gap for node 1: mean=0.083 over last 2 round(s)"}
{"time":"2026-07-22 15:40:34,687","level":"INFO","node":2,"msg":"Trust score for node 1: S=0.786 (Z=1.00 A=0.95 P=0.39 R=1.00) advisory only"}
{"time":"2026-07-22 15:40:34,698","level":"INFO","node":2,"msg":"Sent consensus vote to node 0"}
{"time":"2026-07-22 15:40:34,719","level":"INFO","node":2,"msg":"Sent consensus vote to node 1"}
{"time":"2026-07-22 15:40:34,733","level":"INFO","node":2,"msg":"Sent consensus vote to node 3"}
{"time":"2026-07-22 15:40:34,733","level":"WARNING","node":2,"msg":"[ATTACK SIMULATION] backdoor active on node 2 — stamping trigger on 30% of samples, forcing class 1"}
{"time":"2026-07-22 15:40:34,766","level":"INFO","node":2,"msg":"[FC2 DELTA NORM] node 2 round=9 — fc2 delta norm this round: 0.1063"}
{"time":"2026-07-22 15:40:40,873","level":"INFO","node":2,"msg":"Forwarded to http://127.0.0.1:8003"}
{"time":"2026-07-22 15:40:50,500","level":"INFO","node":2,"msg":"Prediction agreement with node 3 round=9: A=0.960"}
{"time":"2026-07-22 15:40:50,500","level":"INFO","node":2,"msg":"Consensus vote recorded: node 3 decision=True reason=zkp_ok round=9 new=True satisfied=True"}
{"time":"2026-07-22 15:41:06,226","level":"INFO","node":2,"msg":"Prediction agreement with node 0 round=9: A=0.950"}
{"time":"2026-07-22 15:41:06,226","level":"INFO","node":2,"msg":"Consensus vote recorded: node 0 decision=True reason=zkp_ok round=9 new=True satisfied=True"}
{"time":"2026-07-22 15:41:12,446","level":"INFO","node":2,"msg":"Synced weights from master for round 9"}
{"time":"2026-07-22 15:41:12,475","level":"INFO","node":2,"msg":"Sent commit vote to node 1"}
{"time":"2026-07-22 15:41:12,518","level":"INFO","node":2,"msg":"My turn — starting round 11 as proposer."}
{"time":"2026-07-22 15:41:12,519","level":"INFO","node":2,"msg":"Starting round 11"}
{"time":"2026-07-22 15:41:12,519","level":"WARNING","node":2,"msg":"[ATTACK SIMULATION] backdoor active on node 2 — stamping trigger on 30% of samples, forcing class 1"}
{"time":"2026-07-22 15:41:12,555","level":"INFO","node":2,"msg":"[FC2 DELTA NORM] node 2 round=10 — fc2 delta norm this round: 0.1073"}
{"time":"2026-07-22 15:41:18,657","level":"INFO","node":2,"msg":"Sent proposal to node 0"}
{"time":"2026-07-22 15:41:18,657","level":"INFO","node":2,"msg":"Sent proposal to node 1"}
{"time":"2026-07-22 15:41:18,675","level":"INFO","node":2,"msg":"Sent proposal to node 3"}
{"time":"2026-07-22 15:41:18,685","level":"INFO","node":2,"msg":"Sent consensus vote to node 0"}
{"time":"2026-07-22 15:41:18,690","level":"INFO","node":2,"msg":"Sent consensus vote to node 1"}
{"time":"2026-07-22 15:41:18,693","level":"INFO","node":2,"msg":"Sent consensus vote to node 3"}
{"time":"2026-07-22 15:41:18,697","level":"INFO","node":2,"msg":"Forwarded to http://127.0.0.1:8003"}
{"time":"2026-07-22 15:41:28,512","level":"INFO","node":2,"msg":"Consensus vote recorded: node 3 decision=True reason=zkp_ok round=10 new=True satisfied=False"}
{"time":"2026-07-22 15:41:44,343","level":"INFO","node":2,"msg":"Consensus vote recorded: node 0 decision=True reason=zkp_ok round=10 new=True satisfied=True"}
{"time":"2026-07-22 15:42:00,259","level":"INFO","node":2,"msg":"Consensus vote recorded: node 1 decision=True reason=zkp_ok round=10 new=True satisfied=True"}
{"time":"2026-07-22 15:42:06,521","level":"INFO","node":2,"msg":"Received update from node 1, round 10"}
{"time":"2026-07-22 15:42:06,521","level":"INFO","node":2,"msg":"Round 11 complete — aggregating"}
{"time":"2026-07-22 15:42:06,554","level":"WARNING","node":2,"msg":"[BACKDOOR PROBE] Round 11 SUSPICIOUS: feature=1 value=5.0 forces class=1 flip_rate=1.000 jump=0.745 (thresholds: flip>0.7, jump>0.3)"}
{"time":"2026-07-22 15:42:06,578","level":"INFO","node":2,"msg":"Commit vote recorded: node 0 decision=True round=10 satisfied=False"}
{"time":"2026-07-22 15:42:06,583","level":"INFO","node":2,"msg":"Broadcast weights to node 0"}
{"time":"2026-07-22 15:42:06,613","level":"INFO","node":2,"msg":"Commit vote recorded: node 1 decision=True round=10 satisfied=True"}
{"time":"2026-07-22 15:42:06,614","level":"INFO","node":2,"msg":"Round 11 COMMITTED — model hash agreed by [2, 0, 1]"}
{"time":"2026-07-22 15:42:06,615","level":"INFO","node":2,"msg":"Commit certificate saved to C:\Users\mousu\OneDrive\Desktop\Set A\securefedhe\dashboard\certificates\round_10.json"}
{"time":"2026-07-22 15:42:06,617","level":"INFO","node":2,"msg":"Broadcast weights to node 1"}
{"time":"2026-07-22 15:42:06,660","level":"INFO","node":2,"msg":"Commit vote recorded: node 3 decision=True round=10 satisfied=True"}
{"time":"2026-07-22 15:42:06,662","level":"INFO","node":2,"msg":"Broadcast weights to node 3"}
{"time":"2026-07-22 15:42:06,664","level":"INFO","node":2,"msg":"Checkpoint saved to C:\Users\mousu\OneDrive\Desktop\Set A\securefedhe\dashboard\model_latest.pt"}
{"time":"2026-07-22 15:42:06,664","level":"INFO","node":2,"msg":"Round 11 complete | accuracy=0.8455 | duration=54.14s"}
{"time":"2026-07-22 15:42:06,664","level":"INFO","node":2,"msg":"Round 12 belongs to node 3 — waiting for their proposal."}
{"time":"2026-07-22 15:42:06,668","level":"INFO","node":2,"msg":"Notified next proposer to node 3"}
{"time":"2026-07-22 15:42:06,668","level":"INFO","node":2,"msg":"[WATCHDOG SPAWNED] round=11 expected_proposer=3 timeout_s=600 spawned_at=15:42:06"}
{"time":"2026-07-22 15:42:12,907","level":"INFO","node":2,"msg":"Proposal received: round=11 origin=3 hash=e8b328d64c88..."}
{"time":"2026-07-22 15:42:12,925","level":"INFO","node":2,"msg":"Consensus vote recorded: node 3 decision=True reason=zkp_ok round=11 new=True satisfied=False"}
{"time":"2026-07-22 15:42:22,684","level":"INFO","node":2,"msg":"Consensus vote recorded: node 0 decision=True reason=zkp_ok round=11 new=True satisfied=False"}
{"time":"2026-07-22 15:42:38,612","level":"INFO","node":2,"msg":"Consensus vote recorded: node 1 decision=True reason=zkp_ok round=11 new=True satisfied=True"}
{"time":"2026-07-22 15:42:44,984","level":"INFO","node":2,"msg":"Received update from node 1, round 11"}
{"time":"2026-07-22 15:42:54,826","level":"INFO","node":2,"msg":"ZKP ACCEPTED from node 1"}
{"time":"2026-07-22 15:42:54,826","level":"INFO","node":2,"msg":"fc_in col7 delta self-cosine for node 3: 0.0928 (delta_norm=0.2084)"}
{"time":"2026-07-22 15:42:54,831","level":"INFO","node":2,"msg":"Per-class agreement with node 3: class0=0.968 class1=0.948 gap=0.020"}
{"time":"2026-07-22 15:42:54,831","level":"INFO","node":2,"msg":"Per-class rolling gap for node 3: mean=0.026 over last 2 round(s)"}
{"time":"2026-07-22 15:42:54,836","level":"INFO","node":2,"msg":"Trust score for node 3: S=0.814 (Z=1.00 A=0.96 P=0.46 R=1.00) advisory only"}
{"time":"2026-07-22 15:42:54,858","level":"INFO","node":2,"msg":"Sent consensus vote to node 0"}
{"time":"2026-07-22 15:42:54,884","level":"INFO","node":2,"msg":"Sent consensus vote to node 1"}
{"time":"2026-07-22 15:42:54,898","level":"INFO","node":2,"msg":"Sent consensus vote to node 3"}
{"time":"2026-07-22 15:42:54,899","level":"WARNING","node":2,"msg":"[ATTACK SIMULATION] backdoor active on node 2 — stamping trigger on 30% of samples, forcing class 1"}
{"time":"2026-07-22 15:42:54,929","level":"INFO","node":2,"msg":"[FC2 DELTA NORM] node 2 round=11 — fc2 delta norm this round: 0.1082"}
{"time":"2026-07-22 15:43:00,786","level":"INFO","node":2,"msg":"Forwarded to http://127.0.0.1:8003"}
{"time":"2026-07-22 15:43:00,907","level":"INFO","node":2,"msg":"Synced weights from master for round 11"}
{"time":"2026-07-22 15:43:00,913","level":"INFO","node":2,"msg":"Sent commit vote to node 3"}
{"time":"2026-07-22 15:43:07,169","level":"INFO","node":2,"msg":"Proposal received: round=12 origin=0 hash=fc5c88d2c613..."}
{"time":"2026-07-22 15:43:07,197","level":"INFO","node":2,"msg":"Consensus vote recorded: node 0 decision=True reason=zkp_ok round=12 new=True satisfied=False"}
{"time":"2026-07-22 15:43:17,247","level":"INFO","node":2,"msg":"Consensus vote recorded: node 1 decision=True reason=zkp_ok round=12 new=True satisfied=False"}
{"time":"2026-07-22 15:43:23,769","level":"INFO","node":2,"msg":"Received update from node 1, round 12"}
{"time":"2026-07-22 15:43:33,625","level":"INFO","node":2,"msg":"ZKP ACCEPTED from node 1"}
{"time":"2026-07-22 15:43:33,625","level":"INFO","node":2,"msg":"fc_in col7 delta self-cosine for node 0: -0.0836 (delta_norm=0.2094)"}
{"time":"2026-07-22 15:43:33,625","level":"INFO","node":2,"msg":"Per-class agreement with node 0: class0=0.957 class1=0.946 gap=0.011"}
{"time":"2026-07-22 15:43:33,625","level":"INFO","node":2,"msg":"Per-class rolling gap for node 0: mean=0.038 over last 3 round(s)"}
{"time":"2026-07-22 15:43:33,630","level":"INFO","node":2,"msg":"Trust score for node 0: S=0.778 (Z=1.00 A=0.95 P=0.35 R=1.00) advisory only"}
{"time":"2026-07-22 15:43:33,641","level":"INFO","node":2,"msg":"Sent consensus vote to node 0"}
{"time":"2026-07-22 15:43:33,662","level":"INFO","node":2,"msg":"Sent consensus vote to node 1"}
{"time":"2026-07-22 15:43:33,692","level":"INFO","node":2,"msg":"Sent consensus vote to node 3"}
{"time":"2026-07-22 15:43:33,692","level":"WARNING","node":2,"msg":"[ATTACK SIMULATION] backdoor active on node 2 — stamping trigger on 30% of samples, forcing class 1"}
{"time":"2026-07-22 15:43:33,719","level":"INFO","node":2,"msg":"[FC2 DELTA NORM] node 2 round=12 — fc2 delta norm this round: 0.1057"}
{"time":"2026-07-22 15:43:39,731","level":"INFO","node":2,"msg":"Forwarded to http://127.0.0.1:8003"}
{"time":"2026-07-22 15:43:49,653","level":"INFO","node":2,"msg":"Prediction agreement with node 3 round=12: A=0.967"}
{"time":"2026-07-22 15:43:49,654","level":"INFO","node":2,"msg":"Consensus vote recorded: node 3 decision=True reason=zkp_ok round=12 new=True satisfied=True"}
{"time":"2026-07-22 15:43:55,936","level":"INFO","node":2,"msg":"Synced weights from master for round 12"}
{"time":"2026-07-22 15:43:55,955","level":"INFO","node":2,"msg":"Sent commit vote to node 0"}
{"time":"2026-07-22 15:44:02,474","level":"INFO","node":2,"msg":"Proposal received: round=13 origin=1 hash=58ffdcaca640..."}
{"time":"2026-07-22 15:44:02,515","level":"INFO","node":2,"msg":"Consensus vote recorded: node 1 decision=True reason=zkp_ok round=13 new=True satisfied=False"}
{"time":"2026-07-22 15:44:02,529","level":"INFO","node":2,"msg":"Received update from node 1, round 13"}
{"time":"2026-07-22 15:44:12,184","level":"INFO","node":2,"msg":"ZKP ACCEPTED from node 1"}
{"time":"2026-07-22 15:44:12,186","level":"INFO","node":2,"msg":"fc_in col7 delta self-cosine for node 1: -0.1270 (delta_norm=0.2306)"}
{"time":"2026-07-22 15:44:12,189","level":"INFO","node":2,"msg":"Per-class agreement with node 1: class0=0.973 class1=0.945 gap=0.028"}
{"time":"2026-07-22 15:44:12,189","level":"INFO","node":2,"msg":"Per-class rolling gap for node 1: mean=0.065 over last 3 round(s)"}
{"time":"2026-07-22 15:44:12,191","level":"INFO","node":2,"msg":"Trust score for node 1: S=0.817 (Z=1.00 A=0.96 P=0.46 R=1.00) advisory only"}
{"time":"2026-07-22 15:44:12,210","level":"INFO","node":2,"msg":"Sent consensus vote to node 0"}
{"time":"2026-07-22 15:44:12,235","level":"INFO","node":2,"msg":"Sent consensus vote to node 1"}
{"time":"2026-07-22 15:44:12,261","level":"INFO","node":2,"msg":"Sent consensus vote to node 3"}
{"time":"2026-07-22 15:44:12,261","level":"WARNING","node":2,"msg":"[ATTACK SIMULATION] backdoor active on node 2 — stamping trigger on 30% of samples, forcing class 1"}
{"time":"2026-07-22 15:44:12,290","level":"INFO","node":2,"msg":"[FC2 DELTA NORM] node 2 round=13 — fc2 delta norm this round: 0.1073"}
{"time":"2026-07-22 15:44:18,301","level":"INFO","node":2,"msg":"Forwarded to http://127.0.0.1:8003"}
{"time":"2026-07-22 15:44:28,073","level":"INFO","node":2,"msg":"Prediction agreement with node 3 round=13: A=0.966"}
{"time":"2026-07-22 15:44:28,073","level":"INFO","node":2,"msg":"Consensus vote recorded: node 3 decision=True reason=zkp_ok round=13 new=True satisfied=True"}
{"time":"2026-07-22 15:44:43,840","level":"INFO","node":2,"msg":"Prediction agreement with node 0 round=13: A=0.959"}
{"time":"2026-07-22 15:44:43,840","level":"INFO","node":2,"msg":"Consensus vote recorded: node 0 decision=True reason=zkp_ok round=13 new=True satisfied=True"}
{"time":"2026-07-22 15:44:49,930","level":"INFO","node":2,"msg":"Synced weights from master for round 13"}
{"time":"2026-07-22 15:44:49,938","level":"INFO","node":2,"msg":"Sent commit vote to node 1"}
{"time":"2026-07-22 15:44:49,975","level":"INFO","node":2,"msg":"My turn — starting round 15 as proposer."}
{"time":"2026-07-22 15:44:49,977","level":"INFO","node":2,"msg":"Starting round 15"}
{"time":"2026-07-22 15:44:49,978","level":"WARNING","node":2,"msg":"[ATTACK SIMULATION] backdoor active on node 2 — stamping trigger on 30% of samples, forcing class 1"}
{"time":"2026-07-22 15:44:50,038","level":"INFO","node":2,"msg":"[FC2 DELTA NORM] node 2 round=14 — fc2 delta norm this round: 0.1082"}
{"time":"2026-07-22 15:44:56,175","level":"INFO","node":2,"msg":"Sent proposal to node 0"}
{"time":"2026-07-22 15:44:56,195","level":"INFO","node":2,"msg":"Sent proposal to node 1"}
{"time":"2026-07-22 15:44:56,218","level":"INFO","node":2,"msg":"Sent proposal to node 3"}
{"time":"2026-07-22 15:44:56,227","level":"INFO","node":2,"msg":"Sent consensus vote to node 0"}
{"time":"2026-07-22 15:44:56,231","level":"INFO","node":2,"msg":"Sent consensus vote to node 1"}
{"time":"2026-07-22 15:44:56,235","level":"INFO","node":2,"msg":"Sent consensus vote to node 3"}
{"time":"2026-07-22 15:44:56,241","level":"INFO","node":2,"msg":"Forwarded to http://127.0.0.1:8003"}
{"time":"2026-07-22 15:45:06,112","level":"INFO","node":2,"msg":"Consensus vote recorded: node 3 decision=True reason=zkp_ok round=14 new=True satisfied=False"}
{"time":"2026-07-22 15:45:21,972","level":"INFO","node":2,"msg":"Consensus vote recorded: node 0 decision=True reason=zkp_ok round=14 new=True satisfied=True"}
{"time":"2026-07-22 15:45:37,777","level":"INFO","node":2,"msg":"Consensus vote recorded: node 1 decision=True reason=zkp_ok round=14 new=True satisfied=True"}
{"time":"2026-07-22 15:45:44,077","level":"INFO","node":2,"msg":"Received update from node 1, round 14"}
{"time":"2026-07-22 15:45:44,077","level":"INFO","node":2,"msg":"Round 15 complete — aggregating"}
{"time":"2026-07-22 15:45:44,104","level":"WARNING","node":2,"msg":"[BACKDOOR PROBE] Round 15 SUSPICIOUS: feature=1 value=4.0 forces class=1 flip_rate=1.000 jump=0.718 (thresholds: flip>0.7, jump>0.3)"}
{"time":"2026-07-22 15:45:44,153","level":"INFO","node":2,"msg":"Commit vote recorded: node 0 decision=True round=14 satisfied=False"}
{"time":"2026-07-22 15:45:44,156","level":"INFO","node":2,"msg":"Broadcast weights to node 0"}
{"time":"2026-07-22 15:45:44,182","level":"INFO","node":2,"msg":"Commit vote recorded: node 1 decision=True round=14 satisfied=True"}
{"time":"2026-07-22 15:45:44,182","level":"INFO","node":2,"msg":"Round 15 COMMITTED — model hash agreed by [2, 0, 1]"}
{"time":"2026-07-22 15:45:44,183","level":"INFO","node":2,"msg":"Commit certificate saved to C:\Users\mousu\OneDrive\Desktop\Set A\securefedhe\dashboard\certificates\round_14.json"}
{"time":"2026-07-22 15:45:44,185","level":"INFO","node":2,"msg":"Broadcast weights to node 1"}
{"time":"2026-07-22 15:45:44,208","level":"INFO","node":2,"msg":"Commit vote recorded: node 3 decision=True round=14 satisfied=True"}
{"time":"2026-07-22 15:45:44,209","level":"INFO","node":2,"msg":"Broadcast weights to node 3"}
{"time":"2026-07-22 15:45:44,211","level":"INFO","node":2,"msg":"Checkpoint saved to C:\Users\mousu\OneDrive\Desktop\Set A\securefedhe\dashboard\model_latest.pt"}
{"time":"2026-07-22 15:45:44,211","level":"INFO","node":2,"msg":"Round 15 complete | accuracy=0.8545 | duration=54.23s"}
{"time":"2026-07-22 15:45:44,211","level":"INFO","node":2,"msg":"Round 16 belongs to node 3 — waiting for their proposal."}
{"time":"2026-07-22 15:45:44,214","level":"INFO","node":2,"msg":"Notified next proposer to node 3"}
{"time":"2026-07-22 15:45:44,215","level":"INFO","node":2,"msg":"[WATCHDOG SPAWNED] round=15 expected_proposer=3 timeout_s=600 spawned_at=15:45:44"}
{"time":"2026-07-22 15:45:50,388","level":"INFO","node":2,"msg":"Proposal received: round=15 origin=3 hash=ea14c2115edf..."}
{"time":"2026-07-22 15:45:50,418","level":"INFO","node":2,"msg":"Consensus vote recorded: node 3 decision=True reason=zkp_ok round=15 new=True satisfied=False"}
{"time":"2026-07-22 15:46:00,082","level":"INFO","node":2,"msg":"Consensus vote recorded: node 0 decision=True reason=zkp_ok round=15 new=True satisfied=False"}
{"time":"2026-07-22 15:46:15,997","level":"INFO","node":2,"msg":"Consensus vote recorded: node 1 decision=True reason=zkp_ok round=15 new=True satisfied=True"}
{"time":"2026-07-22 15:46:22,248","level":"INFO","node":2,"msg":"Received update from node 1, round 15"}
{"time":"2026-07-22 15:46:32,001","level":"INFO","node":2,"msg":"ZKP ACCEPTED from node 1"}
{"time":"2026-07-22 15:46:32,001","level":"INFO","node":2,"msg":"fc_in col7 delta self-cosine for node 3: 0.0332 (delta_norm=0.1783)"}
{"time":"2026-07-22 15:46:32,013","level":"INFO","node":2,"msg":"Per-class agreement with node 3: class0=0.981 class1=0.943 gap=0.038"}
{"time":"2026-07-22 15:46:32,013","level":"INFO","node":2,"msg":"Per-class rolling gap for node 3: mean=0.030 over last 3 round(s)"}
{"time":"2026-07-22 15:46:32,014","level":"INFO","node":2,"msg":"Trust score for node 3: S=0.825 (Z=1.00 A=0.97 P=0.48 R=1.00) advisory only"}
{"time":"2026-07-22 15:46:32,026","level":"INFO","node":2,"msg":"Sent consensus vote to node 0"}
{"time":"2026-07-22 15:46:32,038","level":"INFO","node":2,"msg":"Sent consensus vote to node 1"}
{"time":"2026-07-22 15:46:32,090","level":"INFO","node":2,"msg":"Sent consensus vote to node 3"}
{"time":"2026-07-22 15:46:32,090","level":"WARNING","node":2,"msg":"[ATTACK SIMULATION] backdoor active on node 2 — stamping trigger on 30% of samples, forcing class 1"}
{"time":"2026-07-22 15:46:32,129","level":"INFO","node":2,"msg":"[FC2 DELTA NORM] node 2 round=15 — fc2 delta norm this round: 0.1069"}
{"time":"2026-07-22 15:46:38,062","level":"INFO","node":2,"msg":"Forwarded to http://127.0.0.1:8003"}
{"time":"2026-07-22 15:46:38,182","level":"INFO","node":2,"msg":"Synced weights from master for round 15"}
{"time":"2026-07-22 15:46:38,186","level":"INFO","node":2,"msg":"Sent commit vote to node 3"}
{"time":"2026-07-22 15:46:44,612","level":"INFO","node":2,"msg":"Proposal received: round=16 origin=0 hash=7636841624cc..."}
{"time":"2026-07-22 15:46:44,625","level":"INFO","node":2,"msg":"Consensus vote recorded: node 0 decision=True reason=zkp_ok round=16 new=True satisfied=False"}
{"time":"2026-07-22 15:46:54,399","level":"INFO","node":2,"msg":"Consensus vote recorded: node 1 decision=True reason=zkp_ok round=16 new=True satisfied=False"}
{"time":"2026-07-22 15:47:00,708","level":"INFO","node":2,"msg":"Received update from node 1, round 16"}
{"time":"2026-07-22 15:47:10,399","level":"INFO","node":2,"msg":"ZKP ACCEPTED from node 1"}
{"time":"2026-07-22 15:47:10,399","level":"INFO","node":2,"msg":"fc_in col7 delta self-cosine for node 0: 0.1190 (delta_norm=0.1665)"}
{"time":"2026-07-22 15:47:10,415","level":"INFO","node":2,"msg":"Per-class agreement with node 0: class0=0.941 class1=0.916 gap=0.025"}
{"time":"2026-07-22 15:47:10,415","level":"INFO","node":2,"msg":"Per-class rolling gap for node 0: mean=0.035 over last 4 round(s)"}
{"time":"2026-07-22 15:47:10,415","level":"INFO","node":2,"msg":"Trust score for node 0: S=0.785 (Z=1.00 A=0.93 P=0.45 R=1.00) advisory only"}
{"time":"2026-07-22 15:47:10,429","level":"INFO","node":2,"msg":"Sent consensus vote to node 0"}
{"time":"2026-07-22 15:47:10,451","level":"INFO","node":2,"msg":"Sent consensus vote to node 1"}
{"time":"2026-07-22 15:47:10,463","level":"INFO","node":2,"msg":"Sent consensus vote to node 3"}
{"time":"2026-07-22 15:47:10,464","level":"WARNING","node":2,"msg":"[ATTACK SIMULATION] backdoor active on node 2 — stamping trigger on 30% of samples, forcing class 1"}
{"time":"2026-07-22 15:47:10,492","level":"INFO","node":2,"msg":"[FC2 DELTA NORM] node 2 round=16 — fc2 delta norm this round: 0.1076"}
{"time":"2026-07-22 15:47:16,463","level":"INFO","node":2,"msg":"Forwarded to http://127.0.0.1:8003"}
{"time":"2026-07-22 15:47:26,249","level":"INFO","node":2,"msg":"Prediction agreement with node 3 round=16: A=0.970"}
{"time":"2026-07-22 15:47:26,249","level":"INFO","node":2,"msg":"Consensus vote recorded: node 3 decision=True reason=zkp_ok round=16 new=True satisfied=True"}
{"time":"2026-07-22 15:47:32,404","level":"INFO","node":2,"msg":"Synced weights from master for round 16"}
{"time":"2026-07-22 15:47:32,412","level":"INFO","node":2,"msg":"Sent commit vote to node 0"}
{"time":"2026-07-22 15:47:38,843","level":"INFO","node":2,"msg":"Proposal received: round=17 origin=1 hash=346cb4cc479f..."}
{"time":"2026-07-22 15:47:38,867","level":"INFO","node":2,"msg":"Consensus vote recorded: node 1 decision=True reason=zkp_ok round=17 new=True satisfied=False"}
{"time":"2026-07-22 15:47:38,876","level":"INFO","node":2,"msg":"Received update from node 1, round 17"}
{"time":"2026-07-22 15:47:48,534","level":"INFO","node":2,"msg":"ZKP ACCEPTED from node 1"}
{"time":"2026-07-22 15:47:48,534","level":"INFO","node":2,"msg":"fc_in col7 delta self-cosine for node 1: -0.2596 (delta_norm=0.2350)"}
{"time":"2026-07-22 15:47:48,556","level":"INFO","node":2,"msg":"Per-class agreement with node 1: class0=0.965 class1=0.931 gap=0.034"}
{"time":"2026-07-22 15:47:48,556","level":"INFO","node":2,"msg":"Per-class rolling gap for node 1: mean=0.057 over last 4 round(s)"}
{"time":"2026-07-22 15:47:48,560","level":"INFO","node":2,"msg":"Trust score for node 1: S=0.793 (Z=1.00 A=0.95 P=0.41 R=1.00) advisory only"}
{"time":"2026-07-22 15:47:48,572","level":"INFO","node":2,"msg":"Sent consensus vote to node 0"}
{"time":"2026-07-22 15:47:48,581","level":"INFO","node":2,"msg":"Sent consensus vote to node 1"}
{"time":"2026-07-22 15:47:48,609","level":"INFO","node":2,"msg":"Sent consensus vote to node 3"}
{"time":"2026-07-22 15:47:48,610","level":"WARNING","node":2,"msg":"[ATTACK SIMULATION] backdoor active on node 2 — stamping trigger on 30% of samples, forcing class 1"}
{"time":"2026-07-22 15:47:48,634","level":"INFO","node":2,"msg":"[FC2 DELTA NORM] node 2 round=17 — fc2 delta norm this round: 0.1076"}
{"time":"2026-07-22 15:47:54,676","level":"INFO","node":2,"msg":"Forwarded to http://127.0.0.1:8003"}
{"time":"2026-07-22 15:48:04,404","level":"INFO","node":2,"msg":"Prediction agreement with node 3 round=17: A=0.968"}
{"time":"2026-07-22 15:48:04,405","level":"INFO","node":2,"msg":"Consensus vote recorded: node 3 decision=True reason=zkp_ok round=17 new=True satisfied=True"}
{"time":"2026-07-22 15:48:20,457","level":"INFO","node":2,"msg":"Prediction agreement with node 0 round=17: A=0.957"}
{"time":"2026-07-22 15:48:20,457","level":"INFO","node":2,"msg":"Consensus vote recorded: node 0 decision=True reason=zkp_ok round=17 new=True satisfied=True"}
{"time":"2026-07-22 15:48:26,440","level":"INFO","node":2,"msg":"Synced weights from master for round 17"}
{"time":"2026-07-22 15:48:26,449","level":"INFO","node":2,"msg":"Sent commit vote to node 1"}
{"time":"2026-07-22 15:48:26,478","level":"INFO","node":2,"msg":"My turn — starting round 19 as proposer."}
{"time":"2026-07-22 15:48:26,479","level":"INFO","node":2,"msg":"Starting round 19"}
{"time":"2026-07-22 15:48:26,479","level":"WARNING","node":2,"msg":"[ATTACK SIMULATION] backdoor active on node 2 — stamping trigger on 30% of samples, forcing class 1"}
{"time":"2026-07-22 15:48:26,523","level":"INFO","node":2,"msg":"[FC2 DELTA NORM] node 2 round=18 — fc2 delta norm this round: 0.1076"}
{"time":"2026-07-22 15:48:32,705","level":"INFO","node":2,"msg":"Sent proposal to node 0"}
{"time":"2026-07-22 15:48:32,726","level":"INFO","node":2,"msg":"Sent proposal to node 1"}
{"time":"2026-07-22 15:48:32,766","level":"INFO","node":2,"msg":"Sent proposal to node 3"}
{"time":"2026-07-22 15:48:32,766","level":"INFO","node":2,"msg":"Sent consensus vote to node 0"}
{"time":"2026-07-22 15:48:32,784","level":"INFO","node":2,"msg":"Sent consensus vote to node 1"}
{"time":"2026-07-22 15:48:32,790","level":"INFO","node":2,"msg":"Sent consensus vote to node 3"}
{"time":"2026-07-22 15:48:32,798","level":"INFO","node":2,"msg":"Forwarded to http://127.0.0.1:8003"}
{"time":"2026-07-22 15:48:42,602","level":"INFO","node":2,"msg":"Consensus vote recorded: node 3 decision=True reason=zkp_ok round=18 new=True satisfied=False"}
{"time":"2026-07-22 15:48:58,393","level":"INFO","node":2,"msg":"Consensus vote recorded: node 0 decision=True reason=zkp_ok round=18 new=True satisfied=True"}
{"time":"2026-07-22 15:49:14,351","level":"INFO","node":2,"msg":"Consensus vote recorded: node 1 decision=True reason=zkp_ok round=18 new=True satisfied=True"}
{"time":"2026-07-22 15:49:20,677","level":"INFO","node":2,"msg":"Received update from node 1, round 18"}
{"time":"2026-07-22 15:49:20,677","level":"INFO","node":2,"msg":"Round 19 complete — aggregating"}
{"time":"2026-07-22 15:49:20,704","level":"WARNING","node":2,"msg":"[BACKDOOR PROBE] Round 19 SUSPICIOUS: feature=1 value=4.0 forces class=1 flip_rate=1.000 jump=0.691 (thresholds: flip>0.7, jump>0.3)"}
{"time":"2026-07-22 15:49:20,730","level":"INFO","node":2,"msg":"Commit vote recorded: node 0 decision=True round=18 satisfied=False"}
{"time":"2026-07-22 15:49:20,735","level":"INFO","node":2,"msg":"Broadcast weights to node 0"}
{"time":"2026-07-22 15:49:20,765","level":"INFO","node":2,"msg":"Commit vote recorded: node 1 decision=True round=18 satisfied=True"}
{"time":"2026-07-22 15:49:20,765","level":"INFO","node":2,"msg":"Round 19 COMMITTED — model hash agreed by [2, 0, 1]"}
{"time":"2026-07-22 15:49:20,767","level":"INFO","node":2,"msg":"Commit certificate saved to C:\Users\mousu\OneDrive\Desktop\Set A\securefedhe\dashboard\certificates\round_18.json"}
{"time":"2026-07-22 15:49:20,769","level":"INFO","node":2,"msg":"Broadcast weights to node 1"}
{"time":"2026-07-22 15:49:20,814","level":"INFO","node":2,"msg":"Commit vote recorded: node 3 decision=True round=18 satisfied=True"}
{"time":"2026-07-22 15:49:20,816","level":"INFO","node":2,"msg":"Broadcast weights to node 3"}
{"time":"2026-07-22 15:49:20,818","level":"INFO","node":2,"msg":"Checkpoint saved to C:\Users\mousu\OneDrive\Desktop\Set A\securefedhe\dashboard\model_latest.pt"}
{"time":"2026-07-22 15:49:20,819","level":"INFO","node":2,"msg":"Round 19 complete | accuracy=0.8455 | duration=54.34s"}
{"time":"2026-07-22 15:49:20,819","level":"INFO","node":2,"msg":"Round 20 belongs to node 3 — waiting for their proposal."}
{"time":"2026-07-22 15:49:20,822","level":"INFO","node":2,"msg":"Notified next proposer to node 3"}
{"time":"2026-07-22 15:49:20,823","level":"INFO","node":2,"msg":"[WATCHDOG SPAWNED] round=19 expected_proposer=3 timeout_s=600 spawned_at=15:49:20"}
{"time":"2026-07-22 15:49:26,878","level":"INFO","node":2,"msg":"Proposal received: round=19 origin=3 hash=2fb80cc545f9..."}
{"time":"2026-07-22 15:49:26,902","level":"INFO","node":2,"msg":"Consensus vote recorded: node 3 decision=True reason=zkp_ok round=19 new=True satisfied=False"}
{"time":"2026-07-22 15:49:36,547","level":"INFO","node":2,"msg":"Consensus vote recorded: node 0 decision=True reason=zkp_ok round=19 new=True satisfied=False"}
{"time":"2026-07-22 15:49:52,378","level":"INFO","node":2,"msg":"Consensus vote recorded: node 1 decision=True reason=zkp_ok round=19 new=True satisfied=True"}
{"time":"2026-07-22 15:49:58,631","level":"INFO","node":2,"msg":"Received update from node 1, round 19"}
{"time":"2026-07-22 15:50:08,222","level":"INFO","node":2,"msg":"ZKP ACCEPTED from node 1"}
{"time":"2026-07-22 15:50:08,222","level":"INFO","node":2,"msg":"fc_in col7 delta self-cosine for node 3: 0.0114 (delta_norm=0.1663)"}
{"time":"2026-07-22 15:50:08,230","level":"INFO","node":2,"msg":"Per-class agreement with node 3: class0=0.982 class1=0.965 gap=0.017"}
{"time":"2026-07-22 15:50:08,230","level":"INFO","node":2,"msg":"Per-class rolling gap for node 3: mean=0.027 over last 4 round(s)"}
{"time":"2026-07-22 15:50:08,233","level":"INFO","node":2,"msg":"Trust score for node 3: S=0.842 (Z=1.00 A=0.98 P=0.52 R=1.00) advisory only"}
{"time":"2026-07-22 15:50:08,243","level":"INFO","node":2,"msg":"Sent consensus vote to node 0"}
{"time":"2026-07-22 15:50:08,252","level":"INFO","node":2,"msg":"Sent consensus vote to node 1"}
{"time":"2026-07-22 15:50:08,258","level":"INFO","node":2,"msg":"Sent consensus vote to node 3"}
{"time":"2026-07-22 15:50:08,263","level":"WARNING","node":2,"msg":"[ATTACK SIMULATION] backdoor active on node 2 — stamping trigger on 30% of samples, forcing class 1"}
{"time":"2026-07-22 15:50:08,294","level":"INFO","node":2,"msg":"[FC2 DELTA NORM] node 2 round=19 — fc2 delta norm this round: 0.1067"}
{"time":"2026-07-22 15:50:14,261","level":"INFO","node":2,"msg":"Forwarded to http://127.0.0.1:8003"}
{"time":"2026-07-22 15:50:14,393","level":"INFO","node":2,"msg":"Synced weights from master for round 19"}
{"time":"2026-07-22 15:50:14,394","level":"INFO","node":2,"msg":"Training complete after 20 rounds"}
{"time":"2026-07-22 15:50:14,419","level":"INFO","node":2,"msg":"Sent commit vote to node 3"}
{"time":"2026-07-22 15:52:06,679","level":"INFO","node":2,"msg":"Watchdog fired but training already complete — ignoring, not excluding node 3."}
{"time":"2026-07-22 15:55:44,224","level":"INFO","node":2,"msg":"Watchdog fired but training already complete — ignoring, not excluding node 3."}
{"time":"2026-07-22 16:11:45,358","level":"INFO","node":2,"msg":"Starting node 2: Rural Health Centre"}
{"time":"2026-07-22 16:11:45,358","level":"INFO","node":2,"msg":"[CONFIG DEBUG] attack_simulation loaded: enabled=True target_node=2 type=backdoor config_path=config_dev.json"}
{"time":"2026-07-22 16:11:45,394","level":"WARNING","node":2,"msg":"DEV MODE: running without TLS"}
{"time":"2026-07-22 16:11:45,394","level":"INFO","node":2,"msg":"Listening on 127.0.0.1:8002 | TLS=False"}
{"time":"2026-07-22 16:11:47,035","level":"INFO","node":2,"msg":"Key exchange complete with node 1"}
{"time":"2026-07-22 16:11:47,043","level":"INFO","node":2,"msg":"Consensus pubkey received from node 1"}
{"time":"2026-07-22 16:11:50,399","level":"INFO","node":2,"msg":"Sent public key to node 0"}
{"time":"2026-07-22 16:11:50,415","level":"INFO","node":2,"msg":"Sent consensus pubkey to node 0"}
{"time":"2026-07-22 16:11:50,420","level":"INFO","node":2,"msg":"Sent public key to node 1"}
{"time":"2026-07-22 16:11:50,422","level":"INFO","node":2,"msg":"Sent consensus pubkey to node 1"}
{"time":"2026-07-22 16:11:50,434","level":"INFO","node":2,"msg":"Sent public key to node 3"}
{"time":"2026-07-22 16:11:50,435","level":"INFO","node":2,"msg":"Sent consensus pubkey to node 3"}
{"time":"2026-07-22 16:11:52,434","level":"INFO","node":2,"msg":"Key exchange complete with node 3"}
{"time":"2026-07-22 16:11:52,440","level":"INFO","node":2,"msg":"Consensus pubkey received from node 3"}
{"time":"2026-07-22 16:11:58,093","level":"INFO","node":2,"msg":"Key exchange complete with node 0"}
{"time":"2026-07-22 16:11:58,126","level":"INFO","node":2,"msg":"Consensus pubkey received from node 0"}
{"time":"2026-07-22 16:12:05,320","level":"INFO","node":2,"msg":"Proposal received: round=0 origin=0 hash=ccb282068516..."}
{"time":"2026-07-22 16:12:05,352","level":"INFO","node":2,"msg":"Consensus vote recorded: node 0 decision=True reason=zkp_ok round=0 new=True satisfied=False"}
{"time":"2026-07-22 16:12:15,051","level":"INFO","node":2,"msg":"Consensus vote recorded: node 1 decision=True reason=zkp_ok round=0 new=True satisfied=False"}
{"time":"2026-07-22 16:12:22,219","level":"INFO","node":2,"msg":"Received update from node 1, round 0"}
{"time":"2026-07-22 16:12:31,906","level":"INFO","node":2,"msg":"ZKP ACCEPTED from node 1"}
{"time":"2026-07-22 16:12:31,925","level":"INFO","node":2,"msg":"Trust score for node 0: S=0.429 (Z=1.00 A=0.50 P=0.50 R=1.00) advisory only"}
{"time":"2026-07-22 16:12:31,951","level":"INFO","node":2,"msg":"Sent consensus vote to node 0"}
{"time":"2026-07-22 16:12:31,969","level":"INFO","node":2,"msg":"Sent consensus vote to node 1"}
{"time":"2026-07-22 16:12:31,993","level":"INFO","node":2,"msg":"Sent consensus vote to node 3"}
{"time":"2026-07-22 16:12:31,993","level":"WARNING","node":2,"msg":"[ATTACK SIMULATION] backdoor active on node 2 — stamping trigger on 75% of samples, forcing class 1"}
{"time":"2026-07-22 16:12:33,143","level":"INFO","node":2,"msg":"[FC2 DELTA NORM] node 2 round=0 — fc2 delta norm this round: 0.1037"}
{"time":"2026-07-22 16:12:33,146","level":"WARNING","node":2,"msg":"ZKP norm violation (clipping applied): slack=-134830, retry=0"}
{"time":"2026-07-22 16:12:39,305","level":"INFO","node":2,"msg":"Forwarded to http://127.0.0.1:8003"}
{"time":"2026-07-22 16:12:49,066","level":"INFO","node":2,"msg":"Prediction agreement with node 3 round=0: A=0.726"}
{"time":"2026-07-22 16:12:49,066","level":"INFO","node":2,"msg":"Consensus vote recorded: node 3 decision=True reason=zkp_ok round=0 new=True satisfied=True"}
{"time":"2026-07-22 16:12:56,404","level":"INFO","node":2,"msg":"Synced weights from master for round 0"}
{"time":"2026-07-22 16:12:56,426","level":"INFO","node":2,"msg":"Sent commit vote to node 0"}
{"time":"2026-07-22 16:13:02,746","level":"INFO","node":2,"msg":"Proposal received: round=1 origin=1 hash=1b5ff39fef23..."}
{"time":"2026-07-22 16:13:02,769","level":"INFO","node":2,"msg":"Consensus vote recorded: node 1 decision=True reason=zkp_ok round=1 new=True satisfied=False"}
{"time":"2026-07-22 16:13:02,776","level":"INFO","node":2,"msg":"Received update from node 1, round 1"}
{"time":"2026-07-22 16:13:15,690","level":"INFO","node":2,"msg":"ZKP ACCEPTED from node 1"}
{"time":"2026-07-22 16:13:15,705","level":"INFO","node":2,"msg":"Trust score for node 1: S=0.429 (Z=1.00 A=0.50 P=0.50 R=1.00) advisory only"}
{"time":"2026-07-22 16:13:15,739","level":"INFO","node":2,"msg":"Sent consensus vote to node 0"}
{"time":"2026-07-22 16:13:15,760","level":"INFO","node":2,"msg":"Sent consensus vote to node 1"}
{"time":"2026-07-22 16:13:15,786","level":"INFO","node":2,"msg":"Sent consensus vote to node 3"}
{"time":"2026-07-22 16:13:15,786","level":"WARNING","node":2,"msg":"[ATTACK SIMULATION] backdoor active on node 2 — stamping trigger on 75% of samples, forcing class 1"}
{"time":"2026-07-22 16:13:15,920","level":"INFO","node":2,"msg":"[FC2 DELTA NORM] node 2 round=1 — fc2 delta norm this round: 0.1011"}
{"time":"2026-07-22 16:13:37,015","level":"INFO","node":2,"msg":"Forwarded to http://127.0.0.1:8003"}
{"time":"2026-07-22 16:14:09,378","level":"INFO","node":2,"msg":"Prediction agreement with node 3 round=1: A=0.984"}
{"time":"2026-07-22 16:14:09,378","level":"INFO","node":2,"msg":"Consensus vote recorded: node 3 decision=True reason=zkp_ok round=1 new=True satisfied=True"}
{"time":"2026-07-22 16:15:02,169","level":"INFO","node":2,"msg":"Prediction agreement with node 0 round=1: A=0.980"}
{"time":"2026-07-22 16:15:02,169","level":"INFO","node":2,"msg":"Consensus vote recorded: node 0 decision=True reason=zkp_ok round=1 new=True satisfied=True"}
{"time":"2026-07-22 16:15:23,558","level":"INFO","node":2,"msg":"Synced weights from master for round 1"}
{"time":"2026-07-22 16:15:23,585","level":"INFO","node":2,"msg":"Sent commit vote to node 1"}
{"time":"2026-07-22 16:15:23,640","level":"INFO","node":2,"msg":"My turn — starting round 3 as proposer."}
{"time":"2026-07-22 16:15:23,656","level":"INFO","node":2,"msg":"Starting round 3"}
{"time":"2026-07-22 16:15:23,656","level":"WARNING","node":2,"msg":"[ATTACK SIMULATION] backdoor active on node 2 — stamping trigger on 75% of samples, forcing class 1"}
{"time":"2026-07-22 16:15:23,788","level":"INFO","node":2,"msg":"[FC2 DELTA NORM] node 2 round=2 — fc2 delta norm this round: 0.1038"}
{"time":"2026-07-22 16:15:44,903","level":"INFO","node":2,"msg":"Sent proposal to node 0"}
{"time":"2026-07-22 16:15:44,903","level":"INFO","node":2,"msg":"Sent proposal to node 1"}
{"time":"2026-07-22 16:15:44,925","level":"INFO","node":2,"msg":"Sent proposal to node 3"}
{"time":"2026-07-22 16:15:44,936","level":"INFO","node":2,"msg":"Sent consensus vote to node 0"}
{"time":"2026-07-22 16:15:44,945","level":"INFO","node":2,"msg":"Sent consensus vote to node 1"}
{"time":"2026-07-22 16:15:44,961","level":"INFO","node":2,"msg":"Sent consensus vote to node 3"}
{"time":"2026-07-22 16:15:44,961","level":"INFO","node":2,"msg":"Forwarded to http://127.0.0.1:8003"}
{"time":"2026-07-22 16:16:16,628","level":"INFO","node":2,"msg":"Consensus vote recorded: node 3 decision=True reason=zkp_ok round=2 new=True satisfied=False"}
{"time":"2026-07-22 16:17:09,106","level":"INFO","node":2,"msg":"Consensus vote recorded: node 0 decision=True reason=zkp_ok round=2 new=True satisfied=True"}
{"time":"2026-07-22 16:18:01,115","level":"INFO","node":2,"msg":"Consensus vote recorded: node 1 decision=True reason=zkp_ok round=2 new=True satisfied=True"}
{"time":"2026-07-22 16:18:07,295","level":"INFO","node":2,"msg":"Received update from node 1, round 2"}
{"time":"2026-07-22 16:18:07,295","level":"INFO","node":2,"msg":"Round 3 complete — aggregating"}
{"time":"2026-07-22 16:18:07,295","level":"INFO","node":2,"msg":"Round 3 accuracy gate skipped (warm-up period, candidate_acc=0.6818)"}
{"time":"2026-07-22 16:18:07,342","level":"INFO","node":2,"msg":"Commit vote recorded: node 0 decision=True round=2 satisfied=False"}
{"time":"2026-07-22 16:18:07,344","level":"INFO","node":2,"msg":"Broadcast weights to node 0"}
{"time":"2026-07-22 16:18:07,380","level":"INFO","node":2,"msg":"Commit vote recorded: node 1 decision=True round=2 satisfied=True"}
{"time":"2026-07-22 16:18:07,380","level":"INFO","node":2,"msg":"Round 3 COMMITTED — model hash agreed by [2, 0, 1]"}
{"time":"2026-07-22 16:18:07,382","level":"INFO","node":2,"msg":"Commit certificate saved to C:\Users\mousu\OneDrive\Desktop\Set A\securefedhe\dashboard\certificates\round_2.json"}
{"time":"2026-07-22 16:18:07,385","level":"INFO","node":2,"msg":"Broadcast weights to node 1"}
{"time":"2026-07-22 16:18:07,432","level":"INFO","node":2,"msg":"Commit vote recorded: node 3 decision=True round=2 satisfied=True"}
{"time":"2026-07-22 16:18:07,435","level":"INFO","node":2,"msg":"Broadcast weights to node 3"}
{"time":"2026-07-22 16:18:07,450","level":"INFO","node":2,"msg":"Checkpoint saved to C:\Users\mousu\OneDrive\Desktop\Set A\securefedhe\dashboard\model_latest.pt"}
{"time":"2026-07-22 16:18:07,450","level":"INFO","node":2,"msg":"Round 3 complete | accuracy=0.6818 | duration=163.79s"}
{"time":"2026-07-22 16:18:07,451","level":"INFO","node":2,"msg":"Round 4 belongs to node 3 — waiting for their proposal."}
{"time":"2026-07-22 16:18:07,458","level":"INFO","node":2,"msg":"Notified next proposer to node 3"}
{"time":"2026-07-22 16:18:07,459","level":"INFO","node":2,"msg":"[WATCHDOG SPAWNED] round=3 expected_proposer=3 timeout_s=600 spawned_at=16:18:07"}
{"time":"2026-07-22 16:18:13,981","level":"INFO","node":2,"msg":"Proposal received: round=3 origin=3 hash=d9ecefdf90e7..."}
{"time":"2026-07-22 16:18:13,999","level":"INFO","node":2,"msg":"Consensus vote recorded: node 3 decision=True reason=zkp_ok round=3 new=True satisfied=False"}
{"time":"2026-07-22 16:18:23,717","level":"INFO","node":2,"msg":"Consensus vote recorded: node 0 decision=True reason=zkp_ok round=3 new=True satisfied=False"}
{"time":"2026-07-22 16:18:39,585","level":"INFO","node":2,"msg":"Consensus vote recorded: node 1 decision=True reason=zkp_ok round=3 new=True satisfied=True"}
{"time":"2026-07-22 16:18:45,763","level":"INFO","node":2,"msg":"Received update from node 1, round 3"}
{"time":"2026-07-22 16:18:55,576","level":"INFO","node":2,"msg":"ZKP ACCEPTED from node 1"}
{"time":"2026-07-22 16:18:55,585","level":"INFO","node":2,"msg":"Trust score for node 3: S=0.431 (Z=1.00 A=0.50 P=0.52 R=1.00) advisory only"}
{"time":"2026-07-22 16:18:55,615","level":"INFO","node":2,"msg":"Sent consensus vote to node 0"}
{"time":"2026-07-22 16:18:55,626","level":"INFO","node":2,"msg":"Sent consensus vote to node 1"}
{"time":"2026-07-22 16:18:55,637","level":"INFO","node":2,"msg":"Sent consensus vote to node 3"}
{"time":"2026-07-22 16:18:55,638","level":"WARNING","node":2,"msg":"[ATTACK SIMULATION] backdoor active on node 2 — stamping trigger on 75% of samples, forcing class 1"}
{"time":"2026-07-22 16:18:55,665","level":"INFO","node":2,"msg":"[FC2 DELTA NORM] node 2 round=3 — fc2 delta norm this round: 0.1067"}
{"time":"2026-07-22 16:19:01,804","level":"INFO","node":2,"msg":"Forwarded to http://127.0.0.1:8003"}
{"time":"2026-07-22 16:19:01,912","level":"INFO","node":2,"msg":"Synced weights from master for round 3"}
{"time":"2026-07-22 16:19:01,915","level":"INFO","node":2,"msg":"Sent commit vote to node 3"}
{"time":"2026-07-22 16:19:08,001","level":"INFO","node":2,"msg":"Proposal received: round=4 origin=0 hash=a1b32ea084a0..."}
{"time":"2026-07-22 16:19:08,035","level":"INFO","node":2,"msg":"Consensus vote recorded: node 0 decision=True reason=zkp_ok round=4 new=True satisfied=False"}
{"time":"2026-07-22 16:19:17,811","level":"INFO","node":2,"msg":"Consensus vote recorded: node 1 decision=True reason=zkp_ok round=4 new=True satisfied=False"}
{"time":"2026-07-22 16:19:23,953","level":"INFO","node":2,"msg":"Received update from node 1, round 4"}
{"time":"2026-07-22 16:19:33,727","level":"INFO","node":2,"msg":"ZKP ACCEPTED from node 1"}
{"time":"2026-07-22 16:19:33,727","level":"INFO","node":2,"msg":"Per-class agreement with node 0: class0=0.784 class1=0.793 gap=0.009"}
{"time":"2026-07-22 16:19:33,727","level":"INFO","node":2,"msg":"Per-class rolling gap for node 0: mean=0.009 over last 1 round(s)"}
{"time":"2026-07-22 16:19:33,736","level":"INFO","node":2,"msg":"Trust score for node 0: S=0.703 (Z=1.00 A=0.79 P=0.63 R=1.00) advisory only"}
{"time":"2026-07-22 16:19:33,748","level":"INFO","node":2,"msg":"Sent consensus vote to node 0"}
{"time":"2026-07-22 16:19:33,778","level":"INFO","node":2,"msg":"Sent consensus vote to node 1"}
{"time":"2026-07-22 16:19:33,790","level":"INFO","node":2,"msg":"Sent consensus vote to node 3"}
{"time":"2026-07-22 16:19:33,790","level":"WARNING","node":2,"msg":"[ATTACK SIMULATION] backdoor active on node 2 — stamping trigger on 75% of samples, forcing class 1"}
{"time":"2026-07-22 16:19:33,822","level":"INFO","node":2,"msg":"[FC2 DELTA NORM] node 2 round=4 — fc2 delta norm this round: 0.1068"}
{"time":"2026-07-22 16:19:39,880","level":"INFO","node":2,"msg":"Forwarded to http://127.0.0.1:8003"}
{"time":"2026-07-22 16:19:49,630","level":"INFO","node":2,"msg":"Prediction agreement with node 3 round=4: A=0.968"}
{"time":"2026-07-22 16:19:49,630","level":"INFO","node":2,"msg":"Consensus vote recorded: node 3 decision=True reason=zkp_ok round=4 new=True satisfied=True"}
{"time":"2026-07-22 16:19:55,678","level":"INFO","node":2,"msg":"Synced weights from master for round 4"}
{"time":"2026-07-22 16:19:55,697","level":"INFO","node":2,"msg":"Sent commit vote to node 0"}
{"time":"2026-07-22 16:20:02,054","level":"INFO","node":2,"msg":"Proposal received: round=5 origin=1 hash=5b3afef1f318..."}
{"time":"2026-07-22 16:20:02,082","level":"INFO","node":2,"msg":"Consensus vote recorded: node 1 decision=True reason=zkp_ok round=5 new=True satisfied=False"}
{"time":"2026-07-22 16:20:02,090","level":"INFO","node":2,"msg":"Received update from node 1, round 5"}
{"time":"2026-07-22 16:20:11,891","level":"INFO","node":2,"msg":"ZKP ACCEPTED from node 1"}
{"time":"2026-07-22 16:20:11,904","level":"INFO","node":2,"msg":"Per-class agreement with node 1: class0=0.690 class1=0.894 gap=0.205"}
{"time":"2026-07-22 16:20:11,904","level":"INFO","node":2,"msg":"Per-class rolling gap for node 1: mean=0.205 over last 1 round(s)"}
{"time":"2026-07-22 16:20:11,904","level":"INFO","node":2,"msg":"Trust score for node 1: S=0.678 (Z=1.00 A=0.75 P=0.65 R=1.00) advisory only"}
{"time":"2026-07-22 16:20:11,937","level":"INFO","node":2,"msg":"Sent consensus vote to node 0"}
{"time":"2026-07-22 16:20:11,957","level":"INFO","node":2,"msg":"Sent consensus vote to node 1"}
{"time":"2026-07-22 16:20:11,968","level":"INFO","node":2,"msg":"Sent consensus vote to node 3"}
{"time":"2026-07-22 16:20:11,968","level":"WARNING","node":2,"msg":"[ATTACK SIMULATION] backdoor active on node 2 — stamping trigger on 75% of samples, forcing class 1"}
{"time":"2026-07-22 16:20:11,993","level":"INFO","node":2,"msg":"[FC2 DELTA NORM] node 2 round=5 — fc2 delta norm this round: 0.1071"}
{"time":"2026-07-22 16:20:18,182","level":"INFO","node":2,"msg":"Forwarded to http://127.0.0.1:8003"}
{"time":"2026-07-22 16:20:27,966","level":"INFO","node":2,"msg":"Prediction agreement with node 3 round=5: A=0.960"}
{"time":"2026-07-22 16:20:27,967","level":"INFO","node":2,"msg":"Consensus vote recorded: node 3 decision=True reason=zkp_ok round=5 new=True satisfied=True"}
{"time":"2026-07-22 16:20:43,806","level":"INFO","node":2,"msg":"Prediction agreement with node 0 round=5: A=0.948"}
{"time":"2026-07-22 16:20:43,807","level":"INFO","node":2,"msg":"Consensus vote recorded: node 0 decision=True reason=zkp_ok round=5 new=True satisfied=True"}
{"time":"2026-07-22 16:20:50,006","level":"INFO","node":2,"msg":"Synced weights from master for round 5"}
{"time":"2026-07-22 16:20:50,031","level":"INFO","node":2,"msg":"Sent commit vote to node 1"}
{"time":"2026-07-22 16:20:50,063","level":"INFO","node":2,"msg":"My turn — starting round 7 as proposer."}
{"time":"2026-07-22 16:20:50,063","level":"INFO","node":2,"msg":"Starting round 7"}
{"time":"2026-07-22 16:20:50,063","level":"WARNING","node":2,"msg":"[ATTACK SIMULATION] backdoor active on node 2 — stamping trigger on 75% of samples, forcing class 1"}
{"time":"2026-07-22 16:20:50,098","level":"INFO","node":2,"msg":"[FC2 DELTA NORM] node 2 round=6 — fc2 delta norm this round: 0.1056"}
{"time":"2026-07-22 16:20:56,316","level":"INFO","node":2,"msg":"Sent proposal to node 0"}
{"time":"2026-07-22 16:20:56,339","level":"INFO","node":2,"msg":"Sent proposal to node 1"}
{"time":"2026-07-22 16:20:56,347","level":"INFO","node":2,"msg":"Sent proposal to node 3"}
{"time":"2026-07-22 16:20:56,356","level":"INFO","node":2,"msg":"Sent consensus vote to node 0"}
{"time":"2026-07-22 16:20:56,362","level":"INFO","node":2,"msg":"Sent consensus vote to node 1"}
{"time":"2026-07-22 16:20:56,366","level":"INFO","node":2,"msg":"Sent consensus vote to node 3"}
{"time":"2026-07-22 16:20:56,369","level":"INFO","node":2,"msg":"Forwarded to http://127.0.0.1:8003"}
{"time":"2026-07-22 16:21:06,249","level":"INFO","node":2,"msg":"Consensus vote recorded: node 3 decision=True reason=zkp_ok round=6 new=True satisfied=False"}
{"time":"2026-07-22 16:21:21,956","level":"INFO","node":2,"msg":"Consensus vote recorded: node 0 decision=True reason=zkp_ok round=6 new=True satisfied=True"}
{"time":"2026-07-22 16:21:37,692","level":"INFO","node":2,"msg":"Consensus vote recorded: node 1 decision=True reason=zkp_ok round=6 new=True satisfied=True"}
{"time":"2026-07-22 16:21:43,901","level":"INFO","node":2,"msg":"Received update from node 1, round 6"}
{"time":"2026-07-22 16:21:43,901","level":"INFO","node":2,"msg":"Round 7 complete — aggregating"}
{"time":"2026-07-22 16:21:43,936","level":"WARNING","node":2,"msg":"[BACKDOOR PROBE] Round 7 SUSPICIOUS: feature=1 value=7.0 forces class=1 flip_rate=0.973 jump=0.801 (thresholds: flip>0.7, jump>0.3)"}
{"time":"2026-07-22 16:21:43,975","level":"INFO","node":2,"msg":"Commit vote recorded: node 0 decision=True round=6 satisfied=False"}
{"time":"2026-07-22 16:21:43,978","level":"INFO","node":2,"msg":"Broadcast weights to node 0"}
{"time":"2026-07-22 16:21:44,003","level":"INFO","node":2,"msg":"Commit vote recorded: node 1 decision=True round=6 satisfied=True"}
{"time":"2026-07-22 16:21:44,003","level":"INFO","node":2,"msg":"Round 7 COMMITTED — model hash agreed by [2, 0, 1]"}
{"time":"2026-07-22 16:21:44,004","level":"INFO","node":2,"msg":"Commit certificate saved to C:\Users\mousu\OneDrive\Desktop\Set A\securefedhe\dashboard\certificates\round_6.json"}
{"time":"2026-07-22 16:21:44,006","level":"INFO","node":2,"msg":"Broadcast weights to node 1"}
{"time":"2026-07-22 16:21:44,050","level":"INFO","node":2,"msg":"Commit vote recorded: node 3 decision=True round=6 satisfied=True"}
{"time":"2026-07-22 16:21:44,050","level":"INFO","node":2,"msg":"Broadcast weights to node 3"}
{"time":"2026-07-22 16:21:44,050","level":"INFO","node":2,"msg":"Checkpoint saved to C:\Users\mousu\OneDrive\Desktop\Set A\securefedhe\dashboard\model_latest.pt"}
{"time":"2026-07-22 16:21:44,050","level":"INFO","node":2,"msg":"Round 7 complete | accuracy=0.8000 | duration=53.99s"}
{"time":"2026-07-22 16:21:44,050","level":"INFO","node":2,"msg":"Round 8 belongs to node 3 — waiting for their proposal."}
{"time":"2026-07-22 16:21:44,059","level":"INFO","node":2,"msg":"Notified next proposer to node 3"}
{"time":"2026-07-22 16:21:44,059","level":"INFO","node":2,"msg":"[WATCHDOG SPAWNED] round=7 expected_proposer=3 timeout_s=600 spawned_at=16:21:44"}
{"time":"2026-07-22 16:21:50,322","level":"INFO","node":2,"msg":"Proposal received: round=7 origin=3 hash=8574bea7dc21..."}
{"time":"2026-07-22 16:21:50,332","level":"INFO","node":2,"msg":"Consensus vote recorded: node 3 decision=True reason=zkp_ok round=7 new=True satisfied=False"}
{"time":"2026-07-22 16:22:00,088","level":"INFO","node":2,"msg":"Consensus vote recorded: node 0 decision=True reason=zkp_ok round=7 new=True satisfied=False"}
{"time":"2026-07-22 16:22:16,038","level":"INFO","node":2,"msg":"Consensus vote recorded: node 1 decision=True reason=zkp_ok round=7 new=True satisfied=True"}
{"time":"2026-07-22 16:22:22,243","level":"INFO","node":2,"msg":"Received update from node 1, round 7"}
{"time":"2026-07-22 16:22:31,907","level":"INFO","node":2,"msg":"ZKP ACCEPTED from node 1"}
{"time":"2026-07-22 16:22:31,911","level":"INFO","node":2,"msg":"Per-class agreement with node 3: class0=0.882 class1=0.929 gap=0.046"}
{"time":"2026-07-22 16:22:31,911","level":"INFO","node":2,"msg":"Per-class rolling gap for node 3: mean=0.046 over last 1 round(s)"}
{"time":"2026-07-22 16:22:31,915","level":"INFO","node":2,"msg":"Trust score for node 3: S=0.764 (Z=1.00 A=0.90 P=0.48 R=1.00) advisory only"}
{"time":"2026-07-22 16:22:31,941","level":"INFO","node":2,"msg":"Sent consensus vote to node 0"}
{"time":"2026-07-22 16:22:31,964","level":"INFO","node":2,"msg":"Sent consensus vote to node 1"}
{"time":"2026-07-22 16:22:31,988","level":"INFO","node":2,"msg":"Sent consensus vote to node 3"}
{"time":"2026-07-22 16:22:31,988","level":"WARNING","node":2,"msg":"[ATTACK SIMULATION] backdoor active on node 2 — stamping trigger on 75% of samples, forcing class 1"}
{"time":"2026-07-22 16:22:32,015","level":"INFO","node":2,"msg":"[FC2 DELTA NORM] node 2 round=7 — fc2 delta norm this round: 0.1067"}
{"time":"2026-07-22 16:22:38,162","level":"INFO","node":2,"msg":"Forwarded to http://127.0.0.1:8003"}
{"time":"2026-07-22 16:22:38,322","level":"INFO","node":2,"msg":"Synced weights from master for round 7"}
{"time":"2026-07-22 16:22:38,327","level":"INFO","node":2,"msg":"Sent commit vote to node 3"}
{"time":"2026-07-22 16:22:44,529","level":"INFO","node":2,"msg":"Proposal received: round=8 origin=0 hash=96c98168f455..."}
{"time":"2026-07-22 16:22:44,549","level":"INFO","node":2,"msg":"Consensus vote recorded: node 0 decision=True reason=zkp_ok round=8 new=True satisfied=False"}
{"time":"2026-07-22 16:22:54,371","level":"INFO","node":2,"msg":"Consensus vote recorded: node 1 decision=True reason=zkp_ok round=8 new=True satisfied=False"}
{"time":"2026-07-22 16:23:00,517","level":"INFO","node":2,"msg":"Received update from node 1, round 8"}
{"time":"2026-07-22 16:23:10,345","level":"INFO","node":2,"msg":"ZKP ACCEPTED from node 1"}
{"time":"2026-07-22 16:23:10,345","level":"INFO","node":2,"msg":"fc_in col7 delta self-cosine for node 0: -0.0202 (delta_norm=0.2057)"}
{"time":"2026-07-22 16:23:10,356","level":"INFO","node":2,"msg":"Per-class agreement with node 0: class0=0.962 class1=0.936 gap=0.026"}
{"time":"2026-07-22 16:23:10,356","level":"INFO","node":2,"msg":"Per-class rolling gap for node 0: mean=0.017 over last 2 round(s)"}
{"time":"2026-07-22 16:23:10,356","level":"INFO","node":2,"msg":"Trust score for node 0: S=0.817 (Z=1.00 A=0.95 P=0.50 R=1.00) advisory only"}
{"time":"2026-07-22 16:23:10,368","level":"INFO","node":2,"msg":"Sent consensus vote to node 0"}
{"time":"2026-07-22 16:23:10,389","level":"INFO","node":2,"msg":"Sent consensus vote to node 1"}
{"time":"2026-07-22 16:23:10,399","level":"INFO","node":2,"msg":"Sent consensus vote to node 3"}
{"time":"2026-07-22 16:23:10,399","level":"WARNING","node":2,"msg":"[ATTACK SIMULATION] backdoor active on node 2 — stamping trigger on 75% of samples, forcing class 1"}
{"time":"2026-07-22 16:23:10,426","level":"INFO","node":2,"msg":"[FC2 DELTA NORM] node 2 round=8 — fc2 delta norm this round: 0.1066"}
{"time":"2026-07-22 16:23:16,625","level":"INFO","node":2,"msg":"Forwarded to http://127.0.0.1:8003"}
{"time":"2026-07-22 16:23:26,499","level":"INFO","node":2,"msg":"Prediction agreement with node 3 round=8: A=0.965"}
{"time":"2026-07-22 16:23:26,500","level":"INFO","node":2,"msg":"Consensus vote recorded: node 3 decision=True reason=zkp_ok round=8 new=True satisfied=True"}
{"time":"2026-07-22 16:23:32,731","level":"INFO","node":2,"msg":"Synced weights from master for round 8"}
{"time":"2026-07-22 16:23:32,759","level":"INFO","node":2,"msg":"Sent commit vote to node 0"}
{"time":"2026-07-22 16:23:39,080","level":"INFO","node":2,"msg":"Proposal received: round=9 origin=1 hash=8d14db7b932f..."}
{"time":"2026-07-22 16:23:39,108","level":"INFO","node":2,"msg":"Consensus vote recorded: node 1 decision=True reason=zkp_ok round=9 new=True satisfied=False"}
{"time":"2026-07-22 16:23:39,117","level":"INFO","node":2,"msg":"Received update from node 1, round 9"}
{"time":"2026-07-22 16:23:48,944","level":"INFO","node":2,"msg":"ZKP ACCEPTED from node 1"}
{"time":"2026-07-22 16:23:48,945","level":"INFO","node":2,"msg":"fc_in col7 delta self-cosine for node 1: -0.0130 (delta_norm=0.2075)"}
{"time":"2026-07-22 16:23:48,945","level":"INFO","node":2,"msg":"Per-class agreement with node 1: class0=0.963 class1=0.923 gap=0.040"}
{"time":"2026-07-22 16:23:48,945","level":"INFO","node":2,"msg":"Per-class rolling gap for node 1: mean=0.123 over last 2 round(s)"}
{"time":"2026-07-22 16:23:48,950","level":"INFO","node":2,"msg":"Trust score for node 1: S=0.800 (Z=1.00 A=0.95 P=0.45 R=1.00) advisory only"}
{"time":"2026-07-22 16:23:48,969","level":"INFO","node":2,"msg":"Sent consensus vote to node 0"}
{"time":"2026-07-22 16:23:48,990","level":"INFO","node":2,"msg":"Sent consensus vote to node 1"}
{"time":"2026-07-22 16:23:49,018","level":"INFO","node":2,"msg":"Sent consensus vote to node 3"}
{"time":"2026-07-22 16:23:49,018","level":"WARNING","node":2,"msg":"[ATTACK SIMULATION] backdoor active on node 2 — stamping trigger on 75% of samples, forcing class 1"}
{"time":"2026-07-22 16:23:49,042","level":"INFO","node":2,"msg":"[FC2 DELTA NORM] node 2 round=9 — fc2 delta norm this round: 0.1079"}
{"time":"2026-07-22 16:23:55,142","level":"INFO","node":2,"msg":"Forwarded to http://127.0.0.1:8003"}
{"time":"2026-07-22 16:24:04,999","level":"INFO","node":2,"msg":"Prediction agreement with node 3 round=9: A=0.949"}
{"time":"2026-07-22 16:24:04,999","level":"INFO","node":2,"msg":"Consensus vote recorded: node 3 decision=True reason=zkp_ok round=9 new=True satisfied=True"}
{"time":"2026-07-22 16:24:20,853","level":"INFO","node":2,"msg":"Prediction agreement with node 0 round=9: A=0.936"}
{"time":"2026-07-22 16:24:20,853","level":"INFO","node":2,"msg":"Consensus vote recorded: node 0 decision=True reason=zkp_ok round=9 new=True satisfied=True"}
{"time":"2026-07-22 16:24:27,120","level":"INFO","node":2,"msg":"Synced weights from master for round 9"}
{"time":"2026-07-22 16:24:27,146","level":"INFO","node":2,"msg":"Sent commit vote to node 1"}
{"time":"2026-07-22 16:24:27,181","level":"INFO","node":2,"msg":"My turn — starting round 11 as proposer."}
{"time":"2026-07-22 16:24:27,181","level":"INFO","node":2,"msg":"Starting round 11"}
{"time":"2026-07-22 16:24:27,181","level":"WARNING","node":2,"msg":"[ATTACK SIMULATION] backdoor active on node 2 — stamping trigger on 75% of samples, forcing class 1"}
{"time":"2026-07-22 16:24:27,220","level":"INFO","node":2,"msg":"[FC2 DELTA NORM] node 2 round=10 — fc2 delta norm this round: 0.1067"}
{"time":"2026-07-22 16:24:33,536","level":"INFO","node":2,"msg":"Sent proposal to node 0"}
{"time":"2026-07-22 16:24:33,536","level":"INFO","node":2,"msg":"Sent proposal to node 1"}
{"time":"2026-07-22 16:24:33,545","level":"INFO","node":2,"msg":"Sent proposal to node 3"}
{"time":"2026-07-22 16:24:33,555","level":"INFO","node":2,"msg":"Sent consensus vote to node 0"}
{"time":"2026-07-22 16:24:33,559","level":"INFO","node":2,"msg":"Sent consensus vote to node 1"}
{"time":"2026-07-22 16:24:33,563","level":"INFO","node":2,"msg":"Sent consensus vote to node 3"}
{"time":"2026-07-22 16:24:33,569","level":"INFO","node":2,"msg":"Forwarded to http://127.0.0.1:8003"}
{"time":"2026-07-22 16:24:43,387","level":"INFO","node":2,"msg":"Consensus vote recorded: node 3 decision=True reason=zkp_ok round=10 new=True satisfied=False"}
{"time":"2026-07-22 16:24:59,291","level":"INFO","node":2,"msg":"Consensus vote recorded: node 0 decision=True reason=zkp_ok round=10 new=True satisfied=True"}
{"time":"2026-07-22 16:25:15,114","level":"INFO","node":2,"msg":"Consensus vote recorded: node 1 decision=True reason=zkp_ok round=10 new=True satisfied=True"}
{"time":"2026-07-22 16:25:21,287","level":"INFO","node":2,"msg":"Received update from node 1, round 10"}
{"time":"2026-07-22 16:25:21,287","level":"INFO","node":2,"msg":"Round 11 complete — aggregating"}
{"time":"2026-07-22 16:25:21,326","level":"WARNING","node":2,"msg":"[BACKDOOR PROBE] Round 11 SUSPICIOUS: feature=1 value=8.0 forces class=1 flip_rate=1.000 jump=0.782 (thresholds: flip>0.7, jump>0.3)"}
{"time":"2026-07-22 16:25:21,363","level":"INFO","node":2,"msg":"Commit vote recorded: node 0 decision=True round=10 satisfied=False"}
{"time":"2026-07-22 16:25:21,366","level":"INFO","node":2,"msg":"Broadcast weights to node 0"}
{"time":"2026-07-22 16:25:21,385","level":"INFO","node":2,"msg":"Commit vote recorded: node 1 decision=True round=10 satisfied=True"}
{"time":"2026-07-22 16:25:21,385","level":"INFO","node":2,"msg":"Round 11 COMMITTED — model hash agreed by [2, 0, 1]"}
{"time":"2026-07-22 16:25:21,388","level":"INFO","node":2,"msg":"Commit certificate saved to C:\Users\mousu\OneDrive\Desktop\Set A\securefedhe\dashboard\certificates\round_10.json"}
{"time":"2026-07-22 16:25:21,390","level":"INFO","node":2,"msg":"Broadcast weights to node 1"}
{"time":"2026-07-22 16:25:21,433","level":"INFO","node":2,"msg":"Commit vote recorded: node 3 decision=True round=10 satisfied=True"}
{"time":"2026-07-22 16:25:21,434","level":"INFO","node":2,"msg":"Broadcast weights to node 3"}
{"time":"2026-07-22 16:25:21,436","level":"INFO","node":2,"msg":"Checkpoint saved to C:\Users\mousu\OneDrive\Desktop\Set A\securefedhe\dashboard\model_latest.pt"}
{"time":"2026-07-22 16:25:21,436","level":"INFO","node":2,"msg":"Round 11 complete | accuracy=0.8091 | duration=54.25s"}
{"time":"2026-07-22 16:25:21,436","level":"INFO","node":2,"msg":"Round 12 belongs to node 3 — waiting for their proposal."}
{"time":"2026-07-22 16:25:21,439","level":"INFO","node":2,"msg":"Notified next proposer to node 3"}
{"time":"2026-07-22 16:25:21,439","level":"INFO","node":2,"msg":"[WATCHDOG SPAWNED] round=11 expected_proposer=3 timeout_s=600 spawned_at=16:25:21"}
{"time":"2026-07-22 16:25:27,677","level":"INFO","node":2,"msg":"Proposal received: round=11 origin=3 hash=9c1fb678daad..."}
{"time":"2026-07-22 16:25:27,701","level":"INFO","node":2,"msg":"Consensus vote recorded: node 3 decision=True reason=zkp_ok round=11 new=True satisfied=False"}
{"time":"2026-07-22 16:25:37,310","level":"INFO","node":2,"msg":"Consensus vote recorded: node 0 decision=True reason=zkp_ok round=11 new=True satisfied=False"}
{"time":"2026-07-22 16:25:53,197","level":"INFO","node":2,"msg":"Consensus vote recorded: node 1 decision=True reason=zkp_ok round=11 new=True satisfied=True"}
{"time":"2026-07-22 16:25:59,367","level":"INFO","node":2,"msg":"Received update from node 1, round 11"}
{"time":"2026-07-22 16:26:09,174","level":"INFO","node":2,"msg":"ZKP ACCEPTED from node 1"}
{"time":"2026-07-22 16:26:09,176","level":"INFO","node":2,"msg":"fc_in col7 delta self-cosine for node 3: 0.0462 (delta_norm=0.1795)"}
{"time":"2026-07-22 16:26:09,179","level":"INFO","node":2,"msg":"Per-class agreement with node 3: class0=0.973 class1=0.933 gap=0.040"}
{"time":"2026-07-22 16:26:09,179","level":"INFO","node":2,"msg":"Per-class rolling gap for node 3: mean=0.043 over last 2 round(s)"}
{"time":"2026-07-22 16:26:09,179","level":"INFO","node":2,"msg":"Trust score for node 3: S=0.823 (Z=1.00 A=0.96 P=0.50 R=1.00) advisory only"}
{"time":"2026-07-22 16:26:09,194","level":"INFO","node":2,"msg":"Sent consensus vote to node 0"}
{"time":"2026-07-22 16:26:09,205","level":"INFO","node":2,"msg":"Sent consensus vote to node 1"}
{"time":"2026-07-22 16:26:09,216","level":"INFO","node":2,"msg":"Sent consensus vote to node 3"}
{"time":"2026-07-22 16:26:09,216","level":"WARNING","node":2,"msg":"[ATTACK SIMULATION] backdoor active on node 2 — stamping trigger on 75% of samples, forcing class 1"}
{"time":"2026-07-22 16:26:09,244","level":"INFO","node":2,"msg":"[FC2 DELTA NORM] node 2 round=11 — fc2 delta norm this round: 0.1062"}
{"time":"2026-07-22 16:26:15,372","level":"INFO","node":2,"msg":"Forwarded to http://127.0.0.1:8003"}
{"time":"2026-07-22 16:26:15,495","level":"INFO","node":2,"msg":"Synced weights from master for round 11"}
{"time":"2026-07-22 16:26:15,502","level":"INFO","node":2,"msg":"Sent commit vote to node 3"}
{"time":"2026-07-22 16:26:21,694","level":"INFO","node":2,"msg":"Proposal received: round=12 origin=0 hash=136d8ef69f5f..."}
{"time":"2026-07-22 16:26:21,717","level":"INFO","node":2,"msg":"Consensus vote recorded: node 0 decision=True reason=zkp_ok round=12 new=True satisfied=False"}
{"time":"2026-07-22 16:26:31,393","level":"INFO","node":2,"msg":"Consensus vote recorded: node 1 decision=True reason=zkp_ok round=12 new=True satisfied=False"}
{"time":"2026-07-22 16:26:37,605","level":"INFO","node":2,"msg":"Received update from node 1, round 12"}
{"time":"2026-07-22 16:26:47,363","level":"INFO","node":2,"msg":"ZKP ACCEPTED from node 1"}
{"time":"2026-07-22 16:26:47,363","level":"INFO","node":2,"msg":"fc_in col7 delta self-cosine for node 0: -0.1081 (delta_norm=0.2024)"}
{"time":"2026-07-22 16:26:47,368","level":"INFO","node":2,"msg":"Per-class agreement with node 0: class0=0.964 class1=0.933 gap=0.031"}
{"time":"2026-07-22 16:26:47,370","level":"INFO","node":2,"msg":"Per-class rolling gap for node 0: mean=0.022 over last 3 round(s)"}
{"time":"2026-07-22 16:26:47,374","level":"INFO","node":2,"msg":"Trust score for node 0: S=0.798 (Z=1.00 A=0.95 P=0.43 R=1.00) advisory only"}
{"time":"2026-07-22 16:26:47,386","level":"INFO","node":2,"msg":"Sent consensus vote to node 0"}
{"time":"2026-07-22 16:26:47,396","level":"INFO","node":2,"msg":"Sent consensus vote to node 1"}
{"time":"2026-07-22 16:26:47,413","level":"INFO","node":2,"msg":"Sent consensus vote to node 3"}
{"time":"2026-07-22 16:26:47,414","level":"WARNING","node":2,"msg":"[ATTACK SIMULATION] backdoor active on node 2 — stamping trigger on 75% of samples, forcing class 1"}
{"time":"2026-07-22 16:26:47,451","level":"INFO","node":2,"msg":"[FC2 DELTA NORM] node 2 round=12 — fc2 delta norm this round: 0.1080"}
{"time":"2026-07-22 16:26:53,669","level":"INFO","node":2,"msg":"Forwarded to http://127.0.0.1:8003"}
{"time":"2026-07-22 16:27:03,407","level":"INFO","node":2,"msg":"Prediction agreement with node 3 round=12: A=0.952"}
{"time":"2026-07-22 16:27:03,407","level":"INFO","node":2,"msg":"Consensus vote recorded: node 3 decision=True reason=zkp_ok round=12 new=True satisfied=True"}
{"time":"2026-07-22 16:27:09,689","level":"INFO","node":2,"msg":"Synced weights from master for round 12"}
{"time":"2026-07-22 16:27:09,735","level":"INFO","node":2,"msg":"Sent commit vote to node 0"}
{"time":"2026-07-22 16:27:16,078","level":"INFO","node":2,"msg":"Proposal received: round=13 origin=1 hash=c738741c2980..."}
{"time":"2026-07-22 16:27:16,108","level":"INFO","node":2,"msg":"Consensus vote recorded: node 1 decision=True reason=zkp_ok round=13 new=True satisfied=False"}
{"time":"2026-07-22 16:27:16,129","level":"INFO","node":2,"msg":"Received update from node 1, round 13"}
{"time":"2026-07-22 16:27:25,932","level":"INFO","node":2,"msg":"ZKP ACCEPTED from node 1"}
{"time":"2026-07-22 16:27:25,932","level":"INFO","node":2,"msg":"fc_in col7 delta self-cosine for node 1: -0.0541 (delta_norm=0.2454)"}
{"time":"2026-07-22 16:27:25,944","level":"INFO","node":2,"msg":"Per-class agreement with node 1: class0=0.961 class1=0.915 gap=0.047"}
{"time":"2026-07-22 16:27:25,944","level":"INFO","node":2,"msg":"Per-class rolling gap for node 1: mean=0.097 over last 3 round(s)"}
{"time":"2026-07-22 16:27:25,946","level":"INFO","node":2,"msg":"Trust score for node 1: S=0.797 (Z=1.00 A=0.95 P=0.45 R=1.00) advisory only"}
{"time":"2026-07-22 16:27:25,968","level":"INFO","node":2,"msg":"Sent consensus vote to node 0"}
{"time":"2026-07-22 16:27:26,026","level":"INFO","node":2,"msg":"Sent consensus vote to node 1"}
{"time":"2026-07-22 16:27:26,052","level":"INFO","node":2,"msg":"Sent consensus vote to node 3"}
{"time":"2026-07-22 16:27:26,052","level":"WARNING","node":2,"msg":"[ATTACK SIMULATION] backdoor active on node 2 — stamping trigger on 75% of samples, forcing class 1"}
{"time":"2026-07-22 16:27:26,074","level":"INFO","node":2,"msg":"[FC2 DELTA NORM] node 2 round=13 — fc2 delta norm this round: 0.1073"}
{"time":"2026-07-22 16:27:32,100","level":"INFO","node":2,"msg":"Forwarded to http://127.0.0.1:8003"}
{"time":"2026-07-22 16:27:41,927","level":"INFO","node":2,"msg":"Prediction agreement with node 3 round=13: A=0.952"}
{"time":"2026-07-22 16:27:41,927","level":"INFO","node":2,"msg":"Consensus vote recorded: node 3 decision=True reason=zkp_ok round=13 new=True satisfied=True"}
{"time":"2026-07-22 16:27:57,824","level":"INFO","node":2,"msg":"Prediction agreement with node 0 round=13: A=0.934"}
{"time":"2026-07-22 16:27:57,826","level":"INFO","node":2,"msg":"Consensus vote recorded: node 0 decision=True reason=zkp_ok round=13 new=True satisfied=True"}
{"time":"2026-07-22 16:28:04,017","level":"INFO","node":2,"msg":"Synced weights from master for round 13"}
{"time":"2026-07-22 16:28:04,049","level":"INFO","node":2,"msg":"Sent commit vote to node 1"}
{"time":"2026-07-22 16:28:04,104","level":"INFO","node":2,"msg":"My turn — starting round 15 as proposer."}
{"time":"2026-07-22 16:28:04,106","level":"INFO","node":2,"msg":"Starting round 15"}
{"time":"2026-07-22 16:28:04,106","level":"WARNING","node":2,"msg":"[ATTACK SIMULATION] backdoor active on node 2 — stamping trigger on 75% of samples, forcing class 1"}
{"time":"2026-07-22 16:28:04,166","level":"INFO","node":2,"msg":"[FC2 DELTA NORM] node 2 round=14 — fc2 delta norm this round: 0.1085"}
{"time":"2026-07-22 16:28:10,494","level":"INFO","node":2,"msg":"Sent proposal to node 0"}
{"time":"2026-07-22 16:28:10,510","level":"INFO","node":2,"msg":"Sent proposal to node 1"}
{"time":"2026-07-22 16:28:10,524","level":"INFO","node":2,"msg":"Sent proposal to node 3"}
{"time":"2026-07-22 16:28:10,531","level":"INFO","node":2,"msg":"Sent consensus vote to node 0"}
{"time":"2026-07-22 16:28:10,536","level":"INFO","node":2,"msg":"Sent consensus vote to node 1"}
{"time":"2026-07-22 16:28:10,542","level":"INFO","node":2,"msg":"Sent consensus vote to node 3"}
{"time":"2026-07-22 16:28:10,549","level":"INFO","node":2,"msg":"Forwarded to http://127.0.0.1:8003"}
{"time":"2026-07-22 16:28:20,287","level":"INFO","node":2,"msg":"Consensus vote recorded: node 3 decision=True reason=zkp_ok round=14 new=True satisfied=False"}
{"time":"2026-07-22 16:28:36,218","level":"INFO","node":2,"msg":"Consensus vote recorded: node 0 decision=True reason=zkp_ok round=14 new=True satisfied=True"}
{"time":"2026-07-22 16:28:52,019","level":"INFO","node":2,"msg":"Consensus vote recorded: node 1 decision=True reason=zkp_ok round=14 new=True satisfied=True"}
{"time":"2026-07-22 16:28:58,247","level":"INFO","node":2,"msg":"Received update from node 1, round 14"}
{"time":"2026-07-22 16:28:58,247","level":"INFO","node":2,"msg":"Round 15 complete — aggregating"}
{"time":"2026-07-22 16:28:58,285","level":"WARNING","node":2,"msg":"[BACKDOOR PROBE] Round 15 SUSPICIOUS: feature=5 value=7.0 forces class=1 flip_rate=1.000 jump=0.782 (thresholds: flip>0.7, jump>0.3)"}
{"time":"2026-07-22 16:28:58,316","level":"INFO","node":2,"msg":"Commit vote recorded: node 0 decision=True round=14 satisfied=False"}
{"time":"2026-07-22 16:28:58,318","level":"INFO","node":2,"msg":"Broadcast weights to node 0"}
{"time":"2026-07-22 16:28:58,339","level":"INFO","node":2,"msg":"Commit vote recorded: node 1 decision=True round=14 satisfied=True"}
{"time":"2026-07-22 16:28:58,340","level":"INFO","node":2,"msg":"Round 15 COMMITTED — model hash agreed by [2, 0, 1]"}
{"time":"2026-07-22 16:28:58,342","level":"INFO","node":2,"msg":"Commit certificate saved to C:\Users\mousu\OneDrive\Desktop\Set A\securefedhe\dashboard\certificates\round_14.json"}
{"time":"2026-07-22 16:28:58,344","level":"INFO","node":2,"msg":"Broadcast weights to node 1"}
{"time":"2026-07-22 16:28:58,370","level":"INFO","node":2,"msg":"Commit vote recorded: node 3 decision=True round=14 satisfied=True"}
{"time":"2026-07-22 16:28:58,372","level":"INFO","node":2,"msg":"Broadcast weights to node 3"}
{"time":"2026-07-22 16:28:58,374","level":"INFO","node":2,"msg":"Checkpoint saved to C:\Users\mousu\OneDrive\Desktop\Set A\securefedhe\dashboard\model_latest.pt"}
{"time":"2026-07-22 16:28:58,374","level":"INFO","node":2,"msg":"Round 15 complete | accuracy=0.8091 | duration=54.27s"}
{"time":"2026-07-22 16:28:58,375","level":"INFO","node":2,"msg":"Round 16 belongs to node 3 — waiting for their proposal."}
{"time":"2026-07-22 16:28:58,379","level":"INFO","node":2,"msg":"Notified next proposer to node 3"}
{"time":"2026-07-22 16:28:58,380","level":"INFO","node":2,"msg":"[WATCHDOG SPAWNED] round=15 expected_proposer=3 timeout_s=600 spawned_at=16:28:58"}
{"time":"2026-07-22 16:29:04,701","level":"INFO","node":2,"msg":"Proposal received: round=15 origin=3 hash=63f2d37f5535..."}
{"time":"2026-07-22 16:29:04,717","level":"INFO","node":2,"msg":"Consensus vote recorded: node 3 decision=True reason=zkp_ok round=15 new=True satisfied=False"}
{"time":"2026-07-22 16:29:14,547","level":"INFO","node":2,"msg":"Consensus vote recorded: node 0 decision=True reason=zkp_ok round=15 new=True satisfied=False"}
{"time":"2026-07-22 16:29:30,609","level":"INFO","node":2,"msg":"Consensus vote recorded: node 1 decision=True reason=zkp_ok round=15 new=True satisfied=True"}
{"time":"2026-07-22 16:29:36,823","level":"INFO","node":2,"msg":"Received update from node 1, round 15"}
{"time":"2026-07-22 16:29:46,588","level":"INFO","node":2,"msg":"ZKP ACCEPTED from node 1"}
{"time":"2026-07-22 16:29:46,589","level":"INFO","node":2,"msg":"fc_in col7 delta self-cosine for node 3: 0.2021 (delta_norm=0.1892)"}
{"time":"2026-07-22 16:29:46,591","level":"INFO","node":2,"msg":"Per-class agreement with node 3: class0=0.974 class1=0.943 gap=0.031"}
{"time":"2026-07-22 16:29:46,591","level":"INFO","node":2,"msg":"Per-class rolling gap for node 3: mean=0.039 over last 3 round(s)"}
{"time":"2026-07-22 16:29:46,596","level":"INFO","node":2,"msg":"Trust score for node 3: S=0.826 (Z=1.00 A=0.96 P=0.50 R=1.00) advisory only"}
{"time":"2026-07-22 16:29:46,608","level":"INFO","node":2,"msg":"Sent consensus vote to node 0"}
{"time":"2026-07-22 16:29:46,630","level":"INFO","node":2,"msg":"Sent consensus vote to node 1"}
{"time":"2026-07-22 16:29:46,642","level":"INFO","node":2,"msg":"Sent consensus vote to node 3"}
{"time":"2026-07-22 16:29:46,642","level":"WARNING","node":2,"msg":"[ATTACK SIMULATION] backdoor active on node 2 — stamping trigger on 75% of samples, forcing class 1"}
{"time":"2026-07-22 16:29:46,669","level":"INFO","node":2,"msg":"[FC2 DELTA NORM] node 2 round=15 — fc2 delta norm this round: 0.1056"}
{"time":"2026-07-22 16:29:52,776","level":"INFO","node":2,"msg":"Forwarded to http://127.0.0.1:8003"}
{"time":"2026-07-22 16:29:52,914","level":"INFO","node":2,"msg":"Synced weights from master for round 15"}
{"time":"2026-07-22 16:29:52,920","level":"INFO","node":2,"msg":"Sent commit vote to node 3"}
{"time":"2026-07-22 16:29:59,160","level":"INFO","node":2,"msg":"Proposal received: round=16 origin=0 hash=f19f0b24251a..."}
{"time":"2026-07-22 16:29:59,195","level":"INFO","node":2,"msg":"Consensus vote recorded: node 0 decision=True reason=zkp_ok round=16 new=True satisfied=False"}
{"time":"2026-07-22 16:30:08,805","level":"INFO","node":2,"msg":"Consensus vote recorded: node 1 decision=True reason=zkp_ok round=16 new=True satisfied=False"}
{"time":"2026-07-22 16:30:15,097","level":"INFO","node":2,"msg":"Received update from node 1, round 16"}
{"time":"2026-07-22 16:30:25,087","level":"INFO","node":2,"msg":"ZKP ACCEPTED from node 1"}
{"time":"2026-07-22 16:30:25,087","level":"INFO","node":2,"msg":"fc_in col7 delta self-cosine for node 0: 0.0130 (delta_norm=0.1901)"}
{"time":"2026-07-22 16:30:25,087","level":"INFO","node":2,"msg":"Per-class agreement with node 0: class0=0.971 class1=0.953 gap=0.019"}
{"time":"2026-07-22 16:30:25,091","level":"INFO","node":2,"msg":"Per-class rolling gap for node 0: mean=0.021 over last 4 round(s)"}
{"time":"2026-07-22 16:30:25,091","level":"INFO","node":2,"msg":"Trust score for node 0: S=0.827 (Z=1.00 A=0.97 P=0.50 R=1.00) advisory only"}
{"time":"2026-07-22 16:30:25,126","level":"INFO","node":2,"msg":"Sent consensus vote to node 0"}
{"time":"2026-07-22 16:30:25,157","level":"INFO","node":2,"msg":"Sent consensus vote to node 1"}
{"time":"2026-07-22 16:30:25,180","level":"INFO","node":2,"msg":"Sent consensus vote to node 3"}
{"time":"2026-07-22 16:30:25,180","level":"WARNING","node":2,"msg":"[ATTACK SIMULATION] backdoor active on node 2 — stamping trigger on 75% of samples, forcing class 1"}
{"time":"2026-07-22 16:30:25,206","level":"INFO","node":2,"msg":"[FC2 DELTA NORM] node 2 round=16 — fc2 delta norm this round: 0.1054"}
{"time":"2026-07-22 16:30:31,312","level":"INFO","node":2,"msg":"Forwarded to http://127.0.0.1:8003"}
{"time":"2026-07-22 16:30:41,193","level":"INFO","node":2,"msg":"Prediction agreement with node 3 round=16: A=0.959"}
{"time":"2026-07-22 16:30:41,193","level":"INFO","node":2,"msg":"Consensus vote recorded: node 3 decision=False reason=per_class_agreement_gap round=16 new=True satisfied=True"}
{"time":"2026-07-22 16:30:47,373","level":"INFO","node":2,"msg":"Synced weights from master for round 16"}
{"time":"2026-07-22 16:30:47,394","level":"INFO","node":2,"msg":"Sent commit vote to node 0"}
{"time":"2026-07-22 16:30:53,769","level":"INFO","node":2,"msg":"Proposal received: round=17 origin=1 hash=47727cb48b40..."}
{"time":"2026-07-22 16:30:53,790","level":"INFO","node":2,"msg":"Consensus vote recorded: node 1 decision=True reason=zkp_ok round=17 new=True satisfied=False"}
{"time":"2026-07-22 16:30:53,797","level":"INFO","node":2,"msg":"Received update from node 1, round 17"}
{"time":"2026-07-22 16:31:04,091","level":"INFO","node":2,"msg":"ZKP ACCEPTED from node 1"}
{"time":"2026-07-22 16:31:04,091","level":"INFO","node":2,"msg":"fc_in col7 delta self-cosine for node 1: -0.2151 (delta_norm=0.2516)"}
{"time":"2026-07-22 16:31:04,091","level":"INFO","node":2,"msg":"Per-class agreement with node 1: class0=0.973 class1=0.946 gap=0.027"}
{"time":"2026-07-22 16:31:04,091","level":"INFO","node":2,"msg":"Per-class rolling gap for node 1: mean=0.080 over last 4 round(s)"}
{"time":"2026-07-22 16:31:04,091","level":"WARNING","node":2,"msg":"[PER-CLASS AGREEMENT CHECK] node 2 observed node 1: SUSTAINED class agreement gap, rolling mean=0.080 over 4 rounds — possible asymmetric/label_flip-style corruption"}
{"time":"2026-07-22 16:31:04,106","level":"INFO","node":2,"msg":"Trust score for node 1: S=0.807 (Z=1.00 A=0.96 P=0.43 R=1.00) advisory only"}
{"time":"2026-07-22 16:31:04,107","level":"WARNING","node":2,"msg":"Update round=17 from node 1 REJECTED on per-class agreement gap"}
{"time":"2026-07-22 16:31:04,136","level":"INFO","node":2,"msg":"Sent consensus vote to node 0"}
{"time":"2026-07-22 16:31:04,166","level":"INFO","node":2,"msg":"Sent consensus vote to node 1"}
{"time":"2026-07-22 16:31:04,195","level":"INFO","node":2,"msg":"Sent consensus vote to node 3"}
{"time":"2026-07-22 16:31:04,195","level":"WARNING","node":2,"msg":"[ATTACK SIMULATION] backdoor active on node 2 — stamping trigger on 75% of samples, forcing class 1"}
{"time":"2026-07-22 16:31:04,229","level":"INFO","node":2,"msg":"[FC2 DELTA NORM] node 2 round=17 — fc2 delta norm this round: 0.1053"}
{"time":"2026-07-22 16:31:10,563","level":"INFO","node":2,"msg":"Forwarded to http://127.0.0.1:8003"}
{"time":"2026-07-22 16:31:20,383","level":"INFO","node":2,"msg":"Prediction agreement with node 3 round=17: A=0.949"}
{"time":"2026-07-22 16:31:20,384","level":"INFO","node":2,"msg":"Consensus vote recorded: node 3 decision=False reason=per_class_agreement_gap round=17 new=True satisfied=False"}
{"time":"2026-07-22 16:31:36,385","level":"INFO","node":2,"msg":"Prediction agreement with node 0 round=17: A=0.931"}
{"time":"2026-07-22 16:31:36,385","level":"INFO","node":2,"msg":"Consensus vote recorded: node 0 decision=False reason=per_class_agreement_gap round=17 new=True satisfied=False"}
{"time":"2026-07-22 16:31:49,544","level":"INFO","node":2,"msg":"Proposal for round=17 origin=1 changed hash after 55.76s — treating as a legitimate round retry, not equivocation."}
{"time":"2026-07-22 16:31:49,545","level":"INFO","node":2,"msg":"Proposal received: round=17 origin=1 hash=57754b09c7d8..."}
{"time":"2026-07-22 16:31:49,579","level":"INFO","node":2,"msg":"Consensus vote recorded: node 1 decision=True reason=zkp_ok round=17 new=True satisfied=False"}
{"time":"2026-07-22 16:31:49,596","level":"INFO","node":2,"msg":"Received update from node 1, round 17"}
{"time":"2026-07-22 16:31:59,298","level":"INFO","node":2,"msg":"ZKP ACCEPTED from node 1"}
{"time":"2026-07-22 16:31:59,298","level":"INFO","node":2,"msg":"fc_in col7 delta self-cosine for node 1: -0.2585 (delta_norm=0.1620)"}
{"time":"2026-07-22 16:31:59,301","level":"INFO","node":2,"msg":"Per-class agreement with node 1: class0=0.960 class1=0.811 gap=0.149"}
{"time":"2026-07-22 16:31:59,301","level":"INFO","node":2,"msg":"Per-class rolling gap for node 1: mean=0.066 over last 4 round(s)"}
{"time":"2026-07-22 16:31:59,301","level":"WARNING","node":2,"msg":"[PER-CLASS AGREEMENT CHECK] node 2 observed node 1: SUSTAINED class agreement gap, rolling mean=0.066 over 4 rounds — possible asymmetric/label_flip-style corruption"}
{"time":"2026-07-22 16:31:59,303","level":"INFO","node":2,"msg":"Trust score for node 1: S=0.696 (Z=1.00 A=0.91 P=0.32 R=0.80) advisory only"}
{"time":"2026-07-22 16:31:59,303","level":"WARNING","node":2,"msg":"Update round=17 from node 1 REJECTED on per-class agreement gap"}
{"time":"2026-07-22 16:31:59,336","level":"INFO","node":2,"msg":"Sent consensus vote to node 0"}
{"time":"2026-07-22 16:31:59,344","level":"INFO","node":2,"msg":"Sent consensus vote to node 1"}
{"time":"2026-07-22 16:31:59,356","level":"INFO","node":2,"msg":"Sent consensus vote to node 3"}
{"time":"2026-07-22 16:31:59,356","level":"WARNING","node":2,"msg":"[ATTACK SIMULATION] backdoor active on node 2 — stamping trigger on 75% of samples, forcing class 1"}
{"time":"2026-07-22 16:31:59,390","level":"INFO","node":2,"msg":"[FC2 DELTA NORM] node 2 round=17 — fc2 delta norm this round: 0.0970"}
{"time":"2026-07-22 16:32:05,567","level":"INFO","node":2,"msg":"Forwarded to http://127.0.0.1:8003"}
{"time":"2026-07-22 16:32:15,461","level":"INFO","node":2,"msg":"Prediction agreement with node 3 round=17: A=0.749"}
{"time":"2026-07-22 16:32:15,462","level":"INFO","node":2,"msg":"Consensus vote recorded: node 3 decision=True reason=zkp_ok round=17 new=True satisfied=False"}
{"time":"2026-07-22 16:32:31,241","level":"INFO","node":2,"msg":"Prediction agreement with node 0 round=17: A=0.784"}
{"time":"2026-07-22 16:32:31,241","level":"INFO","node":2,"msg":"Consensus vote recorded: node 0 decision=True reason=zkp_ok round=17 new=True satisfied=True"}
{"time":"2026-07-22 16:32:37,495","level":"INFO","node":2,"msg":"Synced weights from master for round 17"}
{"time":"2026-07-22 16:32:37,507","level":"INFO","node":2,"msg":"Sent commit vote to node 1"}
{"time":"2026-07-22 16:32:37,528","level":"INFO","node":2,"msg":"My turn — starting round 19 as proposer."}
{"time":"2026-07-22 16:32:37,528","level":"INFO","node":2,"msg":"Starting round 19"}
{"time":"2026-07-22 16:32:37,529","level":"WARNING","node":2,"msg":"[ATTACK SIMULATION] backdoor active on node 2 — stamping trigger on 75% of samples, forcing class 1"}
{"time":"2026-07-22 16:32:37,578","level":"INFO","node":2,"msg":"[FC2 DELTA NORM] node 2 round=18 — fc2 delta norm this round: 0.1028"}
{"time":"2026-07-22 16:32:43,893","level":"INFO","node":2,"msg":"Sent proposal to node 0"}
{"time":"2026-07-22 16:32:43,911","level":"INFO","node":2,"msg":"Sent proposal to node 1"}
{"time":"2026-07-22 16:32:43,927","level":"INFO","node":2,"msg":"Sent proposal to node 3"}
{"time":"2026-07-22 16:32:43,937","level":"INFO","node":2,"msg":"Sent consensus vote to node 0"}
{"time":"2026-07-22 16:32:43,942","level":"INFO","node":2,"msg":"Sent consensus vote to node 1"}
{"time":"2026-07-22 16:32:43,946","level":"INFO","node":2,"msg":"Sent consensus vote to node 3"}
{"time":"2026-07-22 16:32:43,949","level":"INFO","node":2,"msg":"Forwarded to http://127.0.0.1:8003"}
{"time":"2026-07-22 16:32:53,666","level":"INFO","node":2,"msg":"Consensus vote recorded: node 3 decision=True reason=zkp_ok round=18 new=True satisfied=False"}
{"time":"2026-07-22 16:33:09,770","level":"INFO","node":2,"msg":"Consensus vote recorded: node 0 decision=True reason=zkp_ok round=18 new=True satisfied=True"}
{"time":"2026-07-22 16:33:25,686","level":"INFO","node":2,"msg":"Consensus vote recorded: node 1 decision=True reason=zkp_ok round=18 new=True satisfied=True"}
{"time":"2026-07-22 16:33:31,991","level":"INFO","node":2,"msg":"Received update from node 1, round 18"}
{"time":"2026-07-22 16:33:31,991","level":"INFO","node":2,"msg":"Round 19 complete — aggregating"}
{"time":"2026-07-22 16:33:32,021","level":"WARNING","node":2,"msg":"[BACKDOOR PROBE] Round 19 SUSPICIOUS: feature=1 value=7.0 forces class=1 flip_rate=1.000 jump=0.764 (thresholds: flip>0.7, jump>0.3)"}
{"time":"2026-07-22 16:33:32,064","level":"INFO","node":2,"msg":"Commit vote recorded: node 0 decision=True round=18 satisfied=False"}
{"time":"2026-07-22 16:33:32,066","level":"INFO","node":2,"msg":"Broadcast weights to node 0"}
{"time":"2026-07-22 16:33:32,076","level":"INFO","node":2,"msg":"Commit vote recorded: node 1 decision=True round=18 satisfied=True"}
{"time":"2026-07-22 16:33:32,076","level":"INFO","node":2,"msg":"Round 19 COMMITTED — model hash agreed by [2, 0, 1]"}
{"time":"2026-07-22 16:33:32,077","level":"INFO","node":2,"msg":"Commit certificate saved to C:\Users\mousu\OneDrive\Desktop\Set A\securefedhe\dashboard\certificates\round_18.json"}
{"time":"2026-07-22 16:33:32,080","level":"INFO","node":2,"msg":"Broadcast weights to node 1"}
{"time":"2026-07-22 16:33:32,106","level":"INFO","node":2,"msg":"Commit vote recorded: node 3 decision=True round=18 satisfied=True"}
{"time":"2026-07-22 16:33:32,108","level":"INFO","node":2,"msg":"Broadcast weights to node 3"}
{"time":"2026-07-22 16:33:32,110","level":"INFO","node":2,"msg":"Checkpoint saved to C:\Users\mousu\OneDrive\Desktop\Set A\securefedhe\dashboard\model_latest.pt"}
{"time":"2026-07-22 16:33:32,110","level":"INFO","node":2,"msg":"Round 19 complete | accuracy=0.8273 | duration=54.58s"}
{"time":"2026-07-22 16:33:32,110","level":"INFO","node":2,"msg":"Round 20 belongs to node 3 — waiting for their proposal."}
{"time":"2026-07-22 16:33:32,113","level":"INFO","node":2,"msg":"Notified next proposer to node 3"}
{"time":"2026-07-22 16:33:32,114","level":"INFO","node":2,"msg":"[WATCHDOG SPAWNED] round=19 expected_proposer=3 timeout_s=600 spawned_at=16:33:32"}
{"time":"2026-07-22 16:33:38,335","level":"INFO","node":2,"msg":"Proposal received: round=19 origin=3 hash=4347cad03be9..."}
{"time":"2026-07-22 16:33:38,356","level":"INFO","node":2,"msg":"Consensus vote recorded: node 3 decision=True reason=zkp_ok round=19 new=True satisfied=False"}
{"time":"2026-07-22 16:33:47,968","level":"INFO","node":2,"msg":"Consensus vote recorded: node 0 decision=True reason=zkp_ok round=19 new=True satisfied=False"}
{"time":"2026-07-22 16:34:03,839","level":"INFO","node":2,"msg":"Consensus vote recorded: node 1 decision=True reason=zkp_ok round=19 new=True satisfied=True"}
{"time":"2026-07-22 16:34:10,106","level":"INFO","node":2,"msg":"Received update from node 1, round 19"}
{"time":"2026-07-22 16:34:19,938","level":"INFO","node":2,"msg":"ZKP ACCEPTED from node 1"}
{"time":"2026-07-22 16:34:19,938","level":"INFO","node":2,"msg":"fc_in col7 delta self-cosine for node 3: 0.1393 (delta_norm=0.1682)"}
{"time":"2026-07-22 16:34:19,954","level":"INFO","node":2,"msg":"Per-class agreement with node 3: class0=0.980 class1=0.950 gap=0.030"}
{"time":"2026-07-22 16:34:19,954","level":"INFO","node":2,"msg":"Per-class rolling gap for node 3: mean=0.037 over last 4 round(s)"}
{"time":"2026-07-22 16:34:19,957","level":"INFO","node":2,"msg":"Trust score for node 3: S=0.816 (Z=1.00 A=0.97 P=0.45 R=1.00) advisory only"}
{"time":"2026-07-22 16:34:19,972","level":"INFO","node":2,"msg":"Sent consensus vote to node 0"}
{"time":"2026-07-22 16:34:19,983","level":"INFO","node":2,"msg":"Sent consensus vote to node 1"}
{"time":"2026-07-22 16:34:19,995","level":"INFO","node":2,"msg":"Sent consensus vote to node 3"}
{"time":"2026-07-22 16:34:19,996","level":"WARNING","node":2,"msg":"[ATTACK SIMULATION] backdoor active on node 2 — stamping trigger on 75% of samples, forcing class 1"}
{"time":"2026-07-22 16:34:20,033","level":"INFO","node":2,"msg":"[FC2 DELTA NORM] node 2 round=19 — fc2 delta norm this round: 0.1063"}
{"time":"2026-07-22 16:34:26,060","level":"INFO","node":2,"msg":"Forwarded to http://127.0.0.1:8003"}
{"time":"2026-07-22 16:34:26,179","level":"INFO","node":2,"msg":"Synced weights from master for round 19"}
{"time":"2026-07-22 16:34:26,179","level":"INFO","node":2,"msg":"Training complete after 20 rounds"}
{"time":"2026-07-22 16:34:26,188","level":"INFO","node":2,"msg":"Sent commit vote to node 3"}
{"time":"2026-07-22 16:35:21,443","level":"INFO","node":2,"msg":"Watchdog fired but training already complete — ignoring, not excluding node 3."}
{"time":"2026-07-22 16:50:23,471","level":"INFO","node":2,"msg":"Starting node 2: Rural Health Centre"}
{"time":"2026-07-22 16:50:23,471","level":"INFO","node":2,"msg":"[CONFIG DEBUG] attack_simulation loaded: enabled=True target_node=2 type=gradient_norm config_path=config_dev.json"}
{"time":"2026-07-22 16:50:23,530","level":"WARNING","node":2,"msg":"DEV MODE: running without TLS"}
{"time":"2026-07-22 16:50:23,530","level":"INFO","node":2,"msg":"Listening on 127.0.0.1:8002 | TLS=False"}
{"time":"2026-07-22 16:50:26,225","level":"INFO","node":2,"msg":"Consensus pubkey received from node 1"}
{"time":"2026-07-22 16:50:26,230","level":"INFO","node":2,"msg":"Key exchange complete with node 1"}
{"time":"2026-07-22 16:50:28,565","level":"INFO","node":2,"msg":"Sent consensus pubkey to node 0"}
{"time":"2026-07-22 16:50:28,566","level":"INFO","node":2,"msg":"Sent public key to node 0"}
{"time":"2026-07-22 16:50:28,566","level":"INFO","node":2,"msg":"Sent public key to node 1"}
{"time":"2026-07-22 16:50:28,583","level":"INFO","node":2,"msg":"Sent consensus pubkey to node 1"}
{"time":"2026-07-22 16:50:28,593","level":"INFO","node":2,"msg":"Sent public key to node 3"}
{"time":"2026-07-22 16:50:28,601","level":"INFO","node":2,"msg":"Sent consensus pubkey to node 3"}
{"time":"2026-07-22 16:50:32,167","level":"INFO","node":2,"msg":"Key exchange complete with node 3"}
{"time":"2026-07-22 16:50:32,168","level":"INFO","node":2,"msg":"Consensus pubkey received from node 3"}
{"time":"2026-07-22 16:50:37,395","level":"INFO","node":2,"msg":"Key exchange complete with node 0"}
{"time":"2026-07-22 16:50:37,431","level":"INFO","node":2,"msg":"Consensus pubkey received from node 0"}
{"time":"2026-07-22 16:50:44,766","level":"INFO","node":2,"msg":"Proposal received: round=0 origin=0 hash=933034c19319..."}
{"time":"2026-07-22 16:50:44,801","level":"INFO","node":2,"msg":"Consensus vote recorded: node 0 decision=True reason=zkp_ok round=0 new=True satisfied=False"}
{"time":"2026-07-22 16:50:54,449","level":"INFO","node":2,"msg":"Consensus vote recorded: node 1 decision=True reason=zkp_ok round=0 new=True satisfied=False"}
{"time":"2026-07-22 16:51:02,142","level":"INFO","node":2,"msg":"Received update from node 1, round 0"}
{"time":"2026-07-22 16:51:11,818","level":"INFO","node":2,"msg":"ZKP ACCEPTED from node 1"}
{"time":"2026-07-22 16:51:11,829","level":"INFO","node":2,"msg":"Trust score for node 0: S=0.429 (Z=1.00 A=0.50 P=0.50 R=1.00) advisory only"}
{"time":"2026-07-22 16:51:11,857","level":"INFO","node":2,"msg":"Sent consensus vote to node 0"}
{"time":"2026-07-22 16:51:11,874","level":"INFO","node":2,"msg":"Sent consensus vote to node 1"}
{"time":"2026-07-22 16:51:11,882","level":"INFO","node":2,"msg":"Sent consensus vote to node 3"}
{"time":"2026-07-22 16:51:12,988","level":"WARNING","node":2,"msg":"[ATTACK SIMULATION] gradient_norm active on node 2 — scaled trainable DELTA by 5.0x before DP/ZKP"}
{"time":"2026-07-22 16:51:12,988","level":"INFO","node":2,"msg":"[FC2 DELTA NORM] node 2 round=0 — fc2 delta norm this round: 0.4521"}
{"time":"2026-07-22 16:51:12,991","level":"WARNING","node":2,"msg":"ZKP norm violation (clipping applied): slack=-107806, retry=0"}
{"time":"2026-07-22 16:51:19,151","level":"INFO","node":2,"msg":"Forwarded to http://127.0.0.1:8003"}
{"time":"2026-07-22 16:51:28,855","level":"INFO","node":2,"msg":"Prediction agreement with node 3 round=0: A=0.856"}
{"time":"2026-07-22 16:51:28,856","level":"INFO","node":2,"msg":"Consensus vote recorded: node 3 decision=True reason=zkp_ok round=0 new=True satisfied=True"}
{"time":"2026-07-22 16:51:36,194","level":"INFO","node":2,"msg":"Synced weights from master for round 0"}
{"time":"2026-07-22 16:51:36,218","level":"INFO","node":2,"msg":"Sent commit vote to node 0"}
{"time":"2026-07-22 16:51:42,650","level":"INFO","node":2,"msg":"Proposal received: round=1 origin=1 hash=f1e257ef5786..."}
{"time":"2026-07-22 16:51:42,668","level":"INFO","node":2,"msg":"Consensus vote recorded: node 1 decision=True reason=zkp_ok round=1 new=True satisfied=False"}
{"time":"2026-07-22 16:51:42,674","level":"INFO","node":2,"msg":"Received update from node 1, round 1"}
{"time":"2026-07-22 16:51:52,435","level":"INFO","node":2,"msg":"ZKP ACCEPTED from node 1"}
{"time":"2026-07-22 16:51:52,435","level":"INFO","node":2,"msg":"Trust score for node 1: S=0.429 (Z=1.00 A=0.50 P=0.50 R=1.00) advisory only"}
{"time":"2026-07-22 16:51:52,446","level":"WARNING","node":2,"msg":"Sent consensus vote to node 0 FAILED (hard timeout or exception) — consecutive failure streak 1/3"}
{"time":"2026-07-22 16:51:52,446","level":"WARNING","node":2,"msg":"Sent consensus vote to node 1 FAILED (hard timeout or exception) — consecutive failure streak 1/3"}
{"time":"2026-07-22 16:51:52,448","level":"WARNING","node":2,"msg":"Sent consensus vote to node 3 FAILED (hard timeout or exception) — consecutive failure streak 1/3"}
{"time":"2026-07-22 16:51:52,471","level":"WARNING","node":2,"msg":"[ATTACK SIMULATION] gradient_norm active on node 2 — scaled trainable DELTA by 5.0x before DP/ZKP"}
{"time":"2026-07-22 16:51:52,472","level":"INFO","node":2,"msg":"[FC2 DELTA NORM] node 2 round=1 — fc2 delta norm this round: 0.4920"}
{"time":"2026-07-22 16:51:58,586","level":"INFO","node":2,"msg":"Forwarded to http://127.0.0.1:8003"}
{"time":"2026-07-22 16:52:37,467","level":"INFO","node":2,"msg":"Proposal for round=1 origin=1 changed hash after 54.83s — treating as a legitimate round retry, not equivocation."}
{"time":"2026-07-22 16:52:37,467","level":"INFO","node":2,"msg":"Proposal received: round=1 origin=1 hash=55517ec50ade..."}
{"time":"2026-07-22 16:52:37,493","level":"INFO","node":2,"msg":"Consensus vote recorded: node 1 decision=True reason=zkp_ok round=1 new=True satisfied=False"}
{"time":"2026-07-22 16:52:37,500","level":"INFO","node":2,"msg":"Received update from node 1, round 1"}
{"time":"2026-07-22 16:52:47,286","level":"INFO","node":2,"msg":"ZKP ACCEPTED from node 1"}
{"time":"2026-07-22 16:52:47,295","level":"INFO","node":2,"msg":"Trust score for node 1: S=0.000 (Z=1.00 A=0.00 P=0.50 R=1.00) advisory only"}
{"time":"2026-07-22 16:52:47,299","level":"WARNING","node":2,"msg":"Sent consensus vote to node 0 FAILED (hard timeout or exception) — consecutive failure streak 2/3"}
{"time":"2026-07-22 16:52:47,300","level":"WARNING","node":2,"msg":"Sent consensus vote to node 1 FAILED (hard timeout or exception) — consecutive failure streak 2/3"}
{"time":"2026-07-22 16:52:47,302","level":"WARNING","node":2,"msg":"Sent consensus vote to node 3 FAILED (hard timeout or exception) — consecutive failure streak 2/3"}
{"time":"2026-07-22 16:52:47,330","level":"WARNING","node":2,"msg":"[ATTACK SIMULATION] gradient_norm active on node 2 — scaled trainable DELTA by 5.0x before DP/ZKP"}
{"time":"2026-07-22 16:52:47,330","level":"INFO","node":2,"msg":"[FC2 DELTA NORM] node 2 round=1 — fc2 delta norm this round: 0.4995"}
{"time":"2026-07-22 16:52:53,457","level":"INFO","node":2,"msg":"Forwarded to http://127.0.0.1:8003"}
{"time":"2026-07-22 16:53:32,239","level":"INFO","node":2,"msg":"Proposal for round=1 origin=1 changed hash after 54.77s — treating as a legitimate round retry, not equivocation."}
{"time":"2026-07-22 16:53:32,239","level":"INFO","node":2,"msg":"Proposal received: round=1 origin=1 hash=e8c39bb457bd..."}
{"time":"2026-07-22 16:53:32,255","level":"INFO","node":2,"msg":"Consensus vote recorded: node 1 decision=True reason=zkp_ok round=1 new=True satisfied=False"}
{"time":"2026-07-22 16:53:32,261","level":"INFO","node":2,"msg":"Received update from node 1, round 1"}
{"time":"2026-07-22 16:53:41,926","level":"INFO","node":2,"msg":"ZKP ACCEPTED from node 1"}
{"time":"2026-07-22 16:53:41,928","level":"INFO","node":2,"msg":"fc_in col7 delta self-cosine for node 1: -0.2275 (delta_norm=0.2055)"}
{"time":"2026-07-22 16:53:41,930","level":"INFO","node":2,"msg":"Trust score for node 1: S=0.000 (Z=1.00 A=0.00 P=0.50 R=1.00) advisory only"}
{"time":"2026-07-22 16:53:41,959","level":"INFO","node":2,"msg":"Sent consensus vote to node 0"}
{"time":"2026-07-22 16:53:41,969","level":"INFO","node":2,"msg":"Sent consensus vote to node 1"}
{"time":"2026-07-22 16:53:41,996","level":"INFO","node":2,"msg":"Sent consensus vote to node 3"}
{"time":"2026-07-22 16:53:42,023","level":"WARNING","node":2,"msg":"[ATTACK SIMULATION] gradient_norm active on node 2 — scaled trainable DELTA by 5.0x before DP/ZKP"}
{"time":"2026-07-22 16:53:42,023","level":"INFO","node":2,"msg":"[FC2 DELTA NORM] node 2 round=1 — fc2 delta norm this round: 0.5079"}
{"time":"2026-07-22 16:53:42,023","level":"INFO","node":2,"msg":"[FC2 DELTA CAP] node 2 round=1 — fc2 delta norm 0.5079 exceeded structural cap 0.5, capped (damage-bound, not detection)"}
{"time":"2026-07-22 16:53:42,024","level":"WARNING","node":2,"msg":"ZKP norm violation (clipping applied): slack=-788470, retry=0"}
{"time":"2026-07-22 16:53:47,974","level":"INFO","node":2,"msg":"Forwarded to http://127.0.0.1:8003"}
{"time":"2026-07-22 16:53:57,803","level":"INFO","node":2,"msg":"Prediction agreement with node 3 round=1: A=0.793"}
{"time":"2026-07-22 16:53:57,804","level":"INFO","node":2,"msg":"Consensus vote recorded: node 3 decision=True reason=zkp_ok round=1 new=True satisfied=True"}
{"time":"2026-07-22 16:54:13,600","level":"ERROR","node":2,"msg":"Node 1 EXCLUDED from proposing and quorum. Quorum requirement adjusted to 3 of 3 remaining trusted nodes."}
{"time":"2026-07-22 16:54:13,641","level":"ERROR","node":2,"msg":"Node 3 EXCLUDED from proposing and quorum. Quorum requirement adjusted to 2 of 2 remaining trusted nodes."}
{"time":"2026-07-22 17:04:42,410","level":"ERROR","node":2,"msg":"Node 0 EXCLUDED from proposing and quorum. Quorum requirement adjusted to 1 of 1 remaining trusted nodes."}
{"time":"2026-07-22 17:05:05,524","level":"INFO","node":2,"msg":"Received update from node 1, round 2"}
{"time":"2026-07-22 17:05:37,124","level":"INFO","node":2,"msg":"ZKP ACCEPTED from node 1"}
{"time":"2026-07-22 17:05:38,318","level":"WARNING","node":2,"msg":"No stored proposal for round=2 origin=1 — voting using fallback hash, may not match other peers"}
{"time":"2026-07-22 17:05:38,320","level":"INFO","node":2,"msg":"fc_in col7 delta self-cosine for node 1: -0.0039 (delta_norm=0.4704)"}
{"time":"2026-07-22 17:05:38,322","level":"INFO","node":2,"msg":"Per-class agreement with node 1: class0=0.720 class1=0.763 gap=0.043"}
{"time":"2026-07-22 17:05:38,322","level":"INFO","node":2,"msg":"Per-class rolling gap for node 1: mean=0.043 over last 1 round(s)"}
{"time":"2026-07-22 17:05:38,322","level":"INFO","node":2,"msg":"Trust score for node 1: S=0.629 (Z=1.00 A=0.73 P=0.50 R=1.00) advisory only"}
{"time":"2026-07-22 17:05:38,449","level":"WARNING","node":2,"msg":"[ATTACK SIMULATION] gradient_norm active on node 2 — scaled trainable DELTA by 5.0x before DP/ZKP"}
{"time":"2026-07-22 17:05:38,449","level":"INFO","node":2,"msg":"[FC2 DELTA NORM] node 2 round=2 — fc2 delta norm this round: 0.4704"}
{"time":"2026-07-22 17:05:38,449","level":"WARNING","node":2,"msg":"ZKP norm violation (clipping applied): slack=-56623, retry=0"}
{"time":"2026-07-22 17:05:59,646","level":"INFO","node":2,"msg":"Forwarded to http://127.0.0.1:8003"}
{"time":"2026-07-22 17:07:09,039","level":"INFO","node":2,"msg":"Starting node 2: Rural Health Centre"}
{"time":"2026-07-22 17:07:09,039","level":"INFO","node":2,"msg":"[CONFIG DEBUG] attack_simulation loaded: enabled=True target_node=2 type=gradient_norm config_path=config_dev.json"}
{"time":"2026-07-22 17:07:09,090","level":"WARNING","node":2,"msg":"DEV MODE: running without TLS"}
{"time":"2026-07-22 17:07:09,090","level":"INFO","node":2,"msg":"Listening on 127.0.0.1:8002 | TLS=False"}
{"time":"2026-07-22 17:07:11,801","level":"INFO","node":2,"msg":"Key exchange complete with node 1"}
{"time":"2026-07-22 17:07:11,818","level":"INFO","node":2,"msg":"Consensus pubkey received from node 1"}
{"time":"2026-07-22 17:07:14,110","level":"INFO","node":2,"msg":"Sent public key to node 0"}
{"time":"2026-07-22 17:07:14,121","level":"INFO","node":2,"msg":"Sent consensus pubkey to node 0"}
{"time":"2026-07-22 17:07:14,141","level":"INFO","node":2,"msg":"Sent public key to node 1"}
{"time":"2026-07-22 17:07:14,141","level":"INFO","node":2,"msg":"Sent consensus pubkey to node 1"}
{"time":"2026-07-22 17:07:14,152","level":"INFO","node":2,"msg":"Sent public key to node 3"}
{"time":"2026-07-22 17:07:14,155","level":"INFO","node":2,"msg":"Sent consensus pubkey to node 3"}
{"time":"2026-07-22 17:07:16,435","level":"INFO","node":2,"msg":"Consensus pubkey received from node 3"}
{"time":"2026-07-22 17:07:16,459","level":"INFO","node":2,"msg":"Key exchange complete with node 3"}
{"time":"2026-07-22 17:07:22,582","level":"INFO","node":2,"msg":"Key exchange complete with node 0"}
{"time":"2026-07-22 17:07:22,597","level":"INFO","node":2,"msg":"Consensus pubkey received from node 0"}
{"time":"2026-07-22 17:07:29,902","level":"INFO","node":2,"msg":"Proposal received: round=0 origin=0 hash=3d8c5a5766c2..."}
{"time":"2026-07-22 17:07:29,942","level":"INFO","node":2,"msg":"Consensus vote recorded: node 0 decision=True reason=zkp_ok round=0 new=True satisfied=False"}
{"time":"2026-07-22 17:07:39,601","level":"INFO","node":2,"msg":"Consensus vote recorded: node 1 decision=True reason=zkp_ok round=0 new=True satisfied=False"}
{"time":"2026-07-22 17:07:46,803","level":"INFO","node":2,"msg":"Received update from node 1, round 0"}
{"time":"2026-07-22 17:07:56,377","level":"INFO","node":2,"msg":"ZKP ACCEPTED from node 1"}
{"time":"2026-07-22 17:07:56,386","level":"INFO","node":2,"msg":"Trust score for node 0: S=0.429 (Z=1.00 A=0.50 P=0.50 R=1.00) advisory only"}
{"time":"2026-07-22 17:07:56,406","level":"INFO","node":2,"msg":"Sent consensus vote to node 0"}
{"time":"2026-07-22 17:07:56,410","level":"INFO","node":2,"msg":"Sent consensus vote to node 1"}
{"time":"2026-07-22 17:07:56,415","level":"INFO","node":2,"msg":"Sent consensus vote to node 3"}
{"time":"2026-07-22 17:07:57,553","level":"WARNING","node":2,"msg":"[ATTACK SIMULATION] gradient_norm active on node 2 — scaled trainable DELTA by 5.0x before DP/ZKP"}
{"time":"2026-07-22 17:07:57,553","level":"INFO","node":2,"msg":"[FC2 DELTA NORM] node 2 round=0 — fc2 delta norm this round: 0.5153"}
{"time":"2026-07-22 17:07:57,553","level":"INFO","node":2,"msg":"[FC2 DELTA CAP] node 2 round=0 — fc2 delta norm 0.5153 exceeded structural cap 0.5, capped (damage-bound, not detection)"}
{"time":"2026-07-22 17:08:03,695","level":"INFO","node":2,"msg":"Forwarded to http://127.0.0.1:8003"}
{"time":"2026-07-22 17:08:13,496","level":"INFO","node":2,"msg":"Prediction agreement with node 3 round=0: A=0.757"}
{"time":"2026-07-22 17:08:13,497","level":"INFO","node":2,"msg":"Consensus vote recorded: node 3 decision=True reason=zkp_ok round=0 new=True satisfied=True"}
{"time":"2026-07-22 17:08:20,821","level":"INFO","node":2,"msg":"Synced weights from master for round 0"}
{"time":"2026-07-22 17:08:20,859","level":"INFO","node":2,"msg":"Sent commit vote to node 0"}
{"time":"2026-07-22 17:08:27,231","level":"INFO","node":2,"msg":"Proposal received: round=1 origin=1 hash=781d32387bb4..."}
{"time":"2026-07-22 17:08:27,258","level":"INFO","node":2,"msg":"Consensus vote recorded: node 1 decision=True reason=zkp_ok round=1 new=True satisfied=False"}
{"time":"2026-07-22 17:08:27,268","level":"INFO","node":2,"msg":"Received update from node 1, round 1"}
{"time":"2026-07-22 17:08:37,025","level":"INFO","node":2,"msg":"ZKP ACCEPTED from node 1"}
{"time":"2026-07-22 17:08:37,030","level":"INFO","node":2,"msg":"Trust score for node 1: S=0.429 (Z=1.00 A=0.50 P=0.50 R=1.00) advisory only"}
{"time":"2026-07-22 17:08:37,032","level":"WARNING","node":2,"msg":"Sent consensus vote to node 0 FAILED (hard timeout or exception) — consecutive failure streak 1/3 over 0.0s"}
{"time":"2026-07-22 17:08:37,034","level":"WARNING","node":2,"msg":"Sent consensus vote to node 1 FAILED (hard timeout or exception) — consecutive failure streak 1/3 over 0.0s"}
{"time":"2026-07-22 17:08:37,035","level":"WARNING","node":2,"msg":"Sent consensus vote to node 3 FAILED (hard timeout or exception) — consecutive failure streak 1/3 over 0.0s"}
{"time":"2026-07-22 17:08:37,060","level":"WARNING","node":2,"msg":"[ATTACK SIMULATION] gradient_norm active on node 2 — scaled trainable DELTA by 5.0x before DP/ZKP"}
{"time":"2026-07-22 17:08:37,060","level":"INFO","node":2,"msg":"[FC2 DELTA NORM] node 2 round=1 — fc2 delta norm this round: 0.4977"}
{"time":"2026-07-22 17:08:37,061","level":"WARNING","node":2,"msg":"ZKP norm violation (clipping applied): slack=-82905, retry=0"}
{"time":"2026-07-22 17:08:43,077","level":"INFO","node":2,"msg":"Forwarded to http://127.0.0.1:8003"}
{"time":"2026-07-22 17:09:21,344","level":"INFO","node":2,"msg":"Proposal for round=1 origin=1 changed hash after 54.15s — treating as a legitimate round retry, not equivocation."}
{"time":"2026-07-22 17:09:21,344","level":"INFO","node":2,"msg":"Proposal received: round=1 origin=1 hash=508f0780cecb..."}
{"time":"2026-07-22 17:09:21,382","level":"INFO","node":2,"msg":"Consensus vote recorded: node 1 decision=True reason=zkp_ok round=1 new=True satisfied=False"}
{"time":"2026-07-22 17:09:21,388","level":"INFO","node":2,"msg":"Received update from node 1, round 1"}
{"time":"2026-07-22 17:09:31,079","level":"INFO","node":2,"msg":"ZKP ACCEPTED from node 1"}
{"time":"2026-07-22 17:09:31,092","level":"INFO","node":2,"msg":"Trust score for node 1: S=0.000 (Z=1.00 A=0.00 P=0.50 R=1.00) advisory only"}
{"time":"2026-07-22 17:09:31,096","level":"WARNING","node":2,"msg":"Sent consensus vote to node 0 FAILED (hard timeout or exception) — consecutive failure streak 2/3 over 54.1s"}
{"time":"2026-07-22 17:09:31,097","level":"WARNING","node":2,"msg":"Sent consensus vote to node 1 FAILED (hard timeout or exception) — consecutive failure streak 2/3 over 54.1s"}
{"time":"2026-07-22 17:09:31,098","level":"WARNING","node":2,"msg":"Sent consensus vote to node 3 FAILED (hard timeout or exception) — consecutive failure streak 2/3 over 54.1s"}
{"time":"2026-07-22 17:09:31,123","level":"WARNING","node":2,"msg":"[ATTACK SIMULATION] gradient_norm active on node 2 — scaled trainable DELTA by 5.0x before DP/ZKP"}
{"time":"2026-07-22 17:09:31,123","level":"INFO","node":2,"msg":"[FC2 DELTA NORM] node 2 round=1 — fc2 delta norm this round: 0.4798"}
{"time":"2026-07-22 17:09:31,124","level":"WARNING","node":2,"msg":"ZKP norm violation (clipping applied): slack=-573202, retry=0"}
{"time":"2026-07-22 17:09:37,121","level":"INFO","node":2,"msg":"Forwarded to http://127.0.0.1:8003"}
{"time":"2026-07-22 17:10:15,041","level":"INFO","node":2,"msg":"Proposal for round=1 origin=1 changed hash after 53.68s — treating as a legitimate round retry, not equivocation."}
{"time":"2026-07-22 17:10:15,041","level":"INFO","node":2,"msg":"Proposal received: round=1 origin=1 hash=4e10646a089b..."}
{"time":"2026-07-22 17:10:15,060","level":"INFO","node":2,"msg":"Consensus vote recorded: node 1 decision=True reason=zkp_ok round=1 new=True satisfied=False"}
{"time":"2026-07-22 17:10:15,067","level":"INFO","node":2,"msg":"Received update from node 1, round 1"}
{"time":"2026-07-22 17:10:24,763","level":"INFO","node":2,"msg":"ZKP ACCEPTED from node 1"}
{"time":"2026-07-22 17:10:24,763","level":"INFO","node":2,"msg":"fc_in col7 delta self-cosine for node 1: -0.2162 (delta_norm=0.1860)"}
{"time":"2026-07-22 17:10:24,768","level":"INFO","node":2,"msg":"Trust score for node 1: S=0.000 (Z=1.00 A=0.00 P=0.50 R=1.00) advisory only"}
{"time":"2026-07-22 17:10:24,780","level":"INFO","node":2,"msg":"Sent consensus vote to node 0"}
{"time":"2026-07-22 17:10:24,811","level":"INFO","node":2,"msg":"Sent consensus vote to node 1"}
{"time":"2026-07-22 17:10:24,823","level":"INFO","node":2,"msg":"Sent consensus vote to node 3"}
{"time":"2026-07-22 17:10:24,847","level":"WARNING","node":2,"msg":"[ATTACK SIMULATION] gradient_norm active on node 2 — scaled trainable DELTA by 5.0x before DP/ZKP"}
{"time":"2026-07-22 17:10:24,848","level":"INFO","node":2,"msg":"[FC2 DELTA NORM] node 2 round=1 — fc2 delta norm this round: 0.4724"}
{"time":"2026-07-22 17:10:24,848","level":"WARNING","node":2,"msg":"ZKP norm violation (clipping applied): slack=-347357, retry=0"}
{"time":"2026-07-22 17:10:30,835","level":"INFO","node":2,"msg":"Forwarded to http://127.0.0.1:8003"}
{"time":"2026-07-22 17:10:40,597","level":"INFO","node":2,"msg":"Prediction agreement with node 3 round=1: A=0.882"}
{"time":"2026-07-22 17:10:40,598","level":"INFO","node":2,"msg":"Consensus vote recorded: node 3 decision=True reason=zkp_ok round=1 new=True satisfied=True"}
{"time":"2026-07-22 17:10:56,214","level":"ERROR","node":2,"msg":"Node 1 EXCLUDED from proposing and quorum. Quorum requirement adjusted to 3 of 3 remaining trusted nodes."}
{"time":"2026-07-22 17:10:56,245","level":"ERROR","node":2,"msg":"Node 3 EXCLUDED from proposing and quorum. Quorum requirement adjusted to 2 of 2 remaining trusted nodes."}
{"time":"2026-07-22 17:24:54,970","level":"INFO","node":2,"msg":"Starting node 2: Rural Health Centre"}
{"time":"2026-07-22 17:24:54,970","level":"INFO","node":2,"msg":"[CONFIG DEBUG] attack_simulation loaded: enabled=True target_node=2 type=gradient_norm config_path=config_dev.json"}
{"time":"2026-07-22 17:24:55,013","level":"WARNING","node":2,"msg":"DEV MODE: running without TLS"}
{"time":"2026-07-22 17:24:55,013","level":"INFO","node":2,"msg":"Listening on 127.0.0.1:8002 | TLS=False"}
{"time":"2026-07-22 17:24:56,963","level":"INFO","node":2,"msg":"Consensus pubkey received from node 1"}
{"time":"2026-07-22 17:24:56,964","level":"INFO","node":2,"msg":"Key exchange complete with node 1"}
{"time":"2026-07-22 17:25:00,034","level":"INFO","node":2,"msg":"Sent consensus pubkey to node 0"}
{"time":"2026-07-22 17:25:00,034","level":"INFO","node":2,"msg":"Sent public key to node 0"}
{"time":"2026-07-22 17:25:00,046","level":"INFO","node":2,"msg":"Sent consensus pubkey to node 1"}
{"time":"2026-07-22 17:25:00,050","level":"INFO","node":2,"msg":"Sent public key to node 1"}
{"time":"2026-07-22 17:25:00,056","level":"INFO","node":2,"msg":"Sent consensus pubkey to node 3"}
{"time":"2026-07-22 17:25:00,061","level":"INFO","node":2,"msg":"Sent public key to node 3"}
{"time":"2026-07-22 17:25:01,653","level":"INFO","node":2,"msg":"Consensus pubkey received from node 3"}
{"time":"2026-07-22 17:25:01,659","level":"INFO","node":2,"msg":"Key exchange complete with node 3"}
{"time":"2026-07-22 17:25:07,619","level":"INFO","node":2,"msg":"Key exchange complete with node 0"}
{"time":"2026-07-22 17:25:07,650","level":"INFO","node":2,"msg":"Consensus pubkey received from node 0"}
{"time":"2026-07-22 17:25:14,921","level":"INFO","node":2,"msg":"Proposal received: round=0 origin=0 hash=7a486776f125..."}
{"time":"2026-07-22 17:25:14,937","level":"INFO","node":2,"msg":"Consensus vote recorded: node 0 decision=True reason=zkp_ok round=0 new=True satisfied=False"}
{"time":"2026-07-22 17:25:24,677","level":"INFO","node":2,"msg":"Consensus vote recorded: node 1 decision=True reason=zkp_ok round=0 new=True satisfied=False"}
{"time":"2026-07-22 17:25:31,989","level":"INFO","node":2,"msg":"Received update from node 1, round 0"}
{"time":"2026-07-22 17:25:59,066","level":"INFO","node":2,"msg":"ZKP ACCEPTED from node 1"}
{"time":"2026-07-22 17:25:59,094","level":"INFO","node":2,"msg":"Trust score for node 0: S=0.429 (Z=1.00 A=0.50 P=0.50 R=1.00) advisory only"}
{"time":"2026-07-22 17:25:59,136","level":"INFO","node":2,"msg":"Sent consensus vote to node 0"}
{"time":"2026-07-22 17:25:59,157","level":"INFO","node":2,"msg":"Sent consensus vote to node 1"}
{"time":"2026-07-22 17:25:59,172","level":"INFO","node":2,"msg":"Sent consensus vote to node 3"}
{"time":"2026-07-22 17:26:03,676","level":"WARNING","node":2,"msg":"[ATTACK SIMULATION] gradient_norm active on node 2 — scaled trainable DELTA by 5.0x before DP/ZKP"}
{"time":"2026-07-22 17:26:03,677","level":"INFO","node":2,"msg":"[FC2 DELTA NORM] node 2 round=0 — fc2 delta norm this round: 0.4126"}
{"time":"2026-07-22 17:26:03,693","level":"WARNING","node":2,"msg":"ZKP norm violation (clipping applied): slack=-281733, retry=0"}
{"time":"2026-07-22 17:26:24,205","level":"INFO","node":2,"msg":"Forwarded to http://127.0.0.1:8003"}
{"time":"2026-07-22 17:26:55,013","level":"INFO","node":2,"msg":"Prediction agreement with node 3 round=0: A=0.831"}
{"time":"2026-07-22 17:26:55,013","level":"INFO","node":2,"msg":"Consensus vote recorded: node 3 decision=True reason=zkp_ok round=0 new=True satisfied=True"}
{"time":"2026-07-22 17:27:20,219","level":"INFO","node":2,"msg":"Synced weights from master for round 0"}
{"time":"2026-07-22 17:27:20,241","level":"INFO","node":2,"msg":"Sent commit vote to node 0"}
{"time":"2026-07-22 17:27:42,129","level":"INFO","node":2,"msg":"Proposal received: round=1 origin=1 hash=91e75ce82b08..."}
{"time":"2026-07-22 17:27:42,178","level":"INFO","node":2,"msg":"Consensus vote recorded: node 1 decision=True reason=zkp_ok round=1 new=True satisfied=False"}
{"time":"2026-07-22 17:27:42,211","level":"INFO","node":2,"msg":"Received update from node 1, round 1"}
{"time":"2026-07-22 17:28:13,831","level":"INFO","node":2,"msg":"ZKP ACCEPTED from node 1"}
{"time":"2026-07-22 17:28:13,845","level":"INFO","node":2,"msg":"Trust score for node 1: S=0.429 (Z=1.00 A=0.50 P=0.50 R=1.00) advisory only"}
{"time":"2026-07-22 17:28:13,853","level":"WARNING","node":2,"msg":"Sent consensus vote to node 0 FAILED (hard timeout or exception) — consecutive failure streak 1/3 over 0.0s"}
{"time":"2026-07-22 17:28:13,856","level":"WARNING","node":2,"msg":"Sent consensus vote to node 1 FAILED (hard timeout or exception) — consecutive failure streak 1/3 over 0.0s"}
{"time":"2026-07-22 17:28:13,858","level":"WARNING","node":2,"msg":"Sent consensus vote to node 3 FAILED (hard timeout or exception) — consecutive failure streak 1/3 over 0.0s"}
{"time":"2026-07-22 17:28:13,986","level":"WARNING","node":2,"msg":"[ATTACK SIMULATION] gradient_norm active on node 2 — scaled trainable DELTA by 5.0x before DP/ZKP"}
{"time":"2026-07-22 17:28:13,987","level":"INFO","node":2,"msg":"[FC2 DELTA NORM] node 2 round=1 — fc2 delta norm this round: 0.5084"}
{"time":"2026-07-22 17:28:13,988","level":"INFO","node":2,"msg":"[FC2 DELTA CAP] node 2 round=1 — fc2 delta norm 0.5084 exceeded structural cap 0.5, capped (damage-bound, not detection)"}
{"time":"2026-07-22 17:28:13,989","level":"WARNING","node":2,"msg":"ZKP norm violation (clipping applied): slack=-67728, retry=0"}
{"time":"2026-07-22 17:28:34,120","level":"INFO","node":2,"msg":"Forwarded to http://127.0.0.1:8003"}
{"time":"2026-07-22 17:30:41,958","level":"INFO","node":2,"msg":"Proposal for round=1 origin=1 changed hash after 179.83s — treating as a legitimate round retry, not equivocation."}
{"time":"2026-07-22 17:30:41,959","level":"INFO","node":2,"msg":"Proposal received: round=1 origin=1 hash=09e6eaabf739..."}
{"time":"2026-07-22 17:30:41,994","level":"INFO","node":2,"msg":"Consensus vote recorded: node 1 decision=True reason=zkp_ok round=1 new=True satisfied=False"}
{"time":"2026-07-22 17:30:42,013","level":"INFO","node":2,"msg":"Received update from node 1, round 1"}
{"time":"2026-07-22 17:31:09,268","level":"INFO","node":2,"msg":"ZKP ACCEPTED from node 1"}
{"time":"2026-07-22 17:31:09,284","level":"INFO","node":2,"msg":"Trust score for node 1: S=0.000 (Z=1.00 A=0.00 P=0.50 R=1.00) advisory only"}
{"time":"2026-07-22 17:31:09,293","level":"WARNING","node":2,"msg":"Sent consensus vote to node 0 FAILED (hard timeout or exception) — consecutive failure streak 2/3 over 175.4s"}
{"time":"2026-07-22 17:31:09,297","level":"WARNING","node":2,"msg":"Sent consensus vote to node 1 FAILED (hard timeout or exception) — consecutive failure streak 2/3 over 175.4s"}
{"time":"2026-07-22 17:31:09,300","level":"WARNING","node":2,"msg":"Sent consensus vote to node 3 FAILED (hard timeout or exception) — consecutive failure streak 2/3 over 175.4s"}
{"time":"2026-07-22 17:31:09,413","level":"WARNING","node":2,"msg":"[ATTACK SIMULATION] gradient_norm active on node 2 — scaled trainable DELTA by 5.0x before DP/ZKP"}
{"time":"2026-07-22 17:31:09,414","level":"INFO","node":2,"msg":"[FC2 DELTA NORM] node 2 round=1 — fc2 delta norm this round: 0.5192"}
{"time":"2026-07-22 17:31:09,414","level":"INFO","node":2,"msg":"[FC2 DELTA CAP] node 2 round=1 — fc2 delta norm 0.5192 exceeded structural cap 0.5, capped (damage-bound, not detection)"}
{"time":"2026-07-22 17:31:09,415","level":"WARNING","node":2,"msg":"ZKP norm violation (clipping applied): slack=-50892, retry=0"}
{"time":"2026-07-22 17:31:30,435","level":"INFO","node":2,"msg":"Forwarded to http://127.0.0.1:8003"}
{"time":"2026-07-22 17:33:21,150","level":"INFO","node":2,"msg":"Proposal for round=1 origin=1 changed hash after 159.18s — treating as a legitimate round retry, not equivocation."}
{"time":"2026-07-22 17:33:21,152","level":"INFO","node":2,"msg":"Proposal received: round=1 origin=1 hash=041f32ca98ca..."}
{"time":"2026-07-22 17:33:21,195","level":"INFO","node":2,"msg":"Consensus vote recorded: node 1 decision=True reason=zkp_ok round=1 new=True satisfied=False"}
{"time":"2026-07-22 17:33:21,229","level":"INFO","node":2,"msg":"Received update from node 1, round 1"}
{"time":"2026-07-22 17:33:54,303","level":"INFO","node":2,"msg":"ZKP ACCEPTED from node 1"}
{"time":"2026-07-22 17:33:54,305","level":"INFO","node":2,"msg":"fc_in col7 delta self-cosine for node 1: -0.2692 (delta_norm=0.2520)"}
{"time":"2026-07-22 17:33:54,319","level":"INFO","node":2,"msg":"Trust score for node 1: S=0.000 (Z=1.00 A=0.00 P=0.50 R=1.00) advisory only"}
{"time":"2026-07-22 17:33:54,346","level":"INFO","node":2,"msg":"Sent consensus vote to node 0"}
{"time":"2026-07-22 17:33:54,373","level":"INFO","node":2,"msg":"Sent consensus vote to node 1"}
{"time":"2026-07-22 17:33:54,396","level":"INFO","node":2,"msg":"Sent consensus vote to node 3"}
{"time":"2026-07-22 17:33:54,519","level":"WARNING","node":2,"msg":"[ATTACK SIMULATION] gradient_norm active on node 2 — scaled trainable DELTA by 5.0x before DP/ZKP"}
{"time":"2026-07-22 17:33:54,520","level":"INFO","node":2,"msg":"[FC2 DELTA NORM] node 2 round=1 — fc2 delta norm this round: 0.5006"}
{"time":"2026-07-22 17:33:54,521","level":"INFO","node":2,"msg":"[FC2 DELTA CAP] node 2 round=1 — fc2 delta norm 0.5006 exceeded structural cap 0.5, capped (damage-bound, not detection)"}
{"time":"2026-07-22 17:33:54,521","level":"WARNING","node":2,"msg":"ZKP norm violation (clipping applied): slack=-99518, retry=0"}
{"time":"2026-07-22 17:34:15,748","level":"INFO","node":2,"msg":"Forwarded to http://127.0.0.1:8003"}
{"time":"2026-07-22 17:34:48,361","level":"INFO","node":2,"msg":"Prediction agreement with node 3 round=1: A=0.912"}
{"time":"2026-07-22 17:34:48,361","level":"INFO","node":2,"msg":"Consensus vote recorded: node 3 decision=True reason=zkp_ok round=1 new=True satisfied=True"}
{"time":"2026-07-22 17:35:10,713","level":"ERROR","node":2,"msg":"Node 1 EXCLUDED from proposing and quorum. Quorum requirement adjusted to 3 of 3 remaining trusted nodes."}
{"time":"2026-07-22 17:35:10,785","level":"ERROR","node":2,"msg":"Node 3 EXCLUDED from proposing and quorum. Quorum requirement adjusted to 2 of 2 remaining trusted nodes."}
{"time":"2026-07-23 01:38:55,891","level":"INFO","node":2,"msg":"Starting node 2: Rural Health Centre"}
{"time":"2026-07-23 01:38:55,891","level":"INFO","node":2,"msg":"[CONFIG DEBUG] attack_simulation loaded: enabled=True target_node=2 type=gradient_norm config_path=config_dev.json"}
{"time":"2026-07-23 01:38:56,223","level":"WARNING","node":2,"msg":"DEV MODE: running without TLS"}
{"time":"2026-07-23 01:38:56,223","level":"INFO","node":2,"msg":"Listening on 127.0.0.1:8002 | TLS=False"}
{"time":"2026-07-23 01:39:01,244","level":"INFO","node":2,"msg":"Key exchange complete with node 1"}
{"time":"2026-07-23 01:39:01,250","level":"INFO","node":2,"msg":"Consensus pubkey received from node 1"}
{"time":"2026-07-23 01:39:01,258","level":"INFO","node":2,"msg":"Sent public key to node 0"}
{"time":"2026-07-23 01:39:01,259","level":"INFO","node":2,"msg":"Sent consensus pubkey to node 0"}
{"time":"2026-07-23 01:39:01,265","level":"INFO","node":2,"msg":"Key exchange complete with node 3"}
{"time":"2026-07-23 01:39:01,271","level":"INFO","node":2,"msg":"Consensus pubkey received from node 3"}
{"time":"2026-07-23 01:39:01,282","level":"INFO","node":2,"msg":"Sent public key to node 1"}
{"time":"2026-07-23 01:39:01,285","level":"INFO","node":2,"msg":"Sent consensus pubkey to node 1"}
{"time":"2026-07-23 01:39:01,293","level":"INFO","node":2,"msg":"Sent public key to node 3"}
{"time":"2026-07-23 01:39:01,306","level":"INFO","node":2,"msg":"Sent consensus pubkey to node 3"}
{"time":"2026-07-23 01:39:12,934","level":"INFO","node":2,"msg":"Key exchange complete with node 0"}
{"time":"2026-07-23 01:39:12,967","level":"INFO","node":2,"msg":"Consensus pubkey received from node 0"}
{"time":"2026-07-23 01:39:21,074","level":"INFO","node":2,"msg":"Proposal received: round=0 origin=0 hash=e7feeb38cc58..."}
{"time":"2026-07-23 01:39:21,118","level":"INFO","node":2,"msg":"Consensus vote recorded: node 0 decision=True reason=zkp_ok round=0 new=True satisfied=False"}
{"time":"2026-07-23 01:39:30,812","level":"INFO","node":2,"msg":"Consensus vote recorded: node 1 decision=True reason=zkp_ok round=0 new=True satisfied=False"}
{"time":"2026-07-23 01:39:38,199","level":"INFO","node":2,"msg":"Received update from node 1, round 0"}
{"time":"2026-07-23 01:39:47,970","level":"INFO","node":2,"msg":"ZKP ACCEPTED from node 1"}
{"time":"2026-07-23 01:39:47,982","level":"INFO","node":2,"msg":"Trust score for node 0: S=0.429 (Z=1.00 A=0.50 P=0.50 R=1.00) advisory only"}
{"time":"2026-07-23 01:39:47,997","level":"INFO","node":2,"msg":"Sent consensus vote to node 1"}
{"time":"2026-07-23 01:39:47,997","level":"INFO","node":2,"msg":"Sent consensus vote to node 3"}
{"time":"2026-07-23 01:39:47,997","level":"INFO","node":2,"msg":"Sent consensus vote to node 0"}
{"time":"2026-07-23 01:39:49,101","level":"WARNING","node":2,"msg":"[ATTACK SIMULATION] gradient_norm active on node 2 — scaled trainable DELTA by 5.0x before DP/ZKP"}
{"time":"2026-07-23 01:39:49,101","level":"INFO","node":2,"msg":"[FC2 DELTA NORM] node 2 round=0 — fc2 delta norm this round: 0.5347"}
{"time":"2026-07-23 01:39:49,101","level":"INFO","node":2,"msg":"[FC2 DELTA CAP] node 2 round=0 — fc2 delta norm 0.5347 exceeded structural cap 0.5, capped (damage-bound, not detection)"}
{"time":"2026-07-23 01:39:55,067","level":"INFO","node":2,"msg":"Forwarded to http://127.0.0.1:8003"}
{"time":"2026-07-23 01:40:04,708","level":"INFO","node":2,"msg":"Prediction agreement with node 3 round=0: A=0.529"}
{"time":"2026-07-23 01:40:04,708","level":"INFO","node":2,"msg":"Consensus vote recorded: node 3 decision=True reason=zkp_ok round=0 new=True satisfied=True"}
{"time":"2026-07-23 01:40:12,001","level":"INFO","node":2,"msg":"Synced weights from master for round 0"}
{"time":"2026-07-23 01:40:12,025","level":"INFO","node":2,"msg":"Sent commit vote to node 0"}
{"time":"2026-07-23 01:40:18,311","level":"INFO","node":2,"msg":"Proposal received: round=1 origin=1 hash=2c2ad9ccfc32..."}
{"time":"2026-07-23 01:40:18,336","level":"INFO","node":2,"msg":"Consensus vote recorded: node 1 decision=True reason=zkp_ok round=1 new=True satisfied=False"}
{"time":"2026-07-23 01:40:18,340","level":"INFO","node":2,"msg":"Received update from node 1, round 1"}
{"time":"2026-07-23 01:40:28,105","level":"INFO","node":2,"msg":"ZKP ACCEPTED from node 1"}
{"time":"2026-07-23 01:40:28,121","level":"INFO","node":2,"msg":"Trust score for node 1: S=0.429 (Z=1.00 A=0.50 P=0.50 R=1.00) advisory only"}
{"time":"2026-07-23 01:40:28,125","level":"WARNING","node":2,"msg":"Sent consensus vote to node 0 FAILED (hard timeout or exception) — consecutive failure streak 1/3 over 0.0s"}
{"time":"2026-07-23 01:40:28,127","level":"WARNING","node":2,"msg":"Sent consensus vote to node 1 FAILED (hard timeout or exception) — consecutive failure streak 1/3 over 0.0s"}
{"time":"2026-07-23 01:40:28,128","level":"WARNING","node":2,"msg":"Sent consensus vote to node 3 FAILED (hard timeout or exception) — consecutive failure streak 1/3 over 0.0s"}
{"time":"2026-07-23 01:40:28,155","level":"WARNING","node":2,"msg":"[ATTACK SIMULATION] gradient_norm active on node 2 — scaled trainable DELTA by 5.0x before DP/ZKP"}
{"time":"2026-07-23 01:40:28,155","level":"INFO","node":2,"msg":"[FC2 DELTA NORM] node 2 round=1 — fc2 delta norm this round: 0.5255"}
{"time":"2026-07-23 01:40:28,156","level":"INFO","node":2,"msg":"[FC2 DELTA CAP] node 2 round=1 — fc2 delta norm 0.5255 exceeded structural cap 0.5, capped (damage-bound, not detection)"}
{"time":"2026-07-23 01:40:28,156","level":"WARNING","node":2,"msg":"ZKP norm violation (clipping applied): slack=-150215, retry=0"}
{"time":"2026-07-23 01:40:34,144","level":"INFO","node":2,"msg":"Forwarded to http://127.0.0.1:8003"}
{"time":"2026-07-23 01:41:12,440","level":"INFO","node":2,"msg":"Proposal for round=1 origin=1 changed hash after 54.16s — treating as a legitimate round retry, not equivocation."}
{"time":"2026-07-23 01:41:12,441","level":"INFO","node":2,"msg":"Proposal received: round=1 origin=1 hash=72cd3fb92b11..."}
{"time":"2026-07-23 01:41:12,462","level":"INFO","node":2,"msg":"Consensus vote recorded: node 1 decision=True reason=zkp_ok round=1 new=True satisfied=False"}
{"time":"2026-07-23 01:41:12,465","level":"INFO","node":2,"msg":"Received update from node 1, round 1"}
{"time":"2026-07-23 01:41:22,154","level":"INFO","node":2,"msg":"ZKP ACCEPTED from node 1"}
{"time":"2026-07-23 01:41:22,160","level":"INFO","node":2,"msg":"Trust score for node 1: S=0.000 (Z=1.00 A=0.00 P=0.50 R=1.00) advisory only"}
{"time":"2026-07-23 01:41:22,164","level":"WARNING","node":2,"msg":"Sent consensus vote to node 0 FAILED (hard timeout or exception) — consecutive failure streak 2/3 over 54.0s"}
{"time":"2026-07-23 01:41:22,164","level":"WARNING","node":2,"msg":"Sent consensus vote to node 1 FAILED (hard timeout or exception) — consecutive failure streak 2/3 over 54.0s"}
{"time":"2026-07-23 01:41:22,166","level":"WARNING","node":2,"msg":"Sent consensus vote to node 3 FAILED (hard timeout or exception) — consecutive failure streak 2/3 over 54.0s"}
{"time":"2026-07-23 01:41:22,192","level":"WARNING","node":2,"msg":"[ATTACK SIMULATION] gradient_norm active on node 2 — scaled trainable DELTA by 5.0x before DP/ZKP"}
{"time":"2026-07-23 01:41:22,193","level":"INFO","node":2,"msg":"[FC2 DELTA NORM] node 2 round=1 — fc2 delta norm this round: 0.5127"}
{"time":"2026-07-23 01:41:22,193","level":"INFO","node":2,"msg":"[FC2 DELTA CAP] node 2 round=1 — fc2 delta norm 0.5127 exceeded structural cap 0.5, capped (damage-bound, not detection)"}
{"time":"2026-07-23 01:41:22,193","level":"WARNING","node":2,"msg":"ZKP norm violation (clipping applied): slack=-56450, retry=0"}
{"time":"2026-07-23 01:41:28,181","level":"INFO","node":2,"msg":"Forwarded to http://127.0.0.1:8003"}
{"time":"2026-07-23 01:42:06,450","level":"INFO","node":2,"msg":"Proposal for round=1 origin=1 changed hash after 54.01s — treating as a legitimate round retry, not equivocation."}
{"time":"2026-07-23 01:42:06,450","level":"INFO","node":2,"msg":"Proposal received: round=1 origin=1 hash=97b3955a2589..."}
{"time":"2026-07-23 01:42:06,481","level":"INFO","node":2,"msg":"Consensus vote recorded: node 1 decision=True reason=zkp_ok round=1 new=True satisfied=False"}
{"time":"2026-07-23 01:42:06,487","level":"INFO","node":2,"msg":"Received update from node 1, round 1"}
{"time":"2026-07-23 01:42:16,198","level":"INFO","node":2,"msg":"ZKP ACCEPTED from node 1"}
{"time":"2026-07-23 01:42:16,198","level":"INFO","node":2,"msg":"fc_in col7 delta self-cosine for node 1: -0.2075 (delta_norm=0.1854)"}
{"time":"2026-07-23 01:42:16,204","level":"INFO","node":2,"msg":"Trust score for node 1: S=0.000 (Z=1.00 A=0.00 P=0.50 R=1.00) advisory only"}
{"time":"2026-07-23 01:42:16,229","level":"INFO","node":2,"msg":"Sent consensus vote to node 0"}
{"time":"2026-07-23 01:42:16,233","level":"INFO","node":2,"msg":"Sent consensus vote to node 1"}
{"time":"2026-07-23 01:42:16,249","level":"INFO","node":2,"msg":"Sent consensus vote to node 3"}
{"time":"2026-07-23 01:42:16,298","level":"WARNING","node":2,"msg":"[ATTACK SIMULATION] gradient_norm active on node 2 — scaled trainable DELTA by 5.0x before DP/ZKP"}
{"time":"2026-07-23 01:42:16,300","level":"INFO","node":2,"msg":"[FC2 DELTA NORM] node 2 round=1 — fc2 delta norm this round: 0.5053"}
{"time":"2026-07-23 01:42:16,300","level":"INFO","node":2,"msg":"[FC2 DELTA CAP] node 2 round=1 — fc2 delta norm 0.5053 exceeded structural cap 0.5, capped (damage-bound, not detection)"}
{"time":"2026-07-23 01:42:22,329","level":"INFO","node":2,"msg":"Forwarded to http://127.0.0.1:8003"}
{"time":"2026-07-23 01:42:32,175","level":"INFO","node":2,"msg":"Prediction agreement with node 3 round=1: A=0.873"}
{"time":"2026-07-23 01:42:32,175","level":"INFO","node":2,"msg":"Consensus vote recorded: node 3 decision=True reason=zkp_ok round=1 new=True satisfied=True"}
{"time":"2026-07-23 01:42:48,043","level":"ERROR","node":2,"msg":"Node 1 EXCLUDED from proposing and quorum. Quorum requirement adjusted to 3 of 3 remaining trusted nodes."}
{"time":"2026-07-23 01:42:48,052","level":"ERROR","node":2,"msg":"Node 3 EXCLUDED from proposing and quorum. Quorum requirement adjusted to 2 of 2 remaining trusted nodes."}
{"time":"2026-07-23 16:54:03,593","level":"INFO","node":2,"msg":"Starting node 2: Rural Health Centre"}
{"time":"2026-07-23 16:54:03,593","level":"INFO","node":2,"msg":"[CONFIG DEBUG] attack_simulation loaded: enabled=True target_node=2 type=gradient_norm config_path=config_dev.json"}
{"time":"2026-07-23 16:54:03,670","level":"WARNING","node":2,"msg":"DEV MODE: running without TLS"}
{"time":"2026-07-23 16:54:03,670","level":"INFO","node":2,"msg":"Listening on 127.0.0.1:8002 | TLS=False"}
{"time":"2026-07-23 16:54:08,137","level":"INFO","node":2,"msg":"Consensus pubkey received from node 1"}
{"time":"2026-07-23 16:54:08,166","level":"INFO","node":2,"msg":"Key exchange complete with node 1"}
{"time":"2026-07-23 16:54:08,706","level":"INFO","node":2,"msg":"Sent consensus pubkey to node 0"}
{"time":"2026-07-23 16:54:08,706","level":"INFO","node":2,"msg":"Sent public key to node 0"}
{"time":"2026-07-23 16:54:08,765","level":"INFO","node":2,"msg":"Sent public key to node 1"}
{"time":"2026-07-23 16:54:08,765","level":"INFO","node":2,"msg":"Sent consensus pubkey to node 1"}
{"time":"2026-07-23 16:54:08,810","level":"INFO","node":2,"msg":"Sent public key to node 3"}
{"time":"2026-07-23 16:54:08,817","level":"INFO","node":2,"msg":"Sent consensus pubkey to node 3"}
{"time":"2026-07-23 16:54:10,360","level":"INFO","node":2,"msg":"Key exchange complete with node 3"}
{"time":"2026-07-23 16:54:10,374","level":"INFO","node":2,"msg":"Consensus pubkey received from node 3"}
{"time":"2026-07-23 16:54:19,518","level":"INFO","node":2,"msg":"Key exchange complete with node 0"}
{"time":"2026-07-23 16:54:19,569","level":"INFO","node":2,"msg":"Consensus pubkey received from node 0"}
{"time":"2026-07-23 16:55:10,985","level":"INFO","node":2,"msg":"Proposal received: round=0 origin=0 hash=12d8c2ebc91a..."}
{"time":"2026-07-23 16:55:11,166","level":"INFO","node":2,"msg":"Consensus vote recorded: node 0 decision=True reason=zkp_ok round=0 new=True satisfied=False"}
{"time":"2026-07-23 16:56:10,325","level":"INFO","node":2,"msg":"Consensus vote recorded: node 1 decision=True reason=zkp_ok round=0 new=True satisfied=False"}
{"time":"2026-07-23 16:56:57,970","level":"INFO","node":2,"msg":"Received update from node 1, round 0"}
{"time":"2026-07-23 16:58:04,999","level":"INFO","node":2,"msg":"Starting node 2: Rural Health Centre"}
{"time":"2026-07-23 16:58:04,999","level":"INFO","node":2,"msg":"[CONFIG DEBUG] attack_simulation loaded: enabled=True target_node=2 type=gradient_norm config_path=config_dev.json"}
{"time":"2026-07-23 16:58:05,055","level":"WARNING","node":2,"msg":"DEV MODE: running without TLS"}
{"time":"2026-07-23 16:58:05,055","level":"INFO","node":2,"msg":"Listening on 127.0.0.1:8002 | TLS=False"}
{"time":"2026-07-23 16:58:08,502","level":"INFO","node":2,"msg":"Consensus pubkey received from node 1"}
{"time":"2026-07-23 16:58:08,502","level":"INFO","node":2,"msg":"Key exchange complete with node 1"}
{"time":"2026-07-23 16:58:10,069","level":"INFO","node":2,"msg":"Sent public key to node 0"}
{"time":"2026-07-23 16:58:10,076","level":"INFO","node":2,"msg":"Sent public key to node 1"}
{"time":"2026-07-23 16:58:10,090","level":"INFO","node":2,"msg":"Sent consensus pubkey to node 0"}
{"time":"2026-07-23 16:58:10,101","level":"INFO","node":2,"msg":"Sent consensus pubkey to node 1"}
{"time":"2026-07-23 16:58:10,101","level":"INFO","node":2,"msg":"Sent public key to node 3"}
{"time":"2026-07-23 16:58:10,109","level":"INFO","node":2,"msg":"Sent consensus pubkey to node 3"}
{"time":"2026-07-23 16:58:11,247","level":"INFO","node":2,"msg":"Key exchange complete with node 3"}
{"time":"2026-07-23 16:58:11,272","level":"INFO","node":2,"msg":"Consensus pubkey received from node 3"}
{"time":"2026-07-23 16:58:17,358","level":"INFO","node":2,"msg":"Key exchange complete with node 0"}
{"time":"2026-07-23 16:58:17,395","level":"INFO","node":2,"msg":"Consensus pubkey received from node 0"}
{"time":"2026-07-23 16:58:29,653","level":"INFO","node":2,"msg":"Proposal received: round=0 origin=0 hash=48144036c007..."}
{"time":"2026-07-23 16:58:29,710","level":"INFO","node":2,"msg":"Consensus vote recorded: node 0 decision=True reason=zkp_ok round=0 new=True satisfied=False"}
{"time":"2026-07-23 16:58:45,094","level":"INFO","node":2,"msg":"Consensus vote recorded: node 1 decision=True reason=zkp_ok round=0 new=True satisfied=False"}
{"time":"2026-07-23 16:58:57,267","level":"INFO","node":2,"msg":"Received update from node 1, round 0"}
{"time":"2026-07-23 16:59:12,669","level":"INFO","node":2,"msg":"ZKP ACCEPTED from node 1"}
{"time":"2026-07-23 16:59:12,721","level":"INFO","node":2,"msg":"Trust score for node 0: S=0.429 (Z=1.00 A=0.50 P=0.50 R=1.00) advisory only"}
{"time":"2026-07-23 16:59:12,738","level":"INFO","node":2,"msg":"Sent consensus vote to node 0"}
{"time":"2026-07-23 16:59:12,741","level":"INFO","node":2,"msg":"Sent consensus vote to node 3"}
{"time":"2026-07-23 16:59:12,759","level":"INFO","node":2,"msg":"Sent consensus vote to node 1"}
{"time":"2026-07-23 16:59:14,803","level":"WARNING","node":2,"msg":"[ATTACK SIMULATION] gradient_norm active on node 2 — scaled trainable DELTA by 5.0x before DP/ZKP"}
{"time":"2026-07-23 16:59:14,805","level":"INFO","node":2,"msg":"[FC2 DELTA NORM] node 2 round=0 — fc2 delta norm this round: 0.2650"}
{"time":"2026-07-23 16:59:14,809","level":"WARNING","node":2,"msg":"ZKP norm violation (clipping applied): slack=-31337, retry=0"}
{"time":"2026-07-23 16:59:24,193","level":"INFO","node":2,"msg":"Forwarded to http://127.0.0.1:8003"}
{"time":"2026-07-23 16:59:39,313","level":"INFO","node":2,"msg":"Prediction agreement with node 3 round=0: A=0.584"}
{"time":"2026-07-23 16:59:39,316","level":"INFO","node":2,"msg":"Consensus vote recorded: node 3 decision=True reason=zkp_ok round=0 new=True satisfied=True"}
{"time":"2026-07-23 16:59:51,345","level":"INFO","node":2,"msg":"Synced weights from master for round 0"}
{"time":"2026-07-23 16:59:51,388","level":"INFO","node":2,"msg":"Sent commit vote to node 0"}
{"time":"2026-07-23 17:00:01,714","level":"INFO","node":2,"msg":"Proposal received: round=1 origin=1 hash=18e61a3c3bce..."}
{"time":"2026-07-23 17:00:01,740","level":"INFO","node":2,"msg":"Consensus vote recorded: node 1 decision=True reason=zkp_ok round=1 new=True satisfied=False"}
{"time":"2026-07-23 17:00:01,753","level":"INFO","node":2,"msg":"Received update from node 1, round 1"}
{"time":"2026-07-23 17:00:17,322","level":"INFO","node":2,"msg":"ZKP ACCEPTED from node 1"}
{"time":"2026-07-23 17:00:17,322","level":"INFO","node":2,"msg":"Trust score for node 1: S=0.429 (Z=1.00 A=0.50 P=0.50 R=1.00) advisory only"}
{"time":"2026-07-23 17:00:17,338","level":"WARNING","node":2,"msg":"Sent consensus vote to node 0 FAILED (hard timeout or exception) — consecutive failure streak 1/3 over 0.0s"}
{"time":"2026-07-23 17:00:17,340","level":"WARNING","node":2,"msg":"Sent consensus vote to node 1 FAILED (hard timeout or exception) — consecutive failure streak 1/3 over 0.0s"}
{"time":"2026-07-23 17:00:17,340","level":"WARNING","node":2,"msg":"Sent consensus vote to node 3 FAILED (hard timeout or exception) — consecutive failure streak 1/3 over 0.0s"}
{"time":"2026-07-23 17:00:17,392","level":"WARNING","node":2,"msg":"[ATTACK SIMULATION] gradient_norm active on node 2 — scaled trainable DELTA by 5.0x before DP/ZKP"}
{"time":"2026-07-23 17:00:17,394","level":"INFO","node":2,"msg":"[FC2 DELTA NORM] node 2 round=1 — fc2 delta norm this round: 0.5224"}
{"time":"2026-07-23 17:00:17,394","level":"INFO","node":2,"msg":"[FC2 DELTA CAP] node 2 round=1 — fc2 delta norm 0.5224 exceeded structural cap 0.5, capped (damage-bound, not detection)"}
{"time":"2026-07-23 17:00:17,394","level":"WARNING","node":2,"msg":"ZKP norm violation (clipping applied): slack=-409548, retry=0"}
{"time":"2026-07-23 17:00:26,941","level":"INFO","node":2,"msg":"Forwarded to http://127.0.0.1:8003"}
{"time":"2026-07-23 17:01:28,757","level":"INFO","node":2,"msg":"Proposal for round=1 origin=1 changed hash after 87.04s — treating as a legitimate round retry, not equivocation."}
{"time":"2026-07-23 17:01:28,757","level":"INFO","node":2,"msg":"Proposal received: round=1 origin=1 hash=095e23587cf6..."}
{"time":"2026-07-23 17:01:28,793","level":"INFO","node":2,"msg":"Consensus vote recorded: node 1 decision=True reason=zkp_ok round=1 new=True satisfied=False"}
{"time":"2026-07-23 17:01:28,805","level":"INFO","node":2,"msg":"Received update from node 1, round 1"}
{"time":"2026-07-23 17:01:44,245","level":"INFO","node":2,"msg":"ZKP ACCEPTED from node 1"}
{"time":"2026-07-23 17:01:44,261","level":"INFO","node":2,"msg":"Trust score for node 1: S=0.000 (Z=1.00 A=0.00 P=0.50 R=1.00) advisory only"}
{"time":"2026-07-23 17:01:44,264","level":"WARNING","node":2,"msg":"Sent consensus vote to node 0 FAILED (hard timeout or exception) — consecutive failure streak 2/3 over 86.9s"}
{"time":"2026-07-23 17:01:44,264","level":"WARNING","node":2,"msg":"Sent consensus vote to node 1 FAILED (hard timeout or exception) — consecutive failure streak 2/3 over 86.9s"}
{"time":"2026-07-23 17:01:44,264","level":"WARNING","node":2,"msg":"Sent consensus vote to node 3 FAILED (hard timeout or exception) — consecutive failure streak 2/3 over 86.9s"}
{"time":"2026-07-23 17:01:44,302","level":"WARNING","node":2,"msg":"[ATTACK SIMULATION] gradient_norm active on node 2 — scaled trainable DELTA by 5.0x before DP/ZKP"}
{"time":"2026-07-23 17:01:44,302","level":"INFO","node":2,"msg":"[FC2 DELTA NORM] node 2 round=1 — fc2 delta norm this round: 0.5047"}
{"time":"2026-07-23 17:01:44,302","level":"INFO","node":2,"msg":"[FC2 DELTA CAP] node 2 round=1 — fc2 delta norm 0.5047 exceeded structural cap 0.5, capped (damage-bound, not detection)"}
{"time":"2026-07-23 17:01:53,839","level":"INFO","node":2,"msg":"Forwarded to http://127.0.0.1:8003"}
{"time":"2026-07-23 17:02:55,105","level":"INFO","node":2,"msg":"Proposal for round=1 origin=1 changed hash after 86.35s — treating as a legitimate round retry, not equivocation."}
{"time":"2026-07-23 17:02:55,105","level":"INFO","node":2,"msg":"Proposal received: round=1 origin=1 hash=83bc929f059d..."}
{"time":"2026-07-23 17:02:55,148","level":"INFO","node":2,"msg":"Consensus vote recorded: node 1 decision=True reason=zkp_ok round=1 new=True satisfied=False"}
{"time":"2026-07-23 17:02:55,164","level":"INFO","node":2,"msg":"Received update from node 1, round 1"}
{"time":"2026-07-23 17:03:10,743","level":"INFO","node":2,"msg":"ZKP ACCEPTED from node 1"}
{"time":"2026-07-23 17:03:10,743","level":"INFO","node":2,"msg":"fc_in col7 delta self-cosine for node 1: -0.2952 (delta_norm=0.1899)"}
{"time":"2026-07-23 17:03:10,751","level":"INFO","node":2,"msg":"Trust score for node 1: S=0.000 (Z=1.00 A=0.00 P=0.50 R=1.00) advisory only"}
{"time":"2026-07-23 17:03:10,782","level":"INFO","node":2,"msg":"Sent consensus vote to node 3"}
{"time":"2026-07-23 17:03:10,782","level":"INFO","node":2,"msg":"Sent consensus vote to node 0"}
{"time":"2026-07-23 17:03:10,782","level":"INFO","node":2,"msg":"Sent consensus vote to node 1"}
{"time":"2026-07-23 17:03:10,829","level":"WARNING","node":2,"msg":"[ATTACK SIMULATION] gradient_norm active on node 2 — scaled trainable DELTA by 5.0x before DP/ZKP"}
{"time":"2026-07-23 17:03:10,829","level":"INFO","node":2,"msg":"[FC2 DELTA NORM] node 2 round=1 — fc2 delta norm this round: 0.5010"}
{"time":"2026-07-23 17:03:10,829","level":"INFO","node":2,"msg":"[FC2 DELTA CAP] node 2 round=1 — fc2 delta norm 0.5010 exceeded structural cap 0.5, capped (damage-bound, not detection)"}
{"time":"2026-07-23 17:03:10,830","level":"WARNING","node":2,"msg":"ZKP norm violation (clipping applied): slack=-365446, retry=0"}
{"time":"2026-07-23 17:03:20,361","level":"INFO","node":2,"msg":"Forwarded to http://127.0.0.1:8003"}
{"time":"2026-07-23 17:03:35,881","level":"INFO","node":2,"msg":"Prediction agreement with node 3 round=1: A=0.882"}
{"time":"2026-07-23 17:03:35,881","level":"INFO","node":2,"msg":"Consensus vote recorded: node 3 decision=True reason=zkp_ok round=1 new=True satisfied=True"}
{"time":"2026-07-23 17:04:01,003","level":"ERROR","node":2,"msg":"Node 1 EXCLUDED from proposing and quorum. Quorum requirement adjusted to 3 of 3 remaining trusted nodes."}
{"time":"2026-07-23 17:04:01,021","level":"ERROR","node":2,"msg":"Node 3 EXCLUDED from proposing and quorum. Quorum requirement adjusted to 2 of 2 remaining trusted nodes."}
{"time":"2026-07-23 17:14:46,598","level":"ERROR","node":2,"msg":"Node 0 EXCLUDED from proposing and quorum. Quorum requirement adjusted to 1 of 1 remaining trusted nodes."}
{"time":"2026-07-23 17:14:59,881","level":"INFO","node":2,"msg":"Received update from node 1, round 2"}
{"time":"2026-07-23 17:15:15,256","level":"INFO","node":2,"msg":"ZKP ACCEPTED from node 1"}
{"time":"2026-07-23 17:15:16,512","level":"WARNING","node":2,"msg":"No stored proposal for round=2 origin=1 — voting using fallback hash, may not match other peers"}
{"time":"2026-07-23 17:15:16,518","level":"INFO","node":2,"msg":"fc_in col7 delta self-cosine for node 1: -0.0987 (delta_norm=0.4426)"}
{"time":"2026-07-23 17:15:16,525","level":"INFO","node":2,"msg":"Per-class agreement with node 1: class0=0.701 class1=0.807 gap=0.106"}
{"time":"2026-07-23 17:15:16,525","level":"INFO","node":2,"msg":"Per-class rolling gap for node 1: mean=0.106 over last 1 round(s)"}
{"time":"2026-07-23 17:15:16,525","level":"INFO","node":2,"msg":"Trust score for node 1: S=0.630 (Z=1.00 A=0.73 P=0.50 R=1.00) advisory only"}
{"time":"2026-07-23 17:15:16,577","level":"WARNING","node":2,"msg":"[ATTACK SIMULATION] gradient_norm active on node 2 — scaled trainable DELTA by 5.0x before DP/ZKP"}
{"time":"2026-07-23 17:15:16,577","level":"INFO","node":2,"msg":"[FC2 DELTA NORM] node 2 round=2 — fc2 delta norm this round: 0.4249"}
{"time":"2026-07-23 17:15:16,577","level":"WARNING","node":2,"msg":"ZKP norm violation (clipping applied): slack=-58598, retry=0"}
{"time":"2026-07-23 17:15:23,223","level":"INFO","node":2,"msg":"Received update from node 1, round 18"}
{"time":"2026-07-23 17:15:29,279","level":"INFO","node":2,"msg":"Forwarded to http://127.0.0.1:8003"}
{"time":"2026-07-23 17:15:41,456","level":"INFO","node":2,"msg":"ZKP ACCEPTED from node 1"}
{"time":"2026-07-23 17:15:42,704","level":"WARNING","node":2,"msg":"No stored proposal for round=18 origin=0 — voting using fallback hash, may not match other peers"}
{"time":"2026-07-23 17:15:42,704","level":"INFO","node":2,"msg":"Per-class agreement with node 0: class0=0.847 class1=0.782 gap=0.066"}
{"time":"2026-07-23 17:15:42,712","level":"INFO","node":2,"msg":"Per-class rolling gap for node 0: mean=0.066 over last 1 round(s)"}
{"time":"2026-07-23 17:15:42,712","level":"INFO","node":2,"msg":"Trust score for node 0: S=0.708 (Z=1.00 A=0.83 P=0.50 R=1.00) advisory only"}
{"time":"2026-07-23 17:15:42,790","level":"WARNING","node":2,"msg":"[ATTACK SIMULATION] gradient_norm active on node 2 — scaled trainable DELTA by 5.0x before DP/ZKP"}
{"time":"2026-07-23 17:15:42,790","level":"INFO","node":2,"msg":"[FC2 DELTA NORM] node 2 round=18 — fc2 delta norm this round: 0.2623"}
{"time":"2026-07-23 17:15:42,792","level":"WARNING","node":2,"msg":"ZKP norm violation (clipping applied): slack=-9650, retry=0"}
{"time":"2026-07-23 17:15:52,433","level":"INFO","node":2,"msg":"Forwarded to http://127.0.0.1:8003"}
{"time":"2026-07-23 17:16:37,268","level":"INFO","node":2,"msg":"Received update from node 1, round 3"}
{"time":"2026-07-23 17:16:52,665","level":"INFO","node":2,"msg":"ZKP ACCEPTED from node 1"}
{"time":"2026-07-23 17:16:53,903","level":"WARNING","node":2,"msg":"No stored proposal for round=3 origin=1 — voting using fallback hash, may not match other peers"}
{"time":"2026-07-23 17:16:53,903","level":"INFO","node":2,"msg":"fc_in col7 delta self-cosine for node 1: -0.7378 (delta_norm=0.2662)"}
{"time":"2026-07-23 17:16:53,909","level":"INFO","node":2,"msg":"Per-class agreement with node 1: class0=0.977 class1=0.930 gap=0.047"}
{"time":"2026-07-23 17:16:53,909","level":"INFO","node":2,"msg":"Per-class rolling gap for node 1: mean=0.077 over last 2 round(s)"}
{"time":"2026-07-23 17:16:53,909","level":"INFO","node":2,"msg":"Trust score for node 1: S=0.824 (Z=1.00 A=0.96 P=0.50 R=1.00) advisory only"}
{"time":"2026-07-23 17:16:53,969","level":"WARNING","node":2,"msg":"[ATTACK SIMULATION] gradient_norm active on node 2 — scaled trainable DELTA by 5.0x before DP/ZKP"}
{"time":"2026-07-23 17:16:53,969","level":"INFO","node":2,"msg":"[FC2 DELTA NORM] node 2 round=3 — fc2 delta norm this round: 0.2229"}
{"time":"2026-07-23 17:17:03,551","level":"INFO","node":2,"msg":"Forwarded to http://127.0.0.1:8003"}
{"time":"2026-07-23 17:17:03,724","level":"INFO","node":2,"msg":"Received update from node 1, round 19"}
{"time":"2026-07-23 17:17:18,790","level":"INFO","node":2,"msg":"ZKP ACCEPTED from node 1"}
{"time":"2026-07-23 17:17:20,037","level":"WARNING","node":2,"msg":"No stored proposal for round=19 origin=0 — voting using fallback hash, may not match other peers"}
{"time":"2026-07-23 17:17:20,037","level":"INFO","node":2,"msg":"fc_in col7 delta self-cosine for node 0: -0.5965 (delta_norm=0.2787)"}
{"time":"2026-07-23 17:17:20,042","level":"INFO","node":2,"msg":"Per-class agreement with node 0: class0=0.973 class1=0.970 gap=0.003"}
{"time":"2026-07-23 17:17:20,042","level":"INFO","node":2,"msg":"Per-class rolling gap for node 0: mean=0.034 over last 2 round(s)"}
{"time":"2026-07-23 17:17:20,044","level":"INFO","node":2,"msg":"Trust score for node 0: S=0.833 (Z=1.00 A=0.97 P=0.50 R=1.00) advisory only"}
{"time":"2026-07-23 17:17:20,105","level":"WARNING","node":2,"msg":"[ATTACK SIMULATION] gradient_norm active on node 2 — scaled trainable DELTA by 5.0x before DP/ZKP"}
{"time":"2026-07-23 17:17:20,107","level":"INFO","node":2,"msg":"[FC2 DELTA NORM] node 2 round=19 — fc2 delta norm this round: 0.2191"}
{"time":"2026-07-23 17:17:20,107","level":"WARNING","node":2,"msg":"ZKP norm violation (clipping applied): slack=-19703, retry=0"}
{"time":"2026-07-23 17:17:29,728","level":"INFO","node":2,"msg":"Forwarded to http://127.0.0.1:8003"}
{"time":"2026-07-23 17:18:08,203","level":"INFO","node":2,"msg":"Received update from node 1, round 4"}
{"time":"2026-07-23 17:18:24,107","level":"INFO","node":2,"msg":"ZKP ACCEPTED from node 1"}
{"time":"2026-07-23 17:18:25,374","level":"WARNING","node":2,"msg":"No stored proposal for round=4 origin=1 — voting using fallback hash, may not match other peers"}
{"time":"2026-07-23 17:18:25,374","level":"INFO","node":2,"msg":"fc_in col7 delta self-cosine for node 1: 0.2137 (delta_norm=0.2421)"}
{"time":"2026-07-23 17:18:25,382","level":"INFO","node":2,"msg":"Per-class agreement with node 1: class0=0.951 class1=0.957 gap=0.005"}
{"time":"2026-07-23 17:18:25,384","level":"INFO","node":2,"msg":"Per-class rolling gap for node 1: mean=0.053 over last 3 round(s)"}
{"time":"2026-07-23 17:18:25,384","level":"INFO","node":2,"msg":"Trust score for node 1: S=0.817 (Z=1.00 A=0.95 P=0.50 R=1.00) advisory only"}
{"time":"2026-07-23 17:18:25,435","level":"WARNING","node":2,"msg":"[ATTACK SIMULATION] gradient_norm active on node 2 — scaled trainable DELTA by 5.0x before DP/ZKP"}
{"time":"2026-07-23 17:18:25,435","level":"INFO","node":2,"msg":"[FC2 DELTA NORM] node 2 round=4 — fc2 delta norm this round: 0.1109"}
{"time":"2026-07-23 17:18:25,435","level":"WARNING","node":2,"msg":"ZKP norm violation (clipping applied): slack=-58569, retry=0"}
{"time":"2026-07-23 17:18:35,022","level":"INFO","node":2,"msg":"Forwarded to http://127.0.0.1:8003"}
{"time":"2026-07-23 17:19:50,494","level":"INFO","node":2,"msg":"Received update from node 1, round 5"}
{"time":"2026-07-23 17:20:32,870","level":"INFO","node":2,"msg":"ZKP ACCEPTED from node 1"}
{"time":"2026-07-23 17:20:34,018","level":"WARNING","node":2,"msg":"No stored proposal for round=5 origin=1 — voting using fallback hash, may not match other peers"}
{"time":"2026-07-23 17:20:34,018","level":"INFO","node":2,"msg":"fc_in col7 delta self-cosine for node 1: -0.3455 (delta_norm=0.2259)"}
{"time":"2026-07-23 17:20:34,031","level":"INFO","node":2,"msg":"Per-class agreement with node 1: class0=0.977 class1=0.966 gap=0.011"}
{"time":"2026-07-23 17:20:34,031","level":"INFO","node":2,"msg":"Per-class rolling gap for node 1: mean=0.042 over last 4 round(s)"}
{"time":"2026-07-23 17:20:34,031","level":"INFO","node":2,"msg":"Trust score for node 1: S=0.834 (Z=1.00 A=0.97 P=0.50 R=1.00) advisory only"}
{"time":"2026-07-23 17:20:34,088","level":"WARNING","node":2,"msg":"[ATTACK SIMULATION] gradient_norm active on node 2 — scaled trainable DELTA by 5.0x before DP/ZKP"}
{"time":"2026-07-23 17:20:34,088","level":"INFO","node":2,"msg":"[FC2 DELTA NORM] node 2 round=5 — fc2 delta norm this round: 0.1795"}
{"time":"2026-07-23 17:20:34,088","level":"WARNING","node":2,"msg":"ZKP norm violation (clipping applied): slack=-344327, retry=0"}
{"time":"2026-07-23 17:25:56,394","level":"INFO","node":2,"msg":"Starting node 2: Rural Health Centre"}
{"time":"2026-07-23 17:25:56,394","level":"INFO","node":2,"msg":"[CONFIG DEBUG] attack_simulation loaded: enabled=True target_node=2 type=gradient_norm config_path=config_dev.json"}
{"time":"2026-07-23 17:25:57,180","level":"WARNING","node":2,"msg":"DEV MODE: running without TLS"}
{"time":"2026-07-23 17:25:57,180","level":"INFO","node":2,"msg":"Listening on 127.0.0.1:8002 | TLS=False"}
{"time":"2026-07-23 17:25:57,489","level":"INFO","node":2,"msg":"Key exchange complete with node 1"}
{"time":"2026-07-23 17:25:57,553","level":"INFO","node":2,"msg":"Consensus pubkey received from node 1"}
{"time":"2026-07-23 17:26:02,230","level":"INFO","node":2,"msg":"Sent public key to node 0"}
{"time":"2026-07-23 17:26:02,238","level":"INFO","node":2,"msg":"Sent consensus pubkey to node 0"}
{"time":"2026-07-23 17:26:02,259","level":"INFO","node":2,"msg":"Sent public key to node 1"}
{"time":"2026-07-23 17:26:02,272","level":"INFO","node":2,"msg":"Sent consensus pubkey to node 1"}
{"time":"2026-07-23 17:26:04,315","level":"INFO","node":2,"msg":"Sent consensus pubkey to node 3"}
{"time":"2026-07-23 17:26:04,320","level":"INFO","node":2,"msg":"Sent public key to node 3"}
{"time":"2026-07-23 17:26:06,117","level":"INFO","node":2,"msg":"Key exchange complete with node 0"}
{"time":"2026-07-23 17:26:06,155","level":"INFO","node":2,"msg":"Consensus pubkey received from node 0"}
{"time":"2026-07-23 17:26:08,785","level":"INFO","node":2,"msg":"Consensus pubkey received from node 3"}
{"time":"2026-07-23 17:26:08,800","level":"INFO","node":2,"msg":"Key exchange complete with node 3"}
{"time":"2026-07-23 17:26:31,485","level":"INFO","node":2,"msg":"Proposal received: round=0 origin=0 hash=c944eecca71a..."}
{"time":"2026-07-23 17:26:31,512","level":"INFO","node":2,"msg":"Consensus vote recorded: node 0 decision=True reason=zkp_ok round=0 new=True satisfied=False"}
{"time":"2026-07-23 17:27:08,606","level":"INFO","node":2,"msg":"Consensus vote recorded: node 1 decision=True reason=zkp_ok round=0 new=True satisfied=False"}
{"time":"2026-07-23 17:27:53,602","level":"INFO","node":2,"msg":"Received update from node 1, round 0"}
{"time":"2026-07-23 17:28:42,802","level":"INFO","node":2,"msg":"ZKP ACCEPTED from node 1"}
{"time":"2026-07-23 17:28:42,848","level":"INFO","node":2,"msg":"Trust score for node 0: S=0.429 (Z=1.00 A=0.50 P=0.50 R=1.00) advisory only"}
{"time":"2026-07-23 17:28:42,897","level":"INFO","node":2,"msg":"Sent consensus vote to node 0"}
{"time":"2026-07-23 17:28:42,897","level":"INFO","node":2,"msg":"Sent consensus vote to node 1"}
{"time":"2026-07-23 17:28:42,897","level":"INFO","node":2,"msg":"Sent consensus vote to node 3"}
{"time":"2026-07-23 17:28:49,513","level":"WARNING","node":2,"msg":"[ATTACK SIMULATION] gradient_norm active on node 2 — scaled trainable DELTA by 5.0x before DP/ZKP"}
{"time":"2026-07-23 17:28:49,514","level":"INFO","node":2,"msg":"[FC2 DELTA NORM] node 2 round=0 — fc2 delta norm this round: 0.2826"}
{"time":"2026-07-23 17:29:26,806","level":"INFO","node":2,"msg":"Forwarded to http://127.0.0.1:8003"}
{"time":"2026-07-23 17:30:19,738","level":"INFO","node":2,"msg":"Prediction agreement with node 3 round=0: A=0.710"}
{"time":"2026-07-23 17:30:19,738","level":"INFO","node":2,"msg":"Consensus vote recorded: node 3 decision=True reason=zkp_ok round=0 new=True satisfied=True"}
{"time":"2026-07-23 17:31:01,794","level":"INFO","node":2,"msg":"Synced weights from master for round 0"}
{"time":"2026-07-23 17:31:01,834","level":"INFO","node":2,"msg":"Sent commit vote to node 0"}
{"time":"2026-07-23 17:31:38,780","level":"INFO","node":2,"msg":"Proposal received: round=1 origin=1 hash=7a77e0098d68..."}
{"time":"2026-07-23 17:31:38,832","level":"INFO","node":2,"msg":"Consensus vote recorded: node 1 decision=True reason=zkp_ok round=1 new=True satisfied=False"}
{"time":"2026-07-23 17:31:38,860","level":"INFO","node":2,"msg":"Received update from node 1, round 1"}
{"time":"2026-07-23 17:33:55,189","level":"INFO","node":2,"msg":"Starting node 2: Rural Health Centre"}
{"time":"2026-07-23 17:33:55,189","level":"INFO","node":2,"msg":"[CONFIG DEBUG] attack_simulation loaded: enabled=True target_node=2 type=gradient_norm config_path=config_dev.json"}
{"time":"2026-07-23 17:33:55,349","level":"WARNING","node":2,"msg":"DEV MODE: running without TLS"}
{"time":"2026-07-23 17:33:55,349","level":"INFO","node":2,"msg":"Listening on 127.0.0.1:8002 | TLS=False"}
{"time":"2026-07-23 17:33:58,577","level":"INFO","node":2,"msg":"Consensus pubkey received from node 1"}
{"time":"2026-07-23 17:33:58,587","level":"INFO","node":2,"msg":"Key exchange complete with node 1"}
{"time":"2026-07-23 17:34:00,379","level":"INFO","node":2,"msg":"Sent public key to node 0"}
{"time":"2026-07-23 17:34:00,383","level":"INFO","node":2,"msg":"Sent consensus pubkey to node 0"}
{"time":"2026-07-23 17:34:00,391","level":"INFO","node":2,"msg":"Sent public key to node 1"}
{"time":"2026-07-23 17:34:00,400","level":"INFO","node":2,"msg":"Sent public key to node 3"}
{"time":"2026-07-23 17:34:00,406","level":"INFO","node":2,"msg":"Sent consensus pubkey to node 1"}
{"time":"2026-07-23 17:34:00,416","level":"INFO","node":2,"msg":"Sent consensus pubkey to node 3"}
{"time":"2026-07-23 17:34:02,205","level":"INFO","node":2,"msg":"Key exchange complete with node 3"}
{"time":"2026-07-23 17:34:02,205","level":"INFO","node":2,"msg":"Consensus pubkey received from node 3"}
{"time":"2026-07-23 17:34:08,559","level":"INFO","node":2,"msg":"Key exchange complete with node 0"}
{"time":"2026-07-23 17:34:08,596","level":"INFO","node":2,"msg":"Consensus pubkey received from node 0"}
{"time":"2026-07-23 17:34:19,503","level":"INFO","node":2,"msg":"Proposal received: round=0 origin=0 hash=04ae5271245a..."}
{"time":"2026-07-23 17:34:19,532","level":"INFO","node":2,"msg":"Consensus vote recorded: node 0 decision=True reason=zkp_ok round=0 new=True satisfied=False"}
{"time":"2026-07-23 17:34:34,396","level":"INFO","node":2,"msg":"Consensus vote recorded: node 1 decision=True reason=zkp_ok round=0 new=True satisfied=False"}
{"time":"2026-07-23 17:34:45,604","level":"INFO","node":2,"msg":"Received update from node 1, round 0"}
{"time":"2026-07-23 17:35:00,281","level":"INFO","node":2,"msg":"ZKP ACCEPTED from node 1"}
{"time":"2026-07-23 17:35:00,298","level":"INFO","node":2,"msg":"Trust score for node 0: S=0.429 (Z=1.00 A=0.50 P=0.50 R=1.00) advisory only"}
{"time":"2026-07-23 17:35:00,309","level":"INFO","node":2,"msg":"Sent consensus vote to node 0"}
{"time":"2026-07-23 17:35:00,309","level":"INFO","node":2,"msg":"Sent consensus vote to node 3"}
{"time":"2026-07-23 17:35:00,309","level":"INFO","node":2,"msg":"Sent consensus vote to node 1"}
{"time":"2026-07-23 17:35:01,999","level":"WARNING","node":2,"msg":"[ATTACK SIMULATION] gradient_norm active on node 2 — scaled trainable DELTA by 5.0x before DP/ZKP"}
{"time":"2026-07-23 17:35:01,999","level":"INFO","node":2,"msg":"[FC2 DELTA NORM] node 2 round=0 — fc2 delta norm this round: 0.2114"}
{"time":"2026-07-23 17:35:11,242","level":"INFO","node":2,"msg":"[TIMING] node 2 round=0 ZKP proof generation (voter) took 9.22s"}
{"time":"2026-07-23 17:35:11,242","level":"INFO","node":2,"msg":"[TIMING] node 2 round=0 HE encryption (voter) took 0.00s"}
{"time":"2026-07-23 17:35:11,264","level":"INFO","node":2,"msg":"Forwarded to http://127.0.0.1:8003"}
{"time":"2026-07-23 17:35:26,020","level":"INFO","node":2,"msg":"Prediction agreement with node 3 round=0: A=0.842"}
{"time":"2026-07-23 17:35:26,022","level":"INFO","node":2,"msg":"Consensus vote recorded: node 3 decision=True reason=zkp_ok round=0 new=True satisfied=True"}
{"time":"2026-07-23 17:35:37,161","level":"INFO","node":2,"msg":"Synced weights from master for round 0"}
{"time":"2026-07-23 17:35:37,191","level":"INFO","node":2,"msg":"Sent commit vote to node 0"}
{"time":"2026-07-23 17:35:46,971","level":"INFO","node":2,"msg":"Proposal received: round=1 origin=1 hash=da0698878166..."}
{"time":"2026-07-23 17:35:47,005","level":"INFO","node":2,"msg":"Consensus vote recorded: node 1 decision=True reason=zkp_ok round=1 new=True satisfied=False"}
{"time":"2026-07-23 17:35:47,021","level":"INFO","node":2,"msg":"Received update from node 1, round 1"}
{"time":"2026-07-23 17:36:01,761","level":"INFO","node":2,"msg":"ZKP ACCEPTED from node 1"}
{"time":"2026-07-23 17:36:01,768","level":"INFO","node":2,"msg":"Trust score for node 1: S=0.429 (Z=1.00 A=0.50 P=0.50 R=1.00) advisory only"}
{"time":"2026-07-23 17:36:01,772","level":"WARNING","node":2,"msg":"Sent consensus vote to node 0 FAILED (hard timeout or exception) — consecutive failure streak 1/3 over 0.0s"}
{"time":"2026-07-23 17:36:01,772","level":"WARNING","node":2,"msg":"Sent consensus vote to node 1 FAILED (hard timeout or exception) — consecutive failure streak 1/3 over 0.0s"}
{"time":"2026-07-23 17:36:01,772","level":"WARNING","node":2,"msg":"Sent consensus vote to node 3 FAILED (hard timeout or exception) — consecutive failure streak 1/3 over 0.0s"}
{"time":"2026-07-23 17:36:01,821","level":"WARNING","node":2,"msg":"[ATTACK SIMULATION] gradient_norm active on node 2 — scaled trainable DELTA by 5.0x before DP/ZKP"}
{"time":"2026-07-23 17:36:01,821","level":"INFO","node":2,"msg":"[FC2 DELTA NORM] node 2 round=1 — fc2 delta norm this round: 0.5052"}
{"time":"2026-07-23 17:36:01,821","level":"INFO","node":2,"msg":"[FC2 DELTA CAP] node 2 round=1 — fc2 delta norm 0.5052 exceeded structural cap 0.5, capped (damage-bound, not detection)"}
{"time":"2026-07-23 17:36:11,030","level":"INFO","node":2,"msg":"[TIMING] node 2 round=1 ZKP proof generation (voter) took 9.20s"}
{"time":"2026-07-23 17:36:11,030","level":"INFO","node":2,"msg":"[TIMING] node 2 round=1 HE encryption (voter) took 0.00s"}
{"time":"2026-07-23 17:36:11,044","level":"INFO","node":2,"msg":"Forwarded to http://127.0.0.1:8003"}
{"time":"2026-07-23 17:37:10,646","level":"INFO","node":2,"msg":"Proposal for round=1 origin=1 changed hash after 83.68s — treating as a legitimate round retry, not equivocation."}
{"time":"2026-07-23 17:37:10,646","level":"INFO","node":2,"msg":"Proposal received: round=1 origin=1 hash=27d342fd0eec..."}
{"time":"2026-07-23 17:37:10,698","level":"INFO","node":2,"msg":"Consensus vote recorded: node 1 decision=True reason=zkp_ok round=1 new=True satisfied=False"}
{"time":"2026-07-23 17:37:10,711","level":"INFO","node":2,"msg":"Received update from node 1, round 1"}
{"time":"2026-07-23 17:37:25,657","level":"INFO","node":2,"msg":"ZKP ACCEPTED from node 1"}
{"time":"2026-07-23 17:37:25,664","level":"INFO","node":2,"msg":"Trust score for node 1: S=0.000 (Z=1.00 A=0.00 P=0.50 R=1.00) advisory only"}
{"time":"2026-07-23 17:37:25,667","level":"WARNING","node":2,"msg":"Sent consensus vote to node 0 FAILED (hard timeout or exception) — consecutive failure streak 2/3 over 83.9s"}
{"time":"2026-07-23 17:37:25,670","level":"WARNING","node":2,"msg":"Sent consensus vote to node 1 FAILED (hard timeout or exception) — consecutive failure streak 2/3 over 83.9s"}
{"time":"2026-07-23 17:37:25,670","level":"WARNING","node":2,"msg":"Sent consensus vote to node 3 FAILED (hard timeout or exception) — consecutive failure streak 2/3 over 83.9s"}
{"time":"2026-07-23 17:37:25,708","level":"WARNING","node":2,"msg":"[ATTACK SIMULATION] gradient_norm active on node 2 — scaled trainable DELTA by 5.0x before DP/ZKP"}
{"time":"2026-07-23 17:37:25,708","level":"INFO","node":2,"msg":"[FC2 DELTA NORM] node 2 round=1 — fc2 delta norm this round: 0.4880"}
{"time":"2026-07-23 17:37:25,708","level":"WARNING","node":2,"msg":"ZKP norm violation (clipping applied): slack=-604051, retry=0"}
{"time":"2026-07-23 17:37:34,751","level":"INFO","node":2,"msg":"[TIMING] node 2 round=1 ZKP proof generation (voter) took 9.03s"}
{"time":"2026-07-23 17:37:34,751","level":"INFO","node":2,"msg":"[TIMING] node 2 round=1 HE encryption (voter) took 0.00s"}
{"time":"2026-07-23 17:37:34,769","level":"INFO","node":2,"msg":"Forwarded to http://127.0.0.1:8003"}
{"time":"2026-07-23 17:38:34,140","level":"INFO","node":2,"msg":"Proposal for round=1 origin=1 changed hash after 83.50s — treating as a legitimate round retry, not equivocation."}
{"time":"2026-07-23 17:38:34,140","level":"INFO","node":2,"msg":"Proposal received: round=1 origin=1 hash=67c2bb6c16eb..."}
{"time":"2026-07-23 17:38:34,175","level":"INFO","node":2,"msg":"Consensus vote recorded: node 1 decision=True reason=zkp_ok round=1 new=True satisfied=False"}
{"time":"2026-07-23 17:38:34,189","level":"INFO","node":2,"msg":"Received update from node 1, round 1"}
{"time":"2026-07-23 17:38:49,212","level":"INFO","node":2,"msg":"ZKP ACCEPTED from node 1"}
{"time":"2026-07-23 17:38:49,212","level":"INFO","node":2,"msg":"fc_in col7 delta self-cosine for node 1: -0.2723 (delta_norm=0.1820)"}
{"time":"2026-07-23 17:38:49,227","level":"INFO","node":2,"msg":"Trust score for node 1: S=0.000 (Z=1.00 A=0.00 P=0.50 R=1.00) advisory only"}
{"time":"2026-07-23 17:38:49,271","level":"INFO","node":2,"msg":"Sent consensus vote to node 0"}
{"time":"2026-07-23 17:38:49,273","level":"INFO","node":2,"msg":"Sent consensus vote to node 3"}
{"time":"2026-07-23 17:38:49,275","level":"INFO","node":2,"msg":"Sent consensus vote to node 1"}
{"time":"2026-07-23 17:38:49,352","level":"WARNING","node":2,"msg":"[ATTACK SIMULATION] gradient_norm active on node 2 — scaled trainable DELTA by 5.0x before DP/ZKP"}
{"time":"2026-07-23 17:38:49,363","level":"INFO","node":2,"msg":"[FC2 DELTA NORM] node 2 round=1 — fc2 delta norm this round: 0.4845"}
{"time":"2026-07-23 17:38:49,363","level":"WARNING","node":2,"msg":"ZKP norm violation (clipping applied): slack=-254571, retry=0"}
{"time":"2026-07-23 17:38:58,691","level":"INFO","node":2,"msg":"[TIMING] node 2 round=1 ZKP proof generation (voter) took 9.32s"}
{"time":"2026-07-23 17:38:58,691","level":"INFO","node":2,"msg":"[TIMING] node 2 round=1 HE encryption (voter) took 0.00s"}
{"time":"2026-07-23 17:38:58,725","level":"INFO","node":2,"msg":"Forwarded to http://127.0.0.1:8003"}
{"time":"2026-07-23 17:39:13,757","level":"INFO","node":2,"msg":"Prediction agreement with node 3 round=1: A=0.874"}
{"time":"2026-07-23 17:39:13,757","level":"INFO","node":2,"msg":"Consensus vote recorded: node 3 decision=True reason=zkp_ok round=1 new=True satisfied=True"}
{"time":"2026-07-23 17:39:38,140","level":"ERROR","node":2,"msg":"Node 1 EXCLUDED from proposing and quorum. Quorum requirement adjusted to 3 of 3 remaining trusted nodes."}
{"time":"2026-07-23 17:39:38,145","level":"ERROR","node":2,"msg":"Node 3 EXCLUDED from proposing and quorum. Quorum requirement adjusted to 2 of 2 remaining trusted nodes."}
{"time":"2026-07-23 17:50:21,723","level":"ERROR","node":2,"msg":"Node 0 EXCLUDED from proposing and quorum. Quorum requirement adjusted to 1 of 1 remaining trusted nodes."}
{"time":"2026-07-23 17:50:29,167","level":"INFO","node":2,"msg":"Received update from node 1, round 2"}
{"time":"2026-07-23 17:50:35,545","level":"INFO","node":2,"msg":"Received update from node 1, round 19"}
{"time":"2026-07-23 17:50:43,137","level":"INFO","node":2,"msg":"ZKP ACCEPTED from node 1"}
{"time":"2026-07-23 17:50:44,829","level":"WARNING","node":2,"msg":"No stored proposal for round=2 origin=1 — voting using fallback hash, may not match other peers"}
{"time":"2026-07-23 17:50:44,860","level":"INFO","node":2,"msg":"fc_in col7 delta self-cosine for node 1: -0.0071 (delta_norm=0.4777)"}
{"time":"2026-07-23 17:50:46,253","level":"INFO","node":2,"msg":"Per-class agreement with node 1: class0=0.652 class1=0.736 gap=0.084"}
{"time":"2026-07-23 17:50:46,285","level":"INFO","node":2,"msg":"Per-class rolling gap for node 1: mean=0.084 over last 1 round(s)"}
{"time":"2026-07-23 17:50:46,306","level":"INFO","node":2,"msg":"Trust score for node 1: S=0.582 (Z=1.00 A=0.68 P=0.50 R=1.00) advisory only"}
{"time":"2026-07-23 17:50:49,617","level":"INFO","node":2,"msg":"ZKP ACCEPTED from node 1"}
{"time":"2026-07-23 17:50:49,655","level":"WARNING","node":2,"msg":"[ATTACK SIMULATION] gradient_norm active on node 2 — scaled trainable DELTA by 5.0x before DP/ZKP"}
{"time":"2026-07-23 17:50:49,655","level":"INFO","node":2,"msg":"[FC2 DELTA NORM] node 2 round=2 — fc2 delta norm this round: 0.4631"}
{"time":"2026-07-23 17:50:49,655","level":"WARNING","node":2,"msg":"ZKP norm violation (clipping applied): slack=-530650, retry=0"}
{"time":"2026-07-23 17:50:51,343","level":"WARNING","node":2,"msg":"No stored proposal for round=19 origin=0 — voting using fallback hash, may not match other peers"}
{"time":"2026-07-23 17:50:53,167","level":"INFO","node":2,"msg":"Per-class agreement with node 0: class0=0.509 class1=0.552 gap=0.042"}
{"time":"2026-07-23 17:50:53,182","level":"INFO","node":2,"msg":"Per-class rolling gap for node 0: mean=0.042 over last 1 round(s)"}
{"time":"2026-07-23 17:50:53,182","level":"INFO","node":2,"msg":"Trust score for node 0: S=0.448 (Z=1.00 A=0.52 P=0.50 R=1.00) advisory only"}
{"time":"2026-07-23 17:50:56,569","level":"INFO","node":2,"msg":"[TIMING] node 2 round=2 ZKP proof generation (voter) took 6.89s"}
{"time":"2026-07-23 17:50:56,585","level":"INFO","node":2,"msg":"[TIMING] node 2 round=2 HE encryption (voter) took 0.00s"}
{"time":"2026-07-23 17:50:56,604","level":"INFO","node":2,"msg":"Forwarded to http://127.0.0.1:8003"}
{"time":"2026-07-23 17:50:56,622","level":"WARNING","node":2,"msg":"[ATTACK SIMULATION] gradient_norm active on node 2 — scaled trainable DELTA by 5.0x before DP/ZKP"}
{"time":"2026-07-23 17:50:56,623","level":"INFO","node":2,"msg":"[FC2 DELTA NORM] node 2 round=19 — fc2 delta norm this round: 0.4274"}
{"time":"2026-07-23 17:51:03,064","level":"INFO","node":2,"msg":"[TIMING] node 2 round=19 ZKP proof generation (voter) took 6.43s"}
{"time":"2026-07-23 17:51:03,064","level":"INFO","node":2,"msg":"[TIMING] node 2 round=19 HE encryption (voter) took 0.00s"}
{"time":"2026-07-23 17:51:03,209","level":"INFO","node":2,"msg":"Forwarded to http://127.0.0.1:8003"}
{"time":"2026-07-23 17:51:50,341","level":"INFO","node":2,"msg":"Received update from node 1, round 3"}
{"time":"2026-07-23 17:52:00,261","level":"INFO","node":2,"msg":"ZKP ACCEPTED from node 1"}
{"time":"2026-07-23 17:52:01,527","level":"WARNING","node":2,"msg":"No stored proposal for round=3 origin=1 — voting using fallback hash, may not match other peers"}
{"time":"2026-07-23 17:52:01,527","level":"INFO","node":2,"msg":"fc_in col7 delta self-cosine for node 1: -0.8375 (delta_norm=0.3215)"}
{"time":"2026-07-23 17:52:01,535","level":"INFO","node":2,"msg":"Per-class agreement with node 1: class0=0.976 class1=0.932 gap=0.044"}
{"time":"2026-07-23 17:52:01,535","level":"INFO","node":2,"msg":"Per-class rolling gap for node 1: mean=0.064 over last 2 round(s)"}
{"time":"2026-07-23 17:52:01,535","level":"INFO","node":2,"msg":"Trust score for node 1: S=0.825 (Z=1.00 A=0.96 P=0.50 R=1.00) advisory only"}
{"time":"2026-07-23 17:52:01,569","level":"WARNING","node":2,"msg":"[ATTACK SIMULATION] gradient_norm active on node 2 — scaled trainable DELTA by 5.0x before DP/ZKP"}
{"time":"2026-07-23 17:52:01,569","level":"INFO","node":2,"msg":"[FC2 DELTA NORM] node 2 round=3 — fc2 delta norm this round: 0.2135"}
{"time":"2026-07-23 17:52:01,569","level":"WARNING","node":2,"msg":"ZKP norm violation (clipping applied): slack=-204205, retry=0"}
{"time":"2026-07-23 17:52:07,528","level":"INFO","node":2,"msg":"[TIMING] node 2 round=3 ZKP proof generation (voter) took 5.94s"}
{"time":"2026-07-23 17:52:07,528","level":"INFO","node":2,"msg":"[TIMING] node 2 round=3 HE encryption (voter) took 0.00s"}
{"time":"2026-07-23 17:52:07,547","level":"INFO","node":2,"msg":"Forwarded to http://127.0.0.1:8003"}
{"time":"2026-07-23 17:52:49,448","level":"INFO","node":2,"msg":"Received update from node 1, round 4"}
{"time":"2026-07-23 17:52:59,339","level":"INFO","node":2,"msg":"ZKP ACCEPTED from node 1"}
{"time":"2026-07-23 17:53:00,552","level":"WARNING","node":2,"msg":"No stored proposal for round=4 origin=1 — voting using fallback hash, may not match other peers"}
{"time":"2026-07-23 17:53:00,553","level":"INFO","node":2,"msg":"fc_in col7 delta self-cosine for node 1: 0.3417 (delta_norm=0.1906)"}
{"time":"2026-07-23 17:53:00,562","level":"INFO","node":2,"msg":"Per-class agreement with node 1: class0=0.974 class1=0.980 gap=0.006"}
{"time":"2026-07-23 17:53:00,563","level":"INFO","node":2,"msg":"Per-class rolling gap for node 1: mean=0.045 over last 3 round(s)"}
{"time":"2026-07-23 17:53:00,563","level":"INFO","node":2,"msg":"Trust score for node 1: S=0.836 (Z=1.00 A=0.98 P=0.50 R=1.00) advisory only"}
{"time":"2026-07-23 17:53:00,641","level":"WARNING","node":2,"msg":"[ATTACK SIMULATION] gradient_norm active on node 2 — scaled trainable DELTA by 5.0x before DP/ZKP"}
{"time":"2026-07-23 17:53:00,641","level":"INFO","node":2,"msg":"[FC2 DELTA NORM] node 2 round=4 — fc2 delta norm this round: 0.2023"}
{"time":"2026-07-23 17:53:06,867","level":"INFO","node":2,"msg":"[TIMING] node 2 round=4 ZKP proof generation (voter) took 6.22s"}
{"time":"2026-07-23 17:53:06,867","level":"INFO","node":2,"msg":"[TIMING] node 2 round=4 HE encryption (voter) took 0.00s"}
{"time":"2026-07-23 17:53:06,867","level":"INFO","node":2,"msg":"Forwarded to http://127.0.0.1:8003"}
{"time":"2026-07-23 17:53:48,473","level":"INFO","node":2,"msg":"Received update from node 1, round 5"}
{"time":"2026-07-23 17:53:58,341","level":"INFO","node":2,"msg":"ZKP ACCEPTED from node 1"}
{"time":"2026-07-23 17:53:59,601","level":"WARNING","node":2,"msg":"No stored proposal for round=5 origin=1 — voting using fallback hash, may not match other peers"}
{"time":"2026-07-23 17:53:59,601","level":"INFO","node":2,"msg":"fc_in col7 delta self-cosine for node 1: -0.2416 (delta_norm=0.1773)"}
{"time":"2026-07-23 17:53:59,611","level":"INFO","node":2,"msg":"Per-class agreement with node 1: class0=0.978 class1=0.982 gap=0.003"}
{"time":"2026-07-23 17:53:59,611","level":"INFO","node":2,"msg":"Per-class rolling gap for node 1: mean=0.034 over last 4 round(s)"}
{"time":"2026-07-23 17:53:59,611","level":"INFO","node":2,"msg":"Trust score for node 1: S=0.839 (Z=1.00 A=0.98 P=0.50 R=1.00) advisory only"}
{"time":"2026-07-23 17:53:59,639","level":"WARNING","node":2,"msg":"[ATTACK SIMULATION] gradient_norm active on node 2 — scaled trainable DELTA by 5.0x before DP/ZKP"}
{"time":"2026-07-23 17:53:59,639","level":"INFO","node":2,"msg":"[FC2 DELTA NORM] node 2 round=5 — fc2 delta norm this round: 0.1436"}
{"time":"2026-07-23 17:54:05,559","level":"INFO","node":2,"msg":"[TIMING] node 2 round=5 ZKP proof generation (voter) took 5.91s"}
{"time":"2026-07-23 17:54:05,559","level":"INFO","node":2,"msg":"[TIMING] node 2 round=5 HE encryption (voter) took 0.00s"}
{"time":"2026-07-23 17:54:05,577","level":"INFO","node":2,"msg":"Forwarded to http://127.0.0.1:8003"}
{"time":"2026-07-23 17:54:46,997","level":"INFO","node":2,"msg":"Received update from node 1, round 6"}
{"time":"2026-07-23 17:54:56,971","level":"INFO","node":2,"msg":"ZKP ACCEPTED from node 1"}
{"time":"2026-07-23 17:54:58,244","level":"WARNING","node":2,"msg":"No stored proposal for round=6 origin=1 — voting using fallback hash, may not match other peers"}
{"time":"2026-07-23 17:54:58,244","level":"INFO","node":2,"msg":"fc_in col7 delta self-cosine for node 1: -0.3434 (delta_norm=0.1719)"}
{"time":"2026-07-23 17:54:58,250","level":"INFO","node":2,"msg":"Per-class agreement with node 1: class0=0.978 class1=0.984 gap=0.007"}
{"time":"2026-07-23 17:54:58,252","level":"INFO","node":2,"msg":"Per-class rolling gap for node 1: mean=0.015 over last 4 round(s)"}
{"time":"2026-07-23 17:54:58,252","level":"INFO","node":2,"msg":"Trust score for node 1: S=0.840 (Z=1.00 A=0.98 P=0.50 R=1.00) advisory only"}
{"time":"2026-07-23 17:54:58,285","level":"WARNING","node":2,"msg":"[ATTACK SIMULATION] gradient_norm active on node 2 — scaled trainable DELTA by 5.0x before DP/ZKP"}
{"time":"2026-07-23 17:54:58,285","level":"INFO","node":2,"msg":"[FC2 DELTA NORM] node 2 round=6 — fc2 delta norm this round: 0.1612"}
{"time":"2026-07-23 17:54:58,285","level":"WARNING","node":2,"msg":"ZKP norm violation (clipping applied): slack=-538368, retry=0"}
{"time":"2026-07-23 17:55:04,323","level":"INFO","node":2,"msg":"[TIMING] node 2 round=6 ZKP proof generation (voter) took 6.03s"}
{"time":"2026-07-23 17:55:04,323","level":"INFO","node":2,"msg":"[TIMING] node 2 round=6 HE encryption (voter) took 0.00s"}
{"time":"2026-07-23 17:55:04,341","level":"INFO","node":2,"msg":"Forwarded to http://127.0.0.1:8003"}
{"time":"2026-07-23 17:55:45,423","level":"INFO","node":2,"msg":"Received update from node 1, round 7"}
{"time":"2026-07-23 17:55:55,417","level":"INFO","node":2,"msg":"ZKP ACCEPTED from node 1"}
{"time":"2026-07-23 17:55:56,604","level":"WARNING","node":2,"msg":"No stored proposal for round=7 origin=1 — voting using fallback hash, may not match other peers"}
{"time":"2026-07-23 17:55:56,604","level":"INFO","node":2,"msg":"fc_in col7 delta self-cosine for node 1: -0.2984 (delta_norm=0.1563)"}
{"time":"2026-07-23 17:55:56,617","level":"INFO","node":2,"msg":"Per-class agreement with node 1: class0=0.983 class1=0.981 gap=0.002"}
{"time":"2026-07-23 17:55:56,619","level":"INFO","node":2,"msg":"Per-class rolling gap for node 1: mean=0.005 over last 4 round(s)"}
{"time":"2026-07-23 17:55:56,619","level":"INFO","node":2,"msg":"Trust score for node 1: S=0.842 (Z=1.00 A=0.98 P=0.50 R=1.00) advisory only"}
{"time":"2026-07-23 17:55:56,702","level":"WARNING","node":2,"msg":"[ATTACK SIMULATION] gradient_norm active on node 2 — scaled trainable DELTA by 5.0x before DP/ZKP"}
{"time":"2026-07-23 17:55:56,702","level":"INFO","node":2,"msg":"[FC2 DELTA NORM] node 2 round=7 — fc2 delta norm this round: 0.0839"}
{"time":"2026-07-23 17:56:02,805","level":"INFO","node":2,"msg":"[TIMING] node 2 round=7 ZKP proof generation (voter) took 6.09s"}
{"time":"2026-07-23 17:56:02,805","level":"INFO","node":2,"msg":"[TIMING] node 2 round=7 HE encryption (voter) took 0.00s"}
{"time":"2026-07-23 17:56:02,821","level":"INFO","node":2,"msg":"Forwarded to http://127.0.0.1:8003"}
{"time":"2026-07-23 17:56:44,370","level":"INFO","node":2,"msg":"Received update from node 1, round 8"}
{"time":"2026-07-23 17:56:54,166","level":"INFO","node":2,"msg":"ZKP ACCEPTED from node 1"}
{"time":"2026-07-23 17:56:55,438","level":"WARNING","node":2,"msg":"No stored proposal for round=8 origin=1 — voting using fallback hash, may not match other peers"}
{"time":"2026-07-23 17:56:55,440","level":"INFO","node":2,"msg":"fc_in col7 delta self-cosine for node 1: -0.2389 (delta_norm=0.1937)"}
{"time":"2026-07-23 17:56:55,449","level":"INFO","node":2,"msg":"Per-class agreement with node 1: class0=0.956 class1=0.974 gap=0.018"}
{"time":"2026-07-23 17:56:55,449","level":"INFO","node":2,"msg":"Per-class rolling gap for node 1: mean=0.008 over last 4 round(s)"}
{"time":"2026-07-23 17:56:55,451","level":"INFO","node":2,"msg":"Trust score for node 1: S=0.824 (Z=1.00 A=0.96 P=0.50 R=1.00) advisory only"}
{"time":"2026-07-23 17:56:55,479","level":"WARNING","node":2,"msg":"[ATTACK SIMULATION] gradient_norm active on node 2 — scaled trainable DELTA by 5.0x before DP/ZKP"}
{"time":"2026-07-23 17:56:55,480","level":"INFO","node":2,"msg":"[FC2 DELTA NORM] node 2 round=8 — fc2 delta norm this round: 0.1290"}
{"time":"2026-07-23 17:57:01,370","level":"INFO","node":2,"msg":"[TIMING] node 2 round=8 ZKP proof generation (voter) took 5.88s"}
{"time":"2026-07-23 17:57:01,370","level":"INFO","node":2,"msg":"[TIMING] node 2 round=8 HE encryption (voter) took 0.00s"}
{"time":"2026-07-23 17:57:01,392","level":"INFO","node":2,"msg":"Forwarded to http://127.0.0.1:8003"}
{"time":"2026-07-23 19:43:29,234","level":"INFO","node":2,"msg":"Starting node 2: Rural Health Centre"}
{"time":"2026-07-23 19:43:29,234","level":"INFO","node":2,"msg":"[CONFIG DEBUG] attack_simulation loaded: enabled=True target_node=2 type=gradient_norm config_path=config_dev.json"}
{"time":"2026-07-23 19:43:29,597","level":"WARNING","node":2,"msg":"DEV MODE: running without TLS"}
{"time":"2026-07-23 19:43:29,597","level":"INFO","node":2,"msg":"Listening on 127.0.0.1:8002 | TLS=False"}
{"time":"2026-07-23 19:43:34,640","level":"INFO","node":2,"msg":"Sent consensus pubkey to node 0"}
{"time":"2026-07-23 19:43:34,642","level":"INFO","node":2,"msg":"Sent public key to node 0"}
{"time":"2026-07-23 19:43:34,651","level":"INFO","node":2,"msg":"Key exchange complete with node 1"}
{"time":"2026-07-23 19:43:34,654","level":"INFO","node":2,"msg":"Sent public key to node 1"}
{"time":"2026-07-23 19:43:34,658","level":"INFO","node":2,"msg":"Consensus pubkey received from node 1"}
{"time":"2026-07-23 19:43:34,665","level":"INFO","node":2,"msg":"Sent consensus pubkey to node 1"}
{"time":"2026-07-23 19:43:34,672","level":"INFO","node":2,"msg":"Sent public key to node 3"}
{"time":"2026-07-23 19:43:34,693","level":"INFO","node":2,"msg":"Consensus pubkey received from node 3"}
{"time":"2026-07-23 19:43:34,693","level":"INFO","node":2,"msg":"Sent consensus pubkey to node 3"}
{"time":"2026-07-23 19:43:34,698","level":"INFO","node":2,"msg":"Key exchange complete with node 3"}
{"time":"2026-07-23 19:43:46,200","level":"INFO","node":2,"msg":"Key exchange complete with node 0"}
{"time":"2026-07-23 19:43:46,234","level":"INFO","node":2,"msg":"Consensus pubkey received from node 0"}
{"time":"2026-07-23 19:43:54,514","level":"INFO","node":2,"msg":"Proposal received: round=0 origin=0 hash=08d514a348f6..."}
{"time":"2026-07-23 19:43:54,531","level":"INFO","node":2,"msg":"Consensus vote recorded: node 0 decision=True reason=zkp_ok round=0 new=True satisfied=False"}
{"time":"2026-07-23 19:44:21,806","level":"INFO","node":2,"msg":"Consensus vote recorded: node 1 decision=True reason=zkp_ok round=0 new=True satisfied=False"}
{"time":"2026-07-23 19:44:47,352","level":"INFO","node":2,"msg":"Received update from node 1, round 0"}
{"time":"2026-07-23 19:44:57,800","level":"INFO","node":2,"msg":"ZKP ACCEPTED from node 1"}
{"time":"2026-07-23 19:44:57,813","level":"INFO","node":2,"msg":"Trust score for node 0: S=0.429 (Z=1.00 A=0.50 P=0.50 R=1.00) advisory only"}
{"time":"2026-07-23 19:44:57,835","level":"INFO","node":2,"msg":"Sent consensus vote to node 0"}
{"time":"2026-07-23 19:44:57,836","level":"INFO","node":2,"msg":"Sent consensus vote to node 3"}
{"time":"2026-07-23 19:44:57,837","level":"INFO","node":2,"msg":"Sent consensus vote to node 1"}
{"time":"2026-07-23 19:44:59,059","level":"WARNING","node":2,"msg":"[ATTACK SIMULATION] gradient_norm active on node 2 — scaled trainable DELTA by 5.0x before DP/ZKP"}
{"time":"2026-07-23 19:44:59,059","level":"INFO","node":2,"msg":"[FC2 DELTA NORM] node 2 round=0 — fc2 delta norm this round: 0.5158"}
{"time":"2026-07-23 19:44:59,059","level":"INFO","node":2,"msg":"[FC2 DELTA CAP] node 2 round=0 — fc2 delta norm 0.5158 exceeded structural cap 0.5, capped (damage-bound, not detection)"}
{"time":"2026-07-23 19:44:59,069","level":"WARNING","node":2,"msg":"ZKP norm violation (clipping applied): slack=-155557, retry=0"}
{"time":"2026-07-23 19:45:15,998","level":"INFO","node":2,"msg":"[TIMING] node 2 round=0 ZKP proof generation (voter) took 16.91s"}
{"time":"2026-07-23 19:45:15,998","level":"INFO","node":2,"msg":"[TIMING] node 2 round=0 HE encryption (voter) took 0.00s"}
{"time":"2026-07-23 19:45:16,021","level":"INFO","node":2,"msg":"Forwarded to http://127.0.0.1:8003"}
{"time":"2026-07-23 19:45:25,657","level":"INFO","node":2,"msg":"Prediction agreement with node 3 round=0: A=0.604"}
{"time":"2026-07-23 19:45:25,657","level":"INFO","node":2,"msg":"Consensus vote recorded: node 3 decision=True reason=zkp_ok round=0 new=True satisfied=True"}
{"time":"2026-07-23 19:45:33,811","level":"INFO","node":2,"msg":"Synced weights from master for round 0"}
{"time":"2026-07-23 19:45:33,841","level":"INFO","node":2,"msg":"Sent commit vote to node 0"}
{"time":"2026-07-23 19:45:42,054","level":"INFO","node":2,"msg":"Proposal received: round=1 origin=1 hash=0e36498f868d..."}
{"time":"2026-07-23 19:45:42,081","level":"INFO","node":2,"msg":"Consensus vote recorded: node 1 decision=True reason=zkp_ok round=1 new=True satisfied=False"}
{"time":"2026-07-23 19:45:42,090","level":"INFO","node":2,"msg":"Received update from node 1, round 1"}
{"time":"2026-07-23 19:45:52,240","level":"INFO","node":2,"msg":"ZKP ACCEPTED from node 1"}
{"time":"2026-07-23 19:45:52,256","level":"INFO","node":2,"msg":"Trust score for node 1: S=0.429 (Z=1.00 A=0.50 P=0.50 R=1.00) advisory only"}
{"time":"2026-07-23 19:45:52,262","level":"WARNING","node":2,"msg":"Sent consensus vote to node 0 FAILED (hard timeout or exception) — consecutive failure streak 1/3 over 0.0s"}
{"time":"2026-07-23 19:45:52,263","level":"WARNING","node":2,"msg":"Sent consensus vote to node 1 FAILED (hard timeout or exception) — consecutive failure streak 1/3 over 0.0s"}
{"time":"2026-07-23 19:45:52,264","level":"WARNING","node":2,"msg":"Sent consensus vote to node 3 FAILED (hard timeout or exception) — consecutive failure streak 1/3 over 0.0s"}
{"time":"2026-07-23 19:45:52,306","level":"WARNING","node":2,"msg":"[ATTACK SIMULATION] gradient_norm active on node 2 — scaled trainable DELTA by 5.0x before DP/ZKP"}
{"time":"2026-07-23 19:45:52,306","level":"INFO","node":2,"msg":"[FC2 DELTA NORM] node 2 round=1 — fc2 delta norm this round: 0.4952"}
{"time":"2026-07-23 19:45:58,451","level":"INFO","node":2,"msg":"[TIMING] node 2 round=1 ZKP proof generation (voter) took 6.12s"}
{"time":"2026-07-23 19:45:58,451","level":"INFO","node":2,"msg":"[TIMING] node 2 round=1 HE encryption (voter) took 0.00s"}
{"time":"2026-07-23 19:45:58,467","level":"INFO","node":2,"msg":"Forwarded to http://127.0.0.1:8003"}
{"time":"2026-07-23 19:46:37,611","level":"INFO","node":2,"msg":"Proposal for round=1 origin=1 changed hash after 55.56s — treating as a legitimate round retry, not equivocation."}
{"time":"2026-07-23 19:46:37,611","level":"INFO","node":2,"msg":"Proposal received: round=1 origin=1 hash=deabed6e8f27..."}
{"time":"2026-07-23 19:46:37,629","level":"INFO","node":2,"msg":"Consensus vote recorded: node 1 decision=True reason=zkp_ok round=1 new=True satisfied=False"}
{"time":"2026-07-23 19:46:37,637","level":"INFO","node":2,"msg":"Received update from node 1, round 1"}
{"time":"2026-07-23 19:46:47,545","level":"INFO","node":2,"msg":"ZKP ACCEPTED from node 1"}
{"time":"2026-07-23 19:46:47,550","level":"INFO","node":2,"msg":"Trust score for node 1: S=0.000 (Z=1.00 A=0.00 P=0.50 R=1.00) advisory only"}
{"time":"2026-07-23 19:46:47,554","level":"WARNING","node":2,"msg":"Sent consensus vote to node 0 FAILED (hard timeout or exception) — consecutive failure streak 2/3 over 55.3s"}
{"time":"2026-07-23 19:46:47,555","level":"WARNING","node":2,"msg":"Sent consensus vote to node 1 FAILED (hard timeout or exception) — consecutive failure streak 2/3 over 55.3s"}
{"time":"2026-07-23 19:46:47,555","level":"WARNING","node":2,"msg":"Sent consensus vote to node 3 FAILED (hard timeout or exception) — consecutive failure streak 2/3 over 55.3s"}
{"time":"2026-07-23 19:46:47,583","level":"WARNING","node":2,"msg":"[ATTACK SIMULATION] gradient_norm active on node 2 — scaled trainable DELTA by 5.0x before DP/ZKP"}
{"time":"2026-07-23 19:46:47,583","level":"INFO","node":2,"msg":"[FC2 DELTA NORM] node 2 round=1 — fc2 delta norm this round: 0.5215"}
{"time":"2026-07-23 19:46:47,583","level":"INFO","node":2,"msg":"[FC2 DELTA CAP] node 2 round=1 — fc2 delta norm 0.5215 exceeded structural cap 0.5, capped (damage-bound, not detection)"}
{"time":"2026-07-23 19:46:53,639","level":"INFO","node":2,"msg":"[TIMING] node 2 round=1 ZKP proof generation (voter) took 6.04s"}
{"time":"2026-07-23 19:46:53,639","level":"INFO","node":2,"msg":"[TIMING] node 2 round=1 HE encryption (voter) took 0.00s"}
{"time":"2026-07-23 19:46:53,650","level":"INFO","node":2,"msg":"Forwarded to http://127.0.0.1:8003"}
{"time":"2026-07-23 19:47:32,792","level":"INFO","node":2,"msg":"Proposal for round=1 origin=1 changed hash after 55.16s — treating as a legitimate round retry, not equivocation."}
{"time":"2026-07-23 19:47:32,792","level":"INFO","node":2,"msg":"Proposal received: round=1 origin=1 hash=5f03919d969b..."}
{"time":"2026-07-23 19:47:32,804","level":"INFO","node":2,"msg":"Consensus vote recorded: node 1 decision=True reason=zkp_ok round=1 new=True satisfied=False"}
{"time":"2026-07-23 19:47:32,816","level":"INFO","node":2,"msg":"Received update from node 1, round 1"}
{"time":"2026-07-23 19:47:42,748","level":"INFO","node":2,"msg":"ZKP ACCEPTED from node 1"}
{"time":"2026-07-23 19:47:42,748","level":"INFO","node":2,"msg":"fc_in col7 delta self-cosine for node 1: -0.4054 (delta_norm=0.2186)"}
{"time":"2026-07-23 19:47:42,748","level":"INFO","node":2,"msg":"Trust score for node 1: S=0.000 (Z=1.00 A=0.00 P=0.50 R=1.00) advisory only"}
{"time":"2026-07-23 19:47:42,778","level":"INFO","node":2,"msg":"Sent consensus vote to node 0"}
{"time":"2026-07-23 19:47:42,780","level":"INFO","node":2,"msg":"Sent consensus vote to node 3"}
{"time":"2026-07-23 19:47:42,793","level":"INFO","node":2,"msg":"Sent consensus vote to node 1"}
{"time":"2026-07-23 19:47:42,825","level":"WARNING","node":2,"msg":"[ATTACK SIMULATION] gradient_norm active on node 2 — scaled trainable DELTA by 5.0x before DP/ZKP"}
{"time":"2026-07-23 19:47:42,826","level":"INFO","node":2,"msg":"[FC2 DELTA NORM] node 2 round=1 — fc2 delta norm this round: 0.4930"}
{"time":"2026-07-23 19:47:42,826","level":"WARNING","node":2,"msg":"ZKP norm violation (clipping applied): slack=-155940, retry=0"}
{"time":"2026-07-23 19:47:48,907","level":"INFO","node":2,"msg":"[TIMING] node 2 round=1 ZKP proof generation (voter) took 6.06s"}
{"time":"2026-07-23 19:47:48,907","level":"INFO","node":2,"msg":"[TIMING] node 2 round=1 HE encryption (voter) took 0.00s"}
{"time":"2026-07-23 19:47:48,931","level":"INFO","node":2,"msg":"Forwarded to http://127.0.0.1:8003"}
{"time":"2026-07-23 19:47:58,851","level":"INFO","node":2,"msg":"Prediction agreement with node 3 round=1: A=0.801"}
{"time":"2026-07-23 19:47:58,851","level":"INFO","node":2,"msg":"Consensus vote recorded: node 3 decision=True reason=zkp_ok round=1 new=True satisfied=True"}
{"time":"2026-07-23 19:48:15,319","level":"ERROR","node":2,"msg":"Node 1 EXCLUDED from proposing and quorum. Quorum requirement adjusted to 3 of 3 remaining trusted nodes."}
{"time":"2026-07-23 19:48:15,334","level":"ERROR","node":2,"msg":"Node 3 EXCLUDED from proposing and quorum. Quorum requirement adjusted to 2 of 2 remaining trusted nodes."}
{"time":"2026-07-23 19:58:45,261","level":"ERROR","node":2,"msg":"Node 0 EXCLUDED from proposing and quorum. Quorum requirement adjusted to 1 of 1 remaining trusted nodes."}
{"time":"2026-07-23 19:59:26,666","level":"INFO","node":2,"msg":"Received update from node 1, round 2"}
{"time":"2026-07-23 19:59:43,846","level":"INFO","node":2,"msg":"Received update from node 1, round 13"}
{"time":"2026-07-23 20:00:02,978","level":"INFO","node":2,"msg":"ZKP ACCEPTED from node 1"}
{"time":"2026-07-23 20:00:04,249","level":"WARNING","node":2,"msg":"No stored proposal for round=2 origin=1 — voting using fallback hash, may not match other peers"}
{"time":"2026-07-23 20:00:04,269","level":"INFO","node":2,"msg":"fc_in col7 delta self-cosine for node 1: -0.2153 (delta_norm=0.3402)"}
{"time":"2026-07-23 20:00:05,833","level":"INFO","node":2,"msg":"Per-class agreement with node 1: class0=0.769 class1=0.785 gap=0.016"}
{"time":"2026-07-23 20:00:05,846","level":"INFO","node":2,"msg":"Per-class rolling gap for node 1: mean=0.016 over last 1 round(s)"}
{"time":"2026-07-23 20:00:05,861","level":"INFO","node":2,"msg":"Trust score for node 1: S=0.663 (Z=1.00 A=0.77 P=0.50 R=1.00) advisory only"}
{"time":"2026-07-23 20:00:23,846","level":"INFO","node":2,"msg":"ZKP ACCEPTED from node 1"}
{"time":"2026-07-23 20:00:23,909","level":"WARNING","node":2,"msg":"[ATTACK SIMULATION] gradient_norm active on node 2 — scaled trainable DELTA by 5.0x before DP/ZKP"}
{"time":"2026-07-23 20:00:23,909","level":"INFO","node":2,"msg":"[FC2 DELTA NORM] node 2 round=2 — fc2 delta norm this round: 0.4495"}
{"time":"2026-07-23 20:00:25,103","level":"WARNING","node":2,"msg":"No stored proposal for round=13 origin=0 — voting using fallback hash, may not match other peers"}
{"time":"2026-07-23 20:00:25,666","level":"INFO","node":2,"msg":"Per-class agreement with node 0: class0=0.271 class1=0.395 gap=0.124"}
{"time":"2026-07-23 20:00:25,679","level":"INFO","node":2,"msg":"Per-class rolling gap for node 0: mean=0.124 over last 1 round(s)"}
{"time":"2026-07-23 20:00:25,700","level":"INFO","node":2,"msg":"Trust score for node 0: S=0.266 (Z=1.00 A=0.31 P=0.50 R=1.00) advisory only"}
{"time":"2026-07-23 20:00:42,374","level":"WARNING","node":2,"msg":"[ATTACK SIMULATION] gradient_norm active on node 2 — scaled trainable DELTA by 5.0x before DP/ZKP"}
{"time":"2026-07-23 20:00:42,388","level":"INFO","node":2,"msg":"[FC2 DELTA NORM] node 2 round=13 — fc2 delta norm this round: 0.3471"}
{"time":"2026-07-23 20:00:44,873","level":"INFO","node":2,"msg":"[TIMING] node 2 round=2 ZKP proof generation (voter) took 20.95s"}
{"time":"2026-07-23 20:00:44,881","level":"INFO","node":2,"msg":"[TIMING] node 2 round=2 HE encryption (voter) took 0.00s"}
{"time":"2026-07-23 20:00:45,020","level":"INFO","node":2,"msg":"Forwarded to http://127.0.0.1:8003"}
{"time":"2026-07-23 20:01:01,596","level":"INFO","node":2,"msg":"[TIMING] node 2 round=13 ZKP proof generation (voter) took 19.17s"}
{"time":"2026-07-23 20:01:01,597","level":"INFO","node":2,"msg":"[TIMING] node 2 round=13 HE encryption (voter) took 0.00s"}
{"time":"2026-07-23 20:01:01,680","level":"INFO","node":2,"msg":"Forwarded to http://127.0.0.1:8003"}
{"time":"2026-07-23 20:04:02,997","level":"INFO","node":2,"msg":"Received update from node 1, round 3"}
{"time":"2026-07-23 20:04:23,093","level":"INFO","node":2,"msg":"Received update from node 1, round 14"}
{"time":"2026-07-23 20:04:43,335","level":"INFO","node":2,"msg":"ZKP ACCEPTED from node 1"}
{"time":"2026-07-23 20:04:44,974","level":"WARNING","node":2,"msg":"No stored proposal for round=3 origin=1 — voting using fallback hash, may not match other peers"}
{"time":"2026-07-23 20:04:45,021","level":"INFO","node":2,"msg":"fc_in col7 delta self-cosine for node 1: -0.5359 (delta_norm=0.2427)"}
{"time":"2026-07-23 20:04:45,598","level":"INFO","node":2,"msg":"Per-class agreement with node 1: class0=0.981 class1=0.945 gap=0.037"}
{"time":"2026-07-23 20:04:45,630","level":"INFO","node":2,"msg":"Per-class rolling gap for node 1: mean=0.026 over last 2 round(s)"}
{"time":"2026-07-23 20:04:45,652","level":"INFO","node":2,"msg":"Trust score for node 1: S=0.831 (Z=1.00 A=0.97 P=0.50 R=1.00) advisory only"}
{"time":"2026-07-23 20:05:03,492","level":"INFO","node":2,"msg":"ZKP ACCEPTED from node 1"}
{"time":"2026-07-23 20:05:03,524","level":"WARNING","node":2,"msg":"[ATTACK SIMULATION] gradient_norm active on node 2 — scaled trainable DELTA by 5.0x before DP/ZKP"}
{"time":"2026-07-23 20:05:03,524","level":"INFO","node":2,"msg":"[FC2 DELTA NORM] node 2 round=3 — fc2 delta norm this round: 0.2306"}
{"time":"2026-07-23 20:05:03,524","level":"WARNING","node":2,"msg":"ZKP norm violation (clipping applied): slack=-132364, retry=0"}
{"time":"2026-07-23 20:05:05,172","level":"WARNING","node":2,"msg":"No stored proposal for round=14 origin=0 — voting using fallback hash, may not match other peers"}
{"time":"2026-07-23 20:05:05,186","level":"INFO","node":2,"msg":"fc_in col7 delta self-cosine for node 0: -0.3475 (delta_norm=0.2645)"}
{"time":"2026-07-23 20:05:05,693","level":"INFO","node":2,"msg":"Per-class agreement with node 0: class0=0.984 class1=0.965 gap=0.018"}
{"time":"2026-07-23 20:05:05,707","level":"INFO","node":2,"msg":"Per-class rolling gap for node 0: mean=0.071 over last 2 round(s)"}
{"time":"2026-07-23 20:05:05,727","level":"INFO","node":2,"msg":"Trust score for node 0: S=0.838 (Z=1.00 A=0.98 P=0.50 R=1.00) advisory only"}
{"time":"2026-07-23 20:05:24,363","level":"INFO","node":2,"msg":"[TIMING] node 2 round=3 ZKP proof generation (voter) took 20.82s"}
{"time":"2026-07-23 20:05:24,363","level":"INFO","node":2,"msg":"[TIMING] node 2 round=3 HE encryption (voter) took 0.00s"}
{"time":"2026-07-23 20:05:24,379","level":"INFO","node":2,"msg":"Forwarded to http://127.0.0.1:8003"}
{"time":"2026-07-23 20:05:24,411","level":"WARNING","node":2,"msg":"[ATTACK SIMULATION] gradient_norm active on node 2 — scaled trainable DELTA by 5.0x before DP/ZKP"}
{"time":"2026-07-23 20:05:24,422","level":"INFO","node":2,"msg":"[FC2 DELTA NORM] node 2 round=14 — fc2 delta norm this round: 0.0654"}
{"time":"2026-07-23 20:05:24,422","level":"WARNING","node":2,"msg":"ZKP norm violation (clipping applied): slack=-58496, retry=0"}
{"time":"2026-07-23 20:05:43,723","level":"INFO","node":2,"msg":"[TIMING] node 2 round=14 ZKP proof generation (voter) took 19.28s"}
{"time":"2026-07-23 20:05:43,725","level":"INFO","node":2,"msg":"[TIMING] node 2 round=14 HE encryption (voter) took 0.00s"}
{"time":"2026-07-23 20:05:43,822","level":"INFO","node":2,"msg":"Forwarded to http://127.0.0.1:8003"}
{"time":"2026-07-23 20:08:33,656","level":"INFO","node":2,"msg":"Received update from node 1, round 4"}
{"time":"2026-07-23 20:08:54,241","level":"INFO","node":2,"msg":"Received update from node 1, round 15"}
{"time":"2026-07-23 20:09:12,725","level":"INFO","node":2,"msg":"ZKP ACCEPTED from node 1"}
{"time":"2026-07-23 20:09:14,473","level":"WARNING","node":2,"msg":"No stored proposal for round=4 origin=1 — voting using fallback hash, may not match other peers"}
{"time":"2026-07-23 20:09:14,489","level":"INFO","node":2,"msg":"fc_in col7 delta self-cosine for node 1: -0.0014 (delta_norm=0.2294)"}
{"time":"2026-07-23 20:09:15,197","level":"INFO","node":2,"msg":"Per-class agreement with node 1: class0=0.982 class1=0.986 gap=0.004"}
{"time":"2026-07-23 20:09:15,229","level":"INFO","node":2,"msg":"Per-class rolling gap for node 1: mean=0.019 over last 3 round(s)"}
{"time":"2026-07-23 20:09:15,260","level":"INFO","node":2,"msg":"Trust score for node 1: S=0.843 (Z=1.00 A=0.98 P=0.50 R=1.00) advisory only"}
{"time":"2026-07-23 20:09:31,759","level":"WARNING","node":2,"msg":"[ATTACK SIMULATION] gradient_norm active on node 2 — scaled trainable DELTA by 5.0x before DP/ZKP"}
{"time":"2026-07-23 20:09:31,790","level":"INFO","node":2,"msg":"[FC2 DELTA NORM] node 2 round=4 — fc2 delta norm this round: 0.2117"}
{"time":"2026-07-23 20:09:33,660","level":"INFO","node":2,"msg":"ZKP ACCEPTED from node 1"}
{"time":"2026-07-23 20:09:35,545","level":"WARNING","node":2,"msg":"No stored proposal for round=15 origin=0 — voting using fallback hash, may not match other peers"}
{"time":"2026-07-23 20:09:35,561","level":"INFO","node":2,"msg":"fc_in col7 delta self-cosine for node 0: -0.0313 (delta_norm=0.2086)"}
{"time":"2026-07-23 20:09:36,539","level":"INFO","node":2,"msg":"Per-class agreement with node 0: class0=0.979 class1=0.971 gap=0.007"}
{"time":"2026-07-23 20:09:36,571","level":"INFO","node":2,"msg":"Per-class rolling gap for node 0: mean=0.050 over last 3 round(s)"}
{"time":"2026-07-23 20:09:36,603","level":"INFO","node":2,"msg":"Trust score for node 0: S=0.837 (Z=1.00 A=0.98 P=0.50 R=1.00) advisory only"}
{"time":"2026-07-23 20:09:51,767","level":"INFO","node":2,"msg":"[TIMING] node 2 round=4 ZKP proof generation (voter) took 19.85s"}
{"time":"2026-07-23 20:09:51,767","level":"INFO","node":2,"msg":"[TIMING] node 2 round=4 HE encryption (voter) took 0.00s"}
{"time":"2026-07-23 20:09:51,783","level":"INFO","node":2,"msg":"Forwarded to http://127.0.0.1:8003"}
{"time":"2026-07-23 20:09:51,815","level":"WARNING","node":2,"msg":"[ATTACK SIMULATION] gradient_norm active on node 2 — scaled trainable DELTA by 5.0x before DP/ZKP"}
{"time":"2026-07-23 20:09:51,815","level":"INFO","node":2,"msg":"[FC2 DELTA NORM] node 2 round=15 — fc2 delta norm this round: 0.2199"}
{"time":"2026-07-23 20:10:11,646","level":"INFO","node":2,"msg":"[TIMING] node 2 round=15 ZKP proof generation (voter) took 19.82s"}
{"time":"2026-07-23 20:10:11,646","level":"INFO","node":2,"msg":"[TIMING] node 2 round=15 HE encryption (voter) took 0.00s"}
{"time":"2026-07-23 20:10:11,790","level":"INFO","node":2,"msg":"Forwarded to http://127.0.0.1:8003"}
{"time":"2026-07-23 20:12:54,374","level":"INFO","node":2,"msg":"Received update from node 1, round 5"}
{"time":"2026-07-23 20:13:15,032","level":"INFO","node":2,"msg":"Received update from node 1, round 16"}
{"time":"2026-07-23 20:13:32,605","level":"INFO","node":2,"msg":"ZKP ACCEPTED from node 1"}
{"time":"2026-07-23 20:13:34,273","level":"WARNING","node":2,"msg":"No stored proposal for round=5 origin=1 — voting using fallback hash, may not match other peers"}
{"time":"2026-07-23 20:13:34,289","level":"INFO","node":2,"msg":"fc_in col7 delta self-cosine for node 1: -0.2810 (delta_norm=0.1715)"}
{"time":"2026-07-23 20:13:35,054","level":"INFO","node":2,"msg":"Per-class agreement with node 1: class0=0.983 class1=0.966 gap=0.017"}
{"time":"2026-07-23 20:13:35,086","level":"INFO","node":2,"msg":"Per-class rolling gap for node 1: mean=0.018 over last 4 round(s)"}
{"time":"2026-07-23 20:13:35,118","level":"INFO","node":2,"msg":"Trust score for node 1: S=0.838 (Z=1.00 A=0.98 P=0.50 R=1.00) advisory only"}
{"time":"2026-07-23 20:13:52,119","level":"INFO","node":2,"msg":"ZKP ACCEPTED from node 1"}
{"time":"2026-07-23 20:13:52,135","level":"WARNING","node":2,"msg":"[ATTACK SIMULATION] gradient_norm active on node 2 — scaled trainable DELTA by 5.0x before DP/ZKP"}
{"time":"2026-07-23 20:13:52,135","level":"INFO","node":2,"msg":"[FC2 DELTA NORM] node 2 round=5 — fc2 delta norm this round: 0.1004"}
{"time":"2026-07-23 20:13:52,135","level":"WARNING","node":2,"msg":"ZKP norm violation (clipping applied): slack=-83903, retry=0"}
{"time":"2026-07-23 20:13:53,883","level":"WARNING","node":2,"msg":"No stored proposal for round=16 origin=0 — voting using fallback hash, may not match other peers"}
{"time":"2026-07-23 20:13:53,914","level":"INFO","node":2,"msg":"fc_in col7 delta self-cosine for node 0: -0.2092 (delta_norm=0.2052)"}
{"time":"2026-07-23 20:13:55,048","level":"INFO","node":2,"msg":"Per-class agreement with node 0: class0=0.979 class1=0.964 gap=0.015"}
{"time":"2026-07-23 20:13:55,080","level":"INFO","node":2,"msg":"Per-class rolling gap for node 0: mean=0.041 over last 4 round(s)"}
{"time":"2026-07-23 20:13:55,096","level":"INFO","node":2,"msg":"Trust score for node 0: S=0.835 (Z=1.00 A=0.97 P=0.50 R=1.00) advisory only"}
{"time":"2026-07-23 20:14:11,386","level":"INFO","node":2,"msg":"[TIMING] node 2 round=5 ZKP proof generation (voter) took 19.24s"}
{"time":"2026-07-23 20:14:11,386","level":"INFO","node":2,"msg":"[TIMING] node 2 round=5 HE encryption (voter) took 0.00s"}
{"time":"2026-07-23 20:14:11,402","level":"INFO","node":2,"msg":"Forwarded to http://127.0.0.1:8003"}
{"time":"2026-07-23 20:14:11,420","level":"WARNING","node":2,"msg":"[ATTACK SIMULATION] gradient_norm active on node 2 — scaled trainable DELTA by 5.0x before DP/ZKP"}
{"time":"2026-07-23 20:14:11,422","level":"INFO","node":2,"msg":"[FC2 DELTA NORM] node 2 round=16 — fc2 delta norm this round: 0.1088"}
{"time":"2026-07-23 20:14:11,422","level":"WARNING","node":2,"msg":"ZKP norm violation (clipping applied): slack=-386385, retry=0"}
{"time":"2026-07-23 20:14:31,346","level":"INFO","node":2,"msg":"[TIMING] node 2 round=16 ZKP proof generation (voter) took 19.91s"}
{"time":"2026-07-23 20:14:31,346","level":"INFO","node":2,"msg":"[TIMING] node 2 round=16 HE encryption (voter) took 0.00s"}
{"time":"2026-07-23 20:14:31,489","level":"INFO","node":2,"msg":"Forwarded to http://127.0.0.1:8003"}
{"time":"2026-07-23 20:17:17,010","level":"INFO","node":2,"msg":"Received update from node 1, round 6"}
{"time":"2026-07-23 20:17:38,005","level":"INFO","node":2,"msg":"Received update from node 1, round 17"}
{"time":"2026-07-23 20:17:56,596","level":"INFO","node":2,"msg":"ZKP ACCEPTED from node 1"}
{"time":"2026-07-23 20:17:58,393","level":"WARNING","node":2,"msg":"No stored proposal for round=6 origin=1 — voting using fallback hash, may not match other peers"}
{"time":"2026-07-23 20:17:58,424","level":"INFO","node":2,"msg":"fc_in col7 delta self-cosine for node 1: -0.2304 (delta_norm=0.1916)"}
{"time":"2026-07-23 20:17:59,251","level":"INFO","node":2,"msg":"Per-class agreement with node 1: class0=0.984 class1=0.985 gap=0.001"}
{"time":"2026-07-23 20:17:59,266","level":"INFO","node":2,"msg":"Per-class rolling gap for node 1: mean=0.015 over last 4 round(s)"}
{"time":"2026-07-23 20:17:59,283","level":"INFO","node":2,"msg":"Trust score for node 1: S=0.844 (Z=1.00 A=0.98 P=0.50 R=1.00) advisory only"}
{"time":"2026-07-23 20:18:16,661","level":"INFO","node":2,"msg":"ZKP ACCEPTED from node 1"}
{"time":"2026-07-23 20:18:16,677","level":"WARNING","node":2,"msg":"[ATTACK SIMULATION] gradient_norm active on node 2 — scaled trainable DELTA by 5.0x before DP/ZKP"}
{"time":"2026-07-23 20:18:16,677","level":"INFO","node":2,"msg":"[FC2 DELTA NORM] node 2 round=6 — fc2 delta norm this round: 0.1445"}
{"time":"2026-07-23 20:18:18,425","level":"WARNING","node":2,"msg":"No stored proposal for round=17 origin=0 — voting using fallback hash, may not match other peers"}
{"time":"2026-07-23 20:18:18,457","level":"INFO","node":2,"msg":"fc_in col7 delta self-cosine for node 0: -0.2320 (delta_norm=0.1777)"}
{"time":"2026-07-23 20:18:19,632","level":"INFO","node":2,"msg":"Per-class agreement with node 0: class0=0.984 class1=0.984 gap=0.001"}
{"time":"2026-07-23 20:18:19,663","level":"INFO","node":2,"msg":"Per-class rolling gap for node 0: mean=0.010 over last 4 round(s)"}
{"time":"2026-07-23 20:18:19,695","level":"INFO","node":2,"msg":"Trust score for node 0: S=0.843 (Z=1.00 A=0.98 P=0.50 R=1.00) advisory only"}
{"time":"2026-07-23 20:18:35,927","level":"INFO","node":2,"msg":"[TIMING] node 2 round=6 ZKP proof generation (voter) took 19.23s"}
{"time":"2026-07-23 20:18:35,927","level":"INFO","node":2,"msg":"[TIMING] node 2 round=6 HE encryption (voter) took 0.00s"}
{"time":"2026-07-23 20:18:35,943","level":"INFO","node":2,"msg":"Forwarded to http://127.0.0.1:8003"}
{"time":"2026-07-23 20:18:35,991","level":"WARNING","node":2,"msg":"[ATTACK SIMULATION] gradient_norm active on node 2 — scaled trainable DELTA by 5.0x before DP/ZKP"}
{"time":"2026-07-23 20:18:35,991","level":"INFO","node":2,"msg":"[FC2 DELTA NORM] node 2 round=17 — fc2 delta norm this round: 0.1683"}
{"time":"2026-07-23 20:18:55,889","level":"INFO","node":2,"msg":"[TIMING] node 2 round=17 ZKP proof generation (voter) took 19.88s"}
{"time":"2026-07-23 20:18:55,889","level":"INFO","node":2,"msg":"[TIMING] node 2 round=17 HE encryption (voter) took 0.00s"}
{"time":"2026-07-23 20:18:55,953","level":"INFO","node":2,"msg":"Forwarded to http://127.0.0.1:8003"}
{"time":"2026-07-23 20:21:39,134","level":"INFO","node":2,"msg":"Received update from node 1, round 7"}
{"time":"2026-07-23 20:22:00,080","level":"INFO","node":2,"msg":"Received update from node 1, round 18"}
{"time":"2026-07-23 20:22:17,825","level":"INFO","node":2,"msg":"ZKP ACCEPTED from node 1"}
{"time":"2026-07-23 20:22:20,004","level":"WARNING","node":2,"msg":"No stored proposal for round=7 origin=1 — voting using fallback hash, may not match other peers"}
{"time":"2026-07-23 20:22:20,035","level":"INFO","node":2,"msg":"fc_in col7 delta self-cosine for node 1: -0.2917 (delta_norm=0.1860)"}
{"time":"2026-07-23 20:22:20,878","level":"INFO","node":2,"msg":"Per-class agreement with node 1: class0=0.981 class1=0.981 gap=0.000"}
{"time":"2026-07-23 20:22:20,910","level":"INFO","node":2,"msg":"Per-class rolling gap for node 1: mean=0.006 over last 4 round(s)"}
{"time":"2026-07-23 20:22:20,973","level":"INFO","node":2,"msg":"Trust score for node 1: S=0.841 (Z=1.00 A=0.98 P=0.50 R=1.00) advisory only"}
{"time":"2026-07-23 20:22:38,681","level":"INFO","node":2,"msg":"ZKP ACCEPTED from node 1"}
{"time":"2026-07-23 20:22:38,681","level":"WARNING","node":2,"msg":"[ATTACK SIMULATION] gradient_norm active on node 2 — scaled trainable DELTA by 5.0x before DP/ZKP"}
{"time":"2026-07-23 20:22:38,697","level":"INFO","node":2,"msg":"[FC2 DELTA NORM] node 2 round=7 — fc2 delta norm this round: 0.1316"}
{"time":"2026-07-23 20:22:40,321","level":"WARNING","node":2,"msg":"No stored proposal for round=18 origin=0 — voting using fallback hash, may not match other peers"}
{"time":"2026-07-23 20:22:40,353","level":"INFO","node":2,"msg":"fc_in col7 delta self-cosine for node 0: -0.4054 (delta_norm=0.1854)"}
{"time":"2026-07-23 20:22:41,228","level":"INFO","node":2,"msg":"Per-class agreement with node 0: class0=0.974 class1=0.973 gap=0.001"}
{"time":"2026-07-23 20:22:41,260","level":"INFO","node":2,"msg":"Per-class rolling gap for node 0: mean=0.006 over last 4 round(s)"}
{"time":"2026-07-23 20:22:41,324","level":"INFO","node":2,"msg":"Trust score for node 0: S=0.835 (Z=1.00 A=0.97 P=0.50 R=1.00) advisory only"}
{"time":"2026-07-23 20:22:58,095","level":"INFO","node":2,"msg":"[TIMING] node 2 round=7 ZKP proof generation (voter) took 19.38s"}
{"time":"2026-07-23 20:22:58,095","level":"INFO","node":2,"msg":"[TIMING] node 2 round=7 HE encryption (voter) took 0.00s"}
{"time":"2026-07-23 20:22:58,111","level":"INFO","node":2,"msg":"Forwarded to http://127.0.0.1:8003"}
{"time":"2026-07-23 20:22:58,127","level":"WARNING","node":2,"msg":"[ATTACK SIMULATION] gradient_norm active on node 2 — scaled trainable DELTA by 5.0x before DP/ZKP"}
{"time":"2026-07-23 20:22:58,127","level":"INFO","node":2,"msg":"[FC2 DELTA NORM] node 2 round=18 — fc2 delta norm this round: 0.1133"}
{"time":"2026-07-23 20:22:58,127","level":"WARNING","node":2,"msg":"ZKP norm violation (clipping applied): slack=-322980, retry=0"}
{"time":"2026-07-23 20:23:18,076","level":"INFO","node":2,"msg":"[TIMING] node 2 round=18 ZKP proof generation (voter) took 19.93s"}
{"time":"2026-07-23 20:23:18,092","level":"INFO","node":2,"msg":"[TIMING] node 2 round=18 HE encryption (voter) took 0.00s"}
{"time":"2026-07-23 20:23:18,267","level":"INFO","node":2,"msg":"Forwarded to http://127.0.0.1:8003"}
{"time":"2026-07-23 20:26:04,649","level":"INFO","node":2,"msg":"Received update from node 1, round 8"}
{"time":"2026-07-23 20:26:25,659","level":"INFO","node":2,"msg":"Received update from node 1, round 19"}
{"time":"2026-07-23 20:26:42,331","level":"INFO","node":2,"msg":"ZKP ACCEPTED from node 1"}
{"time":"2026-07-23 20:26:44,125","level":"WARNING","node":2,"msg":"No stored proposal for round=8 origin=1 — voting using fallback hash, may not match other peers"}
{"time":"2026-07-23 20:26:44,141","level":"INFO","node":2,"msg":"fc_in col7 delta self-cosine for node 1: -0.3001 (delta_norm=0.1834)"}
{"time":"2026-07-23 20:26:45,367","level":"INFO","node":2,"msg":"Per-class agreement with node 1: class0=0.961 class1=0.980 gap=0.019"}
{"time":"2026-07-23 20:26:45,399","level":"INFO","node":2,"msg":"Per-class rolling gap for node 1: mean=0.009 over last 4 round(s)"}
{"time":"2026-07-23 20:26:45,462","level":"INFO","node":2,"msg":"Trust score for node 1: S=0.829 (Z=1.00 A=0.97 P=0.50 R=1.00) advisory only"}
{"time":"2026-07-23 20:27:02,153","level":"INFO","node":2,"msg":"ZKP ACCEPTED from node 1"}
{"time":"2026-07-23 20:27:02,185","level":"WARNING","node":2,"msg":"[ATTACK SIMULATION] gradient_norm active on node 2 — scaled trainable DELTA by 5.0x before DP/ZKP"}
{"time":"2026-07-23 20:27:02,201","level":"INFO","node":2,"msg":"[FC2 DELTA NORM] node 2 round=8 — fc2 delta norm this round: 0.1256"}
{"time":"2026-07-23 20:27:03,826","level":"WARNING","node":2,"msg":"No stored proposal for round=19 origin=0 — voting using fallback hash, may not match other peers"}
{"time":"2026-07-23 20:27:03,890","level":"INFO","node":2,"msg":"fc_in col7 delta self-cosine for node 0: -0.4494 (delta_norm=0.1856)"}
{"time":"2026-07-23 20:27:04,749","level":"INFO","node":2,"msg":"Per-class agreement with node 0: class0=0.974 class1=0.980 gap=0.006"}
{"time":"2026-07-23 20:27:04,780","level":"INFO","node":2,"msg":"Per-class rolling gap for node 0: mean=0.006 over last 4 round(s)"}
{"time":"2026-07-23 20:27:04,813","level":"INFO","node":2,"msg":"Trust score for node 0: S=0.836 (Z=1.00 A=0.98 P=0.50 R=1.00) advisory only"}
{"time":"2026-07-23 20:27:21,419","level":"INFO","node":2,"msg":"[TIMING] node 2 round=8 ZKP proof generation (voter) took 19.20s"}
{"time":"2026-07-23 20:27:21,419","level":"INFO","node":2,"msg":"[TIMING] node 2 round=8 HE encryption (voter) took 0.00s"}
{"time":"2026-07-23 20:27:21,419","level":"INFO","node":2,"msg":"Forwarded to http://127.0.0.1:8003"}
{"time":"2026-07-23 20:27:21,450","level":"WARNING","node":2,"msg":"[ATTACK SIMULATION] gradient_norm active on node 2 — scaled trainable DELTA by 5.0x before DP/ZKP"}
{"time":"2026-07-23 20:27:21,450","level":"INFO","node":2,"msg":"[FC2 DELTA NORM] node 2 round=19 — fc2 delta norm this round: 0.1691"}
{"time":"2026-07-23 20:27:41,482","level":"INFO","node":2,"msg":"[TIMING] node 2 round=19 ZKP proof generation (voter) took 20.02s"}
{"time":"2026-07-23 20:27:41,482","level":"INFO","node":2,"msg":"[TIMING] node 2 round=19 HE encryption (voter) took 0.00s"}
{"time":"2026-07-23 20:27:41,609","level":"INFO","node":2,"msg":"Forwarded to http://127.0.0.1:8003"}
{"time":"2026-07-23 20:29:50,629","level":"INFO","node":2,"msg":"Received update from node 1, round 9"}
{"time":"2026-07-23 20:30:17,529","level":"INFO","node":2,"msg":"ZKP ACCEPTED from node 1"}
{"time":"2026-07-23 20:30:18,810","level":"WARNING","node":2,"msg":"No stored proposal for round=9 origin=1 — voting using fallback hash, may not match other peers"}
{"time":"2026-07-23 20:30:18,811","level":"INFO","node":2,"msg":"fc_in col7 delta self-cosine for node 1: -0.1981 (delta_norm=0.2338)"}
{"time":"2026-07-23 20:30:18,811","level":"INFO","node":2,"msg":"Per-class agreement with node 1: class0=0.967 class1=0.982 gap=0.015"}
{"time":"2026-07-23 20:30:18,811","level":"INFO","node":2,"msg":"Per-class rolling gap for node 1: mean=0.009 over last 4 round(s)"}
{"time":"2026-07-23 20:30:18,811","level":"INFO","node":2,"msg":"Trust score for node 1: S=0.833 (Z=1.00 A=0.97 P=0.50 R=1.00) advisory only"}
{"time":"2026-07-23 20:30:18,969","level":"WARNING","node":2,"msg":"[ATTACK SIMULATION] gradient_norm active on node 2 — scaled trainable DELTA by 5.0x before DP/ZKP"}
{"time":"2026-07-23 20:30:18,969","level":"INFO","node":2,"msg":"[FC2 DELTA NORM] node 2 round=9 — fc2 delta norm this round: 0.1229"}
{"time":"2026-07-23 20:30:18,969","level":"WARNING","node":2,"msg":"ZKP norm violation (clipping applied): slack=-122083, retry=0"}
{"time":"2026-07-23 20:30:37,332","level":"INFO","node":2,"msg":"[TIMING] node 2 round=9 ZKP proof generation (voter) took 18.35s"}
{"time":"2026-07-23 20:30:37,332","level":"INFO","node":2,"msg":"[TIMING] node 2 round=9 HE encryption (voter) took 0.00s"}
{"time":"2026-07-23 20:30:37,348","level":"INFO","node":2,"msg":"Forwarded to http://127.0.0.1:8003"}
{"time":"2026-07-23 20:32:29,605","level":"INFO","node":2,"msg":"Received update from node 1, round 10"}
{"time":"2026-07-23 20:32:57,481","level":"INFO","node":2,"msg":"ZKP ACCEPTED from node 1"}
{"time":"2026-07-23 20:32:58,756","level":"WARNING","node":2,"msg":"No stored proposal for round=10 origin=1 — voting using fallback hash, may not match other peers"}
{"time":"2026-07-23 20:32:58,759","level":"INFO","node":2,"msg":"fc_in col7 delta self-cosine for node 1: -0.3953 (delta_norm=0.1980)"}
{"time":"2026-07-23 20:32:58,759","level":"INFO","node":2,"msg":"Per-class agreement with node 1: class0=0.966 class1=0.975 gap=0.009"}
{"time":"2026-07-23 20:32:58,759","level":"INFO","node":2,"msg":"Per-class rolling gap for node 1: mean=0.011 over last 4 round(s)"}
{"time":"2026-07-23 20:32:58,759","level":"INFO","node":2,"msg":"Trust score for node 1: S=0.830 (Z=1.00 A=0.97 P=0.50 R=1.00) advisory only"}
{"time":"2026-07-23 20:32:58,883","level":"WARNING","node":2,"msg":"[ATTACK SIMULATION] gradient_norm active on node 2 — scaled trainable DELTA by 5.0x before DP/ZKP"}
{"time":"2026-07-23 20:32:58,883","level":"INFO","node":2,"msg":"[FC2 DELTA NORM] node 2 round=10 — fc2 delta norm this round: 0.1395"}
{"time":"2026-07-23 20:32:58,883","level":"WARNING","node":2,"msg":"ZKP norm violation (clipping applied): slack=-158328, retry=0"}
{"time":"2026-07-23 20:33:16,583","level":"INFO","node":2,"msg":"[TIMING] node 2 round=10 ZKP proof generation (voter) took 17.68s"}
{"time":"2026-07-23 20:33:16,583","level":"INFO","node":2,"msg":"[TIMING] node 2 round=10 HE encryption (voter) took 0.00s"}
{"time":"2026-07-23 20:33:16,599","level":"INFO","node":2,"msg":"Forwarded to http://127.0.0.1:8003"}
{"time":"2026-07-23 20:35:08,435","level":"INFO","node":2,"msg":"Received update from node 1, round 11"}
{"time":"2026-07-23 20:35:34,921","level":"INFO","node":2,"msg":"ZKP ACCEPTED from node 1"}
{"time":"2026-07-23 20:35:36,196","level":"WARNING","node":2,"msg":"No stored proposal for round=11 origin=1 — voting using fallback hash, may not match other peers"}
{"time":"2026-07-23 20:35:36,196","level":"INFO","node":2,"msg":"fc_in col7 delta self-cosine for node 1: -0.2490 (delta_norm=0.1895)"}
{"time":"2026-07-23 20:35:36,212","level":"INFO","node":2,"msg":"Per-class agreement with node 1: class0=0.959 class1=0.981 gap=0.022"}
{"time":"2026-07-23 20:35:36,212","level":"INFO","node":2,"msg":"Per-class rolling gap for node 1: mean=0.016 over last 4 round(s)"}
{"time":"2026-07-23 20:35:36,212","level":"INFO","node":2,"msg":"Trust score for node 1: S=0.828 (Z=1.00 A=0.97 P=0.50 R=1.00) advisory only"}
{"time":"2026-07-23 20:35:36,324","level":"WARNING","node":2,"msg":"[ATTACK SIMULATION] gradient_norm active on node 2 — scaled trainable DELTA by 5.0x before DP/ZKP"}
{"time":"2026-07-23 20:35:36,324","level":"INFO","node":2,"msg":"[FC2 DELTA NORM] node 2 round=11 — fc2 delta norm this round: 0.1364"}
{"time":"2026-07-23 20:35:36,324","level":"WARNING","node":2,"msg":"ZKP norm violation (clipping applied): slack=-54744, retry=0"}
{"time":"2026-07-23 20:35:53,822","level":"INFO","node":2,"msg":"[TIMING] node 2 round=11 ZKP proof generation (voter) took 17.48s"}
{"time":"2026-07-23 20:35:53,838","level":"INFO","node":2,"msg":"[TIMING] node 2 round=11 HE encryption (voter) took 0.00s"}
{"time":"2026-07-23 20:35:53,838","level":"INFO","node":2,"msg":"Forwarded to http://127.0.0.1:8003"}
{"time":"2026-07-23 20:37:45,554","level":"INFO","node":2,"msg":"Received update from node 1, round 12"}
{"time":"2026-07-23 20:38:13,092","level":"INFO","node":2,"msg":"ZKP ACCEPTED from node 1"}
{"time":"2026-07-23 20:38:14,366","level":"WARNING","node":2,"msg":"No stored proposal for round=12 origin=1 — voting using fallback hash, may not match other peers"}
{"time":"2026-07-23 20:38:14,366","level":"INFO","node":2,"msg":"fc_in col7 delta self-cosine for node 1: -0.2812 (delta_norm=0.1625)"}
{"time":"2026-07-23 20:38:14,366","level":"INFO","node":2,"msg":"Per-class agreement with node 1: class0=0.979 class1=0.987 gap=0.008"}
{"time":"2026-07-23 20:38:14,366","level":"INFO","node":2,"msg":"Per-class rolling gap for node 1: mean=0.013 over last 4 round(s)"}
{"time":"2026-07-23 20:38:14,366","level":"INFO","node":2,"msg":"Trust score for node 1: S=0.841 (Z=1.00 A=0.98 P=0.50 R=1.00) advisory only"}
{"time":"2026-07-23 20:38:14,493","level":"WARNING","node":2,"msg":"[ATTACK SIMULATION] gradient_norm active on node 2 — scaled trainable DELTA by 5.0x before DP/ZKP"}
{"time":"2026-07-23 20:38:14,493","level":"INFO","node":2,"msg":"[FC2 DELTA NORM] node 2 round=12 — fc2 delta norm this round: 0.0911"}
{"time":"2026-07-23 20:38:14,493","level":"WARNING","node":2,"msg":"ZKP norm violation (clipping applied): slack=-604934, retry=0"}
{"time":"2026-07-23 20:38:31,890","level":"INFO","node":2,"msg":"[TIMING] node 2 round=12 ZKP proof generation (voter) took 17.38s"}
{"time":"2026-07-23 20:38:31,890","level":"INFO","node":2,"msg":"[TIMING] node 2 round=12 HE encryption (voter) took 0.00s"}
{"time":"2026-07-23 20:38:31,890","level":"INFO","node":2,"msg":"Forwarded to http://127.0.0.1:8003"}
{"time":"2026-07-23 20:40:23,773","level":"INFO","node":2,"msg":"Received update from node 1, round 13"}
{"time":"2026-07-23 20:40:50,760","level":"INFO","node":2,"msg":"ZKP ACCEPTED from node 1"}
{"time":"2026-07-23 20:40:52,036","level":"WARNING","node":2,"msg":"No stored proposal for round=13 origin=1 — voting using fallback hash, may not match other peers"}
{"time":"2026-07-23 20:40:52,036","level":"INFO","node":2,"msg":"fc_in col7 delta self-cosine for node 1: -0.1585 (delta_norm=0.2023)"}
{"time":"2026-07-23 20:40:52,036","level":"INFO","node":2,"msg":"Per-class agreement with node 1: class0=0.981 class1=0.985 gap=0.004"}
{"time":"2026-07-23 20:40:52,036","level":"INFO","node":2,"msg":"Per-class rolling gap for node 1: mean=0.011 over last 4 round(s)"}
{"time":"2026-07-23 20:40:52,036","level":"INFO","node":2,"msg":"Trust score for node 1: S=0.842 (Z=1.00 A=0.98 P=0.50 R=1.00) advisory only"}
{"time":"2026-07-23 20:40:52,164","level":"WARNING","node":2,"msg":"[ATTACK SIMULATION] gradient_norm active on node 2 — scaled trainable DELTA by 5.0x before DP/ZKP"}
{"time":"2026-07-23 20:40:52,164","level":"INFO","node":2,"msg":"[FC2 DELTA NORM] node 2 round=13 — fc2 delta norm this round: 0.1128"}
{"time":"2026-07-23 20:41:09,792","level":"INFO","node":2,"msg":"[TIMING] node 2 round=13 ZKP proof generation (voter) took 17.61s"}
{"time":"2026-07-23 20:41:09,792","level":"INFO","node":2,"msg":"[TIMING] node 2 round=13 HE encryption (voter) took 0.00s"}
{"time":"2026-07-23 20:41:09,792","level":"INFO","node":2,"msg":"Forwarded to http://127.0.0.1:8003"}
{"time":"2026-07-23 20:43:01,594","level":"INFO","node":2,"msg":"Received update from node 1, round 14"}
{"time":"2026-07-23 20:43:28,310","level":"INFO","node":2,"msg":"ZKP ACCEPTED from node 1"}
{"time":"2026-07-23 20:43:29,587","level":"WARNING","node":2,"msg":"No stored proposal for round=14 origin=1 — voting using fallback hash, may not match other peers"}
{"time":"2026-07-23 20:43:29,587","level":"INFO","node":2,"msg":"fc_in col7 delta self-cosine for node 1: -0.3915 (delta_norm=0.1743)"}
{"time":"2026-07-23 20:43:29,602","level":"INFO","node":2,"msg":"Per-class agreement with node 1: class0=0.969 class1=0.984 gap=0.014"}
{"time":"2026-07-23 20:43:29,602","level":"INFO","node":2,"msg":"Per-class rolling gap for node 1: mean=0.012 over last 4 round(s)"}
{"time":"2026-07-23 20:43:29,602","level":"INFO","node":2,"msg":"Trust score for node 1: S=0.835 (Z=1.00 A=0.97 P=0.50 R=1.00) advisory only"}
{"time":"2026-07-23 20:43:29,714","level":"WARNING","node":2,"msg":"[ATTACK SIMULATION] gradient_norm active on node 2 — scaled trainable DELTA by 5.0x before DP/ZKP"}
{"time":"2026-07-23 20:43:29,714","level":"INFO","node":2,"msg":"[FC2 DELTA NORM] node 2 round=14 — fc2 delta norm this round: 0.1789"}
{"time":"2026-07-23 20:43:29,714","level":"WARNING","node":2,"msg":"ZKP norm violation (clipping applied): slack=-236286, retry=0"}
{"time":"2026-07-23 20:43:47,045","level":"INFO","node":2,"msg":"[TIMING] node 2 round=14 ZKP proof generation (voter) took 17.32s"}
{"time":"2026-07-23 20:43:47,045","level":"INFO","node":2,"msg":"[TIMING] node 2 round=14 HE encryption (voter) took 0.00s"}
{"time":"2026-07-23 20:43:47,061","level":"INFO","node":2,"msg":"Forwarded to http://127.0.0.1:8003"}
{"time":"2026-07-23 20:45:40,720","level":"INFO","node":2,"msg":"Received update from node 1, round 15"}
{"time":"2026-07-23 20:46:07,563","level":"INFO","node":2,"msg":"ZKP ACCEPTED from node 1"}
{"time":"2026-07-23 20:46:08,855","level":"WARNING","node":2,"msg":"No stored proposal for round=15 origin=1 — voting using fallback hash, may not match other peers"}
{"time":"2026-07-23 20:46:08,858","level":"INFO","node":2,"msg":"fc_in col7 delta self-cosine for node 1: -0.2954 (delta_norm=0.1806)"}
{"time":"2026-07-23 20:46:08,866","level":"INFO","node":2,"msg":"Per-class agreement with node 1: class0=0.972 class1=0.982 gap=0.010"}
{"time":"2026-07-23 20:46:08,866","level":"INFO","node":2,"msg":"Per-class rolling gap for node 1: mean=0.009 over last 4 round(s)"}
{"time":"2026-07-23 20:46:08,866","level":"INFO","node":2,"msg":"Trust score for node 1: S=0.836 (Z=1.00 A=0.98 P=0.50 R=1.00) advisory only"}
{"time":"2026-07-23 20:46:08,982","level":"WARNING","node":2,"msg":"[ATTACK SIMULATION] gradient_norm active on node 2 — scaled trainable DELTA by 5.0x before DP/ZKP"}
{"time":"2026-07-23 20:46:08,982","level":"INFO","node":2,"msg":"[FC2 DELTA NORM] node 2 round=15 — fc2 delta norm this round: 0.0564"}
{"time":"2026-07-23 20:46:27,705","level":"INFO","node":2,"msg":"[TIMING] node 2 round=15 ZKP proof generation (voter) took 18.71s"}
{"time":"2026-07-23 20:46:27,705","level":"INFO","node":2,"msg":"[TIMING] node 2 round=15 HE encryption (voter) took 0.00s"}
{"time":"2026-07-23 20:46:27,721","level":"INFO","node":2,"msg":"Forwarded to http://127.0.0.1:8003"}
{"time":"2026-07-23 20:48:19,452","level":"INFO","node":2,"msg":"Received update from node 1, round 16"}
{"time":"2026-07-23 21:23:51,986","level":"INFO","node":2,"msg":"ZKP ACCEPTED from node 1"}
{"time":"2026-07-23 21:23:53,128","level":"WARNING","node":2,"msg":"No stored proposal for round=16 origin=1 — voting using fallback hash, may not match other peers"}
{"time":"2026-07-23 21:23:53,129","level":"INFO","node":2,"msg":"fc_in col7 delta self-cosine for node 1: -0.2320 (delta_norm=0.1906)"}
{"time":"2026-07-23 21:23:53,141","level":"INFO","node":2,"msg":"Per-class agreement with node 1: class0=0.927 class1=0.971 gap=0.045"}
{"time":"2026-07-23 21:23:53,141","level":"INFO","node":2,"msg":"Per-class rolling gap for node 1: mean=0.018 over last 4 round(s)"}
{"time":"2026-07-23 21:23:53,141","level":"INFO","node":2,"msg":"Trust score for node 1: S=0.807 (Z=1.00 A=0.94 P=0.50 R=1.00) advisory only"}
{"time":"2026-07-23 21:23:53,364","level":"WARNING","node":2,"msg":"[ATTACK SIMULATION] gradient_norm active on node 2 — scaled trainable DELTA by 5.0x before DP/ZKP"}
{"time":"2026-07-23 21:23:53,364","level":"INFO","node":2,"msg":"[FC2 DELTA NORM] node 2 round=16 — fc2 delta norm this round: 0.1877"}
{"time":"2026-07-23 21:24:28,807","level":"INFO","node":2,"msg":"[TIMING] node 2 round=16 ZKP proof generation (voter) took 35.43s"}
{"time":"2026-07-23 21:24:28,811","level":"INFO","node":2,"msg":"[TIMING] node 2 round=16 HE encryption (voter) took 0.00s"}
{"time":"2026-07-23 21:24:28,829","level":"INFO","node":2,"msg":"Forwarded to http://127.0.0.1:8003"}
{"time":"2026-07-23 21:27:54,341","level":"INFO","node":2,"msg":"Received update from node 1, round 17"}
{"time":"2026-07-23 21:28:44,088","level":"INFO","node":2,"msg":"ZKP ACCEPTED from node 1"}
{"time":"2026-07-23 21:28:45,205","level":"WARNING","node":2,"msg":"No stored proposal for round=17 origin=1 — voting using fallback hash, may not match other peers"}
{"time":"2026-07-23 21:28:45,206","level":"INFO","node":2,"msg":"fc_in col7 delta self-cosine for node 1: -0.2607 (delta_norm=0.1848)"}
{"time":"2026-07-23 21:28:45,221","level":"INFO","node":2,"msg":"Per-class agreement with node 1: class0=0.934 class1=0.976 gap=0.042"}
{"time":"2026-07-23 21:28:45,221","level":"INFO","node":2,"msg":"Per-class rolling gap for node 1: mean=0.028 over last 4 round(s)"}
{"time":"2026-07-23 21:28:45,221","level":"INFO","node":2,"msg":"Trust score for node 1: S=0.812 (Z=1.00 A=0.95 P=0.50 R=1.00) advisory only"}
{"time":"2026-07-23 21:28:45,325","level":"WARNING","node":2,"msg":"[ATTACK SIMULATION] gradient_norm active on node 2 — scaled trainable DELTA by 5.0x before DP/ZKP"}
{"time":"2026-07-23 21:28:45,326","level":"INFO","node":2,"msg":"[FC2 DELTA NORM] node 2 round=17 — fc2 delta norm this round: 0.0709"}
{"time":"2026-07-23 21:29:16,679","level":"INFO","node":2,"msg":"[TIMING] node 2 round=17 ZKP proof generation (voter) took 31.34s"}
{"time":"2026-07-23 21:29:16,679","level":"INFO","node":2,"msg":"[TIMING] node 2 round=17 HE encryption (voter) took 0.00s"}
{"time":"2026-07-23 21:29:16,687","level":"INFO","node":2,"msg":"Forwarded to http://127.0.0.1:8003"}
{"time":"2026-07-23 21:32:53,722","level":"INFO","node":2,"msg":"Received update from node 1, round 18"}
{"time":"2026-07-23 21:33:45,596","level":"INFO","node":2,"msg":"ZKP ACCEPTED from node 1"}
{"time":"2026-07-23 21:33:46,716","level":"WARNING","node":2,"msg":"No stored proposal for round=18 origin=1 — voting using fallback hash, may not match other peers"}
{"time":"2026-07-23 21:33:46,717","level":"INFO","node":2,"msg":"fc_in col7 delta self-cosine for node 1: -0.4525 (delta_norm=0.1941)"}
{"time":"2026-07-23 21:33:46,734","level":"INFO","node":2,"msg":"Per-class agreement with node 1: class0=0.963 class1=0.983 gap=0.020"}
{"time":"2026-07-23 21:33:46,734","level":"INFO","node":2,"msg":"Per-class rolling gap for node 1: mean=0.029 over last 4 round(s)"}
{"time":"2026-07-23 21:33:46,734","level":"INFO","node":2,"msg":"Trust score for node 1: S=0.831 (Z=1.00 A=0.97 P=0.50 R=1.00) advisory only"}
{"time":"2026-07-23 21:33:46,852","level":"WARNING","node":2,"msg":"[ATTACK SIMULATION] gradient_norm active on node 2 — scaled trainable DELTA by 5.0x before DP/ZKP"}
{"time":"2026-07-23 21:33:46,852","level":"INFO","node":2,"msg":"[FC2 DELTA NORM] node 2 round=18 — fc2 delta norm this round: 0.1216"}
{"time":"2026-07-23 21:33:46,855","level":"WARNING","node":2,"msg":"ZKP norm violation (clipping applied): slack=-229598, retry=0"}
{"time":"2026-07-23 21:34:33,971","level":"INFO","node":2,"msg":"[TIMING] node 2 round=18 ZKP proof generation (voter) took 47.10s"}
{"time":"2026-07-23 21:34:33,971","level":"INFO","node":2,"msg":"[TIMING] node 2 round=18 HE encryption (voter) took 0.00s"}
{"time":"2026-07-23 21:34:34,034","level":"INFO","node":2,"msg":"Forwarded to http://127.0.0.1:8003"}
{"time":"2026-07-23 21:39:42,267","level":"INFO","node":2,"msg":"Received update from node 1, round 19"}
{"time":"2026-07-23 21:40:39,976","level":"INFO","node":2,"msg":"ZKP ACCEPTED from node 1"}
{"time":"2026-07-23 21:40:41,080","level":"WARNING","node":2,"msg":"No stored proposal for round=19 origin=1 — voting using fallback hash, may not match other peers"}
{"time":"2026-07-23 21:40:41,082","level":"INFO","node":2,"msg":"fc_in col7 delta self-cosine for node 1: -0.3549 (delta_norm=0.1648)"}
{"time":"2026-07-23 21:40:41,109","level":"INFO","node":2,"msg":"Per-class agreement with node 1: class0=0.946 class1=0.970 gap=0.024"}
{"time":"2026-07-23 21:40:41,110","level":"INFO","node":2,"msg":"Per-class rolling gap for node 1: mean=0.033 over last 4 round(s)"}
{"time":"2026-07-23 21:40:41,110","level":"INFO","node":2,"msg":"Trust score for node 1: S=0.818 (Z=1.00 A=0.95 P=0.50 R=1.00) advisory only"}
{"time":"2026-07-23 21:40:41,278","level":"WARNING","node":2,"msg":"[ATTACK SIMULATION] gradient_norm active on node 2 — scaled trainable DELTA by 5.0x before DP/ZKP"}
{"time":"2026-07-23 21:40:41,278","level":"INFO","node":2,"msg":"[FC2 DELTA NORM] node 2 round=19 — fc2 delta norm this round: 0.1042"}
{"time":"2026-07-23 21:41:19,056","level":"INFO","node":2,"msg":"[TIMING] node 2 round=19 ZKP proof generation (voter) took 37.76s"}
{"time":"2026-07-23 21:41:19,059","level":"INFO","node":2,"msg":"[TIMING] node 2 round=19 HE encryption (voter) took 0.00s"}
{"time":"2026-07-23 21:41:19,168","level":"INFO","node":2,"msg":"Forwarded to http://127.0.0.1:8003"}
{"time":"2026-07-24 14:10:59,448","level":"INFO","node":2,"msg":"Starting node 2: Rural Health Centre"}
{"time":"2026-07-24 14:10:59,448","level":"INFO","node":2,"msg":"[CONFIG DEBUG] attack_simulation loaded: enabled=False target_node=2 type=gradient_norm config_path=config_dev.json"}
{"time":"2026-07-24 14:10:59,522","level":"WARNING","node":2,"msg":"DEV MODE: running without TLS"}
{"time":"2026-07-24 14:10:59,522","level":"INFO","node":2,"msg":"Listening on 127.0.0.1:8002 | TLS=False"}
{"time":"2026-07-24 14:11:02,661","level":"INFO","node":2,"msg":"Consensus pubkey received from node 1"}
{"time":"2026-07-24 14:11:02,674","level":"INFO","node":2,"msg":"Key exchange complete with node 1"}
{"time":"2026-07-24 14:11:04,543","level":"INFO","node":2,"msg":"Sent consensus pubkey to node 0"}
{"time":"2026-07-24 14:11:04,559","level":"INFO","node":2,"msg":"Sent public key to node 0"}
{"time":"2026-07-24 14:11:04,564","level":"INFO","node":2,"msg":"Sent consensus pubkey to node 1"}
{"time":"2026-07-24 14:11:04,575","level":"INFO","node":2,"msg":"Sent consensus pubkey to node 3"}
{"time":"2026-07-24 14:11:04,580","level":"INFO","node":2,"msg":"Sent public key to node 1"}
{"time":"2026-07-24 14:11:04,585","level":"INFO","node":2,"msg":"Sent public key to node 3"}
{"time":"2026-07-24 14:11:07,153","level":"INFO","node":2,"msg":"Key exchange complete with node 3"}
{"time":"2026-07-24 14:11:07,163","level":"INFO","node":2,"msg":"Consensus pubkey received from node 3"}
{"time":"2026-07-24 14:11:14,105","level":"INFO","node":2,"msg":"Key exchange complete with node 0"}
{"time":"2026-07-24 14:11:14,143","level":"INFO","node":2,"msg":"Consensus pubkey received from node 0"}
{"time":"2026-07-24 14:11:22,186","level":"INFO","node":2,"msg":"Proposal received: round=0 origin=0 hash=5c7851ea9a75..."}
{"time":"2026-07-24 14:11:22,224","level":"INFO","node":2,"msg":"Consensus vote recorded: node 0 decision=True reason=zkp_ok round=0 new=True satisfied=False"}
{"time":"2026-07-24 14:11:31,972","level":"INFO","node":2,"msg":"Consensus vote recorded: node 1 decision=True reason=zkp_ok round=0 new=True satisfied=False"}
{"time":"2026-07-24 14:11:39,327","level":"INFO","node":2,"msg":"Received update from node 1, round 0"}
{"time":"2026-07-24 14:11:48,915","level":"INFO","node":2,"msg":"ZKP ACCEPTED from node 1"}
{"time":"2026-07-24 14:11:48,922","level":"INFO","node":2,"msg":"Trust score for node 0: S=0.429 (Z=1.00 A=0.50 P=0.50 R=1.00) advisory only"}
{"time":"2026-07-24 14:11:48,931","level":"INFO","node":2,"msg":"Sent consensus vote to node 3"}
{"time":"2026-07-24 14:11:48,931","level":"INFO","node":2,"msg":"Sent consensus vote to node 0"}
{"time":"2026-07-24 14:11:48,932","level":"INFO","node":2,"msg":"Sent consensus vote to node 1"}
{"time":"2026-07-24 14:11:50,106","level":"INFO","node":2,"msg":"[FC2 DELTA NORM] node 2 round=0 — fc2 delta norm this round: 0.1071"}
{"time":"2026-07-24 14:11:56,248","level":"INFO","node":2,"msg":"[TIMING] node 2 round=0 ZKP proof generation (voter) took 6.13s"}
{"time":"2026-07-24 14:11:56,250","level":"INFO","node":2,"msg":"[TIMING] node 2 round=0 HE encryption (voter) took 0.00s"}
{"time":"2026-07-24 14:11:56,254","level":"INFO","node":2,"msg":"Forwarded to http://127.0.0.1:8003"}
{"time":"2026-07-24 14:12:05,957","level":"INFO","node":2,"msg":"Prediction agreement with node 3 round=0: A=0.634"}
{"time":"2026-07-24 14:12:05,959","level":"INFO","node":2,"msg":"Consensus vote recorded: node 3 decision=True reason=zkp_ok round=0 new=True satisfied=True"}
{"time":"2026-07-24 14:12:13,515","level":"INFO","node":2,"msg":"Synced weights from master for round 0"}
{"time":"2026-07-24 14:12:13,538","level":"INFO","node":2,"msg":"Sent commit vote to node 0"}
{"time":"2026-07-24 14:12:20,089","level":"INFO","node":2,"msg":"Proposal received: round=1 origin=1 hash=4354c2df3e2b..."}
{"time":"2026-07-24 14:12:20,122","level":"INFO","node":2,"msg":"Consensus vote recorded: node 1 decision=True reason=zkp_ok round=1 new=True satisfied=False"}
{"time":"2026-07-24 14:12:20,129","level":"INFO","node":2,"msg":"Received update from node 1, round 1"}
{"time":"2026-07-24 14:12:30,056","level":"INFO","node":2,"msg":"ZKP ACCEPTED from node 1"}
{"time":"2026-07-24 14:12:30,070","level":"INFO","node":2,"msg":"Trust score for node 1: S=0.429 (Z=1.00 A=0.50 P=0.50 R=1.00) advisory only"}
{"time":"2026-07-24 14:12:30,090","level":"INFO","node":2,"msg":"Sent consensus vote to node 1"}
{"time":"2026-07-24 14:12:30,101","level":"INFO","node":2,"msg":"Sent consensus vote to node 3"}
{"time":"2026-07-24 14:12:30,102","level":"INFO","node":2,"msg":"Sent consensus vote to node 0"}
{"time":"2026-07-24 14:12:30,129","level":"INFO","node":2,"msg":"[FC2 DELTA NORM] node 2 round=1 — fc2 delta norm this round: 0.1061"}
{"time":"2026-07-24 14:12:42,647","level":"INFO","node":2,"msg":"[TIMING] node 2 round=1 ZKP proof generation (voter) took 12.51s"}
{"time":"2026-07-24 14:12:42,647","level":"INFO","node":2,"msg":"[TIMING] node 2 round=1 HE encryption (voter) took 0.00s"}
{"time":"2026-07-24 14:12:42,667","level":"INFO","node":2,"msg":"Forwarded to http://127.0.0.1:8003"}
{"time":"2026-07-24 14:12:55,480","level":"INFO","node":2,"msg":"Prediction agreement with node 3 round=1: A=0.983"}
{"time":"2026-07-24 14:12:55,480","level":"INFO","node":2,"msg":"Consensus vote recorded: node 3 decision=True reason=zkp_ok round=1 new=True satisfied=True"}
{"time":"2026-07-24 14:13:11,433","level":"INFO","node":2,"msg":"Prediction agreement with node 0 round=1: A=0.978"}
{"time":"2026-07-24 14:13:11,434","level":"INFO","node":2,"msg":"Consensus vote recorded: node 0 decision=True reason=zkp_ok round=1 new=True satisfied=True"}
{"time":"2026-07-24 14:13:17,674","level":"INFO","node":2,"msg":"Synced weights from master for round 1"}
{"time":"2026-07-24 14:13:17,702","level":"INFO","node":2,"msg":"Sent commit vote to node 1"}
{"time":"2026-07-24 14:13:17,712","level":"INFO","node":2,"msg":"My turn — starting round 3 as proposer."}
{"time":"2026-07-24 14:13:17,713","level":"INFO","node":2,"msg":"Starting round 3"}
{"time":"2026-07-24 14:13:17,747","level":"INFO","node":2,"msg":"[FC2 DELTA NORM] node 2 round=2 — fc2 delta norm this round: 0.1054"}
{"time":"2026-07-24 14:13:24,045","level":"INFO","node":2,"msg":"[TIMING] node 2 round=2 ZKP proof generation took 6.28s"}
{"time":"2026-07-24 14:13:24,045","level":"INFO","node":2,"msg":"[TIMING] node 2 round=2 HE encryption took 0.00s"}
{"time":"2026-07-24 14:13:24,060","level":"INFO","node":2,"msg":"Sent proposal to node 0"}
{"time":"2026-07-24 14:13:24,064","level":"INFO","node":2,"msg":"Sent proposal to node 3"}
{"time":"2026-07-24 14:13:24,075","level":"INFO","node":2,"msg":"Sent proposal to node 1"}
{"time":"2026-07-24 14:13:24,083","level":"INFO","node":2,"msg":"Sent consensus vote to node 0"}
{"time":"2026-07-24 14:13:24,084","level":"INFO","node":2,"msg":"Sent consensus vote to node 3"}
{"time":"2026-07-24 14:13:24,086","level":"INFO","node":2,"msg":"Sent consensus vote to node 1"}
{"time":"2026-07-24 14:13:24,090","level":"INFO","node":2,"msg":"Forwarded to http://127.0.0.1:8003"}
{"time":"2026-07-24 14:13:33,899","level":"INFO","node":2,"msg":"Consensus vote recorded: node 3 decision=True reason=zkp_ok round=2 new=True satisfied=False"}
{"time":"2026-07-24 14:13:49,726","level":"INFO","node":2,"msg":"Consensus vote recorded: node 0 decision=True reason=zkp_ok round=2 new=True satisfied=True"}
{"time":"2026-07-24 14:14:05,610","level":"INFO","node":2,"msg":"Consensus vote recorded: node 1 decision=True reason=zkp_ok round=2 new=True satisfied=True"}
{"time":"2026-07-24 14:14:11,745","level":"INFO","node":2,"msg":"Received update from node 1, round 2"}
{"time":"2026-07-24 14:14:11,745","level":"INFO","node":2,"msg":"Round 3 complete — aggregating"}
{"time":"2026-07-24 14:14:11,745","level":"INFO","node":2,"msg":"Round 3 accuracy gate skipped (warm-up period, candidate_acc=0.6818)"}
{"time":"2026-07-24 14:14:11,770","level":"INFO","node":2,"msg":"Commit vote recorded: node 1 decision=True round=2 satisfied=False"}
{"time":"2026-07-24 14:14:11,779","level":"INFO","node":2,"msg":"Commit vote recorded: node 3 decision=True round=2 satisfied=True"}
{"time":"2026-07-24 14:14:11,780","level":"INFO","node":2,"msg":"Broadcast weights to node 1"}
{"time":"2026-07-24 14:14:11,780","level":"INFO","node":2,"msg":"Round 3 COMMITTED — model hash agreed by [2, 1, 3]"}
{"time":"2026-07-24 14:14:11,781","level":"INFO","node":2,"msg":"Commit certificate saved to C:\Users\mousu\OneDrive\Desktop\Set A\securefedhe\dashboard\certificates\round_2.json"}
{"time":"2026-07-24 14:14:11,782","level":"INFO","node":2,"msg":"Commit vote recorded: node 0 decision=True round=2 satisfied=True"}
{"time":"2026-07-24 14:14:11,784","level":"INFO","node":2,"msg":"Broadcast weights to node 3"}
{"time":"2026-07-24 14:14:11,785","level":"INFO","node":2,"msg":"Broadcast weights to node 0"}
{"time":"2026-07-24 14:14:11,794","level":"INFO","node":2,"msg":"Checkpoint saved to C:\Users\mousu\OneDrive\Desktop\Set A\securefedhe\dashboard\model_latest.pt"}
{"time":"2026-07-24 14:14:11,794","level":"INFO","node":2,"msg":"Round 3 complete | accuracy=0.6818 | duration=54.08s"}
{"time":"2026-07-24 14:14:11,794","level":"INFO","node":2,"msg":"Round 4 belongs to node 3 — waiting for their proposal."}
{"time":"2026-07-24 14:14:11,798","level":"INFO","node":2,"msg":"Notified next proposer to node 3"}
{"time":"2026-07-24 14:14:11,799","level":"INFO","node":2,"msg":"[WATCHDOG SPAWNED] round=3 expected_proposer=3 timeout_s=600 spawned_at=14:14:11"}
{"time":"2026-07-24 14:14:18,267","level":"INFO","node":2,"msg":"Proposal received: round=3 origin=3 hash=eaec361b929f..."}
{"time":"2026-07-24 14:14:18,278","level":"INFO","node":2,"msg":"Consensus vote recorded: node 3 decision=True reason=zkp_ok round=3 new=True satisfied=False"}
{"time":"2026-07-24 14:14:28,102","level":"INFO","node":2,"msg":"Consensus vote recorded: node 0 decision=True reason=zkp_ok round=3 new=True satisfied=False"}
{"time":"2026-07-24 14:14:44,222","level":"INFO","node":2,"msg":"Consensus vote recorded: node 1 decision=True reason=zkp_ok round=3 new=True satisfied=True"}
{"time":"2026-07-24 14:14:50,682","level":"INFO","node":2,"msg":"Received update from node 1, round 3"}
{"time":"2026-07-24 14:15:00,443","level":"INFO","node":2,"msg":"ZKP ACCEPTED from node 1"}
{"time":"2026-07-24 14:15:00,447","level":"INFO","node":2,"msg":"Trust score for node 3: S=0.434 (Z=1.00 A=0.50 P=0.54 R=1.00) advisory only"}
{"time":"2026-07-24 14:15:00,467","level":"INFO","node":2,"msg":"Sent consensus vote to node 3"}
{"time":"2026-07-24 14:15:00,467","level":"INFO","node":2,"msg":"Sent consensus vote to node 1"}
{"time":"2026-07-24 14:15:00,467","level":"INFO","node":2,"msg":"Sent consensus vote to node 0"}
{"time":"2026-07-24 14:15:00,499","level":"INFO","node":2,"msg":"[FC2 DELTA NORM] node 2 round=3 — fc2 delta norm this round: 0.1054"}
{"time":"2026-07-24 14:15:06,834","level":"INFO","node":2,"msg":"[TIMING] node 2 round=3 ZKP proof generation (voter) took 6.32s"}
{"time":"2026-07-24 14:15:06,834","level":"INFO","node":2,"msg":"[TIMING] node 2 round=3 HE encryption (voter) took 0.00s"}
{"time":"2026-07-24 14:15:06,834","level":"INFO","node":2,"msg":"Forwarded to http://127.0.0.1:8003"}
{"time":"2026-07-24 14:15:06,867","level":"INFO","node":2,"msg":"Synced weights from master for round 3"}
{"time":"2026-07-24 14:15:06,867","level":"INFO","node":2,"msg":"Sent commit vote to node 3"}
{"time":"2026-07-24 14:15:13,524","level":"INFO","node":2,"msg":"Proposal received: round=4 origin=0 hash=2b2c713b6a7a..."}
{"time":"2026-07-24 14:15:13,550","level":"INFO","node":2,"msg":"Consensus vote recorded: node 0 decision=True reason=zkp_ok round=4 new=True satisfied=False"}
{"time":"2026-07-24 14:15:24,090","level":"INFO","node":2,"msg":"Consensus vote recorded: node 1 decision=True reason=zkp_ok round=4 new=True satisfied=False"}
{"time":"2026-07-24 14:15:30,834","level":"INFO","node":2,"msg":"Received update from node 1, round 4"}
{"time":"2026-07-24 14:15:59,761","level":"INFO","node":2,"msg":"ZKP ACCEPTED from node 1"}
{"time":"2026-07-24 14:15:59,774","level":"INFO","node":2,"msg":"Per-class agreement with node 0: class0=0.815 class1=0.597 gap=0.217"}
{"time":"2026-07-24 14:15:59,775","level":"INFO","node":2,"msg":"Per-class rolling gap for node 0: mean=0.217 over last 1 round(s)"}
{"time":"2026-07-24 14:15:59,779","level":"INFO","node":2,"msg":"Trust score for node 0: S=0.666 (Z=1.00 A=0.75 P=0.63 R=1.00) advisory only"}
{"time":"2026-07-24 14:15:59,833","level":"INFO","node":2,"msg":"Sent consensus vote to node 0"}
{"time":"2026-07-24 14:15:59,835","level":"INFO","node":2,"msg":"Sent consensus vote to node 3"}
{"time":"2026-07-24 14:15:59,836","level":"INFO","node":2,"msg":"Sent consensus vote to node 1"}
{"time":"2026-07-24 14:15:59,958","level":"INFO","node":2,"msg":"[FC2 DELTA NORM] node 2 round=4 — fc2 delta norm this round: 0.1040"}
{"time":"2026-07-24 14:16:17,895","level":"INFO","node":2,"msg":"[TIMING] node 2 round=4 ZKP proof generation (voter) took 17.93s"}
{"time":"2026-07-24 14:16:17,897","level":"INFO","node":2,"msg":"[TIMING] node 2 round=4 HE encryption (voter) took 0.00s"}
{"time":"2026-07-24 14:16:17,919","level":"INFO","node":2,"msg":"Forwarded to http://127.0.0.1:8003"}
{"time":"2026-07-24 14:16:37,862","level":"INFO","node":2,"msg":"Prediction agreement with node 3 round=4: A=0.978"}
{"time":"2026-07-24 14:16:37,862","level":"INFO","node":2,"msg":"Consensus vote recorded: node 3 decision=True reason=zkp_ok round=4 new=True satisfied=True"}
{"time":"2026-07-24 14:17:00,807","level":"INFO","node":2,"msg":"Synced weights from master for round 4"}
{"time":"2026-07-24 14:17:00,842","level":"INFO","node":2,"msg":"Sent commit vote to node 0"}
{"time":"2026-07-24 14:17:22,876","level":"INFO","node":2,"msg":"Proposal received: round=5 origin=1 hash=dd10cbb0b43c..."}
{"time":"2026-07-24 14:17:22,904","level":"INFO","node":2,"msg":"Consensus vote recorded: node 1 decision=True reason=zkp_ok round=5 new=True satisfied=False"}
{"time":"2026-07-24 14:17:22,939","level":"INFO","node":2,"msg":"Received update from node 1, round 5"}
{"time":"2026-07-24 14:17:54,526","level":"INFO","node":2,"msg":"ZKP ACCEPTED from node 1"}
{"time":"2026-07-24 14:17:54,539","level":"INFO","node":2,"msg":"Per-class agreement with node 1: class0=0.721 class1=0.891 gap=0.170"}
{"time":"2026-07-24 14:17:54,539","level":"INFO","node":2,"msg":"Per-class rolling gap for node 1: mean=0.170 over last 1 round(s)"}
{"time":"2026-07-24 14:17:54,545","level":"INFO","node":2,"msg":"Trust score for node 1: S=0.705 (Z=1.00 A=0.78 P=0.68 R=1.00) advisory only"}
{"time":"2026-07-24 14:17:54,596","level":"INFO","node":2,"msg":"Sent consensus vote to node 1"}
{"time":"2026-07-24 14:17:54,596","level":"INFO","node":2,"msg":"Sent consensus vote to node 0"}
{"time":"2026-07-24 14:17:54,597","level":"INFO","node":2,"msg":"Sent consensus vote to node 3"}
{"time":"2026-07-24 14:17:54,716","level":"INFO","node":2,"msg":"[FC2 DELTA NORM] node 2 round=5 — fc2 delta norm this round: 0.1073"}
{"time":"2026-07-24 14:18:10,630","level":"INFO","node":2,"msg":"[TIMING] node 2 round=5 ZKP proof generation (voter) took 15.90s"}
{"time":"2026-07-24 14:18:10,630","level":"INFO","node":2,"msg":"[TIMING] node 2 round=5 HE encryption (voter) took 0.00s"}
{"time":"2026-07-24 14:18:10,646","level":"INFO","node":2,"msg":"Forwarded to http://127.0.0.1:8003"}
{"time":"2026-07-24 14:18:32,851","level":"INFO","node":2,"msg":"Prediction agreement with node 3 round=5: A=0.964"}
{"time":"2026-07-24 14:18:32,851","level":"INFO","node":2,"msg":"Consensus vote recorded: node 3 decision=True reason=zkp_ok round=5 new=True satisfied=True"}
{"time":"2026-07-24 14:19:26,289","level":"INFO","node":2,"msg":"Prediction agreement with node 0 round=5: A=0.951"}
{"time":"2026-07-24 14:19:26,290","level":"INFO","node":2,"msg":"Consensus vote recorded: node 0 decision=True reason=zkp_ok round=5 new=True satisfied=True"}
{"time":"2026-07-24 14:19:41,439","level":"INFO","node":2,"msg":"Synced weights from master for round 5"}
{"time":"2026-07-24 14:19:41,451","level":"INFO","node":2,"msg":"Sent commit vote to node 1"}
{"time":"2026-07-24 14:19:41,477","level":"INFO","node":2,"msg":"My turn — starting round 7 as proposer."}
{"time":"2026-07-24 14:19:41,479","level":"INFO","node":2,"msg":"Starting round 7"}
{"time":"2026-07-24 14:19:41,530","level":"INFO","node":2,"msg":"[FC2 DELTA NORM] node 2 round=6 — fc2 delta norm this round: 0.1054"}
{"time":"2026-07-24 14:19:49,680","level":"INFO","node":2,"msg":"[TIMING] node 2 round=6 ZKP proof generation took 8.14s"}
{"time":"2026-07-24 14:19:49,680","level":"INFO","node":2,"msg":"[TIMING] node 2 round=6 HE encryption took 0.00s"}
{"time":"2026-07-24 14:19:49,687","level":"INFO","node":2,"msg":"Sent proposal to node 0"}
{"time":"2026-07-24 14:19:49,688","level":"INFO","node":2,"msg":"Sent proposal to node 1"}
{"time":"2026-07-24 14:19:49,697","level":"INFO","node":2,"msg":"Sent proposal to node 3"}
{"time":"2026-07-24 14:19:49,708","level":"INFO","node":2,"msg":"Sent consensus vote to node 1"}
{"time":"2026-07-24 14:19:49,708","level":"INFO","node":2,"msg":"Sent consensus vote to node 0"}
{"time":"2026-07-24 14:19:49,710","level":"INFO","node":2,"msg":"Sent consensus vote to node 3"}
{"time":"2026-07-24 14:19:49,714","level":"INFO","node":2,"msg":"Forwarded to http://127.0.0.1:8003"}
{"time":"2026-07-24 14:20:02,094","level":"INFO","node":2,"msg":"Consensus vote recorded: node 3 decision=True reason=zkp_ok round=6 new=True satisfied=False"}
{"time":"2026-07-24 14:20:22,511","level":"INFO","node":2,"msg":"Consensus vote recorded: node 0 decision=True reason=zkp_ok round=6 new=True satisfied=True"}
{"time":"2026-07-24 14:20:43,455","level":"INFO","node":2,"msg":"Consensus vote recorded: node 1 decision=True reason=zkp_ok round=6 new=True satisfied=True"}
{"time":"2026-07-24 14:20:51,725","level":"INFO","node":2,"msg":"Received update from node 1, round 6"}
{"time":"2026-07-24 14:20:51,725","level":"INFO","node":2,"msg":"Round 7 complete — aggregating"}
{"time":"2026-07-24 14:20:51,785","level":"WARNING","node":2,"msg":"[BACKDOOR PROBE] Round 7 SUSPICIOUS: feature=5 value=8.0 forces class=1 flip_rate=0.987 jump=0.796 (thresholds: flip>0.7, jump>0.3)"}
{"time":"2026-07-24 14:20:51,817","level":"INFO","node":2,"msg":"Commit vote recorded: node 1 decision=True round=6 satisfied=False"}
{"time":"2026-07-24 14:20:51,818","level":"INFO","node":2,"msg":"Commit vote recorded: node 3 decision=True round=6 satisfied=True"}
{"time":"2026-07-24 14:20:51,819","level":"INFO","node":2,"msg":"Round 7 COMMITTED — model hash agreed by [2, 1, 3]"}
{"time":"2026-07-24 14:20:51,820","level":"INFO","node":2,"msg":"Broadcast weights to node 1"}
{"time":"2026-07-24 14:20:51,822","level":"INFO","node":2,"msg":"Commit certificate saved to C:\Users\mousu\OneDrive\Desktop\Set A\securefedhe\dashboard\certificates\round_6.json"}
{"time":"2026-07-24 14:20:51,824","level":"INFO","node":2,"msg":"Broadcast weights to node 3"}
{"time":"2026-07-24 14:20:51,833","level":"INFO","node":2,"msg":"Commit vote recorded: node 0 decision=True round=6 satisfied=True"}
{"time":"2026-07-24 14:20:51,835","level":"INFO","node":2,"msg":"Broadcast weights to node 0"}
{"time":"2026-07-24 14:20:51,836","level":"INFO","node":2,"msg":"Checkpoint saved to C:\Users\mousu\OneDrive\Desktop\Set A\securefedhe\dashboard\model_latest.pt"}
{"time":"2026-07-24 14:20:51,837","level":"INFO","node":2,"msg":"Round 7 complete | accuracy=0.8000 | duration=70.36s"}
{"time":"2026-07-24 14:20:51,837","level":"INFO","node":2,"msg":"Round 8 belongs to node 3 — waiting for their proposal."}
{"time":"2026-07-24 14:20:51,840","level":"INFO","node":2,"msg":"Notified next proposer to node 3"}
{"time":"2026-07-24 14:20:51,840","level":"INFO","node":2,"msg":"[WATCHDOG SPAWNED] round=7 expected_proposer=3 timeout_s=600 spawned_at=14:20:51"}
{"time":"2026-07-24 14:20:58,466","level":"INFO","node":2,"msg":"Proposal received: round=7 origin=3 hash=cc5e3b74faad..."}
{"time":"2026-07-24 14:20:58,488","level":"INFO","node":2,"msg":"Consensus vote recorded: node 3 decision=True reason=zkp_ok round=7 new=True satisfied=False"}
{"time":"2026-07-24 14:21:08,183","level":"INFO","node":2,"msg":"Consensus vote recorded: node 0 decision=True reason=zkp_ok round=7 new=True satisfied=False"}
{"time":"2026-07-24 14:21:24,925","level":"INFO","node":2,"msg":"Consensus vote recorded: node 1 decision=True reason=zkp_ok round=7 new=True satisfied=True"}
{"time":"2026-07-24 14:21:31,619","level":"INFO","node":2,"msg":"Received update from node 1, round 7"}
{"time":"2026-07-24 14:21:42,541","level":"INFO","node":2,"msg":"ZKP ACCEPTED from node 1"}
{"time":"2026-07-24 14:21:42,552","level":"INFO","node":2,"msg":"Per-class agreement with node 3: class0=0.906 class1=0.928 gap=0.022"}
{"time":"2026-07-24 14:21:42,552","level":"INFO","node":2,"msg":"Per-class rolling gap for node 3: mean=0.022 over last 1 round(s)"}
{"time":"2026-07-24 14:21:42,557","level":"INFO","node":2,"msg":"Trust score for node 3: S=0.782 (Z=1.00 A=0.91 P=0.50 R=1.00) advisory only"}
{"time":"2026-07-24 14:21:42,598","level":"INFO","node":2,"msg":"Sent consensus vote to node 1"}
{"time":"2026-07-24 14:21:42,598","level":"INFO","node":2,"msg":"Sent consensus vote to node 3"}
{"time":"2026-07-24 14:21:42,598","level":"INFO","node":2,"msg":"Sent consensus vote to node 0"}
{"time":"2026-07-24 14:21:42,653","level":"INFO","node":2,"msg":"[FC2 DELTA NORM] node 2 round=7 — fc2 delta norm this round: 0.1059"}
{"time":"2026-07-24 14:21:49,099","level":"INFO","node":2,"msg":"[TIMING] node 2 round=7 ZKP proof generation (voter) took 6.44s"}
{"time":"2026-07-24 14:21:49,099","level":"INFO","node":2,"msg":"[TIMING] node 2 round=7 HE encryption (voter) took 0.00s"}
{"time":"2026-07-24 14:21:49,099","level":"INFO","node":2,"msg":"Forwarded to http://127.0.0.1:8003"}
{"time":"2026-07-24 14:21:49,162","level":"INFO","node":2,"msg":"Synced weights from master for round 7"}
{"time":"2026-07-24 14:21:49,171","level":"INFO","node":2,"msg":"Sent commit vote to node 3"}
{"time":"2026-07-24 14:21:57,300","level":"INFO","node":2,"msg":"Proposal received: round=8 origin=0 hash=0ca066333456..."}
{"time":"2026-07-24 14:21:57,329","level":"INFO","node":2,"msg":"Consensus vote recorded: node 0 decision=True reason=zkp_ok round=8 new=True satisfied=False"}
{"time":"2026-07-24 14:22:24,255","level":"INFO","node":2,"msg":"Consensus vote recorded: node 1 decision=True reason=zkp_ok round=8 new=True satisfied=False"}
{"time":"2026-07-24 14:22:35,494","level":"INFO","node":2,"msg":"Received update from node 1, round 8"}
{"time":"2026-07-24 14:23:02,736","level":"INFO","node":2,"msg":"ZKP ACCEPTED from node 1"}
{"time":"2026-07-24 14:23:02,736","level":"INFO","node":2,"msg":"fc_in col7 delta self-cosine for node 0: -0.1253 (delta_norm=0.2168)"}
{"time":"2026-07-24 14:23:02,750","level":"INFO","node":2,"msg":"Per-class agreement with node 0: class0=0.924 class1=0.909 gap=0.016"}
{"time":"2026-07-24 14:23:02,750","level":"INFO","node":2,"msg":"Per-class rolling gap for node 0: mean=0.117 over last 2 round(s)"}
{"time":"2026-07-24 14:23:02,759","level":"INFO","node":2,"msg":"Trust score for node 0: S=0.798 (Z=1.00 A=0.92 P=0.54 R=1.00) advisory only"}
{"time":"2026-07-24 14:23:02,827","level":"INFO","node":2,"msg":"Sent consensus vote to node 1"}
{"time":"2026-07-24 14:23:02,827","level":"INFO","node":2,"msg":"Sent consensus vote to node 0"}
{"time":"2026-07-24 14:23:02,827","level":"INFO","node":2,"msg":"Sent consensus vote to node 3"}
{"time":"2026-07-24 14:23:02,952","level":"INFO","node":2,"msg":"[FC2 DELTA NORM] node 2 round=8 — fc2 delta norm this round: 0.1063"}
{"time":"2026-07-24 14:23:24,862","level":"INFO","node":2,"msg":"[TIMING] node 2 round=8 ZKP proof generation (voter) took 21.90s"}
{"time":"2026-07-24 14:23:24,868","level":"INFO","node":2,"msg":"[TIMING] node 2 round=8 HE encryption (voter) took 0.00s"}
{"time":"2026-07-24 14:23:24,879","level":"INFO","node":2,"msg":"Forwarded to http://127.0.0.1:8003"}
{"time":"2026-07-24 14:23:52,349","level":"INFO","node":2,"msg":"Prediction agreement with node 3 round=8: A=0.976"}
{"time":"2026-07-24 14:23:52,351","level":"INFO","node":2,"msg":"Consensus vote recorded: node 3 decision=True reason=zkp_ok round=8 new=True satisfied=True"}
{"time":"2026-07-24 14:24:02,476","level":"INFO","node":2,"msg":"Synced weights from master for round 8"}
{"time":"2026-07-24 14:24:02,528","level":"INFO","node":2,"msg":"Sent commit vote to node 0"}
{"time":"2026-07-24 14:24:13,160","level":"INFO","node":2,"msg":"Proposal received: round=9 origin=1 hash=b7dfa7334073..."}
{"time":"2026-07-24 14:24:13,189","level":"INFO","node":2,"msg":"Consensus vote recorded: node 1 decision=True reason=zkp_ok round=9 new=True satisfied=False"}
{"time":"2026-07-24 14:24:13,202","level":"INFO","node":2,"msg":"Received update from node 1, round 9"}
{"time":"2026-07-24 14:24:29,174","level":"INFO","node":2,"msg":"ZKP ACCEPTED from node 1"}
{"time":"2026-07-24 14:24:29,174","level":"INFO","node":2,"msg":"fc_in col7 delta self-cosine for node 1: 0.0469 (delta_norm=0.2467)"}
{"time":"2026-07-24 14:24:29,195","level":"INFO","node":2,"msg":"Per-class agreement with node 1: class0=0.971 class1=0.911 gap=0.060"}
{"time":"2026-07-24 14:24:29,195","level":"INFO","node":2,"msg":"Per-class rolling gap for node 1: mean=0.115 over last 2 round(s)"}
{"time":"2026-07-24 14:24:29,203","level":"INFO","node":2,"msg":"Trust score for node 1: S=0.826 (Z=1.00 A=0.95 P=0.54 R=1.00) advisory only"}
{"time":"2026-07-24 14:24:29,258","level":"INFO","node":2,"msg":"Sent consensus vote to node 1"}
{"time":"2026-07-24 14:24:29,258","level":"INFO","node":2,"msg":"Sent consensus vote to node 0"}
{"time":"2026-07-24 14:24:29,258","level":"INFO","node":2,"msg":"Sent consensus vote to node 3"}
{"time":"2026-07-24 14:24:29,377","level":"INFO","node":2,"msg":"[FC2 DELTA NORM] node 2 round=9 — fc2 delta norm this round: 0.1078"}
{"time":"2026-07-24 14:24:39,835","level":"INFO","node":2,"msg":"[TIMING] node 2 round=9 ZKP proof generation (voter) took 10.44s"}
{"time":"2026-07-24 14:24:39,835","level":"INFO","node":2,"msg":"[TIMING] node 2 round=9 HE encryption (voter) took 0.00s"}
{"time":"2026-07-24 14:24:39,856","level":"INFO","node":2,"msg":"Forwarded to http://127.0.0.1:8003"}
{"time":"2026-07-24 14:24:53,508","level":"INFO","node":2,"msg":"Prediction agreement with node 3 round=9: A=0.969"}
{"time":"2026-07-24 14:24:53,508","level":"INFO","node":2,"msg":"Consensus vote recorded: node 3 decision=True reason=zkp_ok round=9 new=True satisfied=True"}
{"time":"2026-07-24 14:25:18,058","level":"INFO","node":2,"msg":"Prediction agreement with node 0 round=9: A=0.951"}
{"time":"2026-07-24 14:25:18,060","level":"INFO","node":2,"msg":"Consensus vote recorded: node 0 decision=True reason=zkp_ok round=9 new=True satisfied=True"}
{"time":"2026-07-24 14:25:24,358","level":"INFO","node":2,"msg":"Synced weights from master for round 9"}
{"time":"2026-07-24 14:25:24,374","level":"INFO","node":2,"msg":"Sent commit vote to node 1"}
{"time":"2026-07-24 14:25:24,412","level":"INFO","node":2,"msg":"My turn — starting round 11 as proposer."}
{"time":"2026-07-24 14:25:24,414","level":"INFO","node":2,"msg":"Starting round 11"}
{"time":"2026-07-24 14:25:24,489","level":"INFO","node":2,"msg":"[FC2 DELTA NORM] node 2 round=10 — fc2 delta norm this round: 0.1083"}
{"time":"2026-07-24 14:25:30,834","level":"INFO","node":2,"msg":"[TIMING] node 2 round=10 ZKP proof generation took 6.33s"}
{"time":"2026-07-24 14:25:30,834","level":"INFO","node":2,"msg":"[TIMING] node 2 round=10 HE encryption took 0.00s"}
{"time":"2026-07-24 14:25:30,855","level":"INFO","node":2,"msg":"Sent proposal to node 0"}
{"time":"2026-07-24 14:25:30,855","level":"INFO","node":2,"msg":"Sent proposal to node 3"}
{"time":"2026-07-24 14:25:30,856","level":"INFO","node":2,"msg":"Sent proposal to node 1"}
{"time":"2026-07-24 14:25:30,862","level":"INFO","node":2,"msg":"Sent consensus vote to node 0"}
{"time":"2026-07-24 14:25:30,864","level":"INFO","node":2,"msg":"Sent consensus vote to node 3"}
{"time":"2026-07-24 14:25:30,864","level":"INFO","node":2,"msg":"Sent consensus vote to node 1"}
{"time":"2026-07-24 14:25:30,868","level":"INFO","node":2,"msg":"Forwarded to http://127.0.0.1:8003"}
{"time":"2026-07-24 14:25:40,636","level":"INFO","node":2,"msg":"Consensus vote recorded: node 3 decision=True reason=zkp_ok round=10 new=True satisfied=False"}
{"time":"2026-07-24 14:25:56,760","level":"INFO","node":2,"msg":"Consensus vote recorded: node 0 decision=True reason=zkp_ok round=10 new=True satisfied=True"}
{"time":"2026-07-24 14:26:12,752","level":"INFO","node":2,"msg":"Consensus vote recorded: node 1 decision=True reason=zkp_ok round=10 new=True satisfied=True"}
{"time":"2026-07-24 14:26:19,050","level":"INFO","node":2,"msg":"Received update from node 1, round 10"}
{"time":"2026-07-24 14:26:19,050","level":"INFO","node":2,"msg":"Round 11 complete — aggregating"}
{"time":"2026-07-24 14:26:19,085","level":"WARNING","node":2,"msg":"[BACKDOOR PROBE] Round 11 SUSPICIOUS: feature=5 value=7.0 forces class=1 flip_rate=1.000 jump=0.745 (thresholds: flip>0.7, jump>0.3)"}
{"time":"2026-07-24 14:26:19,132","level":"INFO","node":2,"msg":"Commit vote recorded: node 0 decision=True round=10 satisfied=False"}
{"time":"2026-07-24 14:26:19,136","level":"INFO","node":2,"msg":"Broadcast weights to node 0"}
{"time":"2026-07-24 14:26:19,137","level":"INFO","node":2,"msg":"Commit vote recorded: node 1 decision=True round=10 satisfied=True"}
{"time":"2026-07-24 14:26:19,138","level":"INFO","node":2,"msg":"Round 11 COMMITTED — model hash agreed by [2, 0, 1]"}
{"time":"2026-07-24 14:26:19,142","level":"INFO","node":2,"msg":"Commit certificate saved to C:\Users\mousu\OneDrive\Desktop\Set A\securefedhe\dashboard\certificates\round_10.json"}
{"time":"2026-07-24 14:26:19,146","level":"INFO","node":2,"msg":"Broadcast weights to node 1"}
{"time":"2026-07-24 14:26:19,169","level":"INFO","node":2,"msg":"Commit vote recorded: node 3 decision=True round=10 satisfied=True"}
{"time":"2026-07-24 14:26:19,172","level":"INFO","node":2,"msg":"Broadcast weights to node 3"}
{"time":"2026-07-24 14:26:19,174","level":"INFO","node":2,"msg":"Checkpoint saved to C:\Users\mousu\OneDrive\Desktop\Set A\securefedhe\dashboard\model_latest.pt"}
{"time":"2026-07-24 14:26:19,174","level":"INFO","node":2,"msg":"Round 11 complete | accuracy=0.8273 | duration=54.76s"}
{"time":"2026-07-24 14:26:19,174","level":"INFO","node":2,"msg":"Round 12 belongs to node 3 — waiting for their proposal."}
{"time":"2026-07-24 14:26:19,180","level":"INFO","node":2,"msg":"Notified next proposer to node 3"}
{"time":"2026-07-24 14:26:19,181","level":"INFO","node":2,"msg":"[WATCHDOG SPAWNED] round=11 expected_proposer=3 timeout_s=600 spawned_at=14:26:19"}
{"time":"2026-07-24 14:26:25,566","level":"INFO","node":2,"msg":"Proposal received: round=11 origin=3 hash=b4071da36295..."}
{"time":"2026-07-24 14:26:25,580","level":"INFO","node":2,"msg":"Consensus vote recorded: node 3 decision=True reason=zkp_ok round=11 new=True satisfied=False"}
{"time":"2026-07-24 14:26:35,232","level":"INFO","node":2,"msg":"Consensus vote recorded: node 0 decision=True reason=zkp_ok round=11 new=True satisfied=False"}
{"time":"2026-07-24 14:26:51,380","level":"INFO","node":2,"msg":"Consensus vote recorded: node 1 decision=True reason=zkp_ok round=11 new=True satisfied=True"}
{"time":"2026-07-24 14:26:57,668","level":"INFO","node":2,"msg":"Received update from node 1, round 11"}
{"time":"2026-07-24 14:27:07,871","level":"INFO","node":2,"msg":"ZKP ACCEPTED from node 1"}
{"time":"2026-07-24 14:27:07,871","level":"INFO","node":2,"msg":"fc_in col7 delta self-cosine for node 3: 0.0956 (delta_norm=0.1733)"}
{"time":"2026-07-24 14:27:07,871","level":"INFO","node":2,"msg":"Per-class agreement with node 3: class0=0.976 class1=0.926 gap=0.050"}
{"time":"2026-07-24 14:27:07,871","level":"INFO","node":2,"msg":"Per-class rolling gap for node 3: mean=0.036 over last 2 round(s)"}
{"time":"2026-07-24 14:27:07,876","level":"INFO","node":2,"msg":"Trust score for node 3: S=0.808 (Z=1.00 A=0.96 P=0.45 R=1.00) advisory only"}
{"time":"2026-07-24 14:27:07,894","level":"INFO","node":2,"msg":"Sent consensus vote to node 1"}
{"time":"2026-07-24 14:27:07,908","level":"INFO","node":2,"msg":"Sent consensus vote to node 0"}
{"time":"2026-07-24 14:27:07,908","level":"INFO","node":2,"msg":"Sent consensus vote to node 3"}
{"time":"2026-07-24 14:27:07,940","level":"INFO","node":2,"msg":"[FC2 DELTA NORM] node 2 round=11 — fc2 delta norm this round: 0.1061"}
{"time":"2026-07-24 14:27:14,160","level":"INFO","node":2,"msg":"[TIMING] node 2 round=11 ZKP proof generation (voter) took 6.21s"}
{"time":"2026-07-24 14:27:14,160","level":"INFO","node":2,"msg":"[TIMING] node 2 round=11 HE encryption (voter) took 0.00s"}
{"time":"2026-07-24 14:27:14,190","level":"INFO","node":2,"msg":"Forwarded to http://127.0.0.1:8003"}
{"time":"2026-07-24 14:27:14,236","level":"INFO","node":2,"msg":"Synced weights from master for round 11"}
{"time":"2026-07-24 14:27:14,244","level":"INFO","node":2,"msg":"Sent commit vote to node 3"}
{"time":"2026-07-24 14:27:20,599","level":"INFO","node":2,"msg":"Proposal received: round=12 origin=0 hash=8e45a9370fb0..."}
{"time":"2026-07-24 14:27:20,616","level":"INFO","node":2,"msg":"Consensus vote recorded: node 0 decision=True reason=zkp_ok round=12 new=True satisfied=False"}
{"time":"2026-07-24 14:27:30,433","level":"INFO","node":2,"msg":"Consensus vote recorded: node 1 decision=True reason=zkp_ok round=12 new=True satisfied=False"}
{"time":"2026-07-24 14:27:36,737","level":"INFO","node":2,"msg":"Received update from node 1, round 12"}
{"time":"2026-07-24 14:27:46,459","level":"INFO","node":2,"msg":"ZKP ACCEPTED from node 1"}
{"time":"2026-07-24 14:27:46,459","level":"INFO","node":2,"msg":"fc_in col7 delta self-cosine for node 0: -0.1271 (delta_norm=0.1924)"}
{"time":"2026-07-24 14:27:46,467","level":"INFO","node":2,"msg":"Per-class agreement with node 0: class0=0.973 class1=0.947 gap=0.026"}
{"time":"2026-07-24 14:27:46,467","level":"INFO","node":2,"msg":"Per-class rolling gap for node 0: mean=0.086 over last 3 round(s)"}
{"time":"2026-07-24 14:27:46,469","level":"INFO","node":2,"msg":"Trust score for node 0: S=0.817 (Z=1.00 A=0.97 P=0.46 R=1.00) advisory only"}
{"time":"2026-07-24 14:27:46,491","level":"INFO","node":2,"msg":"Sent consensus vote to node 3"}
{"time":"2026-07-24 14:27:46,491","level":"INFO","node":2,"msg":"Sent consensus vote to node 0"}
{"time":"2026-07-24 14:27:46,492","level":"INFO","node":2,"msg":"Sent consensus vote to node 1"}
{"time":"2026-07-24 14:27:46,523","level":"INFO","node":2,"msg":"[FC2 DELTA NORM] node 2 round=12 — fc2 delta norm this round: 0.1075"}
{"time":"2026-07-24 14:27:52,767","level":"INFO","node":2,"msg":"[TIMING] node 2 round=12 ZKP proof generation (voter) took 6.23s"}
{"time":"2026-07-24 14:27:52,767","level":"INFO","node":2,"msg":"[TIMING] node 2 round=12 HE encryption (voter) took 0.00s"}
{"time":"2026-07-24 14:27:52,779","level":"INFO","node":2,"msg":"Forwarded to http://127.0.0.1:8003"}
{"time":"2026-07-24 14:28:02,528","level":"INFO","node":2,"msg":"Prediction agreement with node 3 round=12: A=0.969"}
{"time":"2026-07-24 14:28:02,528","level":"INFO","node":2,"msg":"Consensus vote recorded: node 3 decision=True reason=zkp_ok round=12 new=True satisfied=True"}
{"time":"2026-07-24 14:28:08,795","level":"INFO","node":2,"msg":"Synced weights from master for round 12"}
{"time":"2026-07-24 14:28:08,821","level":"INFO","node":2,"msg":"Sent commit vote to node 0"}
{"time":"2026-07-24 14:28:15,252","level":"INFO","node":2,"msg":"Proposal received: round=13 origin=1 hash=1b5013bb9e92..."}
{"time":"2026-07-24 14:28:15,260","level":"INFO","node":2,"msg":"Consensus vote recorded: node 1 decision=True reason=zkp_ok round=13 new=True satisfied=False"}
{"time":"2026-07-24 14:28:15,266","level":"INFO","node":2,"msg":"Received update from node 1, round 13"}
{"time":"2026-07-24 14:28:25,024","level":"INFO","node":2,"msg":"ZKP ACCEPTED from node 1"}
{"time":"2026-07-24 14:28:25,024","level":"INFO","node":2,"msg":"fc_in col7 delta self-cosine for node 1: -0.2492 (delta_norm=0.2464)"}
{"time":"2026-07-24 14:28:25,029","level":"INFO","node":2,"msg":"Per-class agreement with node 1: class0=0.966 class1=0.940 gap=0.026"}
{"time":"2026-07-24 14:28:25,029","level":"INFO","node":2,"msg":"Per-class rolling gap for node 1: mean=0.085 over last 3 round(s)"}
{"time":"2026-07-24 14:28:25,033","level":"INFO","node":2,"msg":"Trust score for node 1: S=0.806 (Z=1.00 A=0.96 P=0.45 R=1.00) advisory only"}
{"time":"2026-07-24 14:28:25,066","level":"INFO","node":2,"msg":"Sent consensus vote to node 0"}
{"time":"2026-07-24 14:28:25,068","level":"INFO","node":2,"msg":"Sent consensus vote to node 3"}
{"time":"2026-07-24 14:28:25,087","level":"INFO","node":2,"msg":"Sent consensus vote to node 1"}
{"time":"2026-07-24 14:28:25,138","level":"INFO","node":2,"msg":"[FC2 DELTA NORM] node 2 round=13 — fc2 delta norm this round: 0.1078"}
{"time":"2026-07-24 14:28:31,222","level":"INFO","node":2,"msg":"[TIMING] node 2 round=13 ZKP proof generation (voter) took 6.07s"}
{"time":"2026-07-24 14:28:31,222","level":"INFO","node":2,"msg":"[TIMING] node 2 round=13 HE encryption (voter) took 0.00s"}
{"time":"2026-07-24 14:28:31,248","level":"INFO","node":2,"msg":"Forwarded to http://127.0.0.1:8003"}
{"time":"2026-07-24 14:28:41,054","level":"INFO","node":2,"msg":"Prediction agreement with node 3 round=13: A=0.957"}
{"time":"2026-07-24 14:28:41,054","level":"INFO","node":2,"msg":"Consensus vote recorded: node 3 decision=True reason=zkp_ok round=13 new=True satisfied=True"}
{"time":"2026-07-24 14:28:57,167","level":"INFO","node":2,"msg":"Prediction agreement with node 0 round=13: A=0.934"}
{"time":"2026-07-24 14:28:57,167","level":"INFO","node":2,"msg":"Consensus vote recorded: node 0 decision=True reason=zkp_ok round=13 new=True satisfied=True"}
{"time":"2026-07-24 14:29:03,435","level":"INFO","node":2,"msg":"Synced weights from master for round 13"}
{"time":"2026-07-24 14:29:03,450","level":"INFO","node":2,"msg":"Sent commit vote to node 1"}
{"time":"2026-07-24 14:29:03,460","level":"INFO","node":2,"msg":"My turn — starting round 15 as proposer."}
{"time":"2026-07-24 14:29:03,461","level":"INFO","node":2,"msg":"Starting round 15"}
{"time":"2026-07-24 14:29:03,532","level":"INFO","node":2,"msg":"[FC2 DELTA NORM] node 2 round=14 — fc2 delta norm this round: 0.1072"}
{"time":"2026-07-24 14:29:09,870","level":"INFO","node":2,"msg":"[TIMING] node 2 round=14 ZKP proof generation took 6.33s"}
{"time":"2026-07-24 14:29:09,870","level":"INFO","node":2,"msg":"[TIMING] node 2 round=14 HE encryption took 0.00s"}
{"time":"2026-07-24 14:29:09,886","level":"INFO","node":2,"msg":"Sent proposal to node 0"}
{"time":"2026-07-24 14:29:09,891","level":"INFO","node":2,"msg":"Sent proposal to node 1"}
{"time":"2026-07-24 14:29:09,893","level":"INFO","node":2,"msg":"Sent proposal to node 3"}
{"time":"2026-07-24 14:29:09,899","level":"INFO","node":2,"msg":"Sent consensus vote to node 0"}
{"time":"2026-07-24 14:29:09,900","level":"INFO","node":2,"msg":"Sent consensus vote to node 1"}
{"time":"2026-07-24 14:29:09,902","level":"INFO","node":2,"msg":"Sent consensus vote to node 3"}
{"time":"2026-07-24 14:29:09,911","level":"INFO","node":2,"msg":"Forwarded to http://127.0.0.1:8003"}
{"time":"2026-07-24 14:29:19,666","level":"INFO","node":2,"msg":"Consensus vote recorded: node 3 decision=True reason=zkp_ok round=14 new=True satisfied=False"}
{"time":"2026-07-24 14:29:35,808","level":"INFO","node":2,"msg":"Consensus vote recorded: node 0 decision=True reason=zkp_ok round=14 new=True satisfied=True"}
{"time":"2026-07-24 14:29:51,677","level":"INFO","node":2,"msg":"Consensus vote recorded: node 1 decision=True reason=zkp_ok round=14 new=True satisfied=True"}
{"time":"2026-07-24 14:29:57,931","level":"INFO","node":2,"msg":"Received update from node 1, round 14"}
{"time":"2026-07-24 14:29:57,931","level":"INFO","node":2,"msg":"Round 15 complete — aggregating"}
{"time":"2026-07-24 14:29:57,965","level":"WARNING","node":2,"msg":"[BACKDOOR PROBE] Round 15 SUSPICIOUS: feature=5 value=7.0 forces class=1 flip_rate=1.000 jump=0.764 (thresholds: flip>0.7, jump>0.3)"}
{"time":"2026-07-24 14:29:57,990","level":"INFO","node":2,"msg":"Commit vote recorded: node 1 decision=True round=14 satisfied=False"}
{"time":"2026-07-24 14:29:57,993","level":"INFO","node":2,"msg":"Broadcast weights to node 1"}
{"time":"2026-07-24 14:29:58,002","level":"INFO","node":2,"msg":"Commit vote recorded: node 3 decision=True round=14 satisfied=True"}
{"time":"2026-07-24 14:29:58,004","level":"INFO","node":2,"msg":"Round 15 COMMITTED — model hash agreed by [2, 1, 3]"}
{"time":"2026-07-24 14:29:58,007","level":"INFO","node":2,"msg":"Commit certificate saved to C:\Users\mousu\OneDrive\Desktop\Set A\securefedhe\dashboard\certificates\round_14.json"}
{"time":"2026-07-24 14:29:58,010","level":"INFO","node":2,"msg":"Commit vote recorded: node 0 decision=True round=14 satisfied=True"}
{"time":"2026-07-24 14:29:58,011","level":"INFO","node":2,"msg":"Broadcast weights to node 3"}
{"time":"2026-07-24 14:29:58,014","level":"INFO","node":2,"msg":"Broadcast weights to node 0"}
{"time":"2026-07-24 14:29:58,017","level":"INFO","node":2,"msg":"Checkpoint saved to C:\Users\mousu\OneDrive\Desktop\Set A\securefedhe\dashboard\model_latest.pt"}
{"time":"2026-07-24 14:29:58,018","level":"INFO","node":2,"msg":"Round 15 complete | accuracy=0.8091 | duration=54.56s"}
{"time":"2026-07-24 14:29:58,018","level":"INFO","node":2,"msg":"Round 16 belongs to node 3 — waiting for their proposal."}
{"time":"2026-07-24 14:29:58,023","level":"INFO","node":2,"msg":"Notified next proposer to node 3"}
{"time":"2026-07-24 14:29:58,024","level":"INFO","node":2,"msg":"[WATCHDOG SPAWNED] round=15 expected_proposer=3 timeout_s=600 spawned_at=14:29:58"}
{"time":"2026-07-24 14:30:04,502","level":"INFO","node":2,"msg":"Proposal received: round=15 origin=3 hash=9761a9d62712..."}
{"time":"2026-07-24 14:30:04,517","level":"INFO","node":2,"msg":"Consensus vote recorded: node 3 decision=True reason=zkp_ok round=15 new=True satisfied=False"}
{"time":"2026-07-24 14:30:14,210","level":"INFO","node":2,"msg":"Consensus vote recorded: node 0 decision=True reason=zkp_ok round=15 new=True satisfied=False"}
{"time":"2026-07-24 14:30:30,351","level":"INFO","node":2,"msg":"Consensus vote recorded: node 1 decision=True reason=zkp_ok round=15 new=True satisfied=True"}
{"time":"2026-07-24 14:30:36,711","level":"INFO","node":2,"msg":"Received update from node 1, round 15"}
{"time":"2026-07-24 14:30:53,681","level":"INFO","node":2,"msg":"ZKP ACCEPTED from node 1"}
{"time":"2026-07-24 14:30:53,681","level":"INFO","node":2,"msg":"fc_in col7 delta self-cosine for node 3: -0.0606 (delta_norm=0.1804)"}
{"time":"2026-07-24 14:30:53,696","level":"INFO","node":2,"msg":"Per-class agreement with node 3: class0=0.982 class1=0.955 gap=0.028"}
{"time":"2026-07-24 14:30:53,697","level":"INFO","node":2,"msg":"Per-class rolling gap for node 3: mean=0.033 over last 3 round(s)"}
{"time":"2026-07-24 14:30:53,701","level":"INFO","node":2,"msg":"Trust score for node 3: S=0.845 (Z=1.00 A=0.97 P=0.54 R=1.00) advisory only"}
{"time":"2026-07-24 14:30:53,744","level":"INFO","node":2,"msg":"Sent consensus vote to node 3"}
{"time":"2026-07-24 14:30:53,744","level":"INFO","node":2,"msg":"Sent consensus vote to node 1"}
{"time":"2026-07-24 14:30:53,745","level":"INFO","node":2,"msg":"Sent consensus vote to node 0"}
{"time":"2026-07-24 14:30:53,797","level":"INFO","node":2,"msg":"[FC2 DELTA NORM] node 2 round=15 — fc2 delta norm this round: 0.1065"}
{"time":"2026-07-24 14:31:13,791","level":"INFO","node":2,"msg":"[TIMING] node 2 round=15 ZKP proof generation (voter) took 19.98s"}
{"time":"2026-07-24 14:31:13,794","level":"INFO","node":2,"msg":"[TIMING] node 2 round=15 HE encryption (voter) took 0.00s"}
{"time":"2026-07-24 14:31:13,806","level":"INFO","node":2,"msg":"Forwarded to http://127.0.0.1:8003"}
{"time":"2026-07-24 14:31:13,958","level":"INFO","node":2,"msg":"Synced weights from master for round 15"}
{"time":"2026-07-24 14:31:13,974","level":"INFO","node":2,"msg":"Sent commit vote to node 3"}
{"time":"2026-07-24 14:31:35,405","level":"INFO","node":2,"msg":"Proposal received: round=16 origin=0 hash=a8001c80c5f0..."}
{"time":"2026-07-24 14:31:35,446","level":"INFO","node":2,"msg":"Consensus vote recorded: node 0 decision=True reason=zkp_ok round=16 new=True satisfied=False"}
{"time":"2026-07-24 14:32:06,877","level":"INFO","node":2,"msg":"Consensus vote recorded: node 1 decision=False reason=per_class_agreement_gap round=16 new=True satisfied=False"}
{"time":"2026-07-24 14:32:28,192","level":"INFO","node":2,"msg":"Received update from node 1, round 16"}
{"time":"2026-07-24 14:32:59,643","level":"INFO","node":2,"msg":"ZKP ACCEPTED from node 1"}
{"time":"2026-07-24 14:32:59,644","level":"INFO","node":2,"msg":"fc_in col7 delta self-cosine for node 0: -0.1384 (delta_norm=0.2031)"}
{"time":"2026-07-24 14:32:59,658","level":"INFO","node":2,"msg":"Per-class agreement with node 0: class0=0.975 class1=0.919 gap=0.055"}
{"time":"2026-07-24 14:32:59,658","level":"INFO","node":2,"msg":"Per-class rolling gap for node 0: mean=0.079 over last 4 round(s)"}
{"time":"2026-07-24 14:32:59,659","level":"WARNING","node":2,"msg":"[PER-CLASS AGREEMENT CHECK] node 2 observed node 0: SUSTAINED class agreement gap, rolling mean=0.079 over 4 rounds — possible asymmetric/label_flip-style corruption"}
{"time":"2026-07-24 14:32:59,665","level":"INFO","node":2,"msg":"Trust score for node 0: S=0.820 (Z=1.00 A=0.96 P=0.50 R=1.00) advisory only"}
{"time":"2026-07-24 14:32:59,665","level":"WARNING","node":2,"msg":"Update round=16 from node 0 REJECTED on per-class agreement gap"}
{"time":"2026-07-24 14:32:59,723","level":"INFO","node":2,"msg":"Sent consensus vote to node 3"}
{"time":"2026-07-24 14:32:59,723","level":"INFO","node":2,"msg":"Sent consensus vote to node 0"}
{"time":"2026-07-24 14:32:59,723","level":"INFO","node":2,"msg":"Sent consensus vote to node 1"}
{"time":"2026-07-24 14:32:59,875","level":"INFO","node":2,"msg":"[FC2 DELTA NORM] node 2 round=16 — fc2 delta norm this round: 0.1077"}
{"time":"2026-07-24 14:33:20,925","level":"INFO","node":2,"msg":"[TIMING] node 2 round=16 ZKP proof generation (voter) took 21.04s"}
{"time":"2026-07-24 14:33:20,926","level":"INFO","node":2,"msg":"[TIMING] node 2 round=16 HE encryption (voter) took 0.00s"}
{"time":"2026-07-24 14:33:20,935","level":"INFO","node":2,"msg":"Forwarded to http://127.0.0.1:8003"}
{"time":"2026-07-24 14:33:52,522","level":"INFO","node":2,"msg":"Prediction agreement with node 3 round=16: A=0.973"}
{"time":"2026-07-24 14:33:52,522","level":"INFO","node":2,"msg":"Consensus vote recorded: node 3 decision=True reason=zkp_ok round=16 new=True satisfied=False"}
{"time":"2026-07-24 14:34:34,813","level":"INFO","node":2,"msg":"Proposal for round=16 origin=0 changed hash after 179.41s — treating as a legitimate round retry, not equivocation."}
{"time":"2026-07-24 14:34:34,815","level":"INFO","node":2,"msg":"Proposal received: round=16 origin=0 hash=4c688c99db7e..."}
{"time":"2026-07-24 14:34:34,861","level":"INFO","node":2,"msg":"Consensus vote recorded: node 0 decision=True reason=zkp_ok round=16 new=True satisfied=False"}
{"time":"2026-07-24 14:35:06,237","level":"INFO","node":2,"msg":"Consensus vote recorded: node 1 decision=True reason=zkp_ok round=16 new=True satisfied=False"}
{"time":"2026-07-24 14:35:28,649","level":"INFO","node":2,"msg":"Received update from node 1, round 16"}
{"time":"2026-07-24 14:36:01,994","level":"INFO","node":2,"msg":"ZKP ACCEPTED from node 1"}
{"time":"2026-07-24 14:36:01,994","level":"INFO","node":2,"msg":"fc_in col7 delta self-cosine for node 0: -0.2683 (delta_norm=0.1566)"}
{"time":"2026-07-24 14:36:02,010","level":"INFO","node":2,"msg":"Per-class agreement with node 0: class0=0.954 class1=0.924 gap=0.031"}
{"time":"2026-07-24 14:36:02,012","level":"INFO","node":2,"msg":"Per-class rolling gap for node 0: mean=0.032 over last 4 round(s)"}
{"time":"2026-07-24 14:36:02,017","level":"INFO","node":2,"msg":"Trust score for node 0: S=0.759 (Z=1.00 A=0.94 P=0.46 R=0.80) advisory only"}
{"time":"2026-07-24 14:36:02,074","level":"INFO","node":2,"msg":"Sent consensus vote to node 0"}
{"time":"2026-07-24 14:36:02,077","level":"INFO","node":2,"msg":"Sent consensus vote to node 3"}
{"time":"2026-07-24 14:36:02,089","level":"INFO","node":2,"msg":"Sent consensus vote to node 1"}
{"time":"2026-07-24 14:36:02,207","level":"INFO","node":2,"msg":"[FC2 DELTA NORM] node 2 round=16 — fc2 delta norm this round: 0.1008"}
{"time":"2026-07-24 14:36:22,705","level":"INFO","node":2,"msg":"[TIMING] node 2 round=16 ZKP proof generation (voter) took 20.49s"}
{"time":"2026-07-24 14:36:22,705","level":"INFO","node":2,"msg":"[TIMING] node 2 round=16 HE encryption (voter) took 0.00s"}
{"time":"2026-07-24 14:36:22,718","level":"INFO","node":2,"msg":"Forwarded to http://127.0.0.1:8003"}
{"time":"2026-07-24 14:36:45,799","level":"INFO","node":2,"msg":"Prediction agreement with node 3 round=16: A=0.901"}
{"time":"2026-07-24 14:36:45,800","level":"INFO","node":2,"msg":"Consensus vote recorded: node 3 decision=True reason=zkp_ok round=16 new=True satisfied=True"}
{"time":"2026-07-24 14:37:04,975","level":"INFO","node":2,"msg":"Synced weights from master for round 16"}
{"time":"2026-07-24 14:37:05,005","level":"INFO","node":2,"msg":"Sent commit vote to node 0"}
{"time":"2026-07-24 14:37:23,729","level":"INFO","node":2,"msg":"Proposal received: round=17 origin=1 hash=0aa18d1fc02c..."}
{"time":"2026-07-24 14:37:23,759","level":"INFO","node":2,"msg":"Consensus vote recorded: node 1 decision=True reason=zkp_ok round=17 new=True satisfied=False"}
{"time":"2026-07-24 14:37:23,771","level":"INFO","node":2,"msg":"Received update from node 1, round 17"}
{"time":"2026-07-24 14:37:50,498","level":"INFO","node":2,"msg":"ZKP ACCEPTED from node 1"}
{"time":"2026-07-24 14:37:50,498","level":"INFO","node":2,"msg":"fc_in col7 delta self-cosine for node 1: -0.1814 (delta_norm=0.2271)"}
{"time":"2026-07-24 14:37:50,514","level":"INFO","node":2,"msg":"Per-class agreement with node 1: class0=0.969 class1=0.934 gap=0.034"}
{"time":"2026-07-24 14:37:50,514","level":"INFO","node":2,"msg":"Per-class rolling gap for node 1: mean=0.072 over last 4 round(s)"}
{"time":"2026-07-24 14:37:50,514","level":"WARNING","node":2,"msg":"[PER-CLASS AGREEMENT CHECK] node 2 observed node 1: SUSTAINED class agreement gap, rolling mean=0.072 over 4 rounds — possible asymmetric/label_flip-style corruption"}
{"time":"2026-07-24 14:37:50,514","level":"INFO","node":2,"msg":"Trust score for node 1: S=0.821 (Z=1.00 A=0.96 P=0.50 R=1.00) advisory only"}
{"time":"2026-07-24 14:37:50,514","level":"WARNING","node":2,"msg":"Update round=17 from node 1 REJECTED on per-class agreement gap"}
{"time":"2026-07-24 14:37:50,577","level":"INFO","node":2,"msg":"Sent consensus vote to node 3"}
{"time":"2026-07-24 14:37:50,577","level":"INFO","node":2,"msg":"Sent consensus vote to node 0"}
{"time":"2026-07-24 14:37:50,577","level":"INFO","node":2,"msg":"Sent consensus vote to node 1"}
{"time":"2026-07-24 14:37:50,688","level":"INFO","node":2,"msg":"[FC2 DELTA NORM] node 2 round=17 — fc2 delta norm this round: 0.1068"}
{"time":"2026-07-24 14:38:09,610","level":"INFO","node":2,"msg":"[TIMING] node 2 round=17 ZKP proof generation (voter) took 18.91s"}
{"time":"2026-07-24 14:38:09,610","level":"INFO","node":2,"msg":"[TIMING] node 2 round=17 HE encryption (voter) took 0.00s"}
{"time":"2026-07-24 14:38:09,610","level":"INFO","node":2,"msg":"Forwarded to http://127.0.0.1:8003"}
{"time":"2026-07-24 14:38:37,208","level":"INFO","node":2,"msg":"Prediction agreement with node 3 round=17: A=0.952"}
{"time":"2026-07-24 14:38:37,208","level":"INFO","node":2,"msg":"Consensus vote recorded: node 3 decision=False reason=per_class_agreement_gap round=17 new=True satisfied=False"}
{"time":"2026-07-24 14:39:24,881","level":"INFO","node":2,"msg":"Prediction agreement with node 0 round=17: A=0.926"}
{"time":"2026-07-24 14:39:24,881","level":"INFO","node":2,"msg":"Consensus vote recorded: node 0 decision=False reason=per_class_agreement_gap round=17 new=True satisfied=False"}
{"time":"2026-07-24 14:40:02,571","level":"INFO","node":2,"msg":"Proposal for round=17 origin=1 changed hash after 158.84s — treating as a legitimate round retry, not equivocation."}
{"time":"2026-07-24 14:40:02,571","level":"INFO","node":2,"msg":"Proposal received: round=17 origin=1 hash=03dcead59483..."}
{"time":"2026-07-24 14:40:02,587","level":"INFO","node":2,"msg":"Consensus vote recorded: node 1 decision=True reason=zkp_ok round=17 new=True satisfied=False"}
{"time":"2026-07-24 14:40:02,603","level":"INFO","node":2,"msg":"Received update from node 1, round 17"}
{"time":"2026-07-24 14:40:30,098","level":"INFO","node":2,"msg":"ZKP ACCEPTED from node 1"}
{"time":"2026-07-24 14:40:30,098","level":"INFO","node":2,"msg":"fc_in col7 delta self-cosine for node 1: -0.3998 (delta_norm=0.1915)"}
{"time":"2026-07-24 14:40:30,098","level":"INFO","node":2,"msg":"Per-class agreement with node 1: class0=0.920 class1=0.943 gap=0.023"}
{"time":"2026-07-24 14:40:30,098","level":"INFO","node":2,"msg":"Per-class rolling gap for node 1: mean=0.036 over last 4 round(s)"}
{"time":"2026-07-24 14:40:30,113","level":"INFO","node":2,"msg":"Trust score for node 1: S=0.765 (Z=1.00 A=0.93 P=0.54 R=0.80) advisory only"}
{"time":"2026-07-24 14:40:30,161","level":"INFO","node":2,"msg":"Sent consensus vote to node 1"}
{"time":"2026-07-24 14:40:30,161","level":"INFO","node":2,"msg":"Sent consensus vote to node 0"}
{"time":"2026-07-24 14:40:30,161","level":"INFO","node":2,"msg":"Sent consensus vote to node 3"}
{"time":"2026-07-24 14:40:30,260","level":"INFO","node":2,"msg":"[FC2 DELTA NORM] node 2 round=17 — fc2 delta norm this round: 0.0972"}
{"time":"2026-07-24 14:40:43,974","level":"INFO","node":2,"msg":"[TIMING] node 2 round=17 ZKP proof generation (voter) took 13.70s"}
{"time":"2026-07-24 14:40:43,974","level":"INFO","node":2,"msg":"[TIMING] node 2 round=17 HE encryption (voter) took 0.00s"}
{"time":"2026-07-24 14:40:43,992","level":"INFO","node":2,"msg":"Forwarded to http://127.0.0.1:8003"}
{"time":"2026-07-24 14:40:54,529","level":"INFO","node":2,"msg":"Prediction agreement with node 3 round=17: A=0.952"}
{"time":"2026-07-24 14:40:54,530","level":"INFO","node":2,"msg":"Consensus vote recorded: node 3 decision=True reason=zkp_ok round=17 new=True satisfied=True"}
{"time":"2026-07-24 14:41:11,009","level":"INFO","node":2,"msg":"Prediction agreement with node 0 round=17: A=0.938"}
{"time":"2026-07-24 14:41:11,011","level":"INFO","node":2,"msg":"Consensus vote recorded: node 0 decision=True reason=zkp_ok round=17 new=True satisfied=True"}
{"time":"2026-07-24 14:41:17,303","level":"INFO","node":2,"msg":"Synced weights from master for round 17"}
{"time":"2026-07-24 14:41:17,329","level":"INFO","node":2,"msg":"Sent commit vote to node 1"}
{"time":"2026-07-24 14:41:17,338","level":"INFO","node":2,"msg":"My turn — starting round 19 as proposer."}
{"time":"2026-07-24 14:41:17,339","level":"INFO","node":2,"msg":"Starting round 19"}
{"time":"2026-07-24 14:41:17,383","level":"INFO","node":2,"msg":"[FC2 DELTA NORM] node 2 round=18 — fc2 delta norm this round: 0.1045"}
{"time":"2026-07-24 14:41:23,612","level":"INFO","node":2,"msg":"[TIMING] node 2 round=18 ZKP proof generation took 6.22s"}
{"time":"2026-07-24 14:41:23,612","level":"INFO","node":2,"msg":"[TIMING] node 2 round=18 HE encryption took 0.00s"}
{"time":"2026-07-24 14:41:23,620","level":"INFO","node":2,"msg":"Sent proposal to node 3"}
{"time":"2026-07-24 14:41:23,620","level":"INFO","node":2,"msg":"Sent proposal to node 1"}
{"time":"2026-07-24 14:41:23,634","level":"INFO","node":2,"msg":"Sent proposal to node 0"}
{"time":"2026-07-24 14:41:23,640","level":"INFO","node":2,"msg":"Sent consensus vote to node 0"}
{"time":"2026-07-24 14:41:23,641","level":"INFO","node":2,"msg":"Sent consensus vote to node 3"}
{"time":"2026-07-24 14:41:23,641","level":"INFO","node":2,"msg":"Sent consensus vote to node 1"}
{"time":"2026-07-24 14:41:23,645","level":"INFO","node":2,"msg":"Forwarded to http://127.0.0.1:8003"}
{"time":"2026-07-24 14:41:33,467","level":"INFO","node":2,"msg":"Consensus vote recorded: node 3 decision=True reason=zkp_ok round=18 new=True satisfied=False"}
{"time":"2026-07-24 14:41:49,488","level":"INFO","node":2,"msg":"Consensus vote recorded: node 0 decision=True reason=zkp_ok round=18 new=True satisfied=True"}
{"time":"2026-07-24 14:42:05,436","level":"INFO","node":2,"msg":"Consensus vote recorded: node 1 decision=True reason=zkp_ok round=18 new=True satisfied=True"}
{"time":"2026-07-24 14:42:11,668","level":"INFO","node":2,"msg":"Received update from node 1, round 18"}
{"time":"2026-07-24 14:42:11,671","level":"INFO","node":2,"msg":"Round 19 complete — aggregating"}
{"time":"2026-07-24 14:42:11,698","level":"WARNING","node":2,"msg":"[BACKDOOR PROBE] Round 19 SUSPICIOUS: feature=1 value=8.0 forces class=1 flip_rate=0.987 jump=0.659 (thresholds: flip>0.7, jump>0.3)"}
{"time":"2026-07-24 14:42:11,724","level":"INFO","node":2,"msg":"Commit vote recorded: node 1 decision=True round=18 satisfied=False"}
{"time":"2026-07-24 14:42:11,725","level":"INFO","node":2,"msg":"Commit vote recorded: node 0 decision=True round=18 satisfied=True"}
{"time":"2026-07-24 14:42:11,726","level":"INFO","node":2,"msg":"Round 19 COMMITTED — model hash agreed by [2, 1, 0]"}
{"time":"2026-07-24 14:42:11,727","level":"INFO","node":2,"msg":"Broadcast weights to node 1"}
{"time":"2026-07-24 14:42:11,733","level":"INFO","node":2,"msg":"Commit certificate saved to C:\Users\mousu\OneDrive\Desktop\Set A\securefedhe\dashboard\certificates\round_18.json"}
{"time":"2026-07-24 14:42:11,736","level":"INFO","node":2,"msg":"Broadcast weights to node 0"}
{"time":"2026-07-24 14:42:11,747","level":"INFO","node":2,"msg":"Commit vote recorded: node 3 decision=True round=18 satisfied=True"}
{"time":"2026-07-24 14:42:11,752","level":"INFO","node":2,"msg":"Broadcast weights to node 3"}
{"time":"2026-07-24 14:42:11,756","level":"INFO","node":2,"msg":"Checkpoint saved to C:\Users\mousu\OneDrive\Desktop\Set A\securefedhe\dashboard\model_latest.pt"}
{"time":"2026-07-24 14:42:11,756","level":"INFO","node":2,"msg":"Round 19 complete | accuracy=0.8636 | duration=54.42s"}
{"time":"2026-07-24 14:42:11,756","level":"INFO","node":2,"msg":"Round 20 belongs to node 3 — waiting for their proposal."}
{"time":"2026-07-24 14:42:11,761","level":"INFO","node":2,"msg":"Notified next proposer to node 3"}
{"time":"2026-07-24 14:42:11,762","level":"INFO","node":2,"msg":"[WATCHDOG SPAWNED] round=19 expected_proposer=3 timeout_s=600 spawned_at=14:42:11"}
{"time":"2026-07-24 14:42:18,054","level":"INFO","node":2,"msg":"Proposal received: round=19 origin=3 hash=bfb443d0dfc2..."}
{"time":"2026-07-24 14:42:18,063","level":"INFO","node":2,"msg":"Consensus vote recorded: node 3 decision=True reason=zkp_ok round=19 new=True satisfied=False"}
{"time":"2026-07-24 14:42:27,858","level":"INFO","node":2,"msg":"Consensus vote recorded: node 0 decision=True reason=zkp_ok round=19 new=True satisfied=False"}
{"time":"2026-07-24 14:42:43,873","level":"INFO","node":2,"msg":"Consensus vote recorded: node 1 decision=True reason=zkp_ok round=19 new=True satisfied=True"}
{"time":"2026-07-24 14:42:50,165","level":"INFO","node":2,"msg":"Received update from node 1, round 19"}
{"time":"2026-07-24 14:43:00,045","level":"INFO","node":2,"msg":"ZKP ACCEPTED from node 1"}
{"time":"2026-07-24 14:43:00,045","level":"INFO","node":2,"msg":"fc_in col7 delta self-cosine for node 3: -0.1713 (delta_norm=0.1704)"}
{"time":"2026-07-24 14:43:00,057","level":"INFO","node":2,"msg":"Per-class agreement with node 3: class0=0.971 class1=0.941 gap=0.030"}
{"time":"2026-07-24 14:43:00,057","level":"INFO","node":2,"msg":"Per-class rolling gap for node 3: mean=0.032 over last 4 round(s)"}
{"time":"2026-07-24 14:43:00,062","level":"INFO","node":2,"msg":"Trust score for node 3: S=0.819 (Z=1.00 A=0.96 P=0.48 R=1.00) advisory only"}
{"time":"2026-07-24 14:43:00,104","level":"INFO","node":2,"msg":"Sent consensus vote to node 0"}
{"time":"2026-07-24 14:43:00,104","level":"INFO","node":2,"msg":"Sent consensus vote to node 1"}
{"time":"2026-07-24 14:43:00,107","level":"INFO","node":2,"msg":"Sent consensus vote to node 3"}
{"time":"2026-07-24 14:43:00,158","level":"INFO","node":2,"msg":"[FC2 DELTA NORM] node 2 round=19 — fc2 delta norm this round: 0.1057"}
{"time":"2026-07-24 14:43:06,320","level":"INFO","node":2,"msg":"[TIMING] node 2 round=19 ZKP proof generation (voter) took 6.14s"}
{"time":"2026-07-24 14:43:06,320","level":"INFO","node":2,"msg":"[TIMING] node 2 round=19 HE encryption (voter) took 0.00s"}
{"time":"2026-07-24 14:43:06,338","level":"INFO","node":2,"msg":"Forwarded to http://127.0.0.1:8003"}
{"time":"2026-07-24 14:43:06,410","level":"INFO","node":2,"msg":"Synced weights from master for round 19"}
{"time":"2026-07-24 14:43:06,410","level":"INFO","node":2,"msg":"Training complete after 20 rounds"}
{"time":"2026-07-24 14:43:06,410","level":"INFO","node":2,"msg":"Sent commit vote to node 3"}
{"time":"2026-07-24 14:52:11,777","level":"INFO","node":2,"msg":"Watchdog fired but training already complete — ignoring, not excluding node 3."}
{"time":"2026-07-26 03:17:23,268","level":"INFO","node":2,"msg":"Starting node 2: Rural Health Centre"}
{"time":"2026-07-26 03:17:23,268","level":"INFO","node":2,"msg":"[CONFIG DEBUG] attack_simulation loaded: enabled=True target_node=2 type=stale_update config_path=config_dev.json"}
{"time":"2026-07-26 03:17:23,623","level":"WARNING","node":2,"msg":"DEV MODE: running without TLS"}
{"time":"2026-07-26 03:17:23,623","level":"INFO","node":2,"msg":"Listening on 127.0.0.1:8002 | TLS=False"}
