{"time":"2026-07-22 15:04:36,408","level":"INFO","node":3,"msg":"Starting node 3: Community Wellness Center"}
{"time":"2026-07-22 15:04:36,408","level":"INFO","node":3,"msg":"[CONFIG DEBUG] attack_simulation loaded: enabled=False target_node=2 type=gradient_norm config_path=config_dev.json"}
{"time":"2026-07-22 15:04:36,500","level":"WARNING","node":3,"msg":"DEV MODE: running without TLS"}
{"time":"2026-07-22 15:04:36,500","level":"INFO","node":3,"msg":"Listening on 127.0.0.1:8003 | TLS=False"}
{"time":"2026-07-22 15:04:37,243","level":"INFO","node":3,"msg":"Key exchange complete with node 1"}
{"time":"2026-07-22 15:04:37,246","level":"INFO","node":3,"msg":"Consensus pubkey received from node 1"}
{"time":"2026-07-22 15:04:39,187","level":"INFO","node":3,"msg":"Consensus pubkey received from node 2"}
{"time":"2026-07-22 15:04:39,195","level":"INFO","node":3,"msg":"Key exchange complete with node 2"}
{"time":"2026-07-22 15:04:41,514","level":"INFO","node":3,"msg":"Sent public key to node 0"}
{"time":"2026-07-22 15:04:41,530","level":"INFO","node":3,"msg":"Sent consensus pubkey to node 0"}
{"time":"2026-07-22 15:04:41,558","level":"INFO","node":3,"msg":"Sent public key to node 1"}
{"time":"2026-07-22 15:04:41,559","level":"INFO","node":3,"msg":"Sent consensus pubkey to node 1"}
{"time":"2026-07-22 15:04:41,570","level":"INFO","node":3,"msg":"Sent consensus pubkey to node 2"}
{"time":"2026-07-22 15:04:41,592","level":"INFO","node":3,"msg":"Sent public key to node 2"}
{"time":"2026-07-22 15:04:48,393","level":"INFO","node":3,"msg":"Key exchange complete with node 0"}
{"time":"2026-07-22 15:04:48,418","level":"INFO","node":3,"msg":"Consensus pubkey received from node 0"}
{"time":"2026-07-22 15:05:47,846","level":"INFO","node":3,"msg":"Starting node 3: Community Wellness Center"}
{"time":"2026-07-22 15:05:47,846","level":"INFO","node":3,"msg":"[CONFIG DEBUG] attack_simulation loaded: enabled=False target_node=2 type=gradient_norm config_path=config_dev.json"}
{"time":"2026-07-22 15:05:47,947","level":"WARNING","node":3,"msg":"DEV MODE: running without TLS"}
{"time":"2026-07-22 15:05:47,947","level":"INFO","node":3,"msg":"Listening on 127.0.0.1:8003 | TLS=False"}
{"time":"2026-07-22 15:05:54,983","level":"INFO","node":3,"msg":"Sent public key to node 0"}
{"time":"2026-07-22 15:05:54,983","level":"INFO","node":3,"msg":"Sent consensus pubkey to node 0"}
{"time":"2026-07-22 15:05:54,983","level":"INFO","node":3,"msg":"Sent public key to node 1"}
{"time":"2026-07-22 15:05:54,998","level":"INFO","node":3,"msg":"Sent consensus pubkey to node 1"}
{"time":"2026-07-22 15:05:55,008","level":"INFO","node":3,"msg":"Sent public key to node 2"}
{"time":"2026-07-22 15:05:55,029","level":"INFO","node":3,"msg":"Sent consensus pubkey to node 2"}
{"time":"2026-07-22 15:05:55,171","level":"INFO","node":3,"msg":"Consensus pubkey received from node 2"}
{"time":"2026-07-22 15:05:55,173","level":"INFO","node":3,"msg":"Key exchange complete with node 2"}
{"time":"2026-07-22 15:05:57,465","level":"INFO","node":3,"msg":"Consensus pubkey received from node 1"}
{"time":"2026-07-22 15:05:57,476","level":"INFO","node":3,"msg":"Key exchange complete with node 1"}
{"time":"2026-07-22 15:06:12,819","level":"INFO","node":3,"msg":"Key exchange complete with node 0"}
{"time":"2026-07-22 15:06:12,849","level":"INFO","node":3,"msg":"Consensus pubkey received from node 0"}
{"time":"2026-07-22 15:06:20,382","level":"INFO","node":3,"msg":"Proposal received: round=0 origin=0 hash=6535410ac0c9..."}
{"time":"2026-07-22 15:06:20,424","level":"INFO","node":3,"msg":"Consensus vote recorded: node 0 decision=True reason=zkp_ok round=0 new=True satisfied=False"}
{"time":"2026-07-22 15:06:30,044","level":"INFO","node":3,"msg":"Consensus vote recorded: node 1 decision=True reason=zkp_ok round=0 new=True satisfied=False"}
{"time":"2026-07-22 15:06:47,076","level":"INFO","node":3,"msg":"Consensus vote recorded: node 2 decision=True reason=zkp_ok round=0 new=True satisfied=True"}
{"time":"2026-07-22 15:06:54,377","level":"INFO","node":3,"msg":"Received update from node 2, round 0"}
{"time":"2026-07-22 15:07:04,049","level":"INFO","node":3,"msg":"ZKP ACCEPTED from node 2"}
{"time":"2026-07-22 15:07:04,067","level":"INFO","node":3,"msg":"Trust score for node 0: S=0.429 (Z=1.00 A=0.50 P=0.50 R=1.00) advisory only"}
{"time":"2026-07-22 15:07:04,094","level":"INFO","node":3,"msg":"Sent consensus vote to node 0"}
{"time":"2026-07-22 15:07:04,111","level":"INFO","node":3,"msg":"Sent consensus vote to node 1"}
{"time":"2026-07-22 15:07:04,118","level":"INFO","node":3,"msg":"Sent consensus vote to node 2"}
{"time":"2026-07-22 15:07:05,228","level":"INFO","node":3,"msg":"[FC2 DELTA NORM] node 3 round=0 — fc2 delta norm this round: 0.1048"}
{"time":"2026-07-22 15:07:11,372","level":"INFO","node":3,"msg":"Forwarded to http://127.0.0.1:8000"}
{"time":"2026-07-22 15:07:11,479","level":"INFO","node":3,"msg":"Synced weights from master for round 0"}
{"time":"2026-07-22 15:07:11,487","level":"INFO","node":3,"msg":"Sent commit vote to node 0"}
{"time":"2026-07-22 15:07:17,868","level":"INFO","node":3,"msg":"Proposal received: round=1 origin=1 hash=9054ea2ad0d6..."}
{"time":"2026-07-22 15:07:17,886","level":"INFO","node":3,"msg":"Consensus vote recorded: node 1 decision=True reason=zkp_ok round=1 new=True satisfied=False"}
{"time":"2026-07-22 15:07:27,751","level":"INFO","node":3,"msg":"Consensus vote recorded: node 2 decision=True reason=zkp_ok round=1 new=True satisfied=False"}
{"time":"2026-07-22 15:07:33,862","level":"INFO","node":3,"msg":"Received update from node 2, round 1"}
{"time":"2026-07-22 15:07:43,956","level":"INFO","node":3,"msg":"ZKP ACCEPTED from node 2"}
{"time":"2026-07-22 15:07:43,956","level":"INFO","node":3,"msg":"Trust score for node 1: S=0.429 (Z=1.00 A=0.50 P=0.50 R=1.00) advisory only"}
{"time":"2026-07-22 15:07:44,000","level":"INFO","node":3,"msg":"Sent consensus vote to node 0"}
{"time":"2026-07-22 15:07:44,037","level":"INFO","node":3,"msg":"Sent consensus vote to node 1"}
{"time":"2026-07-22 15:07:44,061","level":"INFO","node":3,"msg":"Sent consensus vote to node 2"}
{"time":"2026-07-22 15:07:44,116","level":"INFO","node":3,"msg":"[FC2 DELTA NORM] node 3 round=1 — fc2 delta norm this round: 0.0416"}
{"time":"2026-07-22 15:07:50,392","level":"INFO","node":3,"msg":"Forwarded to http://127.0.0.1:8000"}
{"time":"2026-07-22 15:08:00,249","level":"INFO","node":3,"msg":"Prediction agreement with node 0 round=1: A=0.995"}
{"time":"2026-07-22 15:08:00,249","level":"INFO","node":3,"msg":"Consensus vote recorded: node 0 decision=True reason=zkp_ok round=1 new=True satisfied=True"}
{"time":"2026-07-22 15:08:06,527","level":"INFO","node":3,"msg":"Synced weights from master for round 1"}
{"time":"2026-07-22 15:08:06,547","level":"INFO","node":3,"msg":"Sent commit vote to node 1"}
{"time":"2026-07-22 15:08:12,731","level":"INFO","node":3,"msg":"Proposal received: round=2 origin=2 hash=0355267b96bd..."}
{"time":"2026-07-22 15:08:12,752","level":"INFO","node":3,"msg":"Consensus vote recorded: node 2 decision=True reason=zkp_ok round=2 new=True satisfied=False"}
{"time":"2026-07-22 15:08:12,757","level":"INFO","node":3,"msg":"Received update from node 2, round 2"}
{"time":"2026-07-22 15:08:22,366","level":"INFO","node":3,"msg":"ZKP ACCEPTED from node 2"}
{"time":"2026-07-22 15:08:22,378","level":"INFO","node":3,"msg":"Trust score for node 2: S=0.429 (Z=1.00 A=0.50 P=0.50 R=1.00) advisory only"}
{"time":"2026-07-22 15:08:22,393","level":"INFO","node":3,"msg":"Sent consensus vote to node 0"}
{"time":"2026-07-22 15:08:22,410","level":"INFO","node":3,"msg":"Sent consensus vote to node 1"}
{"time":"2026-07-22 15:08:22,441","level":"INFO","node":3,"msg":"Sent consensus vote to node 2"}
{"time":"2026-07-22 15:08:22,469","level":"INFO","node":3,"msg":"[FC2 DELTA NORM] node 3 round=2 — fc2 delta norm this round: 0.0648"}
{"time":"2026-07-22 15:08:28,694","level":"INFO","node":3,"msg":"Forwarded to http://127.0.0.1:8000"}
{"time":"2026-07-22 15:08:38,390","level":"INFO","node":3,"msg":"Prediction agreement with node 0 round=2: A=0.977"}
{"time":"2026-07-22 15:08:38,390","level":"INFO","node":3,"msg":"Consensus vote recorded: node 0 decision=True reason=zkp_ok round=2 new=True satisfied=True"}
{"time":"2026-07-22 15:08:54,386","level":"INFO","node":3,"msg":"Prediction agreement with node 1 round=2: A=0.977"}
{"time":"2026-07-22 15:08:54,387","level":"INFO","node":3,"msg":"Consensus vote recorded: node 1 decision=True reason=zkp_ok round=2 new=True satisfied=True"}
{"time":"2026-07-22 15:09:00,759","level":"INFO","node":3,"msg":"Synced weights from master for round 2"}
{"time":"2026-07-22 15:09:00,791","level":"INFO","node":3,"msg":"Sent commit vote to node 2"}
{"time":"2026-07-22 15:09:00,802","level":"INFO","node":3,"msg":"My turn — starting round 4 as proposer."}
{"time":"2026-07-22 15:09:00,803","level":"INFO","node":3,"msg":"Starting round 4"}
{"time":"2026-07-22 15:09:00,844","level":"INFO","node":3,"msg":"[FC2 DELTA NORM] node 3 round=3 — fc2 delta norm this round: 0.0653"}
{"time":"2026-07-22 15:09:07,105","level":"INFO","node":3,"msg":"Sent proposal to node 0"}
{"time":"2026-07-22 15:09:07,124","level":"INFO","node":3,"msg":"Sent proposal to node 1"}
{"time":"2026-07-22 15:09:07,133","level":"INFO","node":3,"msg":"Sent proposal to node 2"}
{"time":"2026-07-22 15:09:07,141","level":"INFO","node":3,"msg":"Sent consensus vote to node 0"}
{"time":"2026-07-22 15:09:07,145","level":"INFO","node":3,"msg":"Sent consensus vote to node 1"}
{"time":"2026-07-22 15:09:07,149","level":"INFO","node":3,"msg":"Sent consensus vote to node 2"}
{"time":"2026-07-22 15:09:07,152","level":"INFO","node":3,"msg":"Forwarded to http://127.0.0.1:8000"}
{"time":"2026-07-22 15:09:16,984","level":"INFO","node":3,"msg":"Consensus vote recorded: node 0 decision=True reason=zkp_ok round=3 new=True satisfied=False"}
{"time":"2026-07-22 15:09:32,948","level":"INFO","node":3,"msg":"Consensus vote recorded: node 1 decision=True reason=zkp_ok round=3 new=True satisfied=True"}
{"time":"2026-07-22 15:09:48,958","level":"INFO","node":3,"msg":"Consensus vote recorded: node 2 decision=True reason=zkp_ok round=3 new=True satisfied=True"}
{"time":"2026-07-22 15:09:55,164","level":"INFO","node":3,"msg":"Received update from node 2, round 3"}
{"time":"2026-07-22 15:09:55,164","level":"INFO","node":3,"msg":"Round 4 complete — aggregating"}
{"time":"2026-07-22 15:09:55,164","level":"INFO","node":3,"msg":"Round 4 accuracy gate skipped (warm-up period, candidate_acc=0.7636)"}
{"time":"2026-07-22 15:09:55,188","level":"INFO","node":3,"msg":"Commit vote recorded: node 0 decision=True round=3 satisfied=False"}
{"time":"2026-07-22 15:09:55,189","level":"INFO","node":3,"msg":"Broadcast weights to node 0"}
{"time":"2026-07-22 15:09:55,203","level":"INFO","node":3,"msg":"Commit vote recorded: node 1 decision=True round=3 satisfied=True"}
{"time":"2026-07-22 15:09:55,203","level":"INFO","node":3,"msg":"Round 4 COMMITTED — model hash agreed by [3, 0, 1]"}
{"time":"2026-07-22 15:09:55,204","level":"INFO","node":3,"msg":"Commit certificate saved to C:\Users\mousu\OneDrive\Desktop\Set A\securefedhe\dashboard\certificates\round_3.json"}
{"time":"2026-07-22 15:09:55,211","level":"INFO","node":3,"msg":"Broadcast weights to node 1"}
{"time":"2026-07-22 15:09:55,241","level":"INFO","node":3,"msg":"Commit vote recorded: node 2 decision=True round=3 satisfied=True"}
{"time":"2026-07-22 15:09:55,243","level":"INFO","node":3,"msg":"Broadcast weights to node 2"}
{"time":"2026-07-22 15:09:55,252","level":"INFO","node":3,"msg":"Checkpoint saved to C:\Users\mousu\OneDrive\Desktop\Set A\securefedhe\dashboard\model_latest.pt"}
{"time":"2026-07-22 15:09:55,252","level":"INFO","node":3,"msg":"Round 4 complete | accuracy=0.7636 | duration=54.45s"}
{"time":"2026-07-22 15:09:55,252","level":"INFO","node":3,"msg":"Round 5 belongs to node 0 — waiting for their proposal."}
{"time":"2026-07-22 15:09:55,257","level":"INFO","node":3,"msg":"Notified next proposer to node 0"}
{"time":"2026-07-22 15:09:55,258","level":"INFO","node":3,"msg":"[WATCHDOG SPAWNED] round=4 expected_proposer=0 timeout_s=600 spawned_at=15:09:55"}
{"time":"2026-07-22 15:10:01,439","level":"INFO","node":3,"msg":"Proposal received: round=4 origin=0 hash=f13a6a7b10d1..."}
{"time":"2026-07-22 15:10:01,466","level":"INFO","node":3,"msg":"Consensus vote recorded: node 0 decision=True reason=zkp_ok round=4 new=True satisfied=False"}
{"time":"2026-07-22 15:10:11,277","level":"INFO","node":3,"msg":"Consensus vote recorded: node 1 decision=True reason=zkp_ok round=4 new=True satisfied=False"}
{"time":"2026-07-22 15:10:27,178","level":"INFO","node":3,"msg":"Consensus vote recorded: node 2 decision=True reason=zkp_ok round=4 new=True satisfied=True"}
{"time":"2026-07-22 15:10:33,229","level":"INFO","node":3,"msg":"Received update from node 2, round 4"}
{"time":"2026-07-22 15:10:42,940","level":"INFO","node":3,"msg":"ZKP ACCEPTED from node 2"}
{"time":"2026-07-22 15:10:42,940","level":"INFO","node":3,"msg":"Per-class agreement with node 0: class0=0.745 class1=0.862 gap=0.117"}
{"time":"2026-07-22 15:10:42,940","level":"INFO","node":3,"msg":"Per-class rolling gap for node 0: mean=0.117 over last 1 round(s)"}
{"time":"2026-07-22 15:10:42,954","level":"INFO","node":3,"msg":"Trust score for node 0: S=0.690 (Z=1.00 A=0.78 P=0.59 R=1.00) advisory only"}
{"time":"2026-07-22 15:10:42,984","level":"INFO","node":3,"msg":"Sent consensus vote to node 0"}
{"time":"2026-07-22 15:10:43,041","level":"INFO","node":3,"msg":"Sent consensus vote to node 1"}
{"time":"2026-07-22 15:10:43,079","level":"INFO","node":3,"msg":"Sent consensus vote to node 2"}
{"time":"2026-07-22 15:10:43,108","level":"INFO","node":3,"msg":"[FC2 DELTA NORM] node 3 round=4 — fc2 delta norm this round: 0.0647"}
{"time":"2026-07-22 15:10:49,302","level":"INFO","node":3,"msg":"Forwarded to http://127.0.0.1:8000"}
{"time":"2026-07-22 15:10:49,400","level":"INFO","node":3,"msg":"Synced weights from master for round 4"}
{"time":"2026-07-22 15:10:49,411","level":"INFO","node":3,"msg":"Sent commit vote to node 0"}
{"time":"2026-07-22 15:10:55,585","level":"INFO","node":3,"msg":"Proposal received: round=5 origin=1 hash=f139d98f249a..."}
{"time":"2026-07-22 15:10:55,614","level":"INFO","node":3,"msg":"Consensus vote recorded: node 1 decision=True reason=zkp_ok round=5 new=True satisfied=False"}
{"time":"2026-07-22 15:11:05,414","level":"INFO","node":3,"msg":"Consensus vote recorded: node 2 decision=True reason=zkp_ok round=5 new=True satisfied=False"}
{"time":"2026-07-22 15:11:11,580","level":"INFO","node":3,"msg":"Received update from node 2, round 5"}
{"time":"2026-07-22 15:11:21,233","level":"INFO","node":3,"msg":"ZKP ACCEPTED from node 2"}
{"time":"2026-07-22 15:11:21,233","level":"INFO","node":3,"msg":"Per-class agreement with node 1: class0=0.765 class1=0.901 gap=0.137"}
{"time":"2026-07-22 15:11:21,248","level":"INFO","node":3,"msg":"Per-class rolling gap for node 1: mean=0.137 over last 1 round(s)"}
{"time":"2026-07-22 15:11:21,248","level":"INFO","node":3,"msg":"Trust score for node 1: S=0.705 (Z=1.00 A=0.81 P=0.55 R=1.00) advisory only"}
{"time":"2026-07-22 15:11:21,261","level":"INFO","node":3,"msg":"Sent consensus vote to node 0"}
{"time":"2026-07-22 15:11:21,261","level":"INFO","node":3,"msg":"Sent consensus vote to node 1"}
{"time":"2026-07-22 15:11:21,286","level":"INFO","node":3,"msg":"Sent consensus vote to node 2"}
{"time":"2026-07-22 15:11:21,318","level":"INFO","node":3,"msg":"[FC2 DELTA NORM] node 3 round=5 — fc2 delta norm this round: 0.0736"}
{"time":"2026-07-22 15:11:27,459","level":"INFO","node":3,"msg":"Forwarded to http://127.0.0.1:8000"}
{"time":"2026-07-22 15:11:37,131","level":"INFO","node":3,"msg":"Prediction agreement with node 0 round=5: A=0.983"}
{"time":"2026-07-22 15:11:37,131","level":"INFO","node":3,"msg":"Consensus vote recorded: node 0 decision=True reason=zkp_ok round=5 new=True satisfied=True"}
{"time":"2026-07-22 15:11:43,485","level":"INFO","node":3,"msg":"Synced weights from master for round 5"}
{"time":"2026-07-22 15:11:43,501","level":"INFO","node":3,"msg":"Sent commit vote to node 1"}
{"time":"2026-07-22 15:11:49,812","level":"INFO","node":3,"msg":"Proposal received: round=6 origin=2 hash=6c223896e553..."}
{"time":"2026-07-22 15:11:49,826","level":"INFO","node":3,"msg":"Consensus vote recorded: node 2 decision=True reason=zkp_ok round=6 new=True satisfied=False"}
{"time":"2026-07-22 15:11:49,829","level":"INFO","node":3,"msg":"Received update from node 2, round 6"}
{"time":"2026-07-22 15:11:59,704","level":"INFO","node":3,"msg":"ZKP ACCEPTED from node 2"}
{"time":"2026-07-22 15:11:59,711","level":"INFO","node":3,"msg":"Per-class agreement with node 2: class0=0.862 class1=0.902 gap=0.040"}
{"time":"2026-07-22 15:11:59,711","level":"INFO","node":3,"msg":"Per-class rolling gap for node 2: mean=0.040 over last 1 round(s)"}
{"time":"2026-07-22 15:11:59,715","level":"INFO","node":3,"msg":"Trust score for node 2: S=0.786 (Z=1.00 A=0.87 P=0.65 R=1.00) advisory only"}
{"time":"2026-07-22 15:11:59,737","level":"INFO","node":3,"msg":"Sent consensus vote to node 0"}
{"time":"2026-07-22 15:11:59,762","level":"INFO","node":3,"msg":"Sent consensus vote to node 1"}
{"time":"2026-07-22 15:11:59,775","level":"INFO","node":3,"msg":"Sent consensus vote to node 2"}
{"time":"2026-07-22 15:11:59,807","level":"INFO","node":3,"msg":"[FC2 DELTA NORM] node 3 round=6 — fc2 delta norm this round: 0.0775"}
{"time":"2026-07-22 15:12:05,849","level":"INFO","node":3,"msg":"Forwarded to http://127.0.0.1:8000"}
{"time":"2026-07-22 15:12:15,649","level":"INFO","node":3,"msg":"Prediction agreement with node 0 round=6: A=0.971"}
{"time":"2026-07-22 15:12:15,650","level":"INFO","node":3,"msg":"Consensus vote recorded: node 0 decision=True reason=zkp_ok round=6 new=True satisfied=True"}
{"time":"2026-07-22 15:12:32,343","level":"INFO","node":3,"msg":"Prediction agreement with node 1 round=6: A=0.971"}
{"time":"2026-07-22 15:12:32,344","level":"INFO","node":3,"msg":"Consensus vote recorded: node 1 decision=True reason=zkp_ok round=6 new=True satisfied=True"}
{"time":"2026-07-22 15:12:38,680","level":"INFO","node":3,"msg":"Synced weights from master for round 6"}
{"time":"2026-07-22 15:12:38,689","level":"INFO","node":3,"msg":"Sent commit vote to node 2"}
{"time":"2026-07-22 15:12:38,695","level":"INFO","node":3,"msg":"My turn — starting round 8 as proposer."}
{"time":"2026-07-22 15:12:38,695","level":"INFO","node":3,"msg":"Starting round 8"}
{"time":"2026-07-22 15:12:38,763","level":"INFO","node":3,"msg":"[FC2 DELTA NORM] node 3 round=7 — fc2 delta norm this round: 0.0755"}
{"time":"2026-07-22 15:12:44,919","level":"INFO","node":3,"msg":"Sent proposal to node 0"}
{"time":"2026-07-22 15:12:44,937","level":"INFO","node":3,"msg":"Sent proposal to node 1"}
{"time":"2026-07-22 15:12:44,948","level":"INFO","node":3,"msg":"Sent proposal to node 2"}
{"time":"2026-07-22 15:12:44,956","level":"INFO","node":3,"msg":"Sent consensus vote to node 0"}
{"time":"2026-07-22 15:12:44,961","level":"INFO","node":3,"msg":"Sent consensus vote to node 1"}
{"time":"2026-07-22 15:12:44,966","level":"INFO","node":3,"msg":"Sent consensus vote to node 2"}
{"time":"2026-07-22 15:12:44,974","level":"INFO","node":3,"msg":"Forwarded to http://127.0.0.1:8000"}
{"time":"2026-07-22 15:12:54,768","level":"INFO","node":3,"msg":"Consensus vote recorded: node 0 decision=True reason=zkp_ok round=7 new=True satisfied=False"}
{"time":"2026-07-22 15:13:10,742","level":"INFO","node":3,"msg":"Consensus vote recorded: node 1 decision=True reason=zkp_ok round=7 new=True satisfied=True"}
{"time":"2026-07-22 15:13:26,960","level":"INFO","node":3,"msg":"Consensus vote recorded: node 2 decision=True reason=zkp_ok round=7 new=True satisfied=True"}
{"time":"2026-07-22 15:13:33,030","level":"INFO","node":3,"msg":"Received update from node 2, round 7"}
{"time":"2026-07-22 15:13:33,030","level":"INFO","node":3,"msg":"Round 8 complete — aggregating"}
{"time":"2026-07-22 15:13:33,059","level":"WARNING","node":3,"msg":"[BACKDOOR PROBE] Round 8 SUSPICIOUS: feature=1 value=8.0 forces class=1 flip_rate=1.000 jump=0.773 (thresholds: flip>0.7, jump>0.3)"}
{"time":"2026-07-22 15:13:33,103","level":"INFO","node":3,"msg":"Commit vote recorded: node 0 decision=True round=7 satisfied=False"}
{"time":"2026-07-22 15:13:33,105","level":"INFO","node":3,"msg":"Broadcast weights to node 0"}
{"time":"2026-07-22 15:13:33,141","level":"INFO","node":3,"msg":"Commit vote recorded: node 1 decision=True round=7 satisfied=True"}
{"time":"2026-07-22 15:13:33,142","level":"INFO","node":3,"msg":"Round 8 COMMITTED — model hash agreed by [3, 0, 1]"}
{"time":"2026-07-22 15:13:33,143","level":"INFO","node":3,"msg":"Commit certificate saved to C:\Users\mousu\OneDrive\Desktop\Set A\securefedhe\dashboard\certificates\round_7.json"}
{"time":"2026-07-22 15:13:33,143","level":"INFO","node":3,"msg":"Broadcast weights to node 1"}
{"time":"2026-07-22 15:13:33,155","level":"INFO","node":3,"msg":"Commit vote recorded: node 2 decision=True round=7 satisfied=True"}
{"time":"2026-07-22 15:13:33,157","level":"INFO","node":3,"msg":"Broadcast weights to node 2"}
{"time":"2026-07-22 15:13:33,158","level":"INFO","node":3,"msg":"Checkpoint saved to C:\Users\mousu\OneDrive\Desktop\Set A\securefedhe\dashboard\model_latest.pt"}
{"time":"2026-07-22 15:13:33,158","level":"INFO","node":3,"msg":"Round 8 complete | accuracy=0.8182 | duration=54.46s"}
{"time":"2026-07-22 15:13:33,158","level":"INFO","node":3,"msg":"Round 9 belongs to node 0 — waiting for their proposal."}
{"time":"2026-07-22 15:13:33,162","level":"INFO","node":3,"msg":"Notified next proposer to node 0"}
{"time":"2026-07-22 15:13:33,163","level":"INFO","node":3,"msg":"[WATCHDOG SPAWNED] round=8 expected_proposer=0 timeout_s=600 spawned_at=15:13:33"}
{"time":"2026-07-22 15:13:39,464","level":"INFO","node":3,"msg":"Proposal received: round=8 origin=0 hash=c931bff3fba6..."}
{"time":"2026-07-22 15:13:39,493","level":"INFO","node":3,"msg":"Consensus vote recorded: node 0 decision=True reason=zkp_ok round=8 new=True satisfied=False"}
{"time":"2026-07-22 15:13:49,411","level":"INFO","node":3,"msg":"Consensus vote recorded: node 1 decision=True reason=zkp_ok round=8 new=True satisfied=False"}
{"time":"2026-07-22 15:14:05,393","level":"INFO","node":3,"msg":"Consensus vote recorded: node 2 decision=True reason=zkp_ok round=8 new=True satisfied=True"}
{"time":"2026-07-22 15:14:11,696","level":"INFO","node":3,"msg":"Received update from node 2, round 8"}
{"time":"2026-07-22 15:14:21,528","level":"INFO","node":3,"msg":"ZKP ACCEPTED from node 2"}
{"time":"2026-07-22 15:14:21,528","level":"INFO","node":3,"msg":"fc_in col7 delta self-cosine for node 0: 0.2748 (delta_norm=0.2054)"}
{"time":"2026-07-22 15:14:21,539","level":"INFO","node":3,"msg":"Per-class agreement with node 0: class0=0.954 class1=0.953 gap=0.001"}
{"time":"2026-07-22 15:14:21,539","level":"INFO","node":3,"msg":"Per-class rolling gap for node 0: mean=0.059 over last 2 round(s)"}
{"time":"2026-07-22 15:14:21,542","level":"INFO","node":3,"msg":"Trust score for node 0: S=0.803 (Z=1.00 A=0.95 P=0.45 R=1.00) advisory only"}
{"time":"2026-07-22 15:14:21,553","level":"INFO","node":3,"msg":"Sent consensus vote to node 0"}
{"time":"2026-07-22 15:14:21,561","level":"INFO","node":3,"msg":"Sent consensus vote to node 1"}
{"time":"2026-07-22 15:14:21,576","level":"INFO","node":3,"msg":"Sent consensus vote to node 2"}
{"time":"2026-07-22 15:14:21,606","level":"INFO","node":3,"msg":"[FC2 DELTA NORM] node 3 round=8 — fc2 delta norm this round: 0.0777"}
{"time":"2026-07-22 15:14:27,669","level":"INFO","node":3,"msg":"Forwarded to http://127.0.0.1:8000"}
{"time":"2026-07-22 15:14:27,754","level":"INFO","node":3,"msg":"Synced weights from master for round 8"}
{"time":"2026-07-22 15:14:27,759","level":"INFO","node":3,"msg":"Sent commit vote to node 0"}
{"time":"2026-07-22 15:14:34,170","level":"INFO","node":3,"msg":"Proposal received: round=9 origin=1 hash=e822dc97dbc5..."}
{"time":"2026-07-22 15:14:34,192","level":"INFO","node":3,"msg":"Consensus vote recorded: node 1 decision=True reason=zkp_ok round=9 new=True satisfied=False"}
{"time":"2026-07-22 15:14:43,979","level":"INFO","node":3,"msg":"Consensus vote recorded: node 2 decision=True reason=zkp_ok round=9 new=True satisfied=False"}
{"time":"2026-07-22 15:14:49,959","level":"INFO","node":3,"msg":"Received update from node 2, round 9"}
{"time":"2026-07-22 15:14:59,615","level":"INFO","node":3,"msg":"ZKP ACCEPTED from node 2"}
{"time":"2026-07-22 15:14:59,615","level":"INFO","node":3,"msg":"fc_in col7 delta self-cosine for node 1: 0.0429 (delta_norm=0.2032)"}
{"time":"2026-07-22 15:14:59,618","level":"INFO","node":3,"msg":"Per-class agreement with node 1: class0=0.948 class1=0.951 gap=0.003"}
{"time":"2026-07-22 15:14:59,620","level":"INFO","node":3,"msg":"Per-class rolling gap for node 1: mean=0.070 over last 2 round(s)"}
{"time":"2026-07-22 15:14:59,620","level":"INFO","node":3,"msg":"Trust score for node 1: S=0.819 (Z=1.00 A=0.95 P=0.52 R=1.00) advisory only"}
{"time":"2026-07-22 15:14:59,659","level":"INFO","node":3,"msg":"Sent consensus vote to node 0"}
{"time":"2026-07-22 15:14:59,686","level":"INFO","node":3,"msg":"Sent consensus vote to node 1"}
{"time":"2026-07-22 15:14:59,718","level":"INFO","node":3,"msg":"Sent consensus vote to node 2"}
{"time":"2026-07-22 15:14:59,758","level":"INFO","node":3,"msg":"[FC2 DELTA NORM] node 3 round=9 — fc2 delta norm this round: 0.0888"}
{"time":"2026-07-22 15:15:06,243","level":"INFO","node":3,"msg":"Forwarded to http://127.0.0.1:8000"}
{"time":"2026-07-22 15:15:16,291","level":"INFO","node":3,"msg":"Prediction agreement with node 0 round=9: A=0.972"}
{"time":"2026-07-22 15:15:16,292","level":"INFO","node":3,"msg":"Consensus vote recorded: node 0 decision=True reason=zkp_ok round=9 new=True satisfied=True"}
{"time":"2026-07-22 15:15:22,542","level":"INFO","node":3,"msg":"Synced weights from master for round 9"}
{"time":"2026-07-22 15:15:22,567","level":"INFO","node":3,"msg":"Sent commit vote to node 1"}
{"time":"2026-07-22 15:15:28,950","level":"INFO","node":3,"msg":"Proposal received: round=10 origin=2 hash=c7a705f78c0c..."}
{"time":"2026-07-22 15:15:28,966","level":"INFO","node":3,"msg":"Consensus vote recorded: node 2 decision=True reason=zkp_ok round=10 new=True satisfied=False"}
{"time":"2026-07-22 15:15:28,971","level":"INFO","node":3,"msg":"Received update from node 2, round 10"}
{"time":"2026-07-22 15:15:38,760","level":"INFO","node":3,"msg":"ZKP ACCEPTED from node 2"}
{"time":"2026-07-22 15:15:38,760","level":"INFO","node":3,"msg":"fc_in col7 delta self-cosine for node 2: -0.1347 (delta_norm=0.2724)"}
{"time":"2026-07-22 15:15:38,760","level":"INFO","node":3,"msg":"Per-class agreement with node 2: class0=0.958 class1=0.919 gap=0.039"}
{"time":"2026-07-22 15:15:38,760","level":"INFO","node":3,"msg":"Per-class rolling gap for node 2: mean=0.040 over last 2 round(s)"}
{"time":"2026-07-22 15:15:38,772","level":"INFO","node":3,"msg":"Trust score for node 2: S=0.830 (Z=1.00 A=0.95 P=0.57 R=1.00) advisory only"}
{"time":"2026-07-22 15:15:38,801","level":"INFO","node":3,"msg":"Sent consensus vote to node 0"}
{"time":"2026-07-22 15:15:38,822","level":"INFO","node":3,"msg":"Sent consensus vote to node 1"}
{"time":"2026-07-22 15:15:38,849","level":"INFO","node":3,"msg":"Sent consensus vote to node 2"}
{"time":"2026-07-22 15:15:38,880","level":"INFO","node":3,"msg":"[FC2 DELTA NORM] node 3 round=10 — fc2 delta norm this round: 0.0673"}
{"time":"2026-07-22 15:15:45,021","level":"INFO","node":3,"msg":"Forwarded to http://127.0.0.1:8000"}
{"time":"2026-07-22 15:15:54,752","level":"INFO","node":3,"msg":"Prediction agreement with node 0 round=10: A=0.972"}
{"time":"2026-07-22 15:15:54,752","level":"INFO","node":3,"msg":"Consensus vote recorded: node 0 decision=True reason=zkp_ok round=10 new=True satisfied=True"}
{"time":"2026-07-22 15:16:10,813","level":"INFO","node":3,"msg":"Prediction agreement with node 1 round=10: A=0.971"}
{"time":"2026-07-22 15:16:10,814","level":"INFO","node":3,"msg":"Consensus vote recorded: node 1 decision=True reason=zkp_ok round=10 new=True satisfied=True"}
{"time":"2026-07-22 15:16:17,086","level":"INFO","node":3,"msg":"Synced weights from master for round 10"}
{"time":"2026-07-22 15:16:17,103","level":"INFO","node":3,"msg":"Sent commit vote to node 2"}
{"time":"2026-07-22 15:16:17,109","level":"INFO","node":3,"msg":"My turn — starting round 12 as proposer."}
{"time":"2026-07-22 15:16:17,109","level":"INFO","node":3,"msg":"Starting round 12"}
{"time":"2026-07-22 15:16:17,155","level":"INFO","node":3,"msg":"[FC2 DELTA NORM] node 3 round=11 — fc2 delta norm this round: 0.0757"}
{"time":"2026-07-22 15:16:23,370","level":"INFO","node":3,"msg":"Sent proposal to node 0"}
{"time":"2026-07-22 15:16:23,370","level":"INFO","node":3,"msg":"Sent proposal to node 1"}
{"time":"2026-07-22 15:16:23,383","level":"INFO","node":3,"msg":"Sent proposal to node 2"}
{"time":"2026-07-22 15:16:23,394","level":"INFO","node":3,"msg":"Sent consensus vote to node 0"}
{"time":"2026-07-22 15:16:23,399","level":"INFO","node":3,"msg":"Sent consensus vote to node 1"}
{"time":"2026-07-22 15:16:23,406","level":"INFO","node":3,"msg":"Sent consensus vote to node 2"}
{"time":"2026-07-22 15:16:23,414","level":"INFO","node":3,"msg":"Forwarded to http://127.0.0.1:8000"}
{"time":"2026-07-22 15:16:33,284","level":"INFO","node":3,"msg":"Consensus vote recorded: node 0 decision=True reason=zkp_ok round=11 new=True satisfied=False"}
{"time":"2026-07-22 15:16:49,572","level":"INFO","node":3,"msg":"Consensus vote recorded: node 1 decision=True reason=zkp_ok round=11 new=True satisfied=True"}
{"time":"2026-07-22 15:17:05,709","level":"INFO","node":3,"msg":"Consensus vote recorded: node 2 decision=True reason=zkp_ok round=11 new=True satisfied=True"}
{"time":"2026-07-22 15:17:11,865","level":"INFO","node":3,"msg":"Received update from node 2, round 11"}
{"time":"2026-07-22 15:17:11,865","level":"INFO","node":3,"msg":"Round 12 complete — aggregating"}
{"time":"2026-07-22 15:17:11,891","level":"WARNING","node":3,"msg":"[BACKDOOR PROBE] Round 12 SUSPICIOUS: feature=5 value=7.0 forces class=1 flip_rate=1.000 jump=0.745 (thresholds: flip>0.7, jump>0.3)"}
{"time":"2026-07-22 15:17:11,921","level":"INFO","node":3,"msg":"Commit vote recorded: node 0 decision=True round=11 satisfied=False"}
{"time":"2026-07-22 15:17:11,923","level":"INFO","node":3,"msg":"Broadcast weights to node 0"}
{"time":"2026-07-22 15:17:11,963","level":"INFO","node":3,"msg":"Commit vote recorded: node 1 decision=True round=11 satisfied=True"}
{"time":"2026-07-22 15:17:11,963","level":"INFO","node":3,"msg":"Round 12 COMMITTED — model hash agreed by [3, 0, 1]"}
{"time":"2026-07-22 15:17:11,964","level":"INFO","node":3,"msg":"Commit certificate saved to C:\Users\mousu\OneDrive\Desktop\Set A\securefedhe\dashboard\certificates\round_11.json"}
{"time":"2026-07-22 15:17:11,966","level":"INFO","node":3,"msg":"Broadcast weights to node 1"}
{"time":"2026-07-22 15:17:11,977","level":"INFO","node":3,"msg":"Commit vote recorded: node 2 decision=True round=11 satisfied=True"}
{"time":"2026-07-22 15:17:11,978","level":"INFO","node":3,"msg":"Broadcast weights to node 2"}
{"time":"2026-07-22 15:17:11,980","level":"INFO","node":3,"msg":"Checkpoint saved to C:\Users\mousu\OneDrive\Desktop\Set A\securefedhe\dashboard\model_latest.pt"}
{"time":"2026-07-22 15:17:11,981","level":"INFO","node":3,"msg":"Round 12 complete | accuracy=0.8091 | duration=54.87s"}
{"time":"2026-07-22 15:17:11,981","level":"INFO","node":3,"msg":"Round 13 belongs to node 0 — waiting for their proposal."}
{"time":"2026-07-22 15:17:11,984","level":"INFO","node":3,"msg":"Notified next proposer to node 0"}
{"time":"2026-07-22 15:17:11,984","level":"INFO","node":3,"msg":"[WATCHDOG SPAWNED] round=12 expected_proposer=0 timeout_s=600 spawned_at=15:17:11"}
{"time":"2026-07-22 15:17:18,244","level":"INFO","node":3,"msg":"Proposal received: round=12 origin=0 hash=8337de1caa7e..."}
{"time":"2026-07-22 15:17:18,274","level":"INFO","node":3,"msg":"Consensus vote recorded: node 0 decision=True reason=zkp_ok round=12 new=True satisfied=False"}
{"time":"2026-07-22 15:17:28,152","level":"INFO","node":3,"msg":"Consensus vote recorded: node 1 decision=True reason=zkp_ok round=12 new=True satisfied=False"}
{"time":"2026-07-22 15:17:44,042","level":"INFO","node":3,"msg":"Consensus vote recorded: node 2 decision=True reason=zkp_ok round=12 new=True satisfied=True"}
{"time":"2026-07-22 15:17:50,293","level":"INFO","node":3,"msg":"Received update from node 2, round 12"}
{"time":"2026-07-22 15:17:59,963","level":"INFO","node":3,"msg":"ZKP ACCEPTED from node 2"}
{"time":"2026-07-22 15:17:59,963","level":"INFO","node":3,"msg":"fc_in col7 delta self-cosine for node 0: 0.0506 (delta_norm=0.1533)"}
{"time":"2026-07-22 15:17:59,966","level":"INFO","node":3,"msg":"Per-class agreement with node 0: class0=0.978 class1=0.941 gap=0.037"}
{"time":"2026-07-22 15:17:59,968","level":"INFO","node":3,"msg":"Per-class rolling gap for node 0: mean=0.052 over last 3 round(s)"}
{"time":"2026-07-22 15:17:59,970","level":"INFO","node":3,"msg":"Trust score for node 0: S=0.844 (Z=1.00 A=0.97 P=0.55 R=1.00) advisory only"}
{"time":"2026-07-22 15:17:59,983","level":"INFO","node":3,"msg":"Sent consensus vote to node 0"}
{"time":"2026-07-22 15:18:00,006","level":"INFO","node":3,"msg":"Sent consensus vote to node 1"}
{"time":"2026-07-22 15:18:00,038","level":"INFO","node":3,"msg":"Sent consensus vote to node 2"}
{"time":"2026-07-22 15:18:00,073","level":"INFO","node":3,"msg":"[FC2 DELTA NORM] node 3 round=12 — fc2 delta norm this round: 0.0718"}
{"time":"2026-07-22 15:18:06,255","level":"INFO","node":3,"msg":"Forwarded to http://127.0.0.1:8000"}
{"time":"2026-07-22 15:18:06,391","level":"INFO","node":3,"msg":"Synced weights from master for round 12"}
{"time":"2026-07-22 15:18:06,399","level":"INFO","node":3,"msg":"Sent commit vote to node 0"}
{"time":"2026-07-22 15:18:12,746","level":"INFO","node":3,"msg":"Proposal received: round=13 origin=1 hash=fec5791fc90d..."}
{"time":"2026-07-22 15:18:12,767","level":"INFO","node":3,"msg":"Consensus vote recorded: node 1 decision=True reason=zkp_ok round=13 new=True satisfied=False"}
{"time":"2026-07-22 15:18:22,629","level":"INFO","node":3,"msg":"Consensus vote recorded: node 2 decision=True reason=zkp_ok round=13 new=True satisfied=False"}
{"time":"2026-07-22 15:18:28,810","level":"INFO","node":3,"msg":"Received update from node 2, round 13"}
{"time":"2026-07-22 15:18:38,579","level":"INFO","node":3,"msg":"ZKP ACCEPTED from node 2"}
{"time":"2026-07-22 15:18:38,579","level":"INFO","node":3,"msg":"fc_in col7 delta self-cosine for node 1: -0.0343 (delta_norm=0.1887)"}
{"time":"2026-07-22 15:18:38,591","level":"INFO","node":3,"msg":"Per-class agreement with node 1: class0=0.974 class1=0.942 gap=0.032"}
{"time":"2026-07-22 15:18:38,591","level":"INFO","node":3,"msg":"Per-class rolling gap for node 1: mean=0.057 over last 3 round(s)"}
{"time":"2026-07-22 15:18:38,595","level":"INFO","node":3,"msg":"Trust score for node 1: S=0.831 (Z=1.00 A=0.96 P=0.52 R=1.00) advisory only"}
{"time":"2026-07-22 15:18:38,606","level":"INFO","node":3,"msg":"Sent consensus vote to node 0"}
{"time":"2026-07-22 15:18:38,639","level":"INFO","node":3,"msg":"Sent consensus vote to node 1"}
{"time":"2026-07-22 15:18:38,654","level":"INFO","node":3,"msg":"Sent consensus vote to node 2"}
{"time":"2026-07-22 15:18:38,693","level":"INFO","node":3,"msg":"[FC2 DELTA NORM] node 3 round=13 — fc2 delta norm this round: 0.0793"}
{"time":"2026-07-22 15:18:44,834","level":"INFO","node":3,"msg":"Forwarded to http://127.0.0.1:8000"}
{"time":"2026-07-22 15:18:54,616","level":"INFO","node":3,"msg":"Prediction agreement with node 0 round=13: A=0.976"}
{"time":"2026-07-22 15:18:54,617","level":"INFO","node":3,"msg":"Consensus vote recorded: node 0 decision=True reason=zkp_ok round=13 new=True satisfied=True"}
{"time":"2026-07-22 15:19:00,859","level":"INFO","node":3,"msg":"Synced weights from master for round 13"}
{"time":"2026-07-22 15:19:00,864","level":"INFO","node":3,"msg":"Sent commit vote to node 1"}
{"time":"2026-07-22 15:19:07,199","level":"INFO","node":3,"msg":"Proposal received: round=14 origin=2 hash=3cb326c98efd..."}
{"time":"2026-07-22 15:19:07,213","level":"INFO","node":3,"msg":"Consensus vote recorded: node 2 decision=True reason=zkp_ok round=14 new=True satisfied=False"}
{"time":"2026-07-22 15:19:07,217","level":"INFO","node":3,"msg":"Received update from node 2, round 14"}
{"time":"2026-07-22 15:19:16,892","level":"INFO","node":3,"msg":"ZKP ACCEPTED from node 2"}
{"time":"2026-07-22 15:19:16,892","level":"INFO","node":3,"msg":"fc_in col7 delta self-cosine for node 2: -0.2855 (delta_norm=0.2272)"}
{"time":"2026-07-22 15:19:16,896","level":"INFO","node":3,"msg":"Per-class agreement with node 2: class0=0.963 class1=0.967 gap=0.005"}
{"time":"2026-07-22 15:19:16,896","level":"INFO","node":3,"msg":"Per-class rolling gap for node 2: mean=0.028 over last 3 round(s)"}
{"time":"2026-07-22 15:19:16,899","level":"INFO","node":3,"msg":"Trust score for node 2: S=0.846 (Z=1.00 A=0.96 P=0.57 R=1.00) advisory only"}
{"time":"2026-07-22 15:19:16,910","level":"INFO","node":3,"msg":"Sent consensus vote to node 0"}
{"time":"2026-07-22 15:19:16,935","level":"INFO","node":3,"msg":"Sent consensus vote to node 1"}
{"time":"2026-07-22 15:19:16,947","level":"INFO","node":3,"msg":"Sent consensus vote to node 2"}
{"time":"2026-07-22 15:19:16,984","level":"INFO","node":3,"msg":"[FC2 DELTA NORM] node 3 round=14 — fc2 delta norm this round: 0.0707"}
{"time":"2026-07-22 15:19:23,125","level":"INFO","node":3,"msg":"Forwarded to http://127.0.0.1:8000"}
{"time":"2026-07-22 15:19:32,929","level":"INFO","node":3,"msg":"Prediction agreement with node 0 round=14: A=0.957"}
{"time":"2026-07-22 15:19:32,930","level":"INFO","node":3,"msg":"Consensus vote recorded: node 0 decision=True reason=zkp_ok round=14 new=True satisfied=True"}
{"time":"2026-07-22 15:19:48,821","level":"INFO","node":3,"msg":"Prediction agreement with node 1 round=14: A=0.959"}
{"time":"2026-07-22 15:19:48,822","level":"INFO","node":3,"msg":"Consensus vote recorded: node 1 decision=True reason=zkp_ok round=14 new=True satisfied=True"}
{"time":"2026-07-22 15:19:55,248","level":"INFO","node":3,"msg":"Synced weights from master for round 14"}
{"time":"2026-07-22 15:19:55,265","level":"INFO","node":3,"msg":"Sent commit vote to node 2"}
{"time":"2026-07-22 15:19:55,271","level":"INFO","node":3,"msg":"My turn — starting round 16 as proposer."}
{"time":"2026-07-22 15:19:55,271","level":"INFO","node":3,"msg":"Starting round 16"}
{"time":"2026-07-22 15:19:55,314","level":"INFO","node":3,"msg":"[FC2 DELTA NORM] node 3 round=15 — fc2 delta norm this round: 0.0715"}
{"time":"2026-07-22 15:20:01,578","level":"INFO","node":3,"msg":"Sent proposal to node 0"}
{"time":"2026-07-22 15:20:01,598","level":"INFO","node":3,"msg":"Sent proposal to node 1"}
{"time":"2026-07-22 15:20:01,607","level":"INFO","node":3,"msg":"Sent proposal to node 2"}
{"time":"2026-07-22 15:20:01,616","level":"INFO","node":3,"msg":"Sent consensus vote to node 0"}
{"time":"2026-07-22 15:20:01,620","level":"INFO","node":3,"msg":"Sent consensus vote to node 1"}
{"time":"2026-07-22 15:20:01,625","level":"INFO","node":3,"msg":"Sent consensus vote to node 2"}
{"time":"2026-07-22 15:20:01,630","level":"INFO","node":3,"msg":"Forwarded to http://127.0.0.1:8000"}
{"time":"2026-07-22 15:20:11,503","level":"INFO","node":3,"msg":"Consensus vote recorded: node 0 decision=True reason=zkp_ok round=15 new=True satisfied=False"}
{"time":"2026-07-22 15:20:27,550","level":"INFO","node":3,"msg":"Consensus vote recorded: node 1 decision=True reason=zkp_ok round=15 new=True satisfied=True"}
{"time":"2026-07-22 15:20:43,454","level":"INFO","node":3,"msg":"Consensus vote recorded: node 2 decision=True reason=zkp_ok round=15 new=True satisfied=True"}
{"time":"2026-07-22 15:20:49,564","level":"INFO","node":3,"msg":"Received update from node 2, round 15"}
{"time":"2026-07-22 15:20:49,564","level":"INFO","node":3,"msg":"Round 16 complete — aggregating"}
{"time":"2026-07-22 15:20:49,624","level":"WARNING","node":3,"msg":"[BACKDOOR PROBE] Round 16 SUSPICIOUS: feature=5 value=6.0 forces class=1 flip_rate=1.000 jump=0.736 (thresholds: flip>0.7, jump>0.3)"}
{"time":"2026-07-22 15:20:49,671","level":"INFO","node":3,"msg":"Commit vote recorded: node 0 decision=True round=15 satisfied=False"}
{"time":"2026-07-22 15:20:49,674","level":"INFO","node":3,"msg":"Broadcast weights to node 0"}
{"time":"2026-07-22 15:20:49,720","level":"INFO","node":3,"msg":"Commit vote recorded: node 1 decision=True round=15 satisfied=True"}
{"time":"2026-07-22 15:20:49,720","level":"INFO","node":3,"msg":"Round 16 COMMITTED — model hash agreed by [3, 0, 1]"}
{"time":"2026-07-22 15:20:49,722","level":"INFO","node":3,"msg":"Commit certificate saved to C:\Users\mousu\OneDrive\Desktop\Set A\securefedhe\dashboard\certificates\round_15.json"}
{"time":"2026-07-22 15:20:49,724","level":"INFO","node":3,"msg":"Broadcast weights to node 1"}
{"time":"2026-07-22 15:20:49,748","level":"INFO","node":3,"msg":"Commit vote recorded: node 2 decision=True round=15 satisfied=True"}
{"time":"2026-07-22 15:20:49,749","level":"INFO","node":3,"msg":"Broadcast weights to node 2"}
{"time":"2026-07-22 15:20:49,751","level":"INFO","node":3,"msg":"Checkpoint saved to C:\Users\mousu\OneDrive\Desktop\Set A\securefedhe\dashboard\model_latest.pt"}
{"time":"2026-07-22 15:20:49,751","level":"INFO","node":3,"msg":"Round 16 complete | accuracy=0.8545 | duration=54.48s"}
{"time":"2026-07-22 15:20:49,752","level":"INFO","node":3,"msg":"Round 17 belongs to node 0 — waiting for their proposal."}
{"time":"2026-07-22 15:20:49,755","level":"INFO","node":3,"msg":"Notified next proposer to node 0"}
{"time":"2026-07-22 15:20:49,755","level":"INFO","node":3,"msg":"[WATCHDOG SPAWNED] round=16 expected_proposer=0 timeout_s=600 spawned_at=15:20:49"}
{"time":"2026-07-22 15:20:56,004","level":"INFO","node":3,"msg":"Proposal received: round=16 origin=0 hash=325d4b529445..."}
{"time":"2026-07-22 15:20:56,023","level":"INFO","node":3,"msg":"Consensus vote recorded: node 0 decision=True reason=zkp_ok round=16 new=True satisfied=False"}
{"time":"2026-07-22 15:21:05,828","level":"INFO","node":3,"msg":"Consensus vote recorded: node 1 decision=True reason=zkp_ok round=16 new=True satisfied=False"}
{"time":"2026-07-22 15:21:21,827","level":"INFO","node":3,"msg":"Consensus vote recorded: node 2 decision=False reason=per_class_agreement_gap round=16 new=True satisfied=False"}
{"time":"2026-07-22 15:21:28,057","level":"INFO","node":3,"msg":"Received update from node 2, round 16"}
{"time":"2026-07-22 15:21:37,800","level":"INFO","node":3,"msg":"ZKP ACCEPTED from node 2"}
{"time":"2026-07-22 15:21:37,800","level":"INFO","node":3,"msg":"fc_in col7 delta self-cosine for node 0: 0.1938 (delta_norm=0.1941)"}
{"time":"2026-07-22 15:21:37,818","level":"INFO","node":3,"msg":"Per-class agreement with node 0: class0=0.970 class1=0.953 gap=0.017"}
{"time":"2026-07-22 15:21:37,818","level":"INFO","node":3,"msg":"Per-class rolling gap for node 0: mean=0.043 over last 4 round(s)"}
{"time":"2026-07-22 15:21:37,820","level":"INFO","node":3,"msg":"Trust score for node 0: S=0.812 (Z=1.00 A=0.96 P=0.45 R=1.00) advisory only"}
{"time":"2026-07-22 15:21:37,831","level":"INFO","node":3,"msg":"Sent consensus vote to node 0"}
{"time":"2026-07-22 15:21:37,840","level":"INFO","node":3,"msg":"Sent consensus vote to node 1"}
{"time":"2026-07-22 15:21:37,853","level":"INFO","node":3,"msg":"Sent consensus vote to node 2"}
{"time":"2026-07-22 15:21:37,883","level":"INFO","node":3,"msg":"[FC2 DELTA NORM] node 3 round=16 — fc2 delta norm this round: 0.0826"}
{"time":"2026-07-22 15:21:43,974","level":"INFO","node":3,"msg":"Forwarded to http://127.0.0.1:8000"}
{"time":"2026-07-22 15:21:44,091","level":"INFO","node":3,"msg":"Synced weights from master for round 16"}
{"time":"2026-07-22 15:21:44,097","level":"INFO","node":3,"msg":"Sent commit vote to node 0"}
{"time":"2026-07-22 15:21:50,442","level":"INFO","node":3,"msg":"Proposal received: round=17 origin=1 hash=86d26f291874..."}
{"time":"2026-07-22 15:21:50,459","level":"INFO","node":3,"msg":"Consensus vote recorded: node 1 decision=True reason=zkp_ok round=17 new=True satisfied=False"}
{"time":"2026-07-22 15:22:00,251","level":"INFO","node":3,"msg":"Consensus vote recorded: node 2 decision=True reason=zkp_ok round=17 new=True satisfied=False"}
{"time":"2026-07-22 15:22:06,321","level":"INFO","node":3,"msg":"Received update from node 2, round 17"}
{"time":"2026-07-22 15:22:15,902","level":"INFO","node":3,"msg":"ZKP ACCEPTED from node 2"}
{"time":"2026-07-22 15:22:15,902","level":"INFO","node":3,"msg":"fc_in col7 delta self-cosine for node 1: 0.1079 (delta_norm=0.1949)"}
{"time":"2026-07-22 15:22:15,918","level":"INFO","node":3,"msg":"Per-class agreement with node 1: class0=0.971 class1=0.944 gap=0.027"}
{"time":"2026-07-22 15:22:15,918","level":"INFO","node":3,"msg":"Per-class rolling gap for node 1: mean=0.050 over last 4 round(s)"}
{"time":"2026-07-22 15:22:15,923","level":"INFO","node":3,"msg":"Trust score for node 1: S=0.815 (Z=1.00 A=0.96 P=0.46 R=1.00) advisory only"}
{"time":"2026-07-22 15:22:15,946","level":"INFO","node":3,"msg":"Sent consensus vote to node 0"}
{"time":"2026-07-22 15:22:15,967","level":"INFO","node":3,"msg":"Sent consensus vote to node 1"}
{"time":"2026-07-22 15:22:15,978","level":"INFO","node":3,"msg":"Sent consensus vote to node 2"}
{"time":"2026-07-22 15:22:16,004","level":"INFO","node":3,"msg":"[FC2 DELTA NORM] node 3 round=17 — fc2 delta norm this round: 0.0591"}
{"time":"2026-07-22 15:22:22,206","level":"INFO","node":3,"msg":"Forwarded to http://127.0.0.1:8000"}
{"time":"2026-07-22 15:22:31,954","level":"INFO","node":3,"msg":"Prediction agreement with node 0 round=17: A=0.980"}
{"time":"2026-07-22 15:22:31,954","level":"INFO","node":3,"msg":"Consensus vote recorded: node 0 decision=True reason=zkp_ok round=17 new=True satisfied=True"}
{"time":"2026-07-22 15:22:38,195","level":"INFO","node":3,"msg":"Synced weights from master for round 17"}
{"time":"2026-07-22 15:22:38,214","level":"INFO","node":3,"msg":"Sent commit vote to node 1"}
{"time":"2026-07-22 15:22:44,549","level":"INFO","node":3,"msg":"Proposal received: round=18 origin=2 hash=df5fd81ec917..."}
{"time":"2026-07-22 15:22:44,562","level":"INFO","node":3,"msg":"Consensus vote recorded: node 2 decision=True reason=zkp_ok round=18 new=True satisfied=False"}
{"time":"2026-07-22 15:22:44,566","level":"INFO","node":3,"msg":"Received update from node 2, round 18"}
{"time":"2026-07-22 15:22:54,274","level":"INFO","node":3,"msg":"ZKP ACCEPTED from node 2"}
{"time":"2026-07-22 15:22:54,274","level":"INFO","node":3,"msg":"fc_in col7 delta self-cosine for node 2: -0.0140 (delta_norm=0.2011)"}
{"time":"2026-07-22 15:22:54,279","level":"INFO","node":3,"msg":"Per-class agreement with node 2: class0=0.961 class1=0.932 gap=0.029"}
{"time":"2026-07-22 15:22:54,279","level":"INFO","node":3,"msg":"Per-class rolling gap for node 2: mean=0.028 over last 4 round(s)"}
{"time":"2026-07-22 15:22:54,281","level":"INFO","node":3,"msg":"Trust score for node 2: S=0.820 (Z=1.00 A=0.95 P=0.52 R=1.00) advisory only"}
{"time":"2026-07-22 15:22:54,306","level":"INFO","node":3,"msg":"Sent consensus vote to node 0"}
{"time":"2026-07-22 15:22:54,331","level":"INFO","node":3,"msg":"Sent consensus vote to node 1"}
{"time":"2026-07-22 15:22:54,356","level":"INFO","node":3,"msg":"Sent consensus vote to node 2"}
{"time":"2026-07-22 15:22:54,387","level":"INFO","node":3,"msg":"[FC2 DELTA NORM] node 3 round=18 — fc2 delta norm this round: 0.0646"}
{"time":"2026-07-22 15:23:00,539","level":"INFO","node":3,"msg":"Forwarded to http://127.0.0.1:8000"}
{"time":"2026-07-22 15:23:10,355","level":"INFO","node":3,"msg":"Prediction agreement with node 0 round=18: A=0.962"}
{"time":"2026-07-22 15:23:10,355","level":"INFO","node":3,"msg":"Consensus vote recorded: node 0 decision=True reason=zkp_ok round=18 new=True satisfied=True"}
{"time":"2026-07-22 15:23:26,343","level":"INFO","node":3,"msg":"Prediction agreement with node 1 round=18: A=0.962"}
{"time":"2026-07-22 15:23:26,344","level":"INFO","node":3,"msg":"Consensus vote recorded: node 1 decision=True reason=zkp_ok round=18 new=True satisfied=True"}
{"time":"2026-07-22 15:23:32,724","level":"INFO","node":3,"msg":"Synced weights from master for round 18"}
{"time":"2026-07-22 15:23:32,730","level":"INFO","node":3,"msg":"Sent commit vote to node 2"}
{"time":"2026-07-22 15:23:32,735","level":"INFO","node":3,"msg":"My turn — starting round 20 as proposer."}
{"time":"2026-07-22 15:23:32,735","level":"INFO","node":3,"msg":"Starting round 20"}
{"time":"2026-07-22 15:23:32,779","level":"INFO","node":3,"msg":"[FC2 DELTA NORM] node 3 round=19 — fc2 delta norm this round: 0.0491"}
{"time":"2026-07-22 15:23:38,962","level":"INFO","node":3,"msg":"Sent proposal to node 0"}
{"time":"2026-07-22 15:23:38,966","level":"INFO","node":3,"msg":"Sent proposal to node 1"}
{"time":"2026-07-22 15:23:38,984","level":"INFO","node":3,"msg":"Sent proposal to node 2"}
{"time":"2026-07-22 15:23:38,992","level":"INFO","node":3,"msg":"Sent consensus vote to node 0"}
{"time":"2026-07-22 15:23:39,001","level":"INFO","node":3,"msg":"Sent consensus vote to node 1"}
{"time":"2026-07-22 15:23:39,007","level":"INFO","node":3,"msg":"Sent consensus vote to node 2"}
{"time":"2026-07-22 15:23:39,014","level":"INFO","node":3,"msg":"Forwarded to http://127.0.0.1:8000"}
{"time":"2026-07-22 15:23:48,821","level":"INFO","node":3,"msg":"Consensus vote recorded: node 0 decision=True reason=zkp_ok round=19 new=True satisfied=False"}
{"time":"2026-07-22 15:24:04,733","level":"INFO","node":3,"msg":"Consensus vote recorded: node 1 decision=True reason=zkp_ok round=19 new=True satisfied=True"}
{"time":"2026-07-22 15:24:20,840","level":"INFO","node":3,"msg":"Consensus vote recorded: node 2 decision=True reason=zkp_ok round=19 new=True satisfied=True"}
{"time":"2026-07-22 15:24:27,027","level":"INFO","node":3,"msg":"Received update from node 2, round 19"}
{"time":"2026-07-22 15:24:27,027","level":"INFO","node":3,"msg":"Round 20 complete — aggregating"}
{"time":"2026-07-22 15:24:27,060","level":"WARNING","node":3,"msg":"[BACKDOOR PROBE] Round 20 SUSPICIOUS: feature=5 value=6.0 forces class=1 flip_rate=1.000 jump=0.709 (thresholds: flip>0.7, jump>0.3)"}
{"time":"2026-07-22 15:24:27,105","level":"INFO","node":3,"msg":"Commit vote recorded: node 0 decision=True round=19 satisfied=False"}
{"time":"2026-07-22 15:24:27,109","level":"INFO","node":3,"msg":"Broadcast weights to node 0"}
{"time":"2026-07-22 15:24:27,158","level":"INFO","node":3,"msg":"Commit vote recorded: node 1 decision=True round=19 satisfied=True"}
{"time":"2026-07-22 15:24:27,158","level":"INFO","node":3,"msg":"Round 20 COMMITTED — model hash agreed by [3, 0, 1]"}
{"time":"2026-07-22 15:24:27,159","level":"INFO","node":3,"msg":"Commit certificate saved to C:\Users\mousu\OneDrive\Desktop\Set A\securefedhe\dashboard\certificates\round_19.json"}
{"time":"2026-07-22 15:24:27,161","level":"INFO","node":3,"msg":"Broadcast weights to node 1"}
{"time":"2026-07-22 15:24:27,187","level":"INFO","node":3,"msg":"Commit vote recorded: node 2 decision=True round=19 satisfied=True"}
{"time":"2026-07-22 15:24:27,189","level":"INFO","node":3,"msg":"Broadcast weights to node 2"}
{"time":"2026-07-22 15:24:27,194","level":"INFO","node":3,"msg":"Checkpoint saved to C:\Users\mousu\OneDrive\Desktop\Set A\securefedhe\dashboard\model_latest.pt"}
{"time":"2026-07-22 15:24:27,195","level":"INFO","node":3,"msg":"Round 20 complete | accuracy=0.8636 | duration=54.46s"}
{"time":"2026-07-22 15:24:27,195","level":"INFO","node":3,"msg":"Training complete after 20 rounds"}
{"time":"2026-07-22 15:27:11,997","level":"INFO","node":3,"msg":"Watchdog fired but training already complete — ignoring, not excluding node 0."}
{"time":"2026-07-22 15:31:52,156","level":"INFO","node":3,"msg":"Starting node 3: Community Wellness Center"}
{"time":"2026-07-22 15:31:52,158","level":"INFO","node":3,"msg":"[CONFIG DEBUG] attack_simulation loaded: enabled=True target_node=2 type=backdoor config_path=config_dev.json"}
{"time":"2026-07-22 15:31:52,220","level":"WARNING","node":3,"msg":"DEV MODE: running without TLS"}
{"time":"2026-07-22 15:31:52,220","level":"INFO","node":3,"msg":"Listening on 127.0.0.1:8003 | TLS=False"}
{"time":"2026-07-22 15:31:55,328","level":"INFO","node":3,"msg":"Consensus pubkey received from node 1"}
{"time":"2026-07-22 15:31:55,331","level":"INFO","node":3,"msg":"Key exchange complete with node 1"}
{"time":"2026-07-22 15:31:56,459","level":"INFO","node":3,"msg":"Key exchange complete with node 2"}
{"time":"2026-07-22 15:31:56,471","level":"INFO","node":3,"msg":"Consensus pubkey received from node 2"}
{"time":"2026-07-22 15:31:57,247","level":"INFO","node":3,"msg":"Sent consensus pubkey to node 0"}
{"time":"2026-07-22 15:31:57,253","level":"INFO","node":3,"msg":"Sent public key to node 0"}
{"time":"2026-07-22 15:31:57,256","level":"INFO","node":3,"msg":"Sent consensus pubkey to node 1"}
{"time":"2026-07-22 15:31:57,273","level":"INFO","node":3,"msg":"Sent public key to node 1"}
{"time":"2026-07-22 15:31:57,280","level":"INFO","node":3,"msg":"Sent public key to node 2"}
{"time":"2026-07-22 15:31:57,288","level":"INFO","node":3,"msg":"Sent consensus pubkey to node 2"}
{"time":"2026-07-22 15:32:06,507","level":"INFO","node":3,"msg":"Key exchange complete with node 0"}
{"time":"2026-07-22 15:32:06,528","level":"INFO","node":3,"msg":"Consensus pubkey received from node 0"}
{"time":"2026-07-22 15:32:13,630","level":"INFO","node":3,"msg":"Proposal received: round=0 origin=0 hash=7ce51806ad7c..."}
{"time":"2026-07-22 15:32:13,673","level":"INFO","node":3,"msg":"Consensus vote recorded: node 0 decision=True reason=zkp_ok round=0 new=True satisfied=False"}
{"time":"2026-07-22 15:32:23,369","level":"INFO","node":3,"msg":"Consensus vote recorded: node 1 decision=True reason=zkp_ok round=0 new=True satisfied=False"}
{"time":"2026-07-22 15:32:40,362","level":"INFO","node":3,"msg":"Consensus vote recorded: node 2 decision=True reason=zkp_ok round=0 new=True satisfied=True"}
{"time":"2026-07-22 15:32:47,561","level":"INFO","node":3,"msg":"Received update from node 2, round 0"}
{"time":"2026-07-22 15:32:57,129","level":"INFO","node":3,"msg":"ZKP ACCEPTED from node 2"}
{"time":"2026-07-22 15:32:57,138","level":"INFO","node":3,"msg":"Trust score for node 0: S=0.429 (Z=1.00 A=0.50 P=0.50 R=1.00) advisory only"}
{"time":"2026-07-22 15:32:57,143","level":"INFO","node":3,"msg":"Sent consensus vote to node 0"}
{"time":"2026-07-22 15:32:57,161","level":"INFO","node":3,"msg":"Sent consensus vote to node 1"}
{"time":"2026-07-22 15:32:57,168","level":"INFO","node":3,"msg":"Sent consensus vote to node 2"}
{"time":"2026-07-22 15:32:58,286","level":"INFO","node":3,"msg":"[FC2 DELTA NORM] node 3 round=0 — fc2 delta norm this round: 0.0900"}
{"time":"2026-07-22 15:33:04,327","level":"INFO","node":3,"msg":"Forwarded to http://127.0.0.1:8000"}
{"time":"2026-07-22 15:33:04,479","level":"INFO","node":3,"msg":"Synced weights from master for round 0"}
{"time":"2026-07-22 15:33:04,488","level":"INFO","node":3,"msg":"Sent commit vote to node 0"}
{"time":"2026-07-22 15:33:10,821","level":"INFO","node":3,"msg":"Proposal received: round=1 origin=1 hash=d579161ddfa1..."}
{"time":"2026-07-22 15:33:10,840","level":"INFO","node":3,"msg":"Consensus vote recorded: node 1 decision=True reason=zkp_ok round=1 new=True satisfied=False"}
{"time":"2026-07-22 15:33:20,778","level":"INFO","node":3,"msg":"Consensus vote recorded: node 2 decision=True reason=zkp_ok round=1 new=True satisfied=False"}
{"time":"2026-07-22 15:33:26,923","level":"INFO","node":3,"msg":"Received update from node 2, round 1"}
{"time":"2026-07-22 15:33:36,607","level":"INFO","node":3,"msg":"ZKP ACCEPTED from node 2"}
{"time":"2026-07-22 15:33:36,624","level":"INFO","node":3,"msg":"Trust score for node 1: S=0.429 (Z=1.00 A=0.50 P=0.50 R=1.00) advisory only"}
{"time":"2026-07-22 15:33:36,647","level":"INFO","node":3,"msg":"Sent consensus vote to node 0"}
{"time":"2026-07-22 15:33:36,675","level":"INFO","node":3,"msg":"Sent consensus vote to node 1"}
{"time":"2026-07-22 15:33:36,697","level":"INFO","node":3,"msg":"Sent consensus vote to node 2"}
{"time":"2026-07-22 15:33:36,725","level":"INFO","node":3,"msg":"[FC2 DELTA NORM] node 3 round=1 — fc2 delta norm this round: 0.0492"}
{"time":"2026-07-22 15:33:42,711","level":"INFO","node":3,"msg":"Forwarded to http://127.0.0.1:8000"}
{"time":"2026-07-22 15:33:52,534","level":"INFO","node":3,"msg":"Prediction agreement with node 0 round=1: A=0.994"}
{"time":"2026-07-22 15:33:52,534","level":"INFO","node":3,"msg":"Consensus vote recorded: node 0 decision=True reason=zkp_ok round=1 new=True satisfied=True"}
{"time":"2026-07-22 15:33:58,520","level":"INFO","node":3,"msg":"Synced weights from master for round 1"}
{"time":"2026-07-22 15:33:58,542","level":"INFO","node":3,"msg":"Sent commit vote to node 1"}
{"time":"2026-07-22 15:34:04,774","level":"INFO","node":3,"msg":"Proposal received: round=2 origin=2 hash=abf4313eaa44..."}
{"time":"2026-07-22 15:34:04,791","level":"INFO","node":3,"msg":"Consensus vote recorded: node 2 decision=True reason=zkp_ok round=2 new=True satisfied=False"}
{"time":"2026-07-22 15:34:04,794","level":"INFO","node":3,"msg":"Received update from node 2, round 2"}
{"time":"2026-07-22 15:34:14,444","level":"INFO","node":3,"msg":"ZKP ACCEPTED from node 2"}
{"time":"2026-07-22 15:34:14,450","level":"INFO","node":3,"msg":"Trust score for node 2: S=0.429 (Z=1.00 A=0.50 P=0.50 R=1.00) advisory only"}
{"time":"2026-07-22 15:34:14,463","level":"INFO","node":3,"msg":"Sent consensus vote to node 0"}
{"time":"2026-07-22 15:34:14,475","level":"INFO","node":3,"msg":"Sent consensus vote to node 1"}
{"time":"2026-07-22 15:34:14,504","level":"INFO","node":3,"msg":"Sent consensus vote to node 2"}
{"time":"2026-07-22 15:34:14,552","level":"INFO","node":3,"msg":"[FC2 DELTA NORM] node 3 round=2 — fc2 delta norm this round: 0.0520"}
{"time":"2026-07-22 15:34:20,530","level":"INFO","node":3,"msg":"Forwarded to http://127.0.0.1:8000"}
{"time":"2026-07-22 15:34:30,202","level":"INFO","node":3,"msg":"Prediction agreement with node 0 round=2: A=0.980"}
{"time":"2026-07-22 15:34:30,202","level":"INFO","node":3,"msg":"Consensus vote recorded: node 0 decision=True reason=zkp_ok round=2 new=True satisfied=True"}
{"time":"2026-07-22 15:34:45,960","level":"INFO","node":3,"msg":"Prediction agreement with node 1 round=2: A=0.980"}
{"time":"2026-07-22 15:34:45,960","level":"INFO","node":3,"msg":"Consensus vote recorded: node 1 decision=True reason=zkp_ok round=2 new=True satisfied=True"}
{"time":"2026-07-22 15:34:52,209","level":"INFO","node":3,"msg":"Synced weights from master for round 2"}
{"time":"2026-07-22 15:34:52,213","level":"INFO","node":3,"msg":"Sent commit vote to node 2"}
{"time":"2026-07-22 15:34:52,224","level":"INFO","node":3,"msg":"My turn — starting round 4 as proposer."}
{"time":"2026-07-22 15:34:52,225","level":"INFO","node":3,"msg":"Starting round 4"}
{"time":"2026-07-22 15:34:52,265","level":"INFO","node":3,"msg":"[FC2 DELTA NORM] node 3 round=3 — fc2 delta norm this round: 0.0582"}
{"time":"2026-07-22 15:34:58,389","level":"INFO","node":3,"msg":"Sent proposal to node 0"}
{"time":"2026-07-22 15:34:58,408","level":"INFO","node":3,"msg":"Sent proposal to node 1"}
{"time":"2026-07-22 15:34:58,427","level":"INFO","node":3,"msg":"Sent proposal to node 2"}
{"time":"2026-07-22 15:34:58,434","level":"INFO","node":3,"msg":"Sent consensus vote to node 0"}
{"time":"2026-07-22 15:34:58,438","level":"INFO","node":3,"msg":"Sent consensus vote to node 1"}
{"time":"2026-07-22 15:34:58,443","level":"INFO","node":3,"msg":"Sent consensus vote to node 2"}
{"time":"2026-07-22 15:34:58,449","level":"INFO","node":3,"msg":"Forwarded to http://127.0.0.1:8000"}
{"time":"2026-07-22 15:35:08,359","level":"INFO","node":3,"msg":"Consensus vote recorded: node 0 decision=True reason=zkp_ok round=3 new=True satisfied=False"}
{"time":"2026-07-22 15:35:24,245","level":"INFO","node":3,"msg":"Consensus vote recorded: node 1 decision=True reason=zkp_ok round=3 new=True satisfied=True"}
{"time":"2026-07-22 15:35:40,329","level":"INFO","node":3,"msg":"Consensus vote recorded: node 2 decision=True reason=zkp_ok round=3 new=True satisfied=True"}
{"time":"2026-07-22 15:35:46,504","level":"INFO","node":3,"msg":"Received update from node 2, round 3"}
{"time":"2026-07-22 15:35:46,504","level":"INFO","node":3,"msg":"Round 4 complete — aggregating"}
{"time":"2026-07-22 15:35:46,512","level":"INFO","node":3,"msg":"Round 4 accuracy gate skipped (warm-up period, candidate_acc=0.7091)"}
{"time":"2026-07-22 15:35:46,544","level":"INFO","node":3,"msg":"Commit vote recorded: node 0 decision=True round=3 satisfied=False"}
{"time":"2026-07-22 15:35:46,547","level":"INFO","node":3,"msg":"Broadcast weights to node 0"}
{"time":"2026-07-22 15:35:46,568","level":"INFO","node":3,"msg":"Commit vote recorded: node 1 decision=True round=3 satisfied=True"}
{"time":"2026-07-22 15:35:46,568","level":"INFO","node":3,"msg":"Round 4 COMMITTED — model hash agreed by [3, 0, 1]"}
{"time":"2026-07-22 15:35:46,569","level":"INFO","node":3,"msg":"Commit certificate saved to C:\Users\mousu\OneDrive\Desktop\Set A\securefedhe\dashboard\certificates\round_3.json"}
{"time":"2026-07-22 15:35:46,571","level":"INFO","node":3,"msg":"Broadcast weights to node 1"}
{"time":"2026-07-22 15:35:46,586","level":"INFO","node":3,"msg":"Commit vote recorded: node 2 decision=True round=3 satisfied=True"}
{"time":"2026-07-22 15:35:46,588","level":"INFO","node":3,"msg":"Broadcast weights to node 2"}
{"time":"2026-07-22 15:35:46,595","level":"INFO","node":3,"msg":"Checkpoint saved to C:\Users\mousu\OneDrive\Desktop\Set A\securefedhe\dashboard\model_latest.pt"}
{"time":"2026-07-22 15:35:46,595","level":"INFO","node":3,"msg":"Round 4 complete | accuracy=0.7091 | duration=54.37s"}
{"time":"2026-07-22 15:35:46,596","level":"INFO","node":3,"msg":"Round 5 belongs to node 0 — waiting for their proposal."}
{"time":"2026-07-22 15:35:46,599","level":"INFO","node":3,"msg":"Notified next proposer to node 0"}
{"time":"2026-07-22 15:35:46,599","level":"INFO","node":3,"msg":"[WATCHDOG SPAWNED] round=4 expected_proposer=0 timeout_s=600 spawned_at=15:35:46"}
{"time":"2026-07-22 15:35:52,638","level":"INFO","node":3,"msg":"Proposal received: round=4 origin=0 hash=697d43b22086..."}
{"time":"2026-07-22 15:35:52,652","level":"INFO","node":3,"msg":"Consensus vote recorded: node 0 decision=True reason=zkp_ok round=4 new=True satisfied=False"}
{"time":"2026-07-22 15:36:02,640","level":"INFO","node":3,"msg":"Consensus vote recorded: node 1 decision=True reason=zkp_ok round=4 new=True satisfied=False"}
{"time":"2026-07-22 15:36:18,763","level":"INFO","node":3,"msg":"Consensus vote recorded: node 2 decision=True reason=zkp_ok round=4 new=True satisfied=True"}
{"time":"2026-07-22 15:36:24,763","level":"INFO","node":3,"msg":"Received update from node 2, round 4"}
{"time":"2026-07-22 15:36:34,580","level":"INFO","node":3,"msg":"ZKP ACCEPTED from node 2"}
{"time":"2026-07-22 15:36:34,580","level":"INFO","node":3,"msg":"Per-class agreement with node 0: class0=0.832 class1=0.835 gap=0.004"}
{"time":"2026-07-22 15:36:34,580","level":"INFO","node":3,"msg":"Per-class rolling gap for node 0: mean=0.004 over last 1 round(s)"}
{"time":"2026-07-22 15:36:34,587","level":"INFO","node":3,"msg":"Trust score for node 0: S=0.731 (Z=1.00 A=0.83 P=0.57 R=1.00) advisory only"}
{"time":"2026-07-22 15:36:34,618","level":"INFO","node":3,"msg":"Sent consensus vote to node 0"}
{"time":"2026-07-22 15:36:34,641","level":"INFO","node":3,"msg":"Sent consensus vote to node 1"}
{"time":"2026-07-22 15:36:34,668","level":"INFO","node":3,"msg":"Sent consensus vote to node 2"}
{"time":"2026-07-22 15:36:34,698","level":"INFO","node":3,"msg":"[FC2 DELTA NORM] node 3 round=4 — fc2 delta norm this round: 0.0676"}
{"time":"2026-07-22 15:36:40,585","level":"INFO","node":3,"msg":"Forwarded to http://127.0.0.1:8000"}
{"time":"2026-07-22 15:36:40,720","level":"INFO","node":3,"msg":"Synced weights from master for round 4"}
{"time":"2026-07-22 15:36:40,727","level":"INFO","node":3,"msg":"Sent commit vote to node 0"}
{"time":"2026-07-22 15:36:47,175","level":"INFO","node":3,"msg":"Proposal received: round=5 origin=1 hash=2bbb13f02abe..."}
{"time":"2026-07-22 15:36:47,201","level":"INFO","node":3,"msg":"Consensus vote recorded: node 1 decision=True reason=zkp_ok round=5 new=True satisfied=False"}
{"time":"2026-07-22 15:36:57,010","level":"INFO","node":3,"msg":"Consensus vote recorded: node 2 decision=True reason=zkp_ok round=5 new=True satisfied=False"}
{"time":"2026-07-22 15:37:03,125","level":"INFO","node":3,"msg":"Received update from node 2, round 5"}
{"time":"2026-07-22 15:37:12,962","level":"INFO","node":3,"msg":"ZKP ACCEPTED from node 2"}
{"time":"2026-07-22 15:37:12,966","level":"INFO","node":3,"msg":"Per-class agreement with node 1: class0=0.771 class1=0.934 gap=0.164"}
{"time":"2026-07-22 15:37:12,968","level":"INFO","node":3,"msg":"Per-class rolling gap for node 1: mean=0.164 over last 1 round(s)"}
{"time":"2026-07-22 15:37:12,971","level":"INFO","node":3,"msg":"Trust score for node 1: S=0.726 (Z=1.00 A=0.82 P=0.59 R=1.00) advisory only"}
{"time":"2026-07-22 15:37:12,983","level":"INFO","node":3,"msg":"Sent consensus vote to node 0"}
{"time":"2026-07-22 15:37:13,008","level":"INFO","node":3,"msg":"Sent consensus vote to node 1"}
{"time":"2026-07-22 15:37:13,039","level":"INFO","node":3,"msg":"Sent consensus vote to node 2"}
{"time":"2026-07-22 15:37:13,070","level":"INFO","node":3,"msg":"[FC2 DELTA NORM] node 3 round=5 — fc2 delta norm this round: 0.0666"}
{"time":"2026-07-22 15:37:19,164","level":"INFO","node":3,"msg":"Forwarded to http://127.0.0.1:8000"}
{"time":"2026-07-22 15:37:28,993","level":"INFO","node":3,"msg":"Prediction agreement with node 0 round=5: A=0.987"}
{"time":"2026-07-22 15:37:28,995","level":"INFO","node":3,"msg":"Consensus vote recorded: node 0 decision=True reason=zkp_ok round=5 new=True satisfied=True"}
{"time":"2026-07-22 15:37:35,257","level":"INFO","node":3,"msg":"Synced weights from master for round 5"}
{"time":"2026-07-22 15:37:35,279","level":"INFO","node":3,"msg":"Sent commit vote to node 1"}
{"time":"2026-07-22 15:37:41,565","level":"INFO","node":3,"msg":"Proposal received: round=6 origin=2 hash=c425d5585cd8..."}
{"time":"2026-07-22 15:37:41,579","level":"INFO","node":3,"msg":"Consensus vote recorded: node 2 decision=True reason=zkp_ok round=6 new=True satisfied=False"}
{"time":"2026-07-22 15:37:41,582","level":"INFO","node":3,"msg":"Received update from node 2, round 6"}
{"time":"2026-07-22 15:37:51,422","level":"INFO","node":3,"msg":"ZKP ACCEPTED from node 2"}
{"time":"2026-07-22 15:37:51,438","level":"INFO","node":3,"msg":"Per-class agreement with node 2: class0=0.847 class1=0.949 gap=0.102"}
{"time":"2026-07-22 15:37:51,438","level":"INFO","node":3,"msg":"Per-class rolling gap for node 2: mean=0.102 over last 1 round(s)"}
{"time":"2026-07-22 15:37:51,438","level":"INFO","node":3,"msg":"Trust score for node 2: S=0.782 (Z=1.00 A=0.88 P=0.61 R=1.00) advisory only"}
{"time":"2026-07-22 15:37:51,450","level":"INFO","node":3,"msg":"Sent consensus vote to node 0"}
{"time":"2026-07-22 15:37:51,471","level":"INFO","node":3,"msg":"Sent consensus vote to node 1"}
{"time":"2026-07-22 15:37:51,495","level":"INFO","node":3,"msg":"Sent consensus vote to node 2"}
{"time":"2026-07-22 15:37:51,526","level":"INFO","node":3,"msg":"[FC2 DELTA NORM] node 3 round=6 — fc2 delta norm this round: 0.0860"}
{"time":"2026-07-22 15:37:57,448","level":"INFO","node":3,"msg":"Forwarded to http://127.0.0.1:8000"}
{"time":"2026-07-22 15:38:07,272","level":"INFO","node":3,"msg":"Prediction agreement with node 0 round=6: A=0.971"}
{"time":"2026-07-22 15:38:07,272","level":"INFO","node":3,"msg":"Consensus vote recorded: node 0 decision=True reason=zkp_ok round=6 new=True satisfied=True"}
{"time":"2026-07-22 15:38:23,052","level":"INFO","node":3,"msg":"Prediction agreement with node 1 round=6: A=0.969"}
{"time":"2026-07-22 15:38:23,052","level":"INFO","node":3,"msg":"Consensus vote recorded: node 1 decision=True reason=zkp_ok round=6 new=True satisfied=True"}
{"time":"2026-07-22 15:38:29,420","level":"INFO","node":3,"msg":"Synced weights from master for round 6"}
{"time":"2026-07-22 15:38:29,437","level":"INFO","node":3,"msg":"Sent commit vote to node 2"}
{"time":"2026-07-22 15:38:29,442","level":"INFO","node":3,"msg":"My turn — starting round 8 as proposer."}
{"time":"2026-07-22 15:38:29,442","level":"INFO","node":3,"msg":"Starting round 8"}
{"time":"2026-07-22 15:38:29,509","level":"INFO","node":3,"msg":"[FC2 DELTA NORM] node 3 round=7 — fc2 delta norm this round: 0.0684"}
{"time":"2026-07-22 15:38:35,669","level":"INFO","node":3,"msg":"Sent proposal to node 0"}
{"time":"2026-07-22 15:38:35,685","level":"INFO","node":3,"msg":"Sent proposal to node 1"}
{"time":"2026-07-22 15:38:35,685","level":"INFO","node":3,"msg":"Sent proposal to node 2"}
{"time":"2026-07-22 15:38:35,698","level":"INFO","node":3,"msg":"Sent consensus vote to node 0"}
{"time":"2026-07-22 15:38:35,706","level":"INFO","node":3,"msg":"Sent consensus vote to node 1"}
{"time":"2026-07-22 15:38:35,710","level":"INFO","node":3,"msg":"Sent consensus vote to node 2"}
{"time":"2026-07-22 15:38:35,720","level":"INFO","node":3,"msg":"Forwarded to http://127.0.0.1:8000"}
{"time":"2026-07-22 15:38:45,673","level":"INFO","node":3,"msg":"Consensus vote recorded: node 0 decision=True reason=zkp_ok round=7 new=True satisfied=False"}
{"time":"2026-07-22 15:39:01,612","level":"INFO","node":3,"msg":"Consensus vote recorded: node 1 decision=True reason=zkp_ok round=7 new=True satisfied=True"}
{"time":"2026-07-22 15:39:18,114","level":"INFO","node":3,"msg":"Consensus vote recorded: node 2 decision=True reason=zkp_ok round=7 new=True satisfied=True"}
{"time":"2026-07-22 15:39:24,240","level":"INFO","node":3,"msg":"Received update from node 2, round 7"}
{"time":"2026-07-22 15:39:24,240","level":"INFO","node":3,"msg":"Round 8 complete — aggregating"}
{"time":"2026-07-22 15:39:24,273","level":"WARNING","node":3,"msg":"[BACKDOOR PROBE] Round 8 SUSPICIOUS: feature=1 value=6.0 forces class=1 flip_rate=1.000 jump=0.764 (thresholds: flip>0.7, jump>0.3)"}
{"time":"2026-07-22 15:39:24,327","level":"INFO","node":3,"msg":"Commit vote recorded: node 0 decision=True round=7 satisfied=False"}
{"time":"2026-07-22 15:39:24,332","level":"INFO","node":3,"msg":"Broadcast weights to node 0"}
{"time":"2026-07-22 15:39:24,347","level":"INFO","node":3,"msg":"Commit vote recorded: node 1 decision=True round=7 satisfied=True"}
{"time":"2026-07-22 15:39:24,347","level":"INFO","node":3,"msg":"Round 8 COMMITTED — model hash agreed by [3, 0, 1]"}
{"time":"2026-07-22 15:39:24,349","level":"INFO","node":3,"msg":"Commit certificate saved to C:\Users\mousu\OneDrive\Desktop\Set A\securefedhe\dashboard\certificates\round_7.json"}
{"time":"2026-07-22 15:39:24,352","level":"INFO","node":3,"msg":"Broadcast weights to node 1"}
{"time":"2026-07-22 15:39:24,378","level":"INFO","node":3,"msg":"Commit vote recorded: node 2 decision=True round=7 satisfied=True"}
{"time":"2026-07-22 15:39:24,379","level":"INFO","node":3,"msg":"Broadcast weights to node 2"}
{"time":"2026-07-22 15:39:24,381","level":"INFO","node":3,"msg":"Checkpoint saved to C:\Users\mousu\OneDrive\Desktop\Set A\securefedhe\dashboard\model_latest.pt"}
{"time":"2026-07-22 15:39:24,381","level":"INFO","node":3,"msg":"Round 8 complete | accuracy=0.8273 | duration=54.94s"}
{"time":"2026-07-22 15:39:24,382","level":"INFO","node":3,"msg":"Round 9 belongs to node 0 — waiting for their proposal."}
{"time":"2026-07-22 15:39:24,384","level":"INFO","node":3,"msg":"Notified next proposer to node 0"}
{"time":"2026-07-22 15:39:24,385","level":"INFO","node":3,"msg":"[WATCHDOG SPAWNED] round=8 expected_proposer=0 timeout_s=600 spawned_at=15:39:24"}
{"time":"2026-07-22 15:39:30,611","level":"INFO","node":3,"msg":"Proposal received: round=8 origin=0 hash=a6306f1a18f8..."}
{"time":"2026-07-22 15:39:30,626","level":"INFO","node":3,"msg":"Consensus vote recorded: node 0 decision=True reason=zkp_ok round=8 new=True satisfied=False"}
{"time":"2026-07-22 15:39:40,495","level":"INFO","node":3,"msg":"Consensus vote recorded: node 1 decision=True reason=zkp_ok round=8 new=True satisfied=False"}
{"time":"2026-07-22 15:39:56,403","level":"INFO","node":3,"msg":"Consensus vote recorded: node 2 decision=True reason=zkp_ok round=8 new=True satisfied=True"}
{"time":"2026-07-22 15:40:02,398","level":"INFO","node":3,"msg":"Received update from node 2, round 8"}
{"time":"2026-07-22 15:40:12,183","level":"INFO","node":3,"msg":"ZKP ACCEPTED from node 2"}
{"time":"2026-07-22 15:40:12,183","level":"INFO","node":3,"msg":"fc_in col7 delta self-cosine for node 0: 0.3084 (delta_norm=0.1793)"}
{"time":"2026-07-22 15:40:12,199","level":"INFO","node":3,"msg":"Per-class agreement with node 0: class0=0.966 class1=0.945 gap=0.021"}
{"time":"2026-07-22 15:40:12,199","level":"INFO","node":3,"msg":"Per-class rolling gap for node 0: mean=0.012 over last 2 round(s)"}
{"time":"2026-07-22 15:40:12,205","level":"INFO","node":3,"msg":"Trust score for node 0: S=0.817 (Z=1.00 A=0.96 P=0.48 R=1.00) advisory only"}
{"time":"2026-07-22 15:40:12,217","level":"INFO","node":3,"msg":"Sent consensus vote to node 0"}
{"time":"2026-07-22 15:40:12,245","level":"INFO","node":3,"msg":"Sent consensus vote to node 1"}
{"time":"2026-07-22 15:40:12,257","level":"INFO","node":3,"msg":"Sent consensus vote to node 2"}
{"time":"2026-07-22 15:40:12,299","level":"INFO","node":3,"msg":"[FC2 DELTA NORM] node 3 round=8 — fc2 delta norm this round: 0.0630"}
{"time":"2026-07-22 15:40:18,338","level":"INFO","node":3,"msg":"Forwarded to http://127.0.0.1:8000"}
{"time":"2026-07-22 15:40:18,498","level":"INFO","node":3,"msg":"Synced weights from master for round 8"}
{"time":"2026-07-22 15:40:18,507","level":"INFO","node":3,"msg":"Sent commit vote to node 0"}
{"time":"2026-07-22 15:40:24,976","level":"INFO","node":3,"msg":"Proposal received: round=9 origin=1 hash=3cbc2f9ecf6f..."}
{"time":"2026-07-22 15:40:24,992","level":"INFO","node":3,"msg":"Consensus vote recorded: node 1 decision=True reason=zkp_ok round=9 new=True satisfied=False"}
{"time":"2026-07-22 15:40:34,731","level":"INFO","node":3,"msg":"Consensus vote recorded: node 2 decision=True reason=zkp_ok round=9 new=True satisfied=False"}
{"time":"2026-07-22 15:40:40,873","level":"INFO","node":3,"msg":"Received update from node 2, round 9"}
{"time":"2026-07-22 15:40:50,440","level":"INFO","node":3,"msg":"ZKP ACCEPTED from node 2"}
{"time":"2026-07-22 15:40:50,440","level":"INFO","node":3,"msg":"fc_in col7 delta self-cosine for node 1: 0.4619 (delta_norm=0.1805)"}
{"time":"2026-07-22 15:40:50,440","level":"INFO","node":3,"msg":"Per-class agreement with node 1: class0=0.946 class1=0.947 gap=0.001"}
{"time":"2026-07-22 15:40:50,440","level":"INFO","node":3,"msg":"Per-class rolling gap for node 1: mean=0.082 over last 2 round(s)"}
{"time":"2026-07-22 15:40:50,440","level":"INFO","node":3,"msg":"Trust score for node 1: S=0.797 (Z=1.00 A=0.95 P=0.45 R=1.00) advisory only"}
{"time":"2026-07-22 15:40:50,462","level":"INFO","node":3,"msg":"Sent consensus vote to node 0"}
{"time":"2026-07-22 15:40:50,468","level":"INFO","node":3,"msg":"Sent consensus vote to node 1"}
{"time":"2026-07-22 15:40:50,500","level":"INFO","node":3,"msg":"Sent consensus vote to node 2"}
{"time":"2026-07-22 15:40:50,554","level":"INFO","node":3,"msg":"[FC2 DELTA NORM] node 3 round=9 — fc2 delta norm this round: 0.0717"}
{"time":"2026-07-22 15:40:56,557","level":"INFO","node":3,"msg":"Forwarded to http://127.0.0.1:8000"}
{"time":"2026-07-22 15:41:06,240","level":"INFO","node":3,"msg":"Prediction agreement with node 0 round=9: A=0.986"}
{"time":"2026-07-22 15:41:06,240","level":"INFO","node":3,"msg":"Consensus vote recorded: node 0 decision=True reason=zkp_ok round=9 new=True satisfied=True"}
{"time":"2026-07-22 15:41:12,496","level":"INFO","node":3,"msg":"Synced weights from master for round 9"}
{"time":"2026-07-22 15:41:12,513","level":"INFO","node":3,"msg":"Sent commit vote to node 1"}
{"time":"2026-07-22 15:41:18,673","level":"INFO","node":3,"msg":"Proposal received: round=10 origin=2 hash=69ae4d968887..."}
{"time":"2026-07-22 15:41:18,692","level":"INFO","node":3,"msg":"Consensus vote recorded: node 2 decision=True reason=zkp_ok round=10 new=True satisfied=False"}
{"time":"2026-07-22 15:41:18,696","level":"INFO","node":3,"msg":"Received update from node 2, round 10"}
{"time":"2026-07-22 15:41:28,431","level":"INFO","node":3,"msg":"ZKP ACCEPTED from node 2"}
{"time":"2026-07-22 15:41:28,431","level":"INFO","node":3,"msg":"fc_in col7 delta self-cosine for node 2: -0.2833 (delta_norm=0.2641)"}
{"time":"2026-07-22 15:41:28,447","level":"INFO","node":3,"msg":"Per-class agreement with node 2: class0=0.966 class1=0.929 gap=0.037"}
{"time":"2026-07-22 15:41:28,447","level":"INFO","node":3,"msg":"Per-class rolling gap for node 2: mean=0.070 over last 2 round(s)"}
{"time":"2026-07-22 15:41:28,447","level":"INFO","node":3,"msg":"Trust score for node 2: S=0.828 (Z=1.00 A=0.95 P=0.54 R=1.00) advisory only"}
{"time":"2026-07-22 15:41:28,461","level":"INFO","node":3,"msg":"Sent consensus vote to node 0"}
{"time":"2026-07-22 15:41:28,483","level":"INFO","node":3,"msg":"Sent consensus vote to node 1"}
{"time":"2026-07-22 15:41:28,512","level":"INFO","node":3,"msg":"Sent consensus vote to node 2"}
{"time":"2026-07-22 15:41:28,559","level":"INFO","node":3,"msg":"[FC2 DELTA NORM] node 3 round=10 — fc2 delta norm this round: 0.0650"}
{"time":"2026-07-22 15:41:34,455","level":"INFO","node":3,"msg":"Forwarded to http://127.0.0.1:8000"}
{"time":"2026-07-22 15:41:44,357","level":"INFO","node":3,"msg":"Prediction agreement with node 0 round=10: A=0.967"}
{"time":"2026-07-22 15:41:44,357","level":"INFO","node":3,"msg":"Consensus vote recorded: node 0 decision=True reason=zkp_ok round=10 new=True satisfied=True"}
{"time":"2026-07-22 15:42:00,271","level":"INFO","node":3,"msg":"Prediction agreement with node 1 round=10: A=0.965"}
{"time":"2026-07-22 15:42:00,271","level":"INFO","node":3,"msg":"Consensus vote recorded: node 1 decision=True reason=zkp_ok round=10 new=True satisfied=True"}
{"time":"2026-07-22 15:42:06,639","level":"INFO","node":3,"msg":"Synced weights from master for round 10"}
{"time":"2026-07-22 15:42:06,661","level":"INFO","node":3,"msg":"Sent commit vote to node 2"}
{"time":"2026-07-22 15:42:06,666","level":"INFO","node":3,"msg":"My turn — starting round 12 as proposer."}
{"time":"2026-07-22 15:42:06,667","level":"INFO","node":3,"msg":"Starting round 12"}
{"time":"2026-07-22 15:42:06,710","level":"INFO","node":3,"msg":"[FC2 DELTA NORM] node 3 round=11 — fc2 delta norm this round: 0.0721"}
{"time":"2026-07-22 15:42:12,898","level":"INFO","node":3,"msg":"Sent proposal to node 0"}
{"time":"2026-07-22 15:42:12,898","level":"INFO","node":3,"msg":"Sent proposal to node 1"}
{"time":"2026-07-22 15:42:12,908","level":"INFO","node":3,"msg":"Sent proposal to node 2"}
{"time":"2026-07-22 15:42:12,918","level":"INFO","node":3,"msg":"Sent consensus vote to node 0"}
{"time":"2026-07-22 15:42:12,922","level":"INFO","node":3,"msg":"Sent consensus vote to node 1"}
{"time":"2026-07-22 15:42:12,926","level":"INFO","node":3,"msg":"Sent consensus vote to node 2"}
{"time":"2026-07-22 15:42:12,930","level":"INFO","node":3,"msg":"Forwarded to http://127.0.0.1:8000"}
{"time":"2026-07-22 15:42:22,705","level":"INFO","node":3,"msg":"Consensus vote recorded: node 0 decision=True reason=zkp_ok round=11 new=True satisfied=False"}
{"time":"2026-07-22 15:42:38,635","level":"INFO","node":3,"msg":"Consensus vote recorded: node 1 decision=True reason=zkp_ok round=11 new=True satisfied=True"}
{"time":"2026-07-22 15:42:54,897","level":"INFO","node":3,"msg":"Consensus vote recorded: node 2 decision=True reason=zkp_ok round=11 new=True satisfied=True"}
{"time":"2026-07-22 15:43:00,784","level":"INFO","node":3,"msg":"Received update from node 2, round 11"}
{"time":"2026-07-22 15:43:00,784","level":"INFO","node":3,"msg":"Round 12 complete — aggregating"}
{"time":"2026-07-22 15:43:00,813","level":"WARNING","node":3,"msg":"[BACKDOOR PROBE] Round 12 SUSPICIOUS: feature=1 value=5.0 forces class=1 flip_rate=1.000 jump=0.745 (thresholds: flip>0.7, jump>0.3)"}
{"time":"2026-07-22 15:43:00,844","level":"INFO","node":3,"msg":"Commit vote recorded: node 0 decision=True round=11 satisfied=False"}
{"time":"2026-07-22 15:43:00,844","level":"INFO","node":3,"msg":"Broadcast weights to node 0"}
{"time":"2026-07-22 15:43:00,887","level":"INFO","node":3,"msg":"Commit vote recorded: node 1 decision=True round=11 satisfied=True"}
{"time":"2026-07-22 15:43:00,887","level":"INFO","node":3,"msg":"Round 12 COMMITTED — model hash agreed by [3, 0, 1]"}
{"time":"2026-07-22 15:43:00,887","level":"INFO","node":3,"msg":"Commit certificate saved to C:\Users\mousu\OneDrive\Desktop\Set A\securefedhe\dashboard\certificates\round_11.json"}
{"time":"2026-07-22 15:43:00,890","level":"INFO","node":3,"msg":"Broadcast weights to node 1"}
{"time":"2026-07-22 15:43:00,912","level":"INFO","node":3,"msg":"Commit vote recorded: node 2 decision=True round=11 satisfied=True"}
{"time":"2026-07-22 15:43:00,913","level":"INFO","node":3,"msg":"Broadcast weights to node 2"}
{"time":"2026-07-22 15:43:00,915","level":"INFO","node":3,"msg":"Checkpoint saved to C:\Users\mousu\OneDrive\Desktop\Set A\securefedhe\dashboard\model_latest.pt"}
{"time":"2026-07-22 15:43:00,916","level":"INFO","node":3,"msg":"Round 12 complete | accuracy=0.8455 | duration=54.25s"}
{"time":"2026-07-22 15:43:00,916","level":"INFO","node":3,"msg":"Round 13 belongs to node 0 — waiting for their proposal."}
{"time":"2026-07-22 15:43:00,919","level":"INFO","node":3,"msg":"Notified next proposer to node 0"}
{"time":"2026-07-22 15:43:00,919","level":"INFO","node":3,"msg":"[WATCHDOG SPAWNED] round=12 expected_proposer=0 timeout_s=600 spawned_at=15:43:00"}
{"time":"2026-07-22 15:43:07,186","level":"INFO","node":3,"msg":"Proposal received: round=12 origin=0 hash=fc5c88d2c613..."}
{"time":"2026-07-22 15:43:07,204","level":"INFO","node":3,"msg":"Consensus vote recorded: node 0 decision=True reason=zkp_ok round=12 new=True satisfied=False"}
{"time":"2026-07-22 15:43:17,256","level":"INFO","node":3,"msg":"Consensus vote recorded: node 1 decision=True reason=zkp_ok round=12 new=True satisfied=False"}
{"time":"2026-07-22 15:43:33,691","level":"INFO","node":3,"msg":"Consensus vote recorded: node 2 decision=True reason=zkp_ok round=12 new=True satisfied=True"}
{"time":"2026-07-22 15:43:39,731","level":"INFO","node":3,"msg":"Received update from node 2, round 12"}
{"time":"2026-07-22 15:43:49,564","level":"INFO","node":3,"msg":"ZKP ACCEPTED from node 2"}
{"time":"2026-07-22 15:43:49,564","level":"INFO","node":3,"msg":"fc_in col7 delta self-cosine for node 0: 0.1341 (delta_norm=0.1750)"}
{"time":"2026-07-22 15:43:49,568","level":"INFO","node":3,"msg":"Per-class agreement with node 0: class0=0.958 class1=0.951 gap=0.008"}
{"time":"2026-07-22 15:43:49,568","level":"INFO","node":3,"msg":"Per-class rolling gap for node 0: mean=0.011 over last 3 round(s)"}
{"time":"2026-07-22 15:43:49,568","level":"INFO","node":3,"msg":"Trust score for node 0: S=0.809 (Z=1.00 A=0.96 P=0.46 R=1.00) advisory only"}
{"time":"2026-07-22 15:43:49,599","level":"INFO","node":3,"msg":"Sent consensus vote to node 0"}
{"time":"2026-07-22 15:43:49,623","level":"INFO","node":3,"msg":"Sent consensus vote to node 1"}
{"time":"2026-07-22 15:43:49,655","level":"INFO","node":3,"msg":"Sent consensus vote to node 2"}
{"time":"2026-07-22 15:43:49,686","level":"INFO","node":3,"msg":"[FC2 DELTA NORM] node 3 round=12 — fc2 delta norm this round: 0.0661"}
{"time":"2026-07-22 15:43:55,833","level":"INFO","node":3,"msg":"Forwarded to http://127.0.0.1:8000"}
{"time":"2026-07-22 15:43:55,973","level":"INFO","node":3,"msg":"Synced weights from master for round 12"}
{"time":"2026-07-22 15:43:55,984","level":"INFO","node":3,"msg":"Sent commit vote to node 0"}
{"time":"2026-07-22 15:44:02,501","level":"INFO","node":3,"msg":"Proposal received: round=13 origin=1 hash=58ffdcaca640..."}
{"time":"2026-07-22 15:44:02,521","level":"INFO","node":3,"msg":"Consensus vote recorded: node 1 decision=True reason=zkp_ok round=13 new=True satisfied=False"}
{"time":"2026-07-22 15:44:12,260","level":"INFO","node":3,"msg":"Consensus vote recorded: node 2 decision=True reason=zkp_ok round=13 new=True satisfied=False"}
{"time":"2026-07-22 15:44:18,301","level":"INFO","node":3,"msg":"Received update from node 2, round 13"}
{"time":"2026-07-22 15:44:27,994","level":"INFO","node":3,"msg":"ZKP ACCEPTED from node 2"}
{"time":"2026-07-22 15:44:27,994","level":"INFO","node":3,"msg":"fc_in col7 delta self-cosine for node 1: -0.0033 (delta_norm=0.1852)"}
{"time":"2026-07-22 15:44:27,994","level":"INFO","node":3,"msg":"Per-class agreement with node 1: class0=0.974 class1=0.951 gap=0.023"}
{"time":"2026-07-22 15:44:27,994","level":"INFO","node":3,"msg":"Per-class rolling gap for node 1: mean=0.063 over last 3 round(s)"}
{"time":"2026-07-22 15:44:27,999","level":"INFO","node":3,"msg":"Trust score for node 1: S=0.819 (Z=1.00 A=0.97 P=0.46 R=1.00) advisory only"}
{"time":"2026-07-22 15:44:28,031","level":"INFO","node":3,"msg":"Sent consensus vote to node 0"}
{"time":"2026-07-22 15:44:28,039","level":"INFO","node":3,"msg":"Sent consensus vote to node 1"}
{"time":"2026-07-22 15:44:28,074","level":"INFO","node":3,"msg":"Sent consensus vote to node 2"}
{"time":"2026-07-22 15:44:28,125","level":"INFO","node":3,"msg":"[FC2 DELTA NORM] node 3 round=13 — fc2 delta norm this round: 0.0724"}
{"time":"2026-07-22 15:44:34,209","level":"INFO","node":3,"msg":"Forwarded to http://127.0.0.1:8000"}
{"time":"2026-07-22 15:44:43,863","level":"INFO","node":3,"msg":"Prediction agreement with node 0 round=13: A=0.987"}
{"time":"2026-07-22 15:44:43,863","level":"INFO","node":3,"msg":"Consensus vote recorded: node 0 decision=True reason=zkp_ok round=13 new=True satisfied=True"}
{"time":"2026-07-22 15:44:49,949","level":"INFO","node":3,"msg":"Synced weights from master for round 13"}
{"time":"2026-07-22 15:44:49,971","level":"INFO","node":3,"msg":"Sent commit vote to node 1"}
{"time":"2026-07-22 15:44:56,217","level":"INFO","node":3,"msg":"Proposal received: round=14 origin=2 hash=6a081c221d85..."}
{"time":"2026-07-22 15:44:56,234","level":"INFO","node":3,"msg":"Consensus vote recorded: node 2 decision=True reason=zkp_ok round=14 new=True satisfied=False"}
{"time":"2026-07-22 15:44:56,239","level":"INFO","node":3,"msg":"Received update from node 2, round 14"}
{"time":"2026-07-22 15:45:06,009","level":"INFO","node":3,"msg":"ZKP ACCEPTED from node 2"}
{"time":"2026-07-22 15:45:06,025","level":"INFO","node":3,"msg":"fc_in col7 delta self-cosine for node 2: -0.1252 (delta_norm=0.2494)"}
{"time":"2026-07-22 15:45:06,025","level":"INFO","node":3,"msg":"Per-class agreement with node 2: class0=0.952 class1=0.938 gap=0.014"}
{"time":"2026-07-22 15:45:06,025","level":"INFO","node":3,"msg":"Per-class rolling gap for node 2: mean=0.051 over last 3 round(s)"}
{"time":"2026-07-22 15:45:06,031","level":"INFO","node":3,"msg":"Trust score for node 2: S=0.807 (Z=1.00 A=0.95 P=0.48 R=1.00) advisory only"}
{"time":"2026-07-22 15:45:06,068","level":"INFO","node":3,"msg":"Sent consensus vote to node 0"}
{"time":"2026-07-22 15:45:06,089","level":"INFO","node":3,"msg":"Sent consensus vote to node 1"}
{"time":"2026-07-22 15:45:06,113","level":"INFO","node":3,"msg":"Sent consensus vote to node 2"}
{"time":"2026-07-22 15:45:06,140","level":"INFO","node":3,"msg":"[FC2 DELTA NORM] node 3 round=14 — fc2 delta norm this round: 0.0543"}
{"time":"2026-07-22 15:45:12,057","level":"INFO","node":3,"msg":"Forwarded to http://127.0.0.1:8000"}
{"time":"2026-07-22 15:45:22,003","level":"INFO","node":3,"msg":"Prediction agreement with node 0 round=14: A=0.965"}
{"time":"2026-07-22 15:45:22,004","level":"INFO","node":3,"msg":"Consensus vote recorded: node 0 decision=True reason=zkp_ok round=14 new=True satisfied=True"}
{"time":"2026-07-22 15:45:37,804","level":"INFO","node":3,"msg":"Prediction agreement with node 1 round=14: A=0.966"}
{"time":"2026-07-22 15:45:37,804","level":"INFO","node":3,"msg":"Consensus vote recorded: node 1 decision=True reason=zkp_ok round=14 new=True satisfied=True"}
{"time":"2026-07-22 15:45:44,191","level":"INFO","node":3,"msg":"Synced weights from master for round 14"}
{"time":"2026-07-22 15:45:44,209","level":"INFO","node":3,"msg":"Sent commit vote to node 2"}
{"time":"2026-07-22 15:45:44,213","level":"INFO","node":3,"msg":"My turn — starting round 16 as proposer."}
{"time":"2026-07-22 15:45:44,213","level":"INFO","node":3,"msg":"Starting round 16"}
{"time":"2026-07-22 15:45:44,257","level":"INFO","node":3,"msg":"[FC2 DELTA NORM] node 3 round=15 — fc2 delta norm this round: 0.0785"}
{"time":"2026-07-22 15:45:50,388","level":"INFO","node":3,"msg":"Sent proposal to node 0"}
{"time":"2026-07-22 15:45:50,388","level":"INFO","node":3,"msg":"Sent proposal to node 1"}
{"time":"2026-07-22 15:45:50,396","level":"INFO","node":3,"msg":"Sent proposal to node 2"}
{"time":"2026-07-22 15:45:50,406","level":"INFO","node":3,"msg":"Sent consensus vote to node 0"}
{"time":"2026-07-22 15:45:50,411","level":"INFO","node":3,"msg":"Sent consensus vote to node 1"}
{"time":"2026-07-22 15:45:50,420","level":"INFO","node":3,"msg":"Sent consensus vote to node 2"}
{"time":"2026-07-22 15:45:50,424","level":"INFO","node":3,"msg":"Forwarded to http://127.0.0.1:8000"}
{"time":"2026-07-22 15:46:00,094","level":"INFO","node":3,"msg":"Consensus vote recorded: node 0 decision=True reason=zkp_ok round=15 new=True satisfied=False"}
{"time":"2026-07-22 15:46:16,025","level":"INFO","node":3,"msg":"Consensus vote recorded: node 1 decision=True reason=zkp_ok round=15 new=True satisfied=True"}
{"time":"2026-07-22 15:46:32,088","level":"INFO","node":3,"msg":"Consensus vote recorded: node 2 decision=True reason=zkp_ok round=15 new=True satisfied=True"}
{"time":"2026-07-22 15:46:38,062","level":"INFO","node":3,"msg":"Received update from node 2, round 15"}
{"time":"2026-07-22 15:46:38,062","level":"INFO","node":3,"msg":"Round 16 complete — aggregating"}
{"time":"2026-07-22 15:46:38,086","level":"WARNING","node":3,"msg":"[BACKDOOR PROBE] Round 16 SUSPICIOUS: feature=1 value=4.0 forces class=1 flip_rate=1.000 jump=0.691 (thresholds: flip>0.7, jump>0.3)"}
{"time":"2026-07-22 15:46:38,111","level":"INFO","node":3,"msg":"Commit vote recorded: node 0 decision=True round=15 satisfied=False"}
{"time":"2026-07-22 15:46:38,112","level":"INFO","node":3,"msg":"Broadcast weights to node 0"}
{"time":"2026-07-22 15:46:38,151","level":"INFO","node":3,"msg":"Commit vote recorded: node 1 decision=True round=15 satisfied=True"}
{"time":"2026-07-22 15:46:38,151","level":"INFO","node":3,"msg":"Round 16 COMMITTED — model hash agreed by [3, 0, 1]"}
{"time":"2026-07-22 15:46:38,153","level":"INFO","node":3,"msg":"Commit certificate saved to C:\Users\mousu\OneDrive\Desktop\Set A\securefedhe\dashboard\certificates\round_15.json"}
{"time":"2026-07-22 15:46:38,155","level":"INFO","node":3,"msg":"Broadcast weights to node 1"}
{"time":"2026-07-22 15:46:38,186","level":"INFO","node":3,"msg":"Commit vote recorded: node 2 decision=True round=15 satisfied=True"}
{"time":"2026-07-22 15:46:38,188","level":"INFO","node":3,"msg":"Broadcast weights to node 2"}
{"time":"2026-07-22 15:46:38,190","level":"INFO","node":3,"msg":"Checkpoint saved to C:\Users\mousu\OneDrive\Desktop\Set A\securefedhe\dashboard\model_latest.pt"}
{"time":"2026-07-22 15:46:38,190","level":"INFO","node":3,"msg":"Round 16 complete | accuracy=0.8636 | duration=53.98s"}
{"time":"2026-07-22 15:46:38,190","level":"INFO","node":3,"msg":"Round 17 belongs to node 0 — waiting for their proposal."}
{"time":"2026-07-22 15:46:38,194","level":"INFO","node":3,"msg":"Notified next proposer to node 0"}
{"time":"2026-07-22 15:46:38,194","level":"INFO","node":3,"msg":"[WATCHDOG SPAWNED] round=16 expected_proposer=0 timeout_s=600 spawned_at=15:46:38"}
{"time":"2026-07-22 15:46:44,612","level":"INFO","node":3,"msg":"Proposal received: round=16 origin=0 hash=7636841624cc..."}
{"time":"2026-07-22 15:46:44,635","level":"INFO","node":3,"msg":"Consensus vote recorded: node 0 decision=True reason=zkp_ok round=16 new=True satisfied=False"}
{"time":"2026-07-22 15:46:54,424","level":"INFO","node":3,"msg":"Consensus vote recorded: node 1 decision=True reason=zkp_ok round=16 new=True satisfied=False"}
{"time":"2026-07-22 15:47:10,462","level":"INFO","node":3,"msg":"Consensus vote recorded: node 2 decision=True reason=zkp_ok round=16 new=True satisfied=True"}
{"time":"2026-07-22 15:47:16,463","level":"INFO","node":3,"msg":"Received update from node 2, round 16"}
{"time":"2026-07-22 15:47:26,158","level":"INFO","node":3,"msg":"ZKP ACCEPTED from node 2"}
{"time":"2026-07-22 15:47:26,160","level":"INFO","node":3,"msg":"fc_in col7 delta self-cosine for node 0: 0.2622 (delta_norm=0.1545)"}
{"time":"2026-07-22 15:47:26,165","level":"INFO","node":3,"msg":"Per-class agreement with node 0: class0=0.942 class1=0.924 gap=0.018"}
{"time":"2026-07-22 15:47:26,165","level":"INFO","node":3,"msg":"Per-class rolling gap for node 0: mean=0.013 over last 4 round(s)"}
{"time":"2026-07-22 15:47:26,167","level":"INFO","node":3,"msg":"Trust score for node 0: S=0.783 (Z=1.00 A=0.94 P=0.43 R=1.00) advisory only"}
{"time":"2026-07-22 15:47:26,184","level":"INFO","node":3,"msg":"Sent consensus vote to node 0"}
{"time":"2026-07-22 15:47:26,221","level":"INFO","node":3,"msg":"Sent consensus vote to node 1"}
{"time":"2026-07-22 15:47:26,249","level":"INFO","node":3,"msg":"Sent consensus vote to node 2"}
{"time":"2026-07-22 15:47:26,301","level":"INFO","node":3,"msg":"[FC2 DELTA NORM] node 3 round=16 — fc2 delta norm this round: 0.0531"}
{"time":"2026-07-22 15:47:32,288","level":"INFO","node":3,"msg":"Forwarded to http://127.0.0.1:8000"}
{"time":"2026-07-22 15:47:32,419","level":"INFO","node":3,"msg":"Synced weights from master for round 16"}
{"time":"2026-07-22 15:47:32,427","level":"INFO","node":3,"msg":"Sent commit vote to node 0"}
{"time":"2026-07-22 15:47:38,852","level":"INFO","node":3,"msg":"Proposal received: round=17 origin=1 hash=346cb4cc479f..."}
{"time":"2026-07-22 15:47:38,871","level":"INFO","node":3,"msg":"Consensus vote recorded: node 1 decision=True reason=zkp_ok round=17 new=True satisfied=False"}
{"time":"2026-07-22 15:47:48,608","level":"INFO","node":3,"msg":"Consensus vote recorded: node 2 decision=True reason=zkp_ok round=17 new=True satisfied=False"}
{"time":"2026-07-22 15:47:54,676","level":"INFO","node":3,"msg":"Received update from node 2, round 17"}
{"time":"2026-07-22 15:48:04,343","level":"INFO","node":3,"msg":"ZKP ACCEPTED from node 2"}
{"time":"2026-07-22 15:48:04,343","level":"INFO","node":3,"msg":"fc_in col7 delta self-cosine for node 1: 0.0277 (delta_norm=0.1859)"}
{"time":"2026-07-22 15:48:04,343","level":"INFO","node":3,"msg":"Per-class agreement with node 1: class0=0.963 class1=0.937 gap=0.025"}
{"time":"2026-07-22 15:48:04,343","level":"INFO","node":3,"msg":"Per-class rolling gap for node 1: mean=0.053 over last 4 round(s)"}
{"time":"2026-07-22 15:48:04,360","level":"INFO","node":3,"msg":"Trust score for node 1: S=0.793 (Z=1.00 A=0.95 P=0.41 R=1.00) advisory only"}
{"time":"2026-07-22 15:48:04,371","level":"INFO","node":3,"msg":"Sent consensus vote to node 0"}
{"time":"2026-07-22 15:48:04,394","level":"INFO","node":3,"msg":"Sent consensus vote to node 1"}
{"time":"2026-07-22 15:48:04,405","level":"INFO","node":3,"msg":"Sent consensus vote to node 2"}
{"time":"2026-07-22 15:48:04,433","level":"INFO","node":3,"msg":"[FC2 DELTA NORM] node 3 round=17 — fc2 delta norm this round: 0.0579"}
{"time":"2026-07-22 15:48:10,542","level":"INFO","node":3,"msg":"Forwarded to http://127.0.0.1:8000"}
{"time":"2026-07-22 15:48:20,471","level":"INFO","node":3,"msg":"Prediction agreement with node 0 round=17: A=0.982"}
{"time":"2026-07-22 15:48:20,471","level":"INFO","node":3,"msg":"Consensus vote recorded: node 0 decision=True reason=zkp_ok round=17 new=True satisfied=True"}
{"time":"2026-07-22 15:48:26,467","level":"INFO","node":3,"msg":"Synced weights from master for round 17"}
{"time":"2026-07-22 15:48:26,473","level":"INFO","node":3,"msg":"Sent commit vote to node 1"}
{"time":"2026-07-22 15:48:32,766","level":"INFO","node":3,"msg":"Proposal received: round=18 origin=2 hash=7c86bf897268..."}
{"time":"2026-07-22 15:48:32,788","level":"INFO","node":3,"msg":"Consensus vote recorded: node 2 decision=True reason=zkp_ok round=18 new=True satisfied=False"}
{"time":"2026-07-22 15:48:32,795","level":"INFO","node":3,"msg":"Received update from node 2, round 18"}
{"time":"2026-07-22 15:48:42,510","level":"INFO","node":3,"msg":"ZKP ACCEPTED from node 2"}
{"time":"2026-07-22 15:48:42,510","level":"INFO","node":3,"msg":"fc_in col7 delta self-cosine for node 2: -0.3264 (delta_norm=0.2378)"}
{"time":"2026-07-22 15:48:42,526","level":"INFO","node":3,"msg":"Per-class agreement with node 2: class0=0.933 class1=0.940 gap=0.007"}
{"time":"2026-07-22 15:48:42,526","level":"INFO","node":3,"msg":"Per-class rolling gap for node 2: mean=0.040 over last 4 round(s)"}
{"time":"2026-07-22 15:48:42,531","level":"INFO","node":3,"msg":"Trust score for node 2: S=0.796 (Z=1.00 A=0.93 P=0.48 R=1.00) advisory only"}
{"time":"2026-07-22 15:48:42,545","level":"INFO","node":3,"msg":"Sent consensus vote to node 0"}
{"time":"2026-07-22 15:48:42,573","level":"INFO","node":3,"msg":"Sent consensus vote to node 1"}
{"time":"2026-07-22 15:48:42,603","level":"INFO","node":3,"msg":"Sent consensus vote to node 2"}
{"time":"2026-07-22 15:48:42,633","level":"INFO","node":3,"msg":"[FC2 DELTA NORM] node 3 round=18 — fc2 delta norm this round: 0.0441"}
{"time":"2026-07-22 15:48:48,629","level":"INFO","node":3,"msg":"Forwarded to http://127.0.0.1:8000"}
{"time":"2026-07-22 15:48:58,414","level":"INFO","node":3,"msg":"Prediction agreement with node 0 round=18: A=0.962"}
{"time":"2026-07-22 15:48:58,416","level":"INFO","node":3,"msg":"Consensus vote recorded: node 0 decision=True reason=zkp_ok round=18 new=True satisfied=True"}
{"time":"2026-07-22 15:49:14,360","level":"INFO","node":3,"msg":"Prediction agreement with node 1 round=18: A=0.961"}
{"time":"2026-07-22 15:49:14,361","level":"INFO","node":3,"msg":"Consensus vote recorded: node 1 decision=True reason=zkp_ok round=18 new=True satisfied=True"}
{"time":"2026-07-22 15:49:20,799","level":"INFO","node":3,"msg":"Synced weights from master for round 18"}
{"time":"2026-07-22 15:49:20,815","level":"INFO","node":3,"msg":"Sent commit vote to node 2"}
{"time":"2026-07-22 15:49:20,821","level":"INFO","node":3,"msg":"My turn — starting round 20 as proposer."}
{"time":"2026-07-22 15:49:20,821","level":"INFO","node":3,"msg":"Starting round 20"}
{"time":"2026-07-22 15:49:20,863","level":"INFO","node":3,"msg":"[FC2 DELTA NORM] node 3 round=19 — fc2 delta norm this round: 0.0578"}
{"time":"2026-07-22 15:49:26,851","level":"INFO","node":3,"msg":"Sent proposal to node 0"}
{"time":"2026-07-22 15:49:26,870","level":"INFO","node":3,"msg":"Sent proposal to node 1"}
{"time":"2026-07-22 15:49:26,882","level":"INFO","node":3,"msg":"Sent proposal to node 2"}
{"time":"2026-07-22 15:49:26,892","level":"INFO","node":3,"msg":"Sent consensus vote to node 0"}
{"time":"2026-07-22 15:49:26,899","level":"INFO","node":3,"msg":"Sent consensus vote to node 1"}
{"time":"2026-07-22 15:49:26,903","level":"INFO","node":3,"msg":"Sent consensus vote to node 2"}
{"time":"2026-07-22 15:49:26,913","level":"INFO","node":3,"msg":"Forwarded to http://127.0.0.1:8000"}
{"time":"2026-07-22 15:49:36,564","level":"INFO","node":3,"msg":"Consensus vote recorded: node 0 decision=True reason=zkp_ok round=19 new=True satisfied=False"}
{"time":"2026-07-22 15:49:52,406","level":"INFO","node":3,"msg":"Consensus vote recorded: node 1 decision=True reason=zkp_ok round=19 new=True satisfied=True"}
{"time":"2026-07-22 15:50:08,258","level":"INFO","node":3,"msg":"Consensus vote recorded: node 2 decision=True reason=zkp_ok round=19 new=True satisfied=True"}
{"time":"2026-07-22 15:50:14,259","level":"INFO","node":3,"msg":"Received update from node 2, round 19"}
{"time":"2026-07-22 15:50:14,261","level":"INFO","node":3,"msg":"Round 20 complete — aggregating"}
{"time":"2026-07-22 15:50:14,287","level":"WARNING","node":3,"msg":"[BACKDOOR PROBE] Round 20 SUSPICIOUS: feature=1 value=4.0 forces class=1 flip_rate=1.000 jump=0.700 (thresholds: flip>0.7, jump>0.3)"}
{"time":"2026-07-22 15:50:14,321","level":"INFO","node":3,"msg":"Commit vote recorded: node 0 decision=True round=19 satisfied=False"}
{"time":"2026-07-22 15:50:14,325","level":"INFO","node":3,"msg":"Broadcast weights to node 0"}
{"time":"2026-07-22 15:50:14,374","level":"INFO","node":3,"msg":"Commit vote recorded: node 1 decision=True round=19 satisfied=True"}
{"time":"2026-07-22 15:50:14,375","level":"INFO","node":3,"msg":"Round 20 COMMITTED — model hash agreed by [3, 0, 1]"}
{"time":"2026-07-22 15:50:14,378","level":"INFO","node":3,"msg":"Commit certificate saved to C:\Users\mousu\OneDrive\Desktop\Set A\securefedhe\dashboard\certificates\round_19.json"}
{"time":"2026-07-22 15:50:14,381","level":"INFO","node":3,"msg":"Broadcast weights to node 1"}
{"time":"2026-07-22 15:50:14,417","level":"INFO","node":3,"msg":"Commit vote recorded: node 2 decision=True round=19 satisfied=True"}
{"time":"2026-07-22 15:50:14,421","level":"INFO","node":3,"msg":"Broadcast weights to node 2"}
{"time":"2026-07-22 15:50:14,425","level":"INFO","node":3,"msg":"Checkpoint saved to C:\Users\mousu\OneDrive\Desktop\Set A\securefedhe\dashboard\model_latest.pt"}
{"time":"2026-07-22 15:50:14,425","level":"INFO","node":3,"msg":"Round 20 complete | accuracy=0.8364 | duration=53.60s"}
{"time":"2026-07-22 15:50:14,425","level":"INFO","node":3,"msg":"Training complete after 20 rounds"}
{"time":"2026-07-22 15:53:00,935","level":"INFO","node":3,"msg":"Watchdog fired but training already complete — ignoring, not excluding node 0."}
{"time":"2026-07-22 16:11:47,350","level":"INFO","node":3,"msg":"Starting node 3: Community Wellness Center"}
{"time":"2026-07-22 16:11:47,350","level":"INFO","node":3,"msg":"[CONFIG DEBUG] attack_simulation loaded: enabled=True target_node=2 type=backdoor config_path=config_dev.json"}
{"time":"2026-07-22 16:11:47,394","level":"WARNING","node":3,"msg":"DEV MODE: running without TLS"}
{"time":"2026-07-22 16:11:47,394","level":"INFO","node":3,"msg":"Listening on 127.0.0.1:8003 | TLS=False"}
{"time":"2026-07-22 16:11:47,557","level":"INFO","node":3,"msg":"Consensus pubkey received from node 1"}
{"time":"2026-07-22 16:11:47,563","level":"INFO","node":3,"msg":"Key exchange complete with node 1"}
{"time":"2026-07-22 16:11:50,432","level":"INFO","node":3,"msg":"Key exchange complete with node 2"}
{"time":"2026-07-22 16:11:50,434","level":"INFO","node":3,"msg":"Consensus pubkey received from node 2"}
{"time":"2026-07-22 16:11:52,405","level":"INFO","node":3,"msg":"Sent consensus pubkey to node 0"}
{"time":"2026-07-22 16:11:52,420","level":"INFO","node":3,"msg":"Sent public key to node 0"}
{"time":"2026-07-22 16:11:52,420","level":"INFO","node":3,"msg":"Sent public key to node 1"}
{"time":"2026-07-22 16:11:52,428","level":"INFO","node":3,"msg":"Sent consensus pubkey to node 1"}
{"time":"2026-07-22 16:11:52,438","level":"INFO","node":3,"msg":"Sent public key to node 2"}
{"time":"2026-07-22 16:11:52,441","level":"INFO","node":3,"msg":"Sent consensus pubkey to node 2"}
{"time":"2026-07-22 16:11:58,112","level":"INFO","node":3,"msg":"Key exchange complete with node 0"}
{"time":"2026-07-22 16:11:58,132","level":"INFO","node":3,"msg":"Consensus pubkey received from node 0"}
{"time":"2026-07-22 16:12:05,327","level":"INFO","node":3,"msg":"Proposal received: round=0 origin=0 hash=ccb282068516..."}
{"time":"2026-07-22 16:12:05,362","level":"INFO","node":3,"msg":"Consensus vote recorded: node 0 decision=True reason=zkp_ok round=0 new=True satisfied=False"}
{"time":"2026-07-22 16:12:15,056","level":"INFO","node":3,"msg":"Consensus vote recorded: node 1 decision=True reason=zkp_ok round=0 new=True satisfied=False"}
{"time":"2026-07-22 16:12:31,991","level":"INFO","node":3,"msg":"Consensus vote recorded: node 2 decision=True reason=zkp_ok round=0 new=True satisfied=True"}
{"time":"2026-07-22 16:12:39,305","level":"INFO","node":3,"msg":"Received update from node 2, round 0"}
{"time":"2026-07-22 16:12:48,994","level":"INFO","node":3,"msg":"ZKP ACCEPTED from node 2"}
{"time":"2026-07-22 16:12:49,006","level":"INFO","node":3,"msg":"Trust score for node 0: S=0.429 (Z=1.00 A=0.50 P=0.50 R=1.00) advisory only"}
{"time":"2026-07-22 16:12:49,036","level":"INFO","node":3,"msg":"Sent consensus vote to node 0"}
{"time":"2026-07-22 16:12:49,060","level":"INFO","node":3,"msg":"Sent consensus vote to node 1"}
{"time":"2026-07-22 16:12:49,067","level":"INFO","node":3,"msg":"Sent consensus vote to node 2"}
{"time":"2026-07-22 16:12:50,172","level":"INFO","node":3,"msg":"[FC2 DELTA NORM] node 3 round=0 — fc2 delta norm this round: 0.0630"}
{"time":"2026-07-22 16:12:50,174","level":"WARNING","node":3,"msg":"ZKP norm violation (clipping applied): slack=-469815, retry=0"}
{"time":"2026-07-22 16:12:56,302","level":"INFO","node":3,"msg":"Forwarded to http://127.0.0.1:8000"}
{"time":"2026-07-22 16:12:56,434","level":"INFO","node":3,"msg":"Synced weights from master for round 0"}
{"time":"2026-07-22 16:12:56,442","level":"INFO","node":3,"msg":"Sent commit vote to node 0"}
{"time":"2026-07-22 16:13:02,756","level":"INFO","node":3,"msg":"Proposal received: round=1 origin=1 hash=1b5ff39fef23..."}
{"time":"2026-07-22 16:13:02,773","level":"INFO","node":3,"msg":"Consensus vote recorded: node 1 decision=True reason=zkp_ok round=1 new=True satisfied=False"}
{"time":"2026-07-22 16:13:15,786","level":"INFO","node":3,"msg":"Consensus vote recorded: node 2 decision=True reason=zkp_ok round=1 new=True satisfied=False"}
{"time":"2026-07-22 16:13:37,014","level":"INFO","node":3,"msg":"Received update from node 2, round 1"}
{"time":"2026-07-22 16:14:09,285","level":"INFO","node":3,"msg":"ZKP ACCEPTED from node 2"}
{"time":"2026-07-22 16:14:09,298","level":"INFO","node":3,"msg":"Trust score for node 1: S=0.429 (Z=1.00 A=0.50 P=0.50 R=1.00) advisory only"}
{"time":"2026-07-22 16:14:09,330","level":"INFO","node":3,"msg":"Sent consensus vote to node 0"}
{"time":"2026-07-22 16:14:09,357","level":"INFO","node":3,"msg":"Sent consensus vote to node 1"}
{"time":"2026-07-22 16:14:09,380","level":"INFO","node":3,"msg":"Sent consensus vote to node 2"}
{"time":"2026-07-22 16:14:09,536","level":"INFO","node":3,"msg":"[FC2 DELTA NORM] node 3 round=1 — fc2 delta norm this round: 0.0422"}
{"time":"2026-07-22 16:14:30,536","level":"INFO","node":3,"msg":"Forwarded to http://127.0.0.1:8000"}
{"time":"2026-07-22 16:15:02,185","level":"INFO","node":3,"msg":"Prediction agreement with node 0 round=1: A=0.996"}
{"time":"2026-07-22 16:15:02,185","level":"INFO","node":3,"msg":"Consensus vote recorded: node 0 decision=True reason=zkp_ok round=1 new=True satisfied=True"}
{"time":"2026-07-22 16:15:23,590","level":"INFO","node":3,"msg":"Synced weights from master for round 1"}
{"time":"2026-07-22 16:15:23,622","level":"INFO","node":3,"msg":"Sent commit vote to node 1"}
{"time":"2026-07-22 16:15:44,919","level":"INFO","node":3,"msg":"Proposal received: round=2 origin=2 hash=223ab5ec336a..."}
{"time":"2026-07-22 16:15:44,961","level":"INFO","node":3,"msg":"Consensus vote recorded: node 2 decision=True reason=zkp_ok round=2 new=True satisfied=False"}
{"time":"2026-07-22 16:15:44,961","level":"INFO","node":3,"msg":"Received update from node 2, round 2"}
{"time":"2026-07-22 16:16:16,523","level":"INFO","node":3,"msg":"ZKP ACCEPTED from node 2"}
{"time":"2026-07-22 16:16:16,537","level":"INFO","node":3,"msg":"Trust score for node 2: S=0.429 (Z=1.00 A=0.50 P=0.50 R=1.00) advisory only"}
{"time":"2026-07-22 16:16:16,558","level":"INFO","node":3,"msg":"Sent consensus vote to node 0"}
{"time":"2026-07-22 16:16:16,611","level":"INFO","node":3,"msg":"Sent consensus vote to node 1"}
{"time":"2026-07-22 16:16:16,628","level":"INFO","node":3,"msg":"Sent consensus vote to node 2"}
{"time":"2026-07-22 16:16:16,785","level":"INFO","node":3,"msg":"[FC2 DELTA NORM] node 3 round=2 — fc2 delta norm this round: 0.0313"}
{"time":"2026-07-22 16:16:37,822","level":"INFO","node":3,"msg":"Forwarded to http://127.0.0.1:8000"}
{"time":"2026-07-22 16:17:09,131","level":"INFO","node":3,"msg":"Prediction agreement with node 0 round=2: A=0.982"}
{"time":"2026-07-22 16:17:09,131","level":"INFO","node":3,"msg":"Consensus vote recorded: node 0 decision=True reason=zkp_ok round=2 new=True satisfied=True"}
{"time":"2026-07-22 16:18:01,142","level":"INFO","node":3,"msg":"Prediction agreement with node 1 round=2: A=0.981"}
{"time":"2026-07-22 16:18:01,143","level":"INFO","node":3,"msg":"Consensus vote recorded: node 1 decision=True reason=zkp_ok round=2 new=True satisfied=True"}
{"time":"2026-07-22 16:18:07,406","level":"INFO","node":3,"msg":"Synced weights from master for round 2"}
{"time":"2026-07-22 16:18:07,433","level":"INFO","node":3,"msg":"Sent commit vote to node 2"}
{"time":"2026-07-22 16:18:07,456","level":"INFO","node":3,"msg":"My turn — starting round 4 as proposer."}
{"time":"2026-07-22 16:18:07,457","level":"INFO","node":3,"msg":"Starting round 4"}
{"time":"2026-07-22 16:18:07,502","level":"INFO","node":3,"msg":"[FC2 DELTA NORM] node 3 round=3 — fc2 delta norm this round: 0.0539"}
{"time":"2026-07-22 16:18:13,938","level":"INFO","node":3,"msg":"Sent proposal to node 0"}
{"time":"2026-07-22 16:18:13,955","level":"INFO","node":3,"msg":"Sent proposal to node 1"}
{"time":"2026-07-22 16:18:13,982","level":"INFO","node":3,"msg":"Sent proposal to node 2"}
{"time":"2026-07-22 16:18:13,987","level":"INFO","node":3,"msg":"Sent consensus vote to node 0"}
{"time":"2026-07-22 16:18:13,996","level":"INFO","node":3,"msg":"Sent consensus vote to node 1"}
{"time":"2026-07-22 16:18:14,000","level":"INFO","node":3,"msg":"Sent consensus vote to node 2"}
{"time":"2026-07-22 16:18:14,006","level":"INFO","node":3,"msg":"Forwarded to http://127.0.0.1:8000"}
{"time":"2026-07-22 16:18:23,731","level":"INFO","node":3,"msg":"Consensus vote recorded: node 0 decision=True reason=zkp_ok round=3 new=True satisfied=False"}
{"time":"2026-07-22 16:18:39,609","level":"INFO","node":3,"msg":"Consensus vote recorded: node 1 decision=True reason=zkp_ok round=3 new=True satisfied=True"}
{"time":"2026-07-22 16:18:55,637","level":"INFO","node":3,"msg":"Consensus vote recorded: node 2 decision=True reason=zkp_ok round=3 new=True satisfied=True"}
{"time":"2026-07-22 16:19:01,804","level":"INFO","node":3,"msg":"Received update from node 2, round 3"}
{"time":"2026-07-22 16:19:01,804","level":"INFO","node":3,"msg":"Round 4 complete — aggregating"}
{"time":"2026-07-22 16:19:01,811","level":"INFO","node":3,"msg":"Round 4 accuracy gate skipped (warm-up period, candidate_acc=0.7182)"}
{"time":"2026-07-22 16:19:01,850","level":"INFO","node":3,"msg":"Commit vote recorded: node 0 decision=True round=3 satisfied=False"}
{"time":"2026-07-22 16:19:01,853","level":"INFO","node":3,"msg":"Broadcast weights to node 0"}
{"time":"2026-07-22 16:19:01,885","level":"INFO","node":3,"msg":"Commit vote recorded: node 1 decision=True round=3 satisfied=True"}
{"time":"2026-07-22 16:19:01,885","level":"INFO","node":3,"msg":"Round 4 COMMITTED — model hash agreed by [3, 0, 1]"}
{"time":"2026-07-22 16:19:01,887","level":"INFO","node":3,"msg":"Commit certificate saved to C:\Users\mousu\OneDrive\Desktop\Set A\securefedhe\dashboard\certificates\round_3.json"}
{"time":"2026-07-22 16:19:01,890","level":"INFO","node":3,"msg":"Broadcast weights to node 1"}
{"time":"2026-07-22 16:19:01,915","level":"INFO","node":3,"msg":"Commit vote recorded: node 2 decision=True round=3 satisfied=True"}
{"time":"2026-07-22 16:19:01,919","level":"INFO","node":3,"msg":"Broadcast weights to node 2"}
{"time":"2026-07-22 16:19:01,928","level":"INFO","node":3,"msg":"Checkpoint saved to C:\Users\mousu\OneDrive\Desktop\Set A\securefedhe\dashboard\model_latest.pt"}
{"time":"2026-07-22 16:19:01,928","level":"INFO","node":3,"msg":"Round 4 complete | accuracy=0.7182 | duration=54.47s"}
{"time":"2026-07-22 16:19:01,928","level":"INFO","node":3,"msg":"Round 5 belongs to node 0 — waiting for their proposal."}
{"time":"2026-07-22 16:19:01,934","level":"INFO","node":3,"msg":"Notified next proposer to node 0"}
{"time":"2026-07-22 16:19:01,934","level":"INFO","node":3,"msg":"[WATCHDOG SPAWNED] round=4 expected_proposer=0 timeout_s=600 spawned_at=16:19:01"}
{"time":"2026-07-22 16:19:08,019","level":"INFO","node":3,"msg":"Proposal received: round=4 origin=0 hash=a1b32ea084a0..."}
{"time":"2026-07-22 16:19:08,041","level":"INFO","node":3,"msg":"Consensus vote recorded: node 0 decision=True reason=zkp_ok round=4 new=True satisfied=False"}
{"time":"2026-07-22 16:19:17,835","level":"INFO","node":3,"msg":"Consensus vote recorded: node 1 decision=True reason=zkp_ok round=4 new=True satisfied=False"}
{"time":"2026-07-22 16:19:33,788","level":"INFO","node":3,"msg":"Consensus vote recorded: node 2 decision=True reason=zkp_ok round=4 new=True satisfied=True"}
{"time":"2026-07-22 16:19:39,880","level":"INFO","node":3,"msg":"Received update from node 2, round 4"}
{"time":"2026-07-22 16:19:49,571","level":"INFO","node":3,"msg":"ZKP ACCEPTED from node 2"}
{"time":"2026-07-22 16:19:49,575","level":"INFO","node":3,"msg":"Per-class agreement with node 0: class0=0.681 class1=0.856 gap=0.175"}
{"time":"2026-07-22 16:19:49,575","level":"INFO","node":3,"msg":"Per-class rolling gap for node 0: mean=0.175 over last 1 round(s)"}
{"time":"2026-07-22 16:19:49,579","level":"INFO","node":3,"msg":"Trust score for node 0: S=0.643 (Z=1.00 A=0.74 P=0.55 R=1.00) advisory only"}
{"time":"2026-07-22 16:19:49,608","level":"INFO","node":3,"msg":"Sent consensus vote to node 0"}
{"time":"2026-07-22 16:19:49,619","level":"INFO","node":3,"msg":"Sent consensus vote to node 1"}
{"time":"2026-07-22 16:19:49,632","level":"INFO","node":3,"msg":"Sent consensus vote to node 2"}
{"time":"2026-07-22 16:19:49,659","level":"INFO","node":3,"msg":"[FC2 DELTA NORM] node 3 round=4 — fc2 delta norm this round: 0.0671"}
{"time":"2026-07-22 16:19:55,621","level":"INFO","node":3,"msg":"Forwarded to http://127.0.0.1:8000"}
{"time":"2026-07-22 16:19:55,712","level":"INFO","node":3,"msg":"Synced weights from master for round 4"}
{"time":"2026-07-22 16:19:55,719","level":"INFO","node":3,"msg":"Sent commit vote to node 0"}
{"time":"2026-07-22 16:20:02,069","level":"INFO","node":3,"msg":"Proposal received: round=5 origin=1 hash=5b3afef1f318..."}
{"time":"2026-07-22 16:20:02,086","level":"INFO","node":3,"msg":"Consensus vote recorded: node 1 decision=True reason=zkp_ok round=5 new=True satisfied=False"}
{"time":"2026-07-22 16:20:11,967","level":"INFO","node":3,"msg":"Consensus vote recorded: node 2 decision=True reason=zkp_ok round=5 new=True satisfied=False"}
{"time":"2026-07-22 16:20:18,182","level":"INFO","node":3,"msg":"Received update from node 2, round 5"}
{"time":"2026-07-22 16:20:27,879","level":"INFO","node":3,"msg":"ZKP ACCEPTED from node 2"}
{"time":"2026-07-22 16:20:27,893","level":"INFO","node":3,"msg":"Per-class agreement with node 1: class0=0.714 class1=0.914 gap=0.200"}
{"time":"2026-07-22 16:20:27,893","level":"INFO","node":3,"msg":"Per-class rolling gap for node 1: mean=0.200 over last 1 round(s)"}
{"time":"2026-07-22 16:20:27,893","level":"INFO","node":3,"msg":"Trust score for node 1: S=0.687 (Z=1.00 A=0.78 P=0.59 R=1.00) advisory only"}
{"time":"2026-07-22 16:20:27,928","level":"INFO","node":3,"msg":"Sent consensus vote to node 0"}
{"time":"2026-07-22 16:20:27,940","level":"INFO","node":3,"msg":"Sent consensus vote to node 1"}
{"time":"2026-07-22 16:20:27,968","level":"INFO","node":3,"msg":"Sent consensus vote to node 2"}
{"time":"2026-07-22 16:20:28,008","level":"INFO","node":3,"msg":"[FC2 DELTA NORM] node 3 round=5 — fc2 delta norm this round: 0.0614"}
{"time":"2026-07-22 16:20:34,115","level":"INFO","node":3,"msg":"Forwarded to http://127.0.0.1:8000"}
{"time":"2026-07-22 16:20:43,831","level":"INFO","node":3,"msg":"Prediction agreement with node 0 round=5: A=0.987"}
{"time":"2026-07-22 16:20:43,832","level":"INFO","node":3,"msg":"Consensus vote recorded: node 0 decision=True reason=zkp_ok round=5 new=True satisfied=True"}
{"time":"2026-07-22 16:20:50,050","level":"INFO","node":3,"msg":"Synced weights from master for round 5"}
{"time":"2026-07-22 16:20:50,057","level":"INFO","node":3,"msg":"Sent commit vote to node 1"}
{"time":"2026-07-22 16:20:56,344","level":"INFO","node":3,"msg":"Proposal received: round=6 origin=2 hash=353b1de75da7..."}
{"time":"2026-07-22 16:20:56,365","level":"INFO","node":3,"msg":"Consensus vote recorded: node 2 decision=True reason=zkp_ok round=6 new=True satisfied=False"}
{"time":"2026-07-22 16:20:56,369","level":"INFO","node":3,"msg":"Received update from node 2, round 6"}
{"time":"2026-07-22 16:21:06,214","level":"INFO","node":3,"msg":"ZKP ACCEPTED from node 2"}
{"time":"2026-07-22 16:21:06,214","level":"INFO","node":3,"msg":"Per-class agreement with node 2: class0=0.823 class1=0.945 gap=0.121"}
{"time":"2026-07-22 16:21:06,214","level":"INFO","node":3,"msg":"Per-class rolling gap for node 2: mean=0.121 over last 1 round(s)"}
{"time":"2026-07-22 16:21:06,214","level":"INFO","node":3,"msg":"Trust score for node 2: S=0.779 (Z=1.00 A=0.86 P=0.66 R=1.00) advisory only"}
{"time":"2026-07-22 16:21:06,230","level":"INFO","node":3,"msg":"Sent consensus vote to node 0"}
{"time":"2026-07-22 16:21:06,240","level":"INFO","node":3,"msg":"Sent consensus vote to node 1"}
{"time":"2026-07-22 16:21:06,252","level":"INFO","node":3,"msg":"Sent consensus vote to node 2"}
{"time":"2026-07-22 16:21:06,284","level":"INFO","node":3,"msg":"[FC2 DELTA NORM] node 3 round=6 — fc2 delta norm this round: 0.0673"}
{"time":"2026-07-22 16:21:12,174","level":"INFO","node":3,"msg":"Forwarded to http://127.0.0.1:8000"}
{"time":"2026-07-22 16:21:21,983","level":"INFO","node":3,"msg":"Prediction agreement with node 0 round=6: A=0.970"}
{"time":"2026-07-22 16:21:21,983","level":"INFO","node":3,"msg":"Consensus vote recorded: node 0 decision=True reason=zkp_ok round=6 new=True satisfied=True"}
{"time":"2026-07-22 16:21:37,710","level":"INFO","node":3,"msg":"Prediction agreement with node 1 round=6: A=0.966"}
{"time":"2026-07-22 16:21:37,711","level":"INFO","node":3,"msg":"Consensus vote recorded: node 1 decision=True reason=zkp_ok round=6 new=True satisfied=True"}
{"time":"2026-07-22 16:21:44,012","level":"INFO","node":3,"msg":"Synced weights from master for round 6"}
{"time":"2026-07-22 16:21:44,050","level":"INFO","node":3,"msg":"Sent commit vote to node 2"}
{"time":"2026-07-22 16:21:44,050","level":"INFO","node":3,"msg":"My turn — starting round 8 as proposer."}
{"time":"2026-07-22 16:21:44,050","level":"INFO","node":3,"msg":"Starting round 8"}
{"time":"2026-07-22 16:21:44,101","level":"INFO","node":3,"msg":"[FC2 DELTA NORM] node 3 round=7 — fc2 delta norm this round: 0.0710"}
{"time":"2026-07-22 16:21:50,293","level":"INFO","node":3,"msg":"Sent proposal to node 0"}
{"time":"2026-07-22 16:21:50,313","level":"INFO","node":3,"msg":"Sent proposal to node 1"}
{"time":"2026-07-22 16:21:50,322","level":"INFO","node":3,"msg":"Sent proposal to node 2"}
{"time":"2026-07-22 16:21:50,327","level":"INFO","node":3,"msg":"Sent consensus vote to node 0"}
{"time":"2026-07-22 16:21:50,330","level":"INFO","node":3,"msg":"Sent consensus vote to node 1"}
{"time":"2026-07-22 16:21:50,333","level":"INFO","node":3,"msg":"Sent consensus vote to node 2"}
{"time":"2026-07-22 16:21:50,337","level":"INFO","node":3,"msg":"Forwarded to http://127.0.0.1:8000"}
{"time":"2026-07-22 16:22:00,109","level":"INFO","node":3,"msg":"Consensus vote recorded: node 0 decision=True reason=zkp_ok round=7 new=True satisfied=False"}
{"time":"2026-07-22 16:22:16,050","level":"INFO","node":3,"msg":"Consensus vote recorded: node 1 decision=True reason=zkp_ok round=7 new=True satisfied=True"}
{"time":"2026-07-22 16:22:31,988","level":"INFO","node":3,"msg":"Consensus vote recorded: node 2 decision=True reason=zkp_ok round=7 new=True satisfied=True"}
{"time":"2026-07-22 16:22:38,162","level":"INFO","node":3,"msg":"Received update from node 2, round 7"}
{"time":"2026-07-22 16:22:38,162","level":"INFO","node":3,"msg":"Round 8 complete — aggregating"}
{"time":"2026-07-22 16:22:38,215","level":"WARNING","node":3,"msg":"[BACKDOOR PROBE] Round 8 SUSPICIOUS: feature=1 value=7.0 forces class=1 flip_rate=0.987 jump=0.778 (thresholds: flip>0.7, jump>0.3)"}
{"time":"2026-07-22 16:22:38,260","level":"INFO","node":3,"msg":"Commit vote recorded: node 0 decision=True round=7 satisfied=False"}
{"time":"2026-07-22 16:22:38,262","level":"INFO","node":3,"msg":"Broadcast weights to node 0"}
{"time":"2026-07-22 16:22:38,296","level":"INFO","node":3,"msg":"Commit vote recorded: node 1 decision=True round=7 satisfied=True"}
{"time":"2026-07-22 16:22:38,299","level":"INFO","node":3,"msg":"Round 8 COMMITTED — model hash agreed by [3, 0, 1]"}
{"time":"2026-07-22 16:22:38,301","level":"INFO","node":3,"msg":"Commit certificate saved to C:\Users\mousu\OneDrive\Desktop\Set A\securefedhe\dashboard\certificates\round_7.json"}
{"time":"2026-07-22 16:22:38,303","level":"INFO","node":3,"msg":"Broadcast weights to node 1"}
{"time":"2026-07-22 16:22:38,327","level":"INFO","node":3,"msg":"Commit vote recorded: node 2 decision=True round=7 satisfied=True"}
{"time":"2026-07-22 16:22:38,329","level":"INFO","node":3,"msg":"Broadcast weights to node 2"}
{"time":"2026-07-22 16:22:38,331","level":"INFO","node":3,"msg":"Checkpoint saved to C:\Users\mousu\OneDrive\Desktop\Set A\securefedhe\dashboard\model_latest.pt"}
{"time":"2026-07-22 16:22:38,331","level":"INFO","node":3,"msg":"Round 8 complete | accuracy=0.8000 | duration=54.28s"}
{"time":"2026-07-22 16:22:38,331","level":"INFO","node":3,"msg":"Round 9 belongs to node 0 — waiting for their proposal."}
{"time":"2026-07-22 16:22:38,334","level":"INFO","node":3,"msg":"Notified next proposer to node 0"}
{"time":"2026-07-22 16:22:38,334","level":"INFO","node":3,"msg":"[WATCHDOG SPAWNED] round=8 expected_proposer=0 timeout_s=600 spawned_at=16:22:38"}
{"time":"2026-07-22 16:22:44,533","level":"INFO","node":3,"msg":"Proposal received: round=8 origin=0 hash=96c98168f455..."}
{"time":"2026-07-22 16:22:44,558","level":"INFO","node":3,"msg":"Consensus vote recorded: node 0 decision=True reason=zkp_ok round=8 new=True satisfied=False"}
{"time":"2026-07-22 16:22:54,387","level":"INFO","node":3,"msg":"Consensus vote recorded: node 1 decision=True reason=zkp_ok round=8 new=True satisfied=False"}
{"time":"2026-07-22 16:23:10,398","level":"INFO","node":3,"msg":"Consensus vote recorded: node 2 decision=True reason=zkp_ok round=8 new=True satisfied=True"}
{"time":"2026-07-22 16:23:16,625","level":"INFO","node":3,"msg":"Received update from node 2, round 8"}
{"time":"2026-07-22 16:23:26,414","level":"INFO","node":3,"msg":"ZKP ACCEPTED from node 2"}
{"time":"2026-07-22 16:23:26,414","level":"INFO","node":3,"msg":"fc_in col7 delta self-cosine for node 0: 0.1119 (delta_norm=0.1907)"}
{"time":"2026-07-22 16:23:26,421","level":"INFO","node":3,"msg":"Per-class agreement with node 0: class0=0.956 class1=0.934 gap=0.022"}
{"time":"2026-07-22 16:23:26,423","level":"INFO","node":3,"msg":"Per-class rolling gap for node 0: mean=0.098 over last 2 round(s)"}
{"time":"2026-07-22 16:23:26,426","level":"INFO","node":3,"msg":"Trust score for node 0: S=0.813 (Z=1.00 A=0.95 P=0.50 R=1.00) advisory only"}
{"time":"2026-07-22 16:23:26,440","level":"INFO","node":3,"msg":"Sent consensus vote to node 0"}
{"time":"2026-07-22 16:23:26,469","level":"INFO","node":3,"msg":"Sent consensus vote to node 1"}
{"time":"2026-07-22 16:23:26,500","level":"INFO","node":3,"msg":"Sent consensus vote to node 2"}
{"time":"2026-07-22 16:23:26,539","level":"INFO","node":3,"msg":"[FC2 DELTA NORM] node 3 round=8 — fc2 delta norm this round: 0.0640"}
{"time":"2026-07-22 16:23:32,614","level":"INFO","node":3,"msg":"Forwarded to http://127.0.0.1:8000"}
{"time":"2026-07-22 16:23:32,774","level":"INFO","node":3,"msg":"Synced weights from master for round 8"}
{"time":"2026-07-22 16:23:32,785","level":"INFO","node":3,"msg":"Sent commit vote to node 0"}
{"time":"2026-07-22 16:23:39,080","level":"INFO","node":3,"msg":"Proposal received: round=9 origin=1 hash=8d14db7b932f..."}
{"time":"2026-07-22 16:23:39,111","level":"INFO","node":3,"msg":"Consensus vote recorded: node 1 decision=True reason=zkp_ok round=9 new=True satisfied=False"}
{"time":"2026-07-22 16:23:49,017","level":"INFO","node":3,"msg":"Consensus vote recorded: node 2 decision=True reason=zkp_ok round=9 new=True satisfied=False"}
{"time":"2026-07-22 16:23:55,142","level":"INFO","node":3,"msg":"Received update from node 2, round 9"}
{"time":"2026-07-22 16:24:04,948","level":"INFO","node":3,"msg":"ZKP ACCEPTED from node 2"}
{"time":"2026-07-22 16:24:04,948","level":"INFO","node":3,"msg":"fc_in col7 delta self-cosine for node 1: 0.2533 (delta_norm=0.1759)"}
{"time":"2026-07-22 16:24:04,948","level":"INFO","node":3,"msg":"Per-class agreement with node 1: class0=0.961 class1=0.929 gap=0.031"}
{"time":"2026-07-22 16:24:04,948","level":"INFO","node":3,"msg":"Per-class rolling gap for node 1: mean=0.116 over last 2 round(s)"}
{"time":"2026-07-22 16:24:04,954","level":"INFO","node":3,"msg":"Trust score for node 1: S=0.810 (Z=1.00 A=0.95 P=0.48 R=1.00) advisory only"}
{"time":"2026-07-22 16:24:04,966","level":"INFO","node":3,"msg":"Sent consensus vote to node 0"}
{"time":"2026-07-22 16:24:04,989","level":"INFO","node":3,"msg":"Sent consensus vote to node 1"}
{"time":"2026-07-22 16:24:05,001","level":"INFO","node":3,"msg":"Sent consensus vote to node 2"}
{"time":"2026-07-22 16:24:05,031","level":"INFO","node":3,"msg":"[FC2 DELTA NORM] node 3 round=9 — fc2 delta norm this round: 0.0742"}
{"time":"2026-07-22 16:24:11,106","level":"INFO","node":3,"msg":"Forwarded to http://127.0.0.1:8000"}
{"time":"2026-07-22 16:24:20,878","level":"INFO","node":3,"msg":"Prediction agreement with node 0 round=9: A=0.982"}
{"time":"2026-07-22 16:24:20,878","level":"INFO","node":3,"msg":"Consensus vote recorded: node 0 decision=True reason=zkp_ok round=9 new=True satisfied=True"}
{"time":"2026-07-22 16:24:27,153","level":"INFO","node":3,"msg":"Synced weights from master for round 9"}
{"time":"2026-07-22 16:24:27,175","level":"INFO","node":3,"msg":"Sent commit vote to node 1"}
{"time":"2026-07-22 16:24:33,536","level":"INFO","node":3,"msg":"Proposal received: round=10 origin=2 hash=31b553a257f5..."}
{"time":"2026-07-22 16:24:33,562","level":"INFO","node":3,"msg":"Consensus vote recorded: node 2 decision=True reason=zkp_ok round=10 new=True satisfied=False"}
{"time":"2026-07-22 16:24:33,567","level":"INFO","node":3,"msg":"Received update from node 2, round 10"}
{"time":"2026-07-22 16:24:43,277","level":"INFO","node":3,"msg":"ZKP ACCEPTED from node 2"}
{"time":"2026-07-22 16:24:43,277","level":"INFO","node":3,"msg":"fc_in col7 delta self-cosine for node 2: 0.0089 (delta_norm=0.2538)"}
{"time":"2026-07-22 16:24:43,277","level":"INFO","node":3,"msg":"Per-class agreement with node 2: class0=0.965 class1=0.927 gap=0.038"}
{"time":"2026-07-22 16:24:43,277","level":"INFO","node":3,"msg":"Per-class rolling gap for node 2: mean=0.080 over last 2 round(s)"}
{"time":"2026-07-22 16:24:43,290","level":"INFO","node":3,"msg":"Trust score for node 2: S=0.831 (Z=1.00 A=0.95 P=0.55 R=1.00) advisory only"}
{"time":"2026-07-22 16:24:43,322","level":"INFO","node":3,"msg":"Sent consensus vote to node 0"}
{"time":"2026-07-22 16:24:43,339","level":"INFO","node":3,"msg":"Sent consensus vote to node 1"}
{"time":"2026-07-22 16:24:43,389","level":"INFO","node":3,"msg":"Sent consensus vote to node 2"}
{"time":"2026-07-22 16:24:43,417","level":"INFO","node":3,"msg":"[FC2 DELTA NORM] node 3 round=10 — fc2 delta norm this round: 0.0730"}
{"time":"2026-07-22 16:24:49,488","level":"INFO","node":3,"msg":"Forwarded to http://127.0.0.1:8000"}
{"time":"2026-07-22 16:24:59,305","level":"INFO","node":3,"msg":"Prediction agreement with node 0 round=10: A=0.956"}
{"time":"2026-07-22 16:24:59,305","level":"INFO","node":3,"msg":"Consensus vote recorded: node 0 decision=True reason=zkp_ok round=10 new=True satisfied=True"}
{"time":"2026-07-22 16:25:15,124","level":"INFO","node":3,"msg":"Prediction agreement with node 1 round=10: A=0.954"}
{"time":"2026-07-22 16:25:15,125","level":"INFO","node":3,"msg":"Consensus vote recorded: node 1 decision=True reason=zkp_ok round=10 new=True satisfied=True"}
{"time":"2026-07-22 16:25:21,412","level":"INFO","node":3,"msg":"Synced weights from master for round 10"}
{"time":"2026-07-22 16:25:21,433","level":"INFO","node":3,"msg":"Sent commit vote to node 2"}
{"time":"2026-07-22 16:25:21,438","level":"INFO","node":3,"msg":"My turn — starting round 12 as proposer."}
{"time":"2026-07-22 16:25:21,438","level":"INFO","node":3,"msg":"Starting round 12"}
{"time":"2026-07-22 16:25:21,483","level":"INFO","node":3,"msg":"[FC2 DELTA NORM] node 3 round=11 — fc2 delta norm this round: 0.0514"}
{"time":"2026-07-22 16:25:27,677","level":"INFO","node":3,"msg":"Sent proposal to node 0"}
{"time":"2026-07-22 16:25:27,677","level":"INFO","node":3,"msg":"Sent proposal to node 1"}
{"time":"2026-07-22 16:25:27,677","level":"INFO","node":3,"msg":"Sent proposal to node 2"}
{"time":"2026-07-22 16:25:27,696","level":"INFO","node":3,"msg":"Sent consensus vote to node 0"}
{"time":"2026-07-22 16:25:27,700","level":"INFO","node":3,"msg":"Sent consensus vote to node 1"}
{"time":"2026-07-22 16:25:27,703","level":"INFO","node":3,"msg":"Sent consensus vote to node 2"}
{"time":"2026-07-22 16:25:27,712","level":"INFO","node":3,"msg":"Forwarded to http://127.0.0.1:8000"}
{"time":"2026-07-22 16:25:37,325","level":"INFO","node":3,"msg":"Consensus vote recorded: node 0 decision=True reason=zkp_ok round=11 new=True satisfied=False"}
{"time":"2026-07-22 16:25:53,225","level":"INFO","node":3,"msg":"Consensus vote recorded: node 1 decision=True reason=zkp_ok round=11 new=True satisfied=True"}
{"time":"2026-07-22 16:26:09,215","level":"INFO","node":3,"msg":"Consensus vote recorded: node 2 decision=True reason=zkp_ok round=11 new=True satisfied=True"}
{"time":"2026-07-22 16:26:15,372","level":"INFO","node":3,"msg":"Received update from node 2, round 11"}
{"time":"2026-07-22 16:26:15,372","level":"INFO","node":3,"msg":"Round 12 complete — aggregating"}
{"time":"2026-07-22 16:26:15,407","level":"WARNING","node":3,"msg":"[BACKDOOR PROBE] Round 12 SUSPICIOUS: feature=1 value=8.0 forces class=1 flip_rate=1.000 jump=0.764 (thresholds: flip>0.7, jump>0.3)"}
{"time":"2026-07-22 16:26:15,447","level":"INFO","node":3,"msg":"Commit vote recorded: node 0 decision=True round=11 satisfied=False"}
{"time":"2026-07-22 16:26:15,447","level":"INFO","node":3,"msg":"Broadcast weights to node 0"}
{"time":"2026-07-22 16:26:15,470","level":"INFO","node":3,"msg":"Commit vote recorded: node 1 decision=True round=11 satisfied=True"}
{"time":"2026-07-22 16:26:15,471","level":"INFO","node":3,"msg":"Round 12 COMMITTED — model hash agreed by [3, 0, 1]"}
{"time":"2026-07-22 16:26:15,472","level":"INFO","node":3,"msg":"Commit certificate saved to C:\Users\mousu\OneDrive\Desktop\Set A\securefedhe\dashboard\certificates\round_11.json"}
{"time":"2026-07-22 16:26:15,475","level":"INFO","node":3,"msg":"Broadcast weights to node 1"}
{"time":"2026-07-22 16:26:15,500","level":"INFO","node":3,"msg":"Commit vote recorded: node 2 decision=True round=11 satisfied=True"}
{"time":"2026-07-22 16:26:15,503","level":"INFO","node":3,"msg":"Broadcast weights to node 2"}
{"time":"2026-07-22 16:26:15,506","level":"INFO","node":3,"msg":"Checkpoint saved to C:\Users\mousu\OneDrive\Desktop\Set A\securefedhe\dashboard\model_latest.pt"}
{"time":"2026-07-22 16:26:15,506","level":"INFO","node":3,"msg":"Round 12 complete | accuracy=0.8273 | duration=54.07s"}
{"time":"2026-07-22 16:26:15,506","level":"INFO","node":3,"msg":"Round 13 belongs to node 0 — waiting for their proposal."}
{"time":"2026-07-22 16:26:15,510","level":"INFO","node":3,"msg":"Notified next proposer to node 0"}
{"time":"2026-07-22 16:26:15,511","level":"INFO","node":3,"msg":"[WATCHDOG SPAWNED] round=12 expected_proposer=0 timeout_s=600 spawned_at=16:26:15"}
{"time":"2026-07-22 16:26:21,710","level":"INFO","node":3,"msg":"Proposal received: round=12 origin=0 hash=136d8ef69f5f..."}
{"time":"2026-07-22 16:26:21,725","level":"INFO","node":3,"msg":"Consensus vote recorded: node 0 decision=True reason=zkp_ok round=12 new=True satisfied=False"}
{"time":"2026-07-22 16:26:31,403","level":"INFO","node":3,"msg":"Consensus vote recorded: node 1 decision=True reason=zkp_ok round=12 new=True satisfied=False"}
{"time":"2026-07-22 16:26:47,412","level":"INFO","node":3,"msg":"Consensus vote recorded: node 2 decision=True reason=zkp_ok round=12 new=True satisfied=True"}
{"time":"2026-07-22 16:26:53,669","level":"INFO","node":3,"msg":"Received update from node 2, round 12"}
{"time":"2026-07-22 16:27:03,348","level":"INFO","node":3,"msg":"ZKP ACCEPTED from node 2"}
{"time":"2026-07-22 16:27:03,348","level":"INFO","node":3,"msg":"fc_in col7 delta self-cosine for node 0: -0.1254 (delta_norm=0.1899)"}
{"time":"2026-07-22 16:27:03,356","level":"INFO","node":3,"msg":"Per-class agreement with node 0: class0=0.967 class1=0.934 gap=0.033"}
{"time":"2026-07-22 16:27:03,356","level":"INFO","node":3,"msg":"Per-class rolling gap for node 0: mean=0.077 over last 3 round(s)"}
{"time":"2026-07-22 16:27:03,358","level":"INFO","node":3,"msg":"Trust score for node 0: S=0.810 (Z=1.00 A=0.96 P=0.46 R=1.00) advisory only"}
{"time":"2026-07-22 16:27:03,368","level":"INFO","node":3,"msg":"Sent consensus vote to node 0"}
{"time":"2026-07-22 16:27:03,397","level":"INFO","node":3,"msg":"Sent consensus vote to node 1"}
{"time":"2026-07-22 16:27:03,408","level":"INFO","node":3,"msg":"Sent consensus vote to node 2"}
{"time":"2026-07-22 16:27:03,472","level":"INFO","node":3,"msg":"[FC2 DELTA NORM] node 3 round=12 — fc2 delta norm this round: 0.0487"}
{"time":"2026-07-22 16:27:09,595","level":"INFO","node":3,"msg":"Forwarded to http://127.0.0.1:8000"}
{"time":"2026-07-22 16:27:09,746","level":"INFO","node":3,"msg":"Synced weights from master for round 12"}
{"time":"2026-07-22 16:27:09,753","level":"INFO","node":3,"msg":"Sent commit vote to node 0"}
{"time":"2026-07-22 16:27:16,094","level":"INFO","node":3,"msg":"Proposal received: round=13 origin=1 hash=c738741c2980..."}
{"time":"2026-07-22 16:27:16,116","level":"INFO","node":3,"msg":"Consensus vote recorded: node 1 decision=True reason=zkp_ok round=13 new=True satisfied=False"}
{"time":"2026-07-22 16:27:26,051","level":"INFO","node":3,"msg":"Consensus vote recorded: node 2 decision=True reason=zkp_ok round=13 new=True satisfied=False"}
{"time":"2026-07-22 16:27:32,100","level":"INFO","node":3,"msg":"Received update from node 2, round 13"}
{"time":"2026-07-22 16:27:41,855","level":"INFO","node":3,"msg":"ZKP ACCEPTED from node 2"}
{"time":"2026-07-22 16:27:41,855","level":"INFO","node":3,"msg":"fc_in col7 delta self-cosine for node 1: 0.0708 (delta_norm=0.2006)"}
{"time":"2026-07-22 16:27:41,855","level":"INFO","node":3,"msg":"Per-class agreement with node 1: class0=0.966 class1=0.940 gap=0.026"}
{"time":"2026-07-22 16:27:41,855","level":"INFO","node":3,"msg":"Per-class rolling gap for node 1: mean=0.086 over last 3 round(s)"}
{"time":"2026-07-22 16:27:41,860","level":"INFO","node":3,"msg":"Trust score for node 1: S=0.806 (Z=1.00 A=0.96 P=0.45 R=1.00) advisory only"}
{"time":"2026-07-22 16:27:41,878","level":"INFO","node":3,"msg":"Sent consensus vote to node 0"}
{"time":"2026-07-22 16:27:41,902","level":"INFO","node":3,"msg":"Sent consensus vote to node 1"}
{"time":"2026-07-22 16:27:41,928","level":"INFO","node":3,"msg":"Sent consensus vote to node 2"}
{"time":"2026-07-22 16:27:41,959","level":"INFO","node":3,"msg":"[FC2 DELTA NORM] node 3 round=13 — fc2 delta norm this round: 0.0633"}
{"time":"2026-07-22 16:27:48,003","level":"INFO","node":3,"msg":"Forwarded to http://127.0.0.1:8000"}
{"time":"2026-07-22 16:27:57,838","level":"INFO","node":3,"msg":"Prediction agreement with node 0 round=13: A=0.979"}
{"time":"2026-07-22 16:27:57,838","level":"INFO","node":3,"msg":"Consensus vote recorded: node 0 decision=True reason=zkp_ok round=13 new=True satisfied=True"}
{"time":"2026-07-22 16:28:04,081","level":"INFO","node":3,"msg":"Synced weights from master for round 13"}
{"time":"2026-07-22 16:28:04,093","level":"INFO","node":3,"msg":"Sent commit vote to node 1"}
{"time":"2026-07-22 16:28:10,520","level":"INFO","node":3,"msg":"Proposal received: round=14 origin=2 hash=768040f123ce..."}
{"time":"2026-07-22 16:28:10,540","level":"INFO","node":3,"msg":"Consensus vote recorded: node 2 decision=True reason=zkp_ok round=14 new=True satisfied=False"}
{"time":"2026-07-22 16:28:10,547","level":"INFO","node":3,"msg":"Received update from node 2, round 14"}
{"time":"2026-07-22 16:28:20,239","level":"INFO","node":3,"msg":"ZKP ACCEPTED from node 2"}
{"time":"2026-07-22 16:28:20,239","level":"INFO","node":3,"msg":"fc_in col7 delta self-cosine for node 2: -0.1307 (delta_norm=0.2346)"}
{"time":"2026-07-22 16:28:20,253","level":"INFO","node":3,"msg":"Per-class agreement with node 2: class0=0.964 class1=0.942 gap=0.022"}
{"time":"2026-07-22 16:28:20,253","level":"INFO","node":3,"msg":"Per-class rolling gap for node 2: mean=0.060 over last 3 round(s)"}
{"time":"2026-07-22 16:28:20,257","level":"INFO","node":3,"msg":"Trust score for node 2: S=0.840 (Z=1.00 A=0.96 P=0.57 R=1.00) advisory only"}
{"time":"2026-07-22 16:28:20,266","level":"INFO","node":3,"msg":"Sent consensus vote to node 0"}
{"time":"2026-07-22 16:28:20,277","level":"INFO","node":3,"msg":"Sent consensus vote to node 1"}
{"time":"2026-07-22 16:28:20,289","level":"INFO","node":3,"msg":"Sent consensus vote to node 2"}
{"time":"2026-07-22 16:28:20,321","level":"INFO","node":3,"msg":"[FC2 DELTA NORM] node 3 round=14 — fc2 delta norm this round: 0.0633"}
{"time":"2026-07-22 16:28:26,435","level":"INFO","node":3,"msg":"Forwarded to http://127.0.0.1:8000"}
{"time":"2026-07-22 16:28:36,226","level":"INFO","node":3,"msg":"Prediction agreement with node 0 round=14: A=0.945"}
{"time":"2026-07-22 16:28:36,227","level":"INFO","node":3,"msg":"Consensus vote recorded: node 0 decision=True reason=zkp_ok round=14 new=True satisfied=True"}
{"time":"2026-07-22 16:28:52,047","level":"INFO","node":3,"msg":"Prediction agreement with node 1 round=14: A=0.942"}
{"time":"2026-07-22 16:28:52,047","level":"INFO","node":3,"msg":"Consensus vote recorded: node 1 decision=True reason=zkp_ok round=14 new=True satisfied=True"}
{"time":"2026-07-22 16:28:58,352","level":"INFO","node":3,"msg":"Synced weights from master for round 14"}
{"time":"2026-07-22 16:28:58,371","level":"INFO","node":3,"msg":"Sent commit vote to node 2"}
{"time":"2026-07-22 16:28:58,377","level":"INFO","node":3,"msg":"My turn — starting round 16 as proposer."}
{"time":"2026-07-22 16:28:58,378","level":"INFO","node":3,"msg":"Starting round 16"}
{"time":"2026-07-22 16:28:58,427","level":"INFO","node":3,"msg":"[FC2 DELTA NORM] node 3 round=15 — fc2 delta norm this round: 0.0711"}
{"time":"2026-07-22 16:29:04,674","level":"INFO","node":3,"msg":"Sent proposal to node 0"}
{"time":"2026-07-22 16:29:04,690","level":"INFO","node":3,"msg":"Sent proposal to node 1"}
{"time":"2026-07-22 16:29:04,704","level":"INFO","node":3,"msg":"Sent proposal to node 2"}
{"time":"2026-07-22 16:29:04,712","level":"INFO","node":3,"msg":"Sent consensus vote to node 0"}
{"time":"2026-07-22 16:29:04,715","level":"INFO","node":3,"msg":"Sent consensus vote to node 1"}
{"time":"2026-07-22 16:29:04,718","level":"INFO","node":3,"msg":"Sent consensus vote to node 2"}
{"time":"2026-07-22 16:29:04,726","level":"INFO","node":3,"msg":"Forwarded to http://127.0.0.1:8000"}
{"time":"2026-07-22 16:29:14,565","level":"INFO","node":3,"msg":"Consensus vote recorded: node 0 decision=True reason=zkp_ok round=15 new=True satisfied=False"}
{"time":"2026-07-22 16:29:30,637","level":"INFO","node":3,"msg":"Consensus vote recorded: node 1 decision=True reason=zkp_ok round=15 new=True satisfied=True"}
{"time":"2026-07-22 16:29:46,642","level":"INFO","node":3,"msg":"Consensus vote recorded: node 2 decision=True reason=zkp_ok round=15 new=True satisfied=True"}
{"time":"2026-07-22 16:29:52,776","level":"INFO","node":3,"msg":"Received update from node 2, round 15"}
{"time":"2026-07-22 16:29:52,776","level":"INFO","node":3,"msg":"Round 16 complete — aggregating"}
{"time":"2026-07-22 16:29:52,808","level":"WARNING","node":3,"msg":"[BACKDOOR PROBE] Round 16 SUSPICIOUS: feature=1 value=8.0 forces class=1 flip_rate=1.000 jump=0.782 (thresholds: flip>0.7, jump>0.3)"}
{"time":"2026-07-22 16:29:52,845","level":"INFO","node":3,"msg":"Commit vote recorded: node 0 decision=True round=15 satisfied=False"}
{"time":"2026-07-22 16:29:52,849","level":"INFO","node":3,"msg":"Broadcast weights to node 0"}
{"time":"2026-07-22 16:29:52,896","level":"INFO","node":3,"msg":"Commit vote recorded: node 1 decision=True round=15 satisfied=True"}
{"time":"2026-07-22 16:29:52,896","level":"INFO","node":3,"msg":"Round 16 COMMITTED — model hash agreed by [3, 0, 1]"}
{"time":"2026-07-22 16:29:52,898","level":"INFO","node":3,"msg":"Commit certificate saved to C:\Users\mousu\OneDrive\Desktop\Set A\securefedhe\dashboard\certificates\round_15.json"}
{"time":"2026-07-22 16:29:52,898","level":"INFO","node":3,"msg":"Broadcast weights to node 1"}
{"time":"2026-07-22 16:29:52,919","level":"INFO","node":3,"msg":"Commit vote recorded: node 2 decision=True round=15 satisfied=True"}
{"time":"2026-07-22 16:29:52,922","level":"INFO","node":3,"msg":"Broadcast weights to node 2"}
{"time":"2026-07-22 16:29:52,923","level":"INFO","node":3,"msg":"Checkpoint saved to C:\Users\mousu\OneDrive\Desktop\Set A\securefedhe\dashboard\model_latest.pt"}
{"time":"2026-07-22 16:29:52,924","level":"INFO","node":3,"msg":"Round 16 complete | accuracy=0.8091 | duration=54.54s"}
{"time":"2026-07-22 16:29:52,924","level":"INFO","node":3,"msg":"Round 17 belongs to node 0 — waiting for their proposal."}
{"time":"2026-07-22 16:29:52,927","level":"INFO","node":3,"msg":"Notified next proposer to node 0"}
{"time":"2026-07-22 16:29:52,927","level":"INFO","node":3,"msg":"[WATCHDOG SPAWNED] round=16 expected_proposer=0 timeout_s=600 spawned_at=16:29:52"}
{"time":"2026-07-22 16:29:59,182","level":"INFO","node":3,"msg":"Proposal received: round=16 origin=0 hash=f19f0b24251a..."}
{"time":"2026-07-22 16:29:59,200","level":"INFO","node":3,"msg":"Consensus vote recorded: node 0 decision=True reason=zkp_ok round=16 new=True satisfied=False"}
{"time":"2026-07-22 16:30:08,832","level":"INFO","node":3,"msg":"Consensus vote recorded: node 1 decision=True reason=zkp_ok round=16 new=True satisfied=False"}
{"time":"2026-07-22 16:30:25,179","level":"INFO","node":3,"msg":"Consensus vote recorded: node 2 decision=True reason=zkp_ok round=16 new=True satisfied=True"}
{"time":"2026-07-22 16:30:31,312","level":"INFO","node":3,"msg":"Received update from node 2, round 16"}
{"time":"2026-07-22 16:30:41,114","level":"INFO","node":3,"msg":"ZKP ACCEPTED from node 2"}
{"time":"2026-07-22 16:30:41,116","level":"INFO","node":3,"msg":"fc_in col7 delta self-cosine for node 0: 0.1667 (delta_norm=0.1922)"}
{"time":"2026-07-22 16:30:41,116","level":"INFO","node":3,"msg":"Per-class agreement with node 0: class0=0.967 class1=0.953 gap=0.014"}
{"time":"2026-07-22 16:30:41,120","level":"INFO","node":3,"msg":"Per-class rolling gap for node 0: mean=0.061 over last 4 round(s)"}
{"time":"2026-07-22 16:30:41,120","level":"WARNING","node":3,"msg":"[PER-CLASS AGREEMENT CHECK] node 3 observed node 0: SUSTAINED class agreement gap, rolling mean=0.061 over 4 rounds — possible asymmetric/label_flip-style corruption"}
{"time":"2026-07-22 16:30:41,122","level":"INFO","node":3,"msg":"Trust score for node 0: S=0.825 (Z=1.00 A=0.96 P=0.50 R=1.00) advisory only"}
{"time":"2026-07-22 16:30:41,122","level":"WARNING","node":3,"msg":"Update round=16 from node 0 REJECTED on per-class agreement gap"}
{"time":"2026-07-22 16:30:41,136","level":"INFO","node":3,"msg":"Sent consensus vote to node 0"}
{"time":"2026-07-22 16:30:41,163","level":"INFO","node":3,"msg":"Sent consensus vote to node 1"}
{"time":"2026-07-22 16:30:41,195","level":"INFO","node":3,"msg":"Sent consensus vote to node 2"}
{"time":"2026-07-22 16:30:41,238","level":"INFO","node":3,"msg":"[FC2 DELTA NORM] node 3 round=16 — fc2 delta norm this round: 0.0756"}
{"time":"2026-07-22 16:30:47,293","level":"INFO","node":3,"msg":"Forwarded to http://127.0.0.1:8000"}
{"time":"2026-07-22 16:30:47,415","level":"INFO","node":3,"msg":"Synced weights from master for round 16"}
{"time":"2026-07-22 16:30:47,426","level":"INFO","node":3,"msg":"Sent commit vote to node 0"}
{"time":"2026-07-22 16:30:53,777","level":"INFO","node":3,"msg":"Proposal received: round=17 origin=1 hash=47727cb48b40..."}
{"time":"2026-07-22 16:30:53,793","level":"INFO","node":3,"msg":"Consensus vote recorded: node 1 decision=True reason=zkp_ok round=17 new=True satisfied=False"}
{"time":"2026-07-22 16:31:04,192","level":"INFO","node":3,"msg":"Consensus vote recorded: node 2 decision=False reason=per_class_agreement_gap round=17 new=True satisfied=False"}
{"time":"2026-07-22 16:31:10,563","level":"INFO","node":3,"msg":"Received update from node 2, round 17"}
{"time":"2026-07-22 16:31:20,335","level":"INFO","node":3,"msg":"ZKP ACCEPTED from node 2"}
{"time":"2026-07-22 16:31:20,335","level":"INFO","node":3,"msg":"fc_in col7 delta self-cosine for node 1: 0.0369 (delta_norm=0.2123)"}
{"time":"2026-07-22 16:31:20,335","level":"INFO","node":3,"msg":"Per-class agreement with node 1: class0=0.977 class1=0.968 gap=0.009"}
{"time":"2026-07-22 16:31:20,335","level":"INFO","node":3,"msg":"Per-class rolling gap for node 1: mean=0.067 over last 4 round(s)"}
{"time":"2026-07-22 16:31:20,335","level":"WARNING","node":3,"msg":"[PER-CLASS AGREEMENT CHECK] node 3 observed node 1: SUSTAINED class agreement gap, rolling mean=0.067 over 4 rounds — possible asymmetric/label_flip-style corruption"}
{"time":"2026-07-22 16:31:20,340","level":"INFO","node":3,"msg":"Trust score for node 1: S=0.815 (Z=1.00 A=0.97 P=0.43 R=1.00) advisory only"}
{"time":"2026-07-22 16:31:20,342","level":"WARNING","node":3,"msg":"Update round=17 from node 1 REJECTED on per-class agreement gap"}
{"time":"2026-07-22 16:31:20,354","level":"INFO","node":3,"msg":"Sent consensus vote to node 0"}
{"time":"2026-07-22 16:31:20,364","level":"INFO","node":3,"msg":"Sent consensus vote to node 1"}
{"time":"2026-07-22 16:31:20,385","level":"INFO","node":3,"msg":"Sent consensus vote to node 2"}
{"time":"2026-07-22 16:31:20,410","level":"INFO","node":3,"msg":"[FC2 DELTA NORM] node 3 round=17 — fc2 delta norm this round: 0.0548"}
{"time":"2026-07-22 16:31:26,561","level":"INFO","node":3,"msg":"Forwarded to http://127.0.0.1:8000"}
{"time":"2026-07-22 16:31:36,415","level":"INFO","node":3,"msg":"Prediction agreement with node 0 round=17: A=0.980"}
{"time":"2026-07-22 16:31:36,415","level":"INFO","node":3,"msg":"Consensus vote recorded: node 0 decision=False reason=per_class_agreement_gap round=17 new=True satisfied=False"}
{"time":"2026-07-22 16:31:49,564","level":"INFO","node":3,"msg":"Proposal for round=17 origin=1 changed hash after 55.76s — treating as a legitimate round retry, not equivocation."}
{"time":"2026-07-22 16:31:49,564","level":"INFO","node":3,"msg":"Proposal received: round=17 origin=1 hash=57754b09c7d8..."}
{"time":"2026-07-22 16:31:49,586","level":"INFO","node":3,"msg":"Consensus vote recorded: node 1 decision=True reason=zkp_ok round=17 new=True satisfied=False"}
{"time":"2026-07-22 16:31:59,355","level":"INFO","node":3,"msg":"Consensus vote recorded: node 2 decision=False reason=per_class_agreement_gap round=17 new=True satisfied=False"}
{"time":"2026-07-22 16:32:05,561","level":"INFO","node":3,"msg":"Received update from node 2, round 17"}
{"time":"2026-07-22 16:32:15,357","level":"INFO","node":3,"msg":"ZKP ACCEPTED from node 2"}
{"time":"2026-07-22 16:32:15,357","level":"INFO","node":3,"msg":"fc_in col7 delta self-cosine for node 1: -0.3120 (delta_norm=0.1272)"}
{"time":"2026-07-22 16:32:15,363","level":"INFO","node":3,"msg":"Per-class agreement with node 1: class0=0.889 class1=0.868 gap=0.021"}
{"time":"2026-07-22 16:32:15,363","level":"INFO","node":3,"msg":"Per-class rolling gap for node 1: mean=0.022 over last 4 round(s)"}
{"time":"2026-07-22 16:32:15,368","level":"INFO","node":3,"msg":"Trust score for node 1: S=0.746 (Z=1.00 A=0.88 P=0.61 R=0.80) advisory only"}
{"time":"2026-07-22 16:32:15,402","level":"INFO","node":3,"msg":"Sent consensus vote to node 0"}
{"time":"2026-07-22 16:32:15,438","level":"INFO","node":3,"msg":"Sent consensus vote to node 1"}
{"time":"2026-07-22 16:32:15,463","level":"INFO","node":3,"msg":"Sent consensus vote to node 2"}
{"time":"2026-07-22 16:32:15,504","level":"INFO","node":3,"msg":"[FC2 DELTA NORM] node 3 round=17 — fc2 delta norm this round: 0.0202"}
{"time":"2026-07-22 16:32:21,581","level":"INFO","node":3,"msg":"Forwarded to http://127.0.0.1:8000"}
{"time":"2026-07-22 16:32:31,271","level":"INFO","node":3,"msg":"Prediction agreement with node 0 round=17: A=0.960"}
{"time":"2026-07-22 16:32:31,271","level":"INFO","node":3,"msg":"Consensus vote recorded: node 0 decision=True reason=zkp_ok round=17 new=True satisfied=True"}
{"time":"2026-07-22 16:32:37,513","level":"INFO","node":3,"msg":"Synced weights from master for round 17"}
{"time":"2026-07-22 16:32:37,520","level":"INFO","node":3,"msg":"Sent commit vote to node 1"}
{"time":"2026-07-22 16:32:43,925","level":"INFO","node":3,"msg":"Proposal received: round=18 origin=2 hash=64897d3f6332..."}
{"time":"2026-07-22 16:32:43,944","level":"INFO","node":3,"msg":"Consensus vote recorded: node 2 decision=True reason=zkp_ok round=18 new=True satisfied=False"}
{"time":"2026-07-22 16:32:43,948","level":"INFO","node":3,"msg":"Received update from node 2, round 18"}
{"time":"2026-07-22 16:32:53,610","level":"INFO","node":3,"msg":"ZKP ACCEPTED from node 2"}
{"time":"2026-07-22 16:32:53,610","level":"INFO","node":3,"msg":"fc_in col7 delta self-cosine for node 2: -0.0341 (delta_norm=0.2442)"}
{"time":"2026-07-22 16:32:53,626","level":"INFO","node":3,"msg":"Per-class agreement with node 2: class0=0.936 class1=0.917 gap=0.018"}
{"time":"2026-07-22 16:32:53,626","level":"INFO","node":3,"msg":"Per-class rolling gap for node 2: mean=0.050 over last 4 round(s)"}
{"time":"2026-07-22 16:32:53,628","level":"INFO","node":3,"msg":"Trust score for node 2: S=0.807 (Z=1.00 A=0.93 P=0.54 R=1.00) advisory only"}
{"time":"2026-07-22 16:32:53,639","level":"INFO","node":3,"msg":"Sent consensus vote to node 0"}
{"time":"2026-07-22 16:32:53,657","level":"INFO","node":3,"msg":"Sent consensus vote to node 1"}
{"time":"2026-07-22 16:32:53,668","level":"INFO","node":3,"msg":"Sent consensus vote to node 2"}
{"time":"2026-07-22 16:32:53,702","level":"INFO","node":3,"msg":"[FC2 DELTA NORM] node 3 round=18 — fc2 delta norm this round: 0.0509"}
{"time":"2026-07-22 16:32:59,838","level":"INFO","node":3,"msg":"Forwarded to http://127.0.0.1:8000"}
{"time":"2026-07-22 16:33:09,803","level":"INFO","node":3,"msg":"Prediction agreement with node 0 round=18: A=0.938"}
{"time":"2026-07-22 16:33:09,804","level":"INFO","node":3,"msg":"Consensus vote recorded: node 0 decision=True reason=zkp_ok round=18 new=True satisfied=True"}
{"time":"2026-07-22 16:33:25,706","level":"INFO","node":3,"msg":"Prediction agreement with node 1 round=18: A=0.932"}
{"time":"2026-07-22 16:33:25,707","level":"INFO","node":3,"msg":"Consensus vote recorded: node 1 decision=True reason=zkp_ok round=18 new=True satisfied=True"}
{"time":"2026-07-22 16:33:32,094","level":"INFO","node":3,"msg":"Synced weights from master for round 18"}
{"time":"2026-07-22 16:33:32,107","level":"INFO","node":3,"msg":"Sent commit vote to node 2"}
{"time":"2026-07-22 16:33:32,112","level":"INFO","node":3,"msg":"My turn — starting round 20 as proposer."}
{"time":"2026-07-22 16:33:32,112","level":"INFO","node":3,"msg":"Starting round 20"}
{"time":"2026-07-22 16:33:32,154","level":"INFO","node":3,"msg":"[FC2 DELTA NORM] node 3 round=19 — fc2 delta norm this round: 0.0605"}
{"time":"2026-07-22 16:33:38,315","level":"INFO","node":3,"msg":"Sent proposal to node 0"}
{"time":"2026-07-22 16:33:38,331","level":"INFO","node":3,"msg":"Sent proposal to node 1"}
{"time":"2026-07-22 16:33:38,336","level":"INFO","node":3,"msg":"Sent proposal to node 2"}
{"time":"2026-07-22 16:33:38,342","level":"INFO","node":3,"msg":"Sent consensus vote to node 0"}
{"time":"2026-07-22 16:33:38,349","level":"INFO","node":3,"msg":"Sent consensus vote to node 1"}
{"time":"2026-07-22 16:33:38,357","level":"INFO","node":3,"msg":"Sent consensus vote to node 2"}
{"time":"2026-07-22 16:33:38,368","level":"INFO","node":3,"msg":"Forwarded to http://127.0.0.1:8000"}
{"time":"2026-07-22 16:33:48,010","level":"INFO","node":3,"msg":"Consensus vote recorded: node 0 decision=True reason=zkp_ok round=19 new=True satisfied=False"}
{"time":"2026-07-22 16:34:03,860","level":"INFO","node":3,"msg":"Consensus vote recorded: node 1 decision=True reason=zkp_ok round=19 new=True satisfied=True"}
{"time":"2026-07-22 16:34:19,994","level":"INFO","node":3,"msg":"Consensus vote recorded: node 2 decision=True reason=zkp_ok round=19 new=True satisfied=True"}
{"time":"2026-07-22 16:34:26,060","level":"INFO","node":3,"msg":"Received update from node 2, round 19"}
{"time":"2026-07-22 16:34:26,060","level":"INFO","node":3,"msg":"Round 20 complete — aggregating"}
{"time":"2026-07-22 16:34:26,098","level":"WARNING","node":3,"msg":"[BACKDOOR PROBE] Round 20 SUSPICIOUS: feature=1 value=6.0 forces class=1 flip_rate=1.000 jump=0.727 (thresholds: flip>0.7, jump>0.3)"}
{"time":"2026-07-22 16:34:26,142","level":"INFO","node":3,"msg":"Commit vote recorded: node 0 decision=True round=19 satisfied=False"}
{"time":"2026-07-22 16:34:26,143","level":"INFO","node":3,"msg":"Broadcast weights to node 0"}
{"time":"2026-07-22 16:34:26,170","level":"INFO","node":3,"msg":"Commit vote recorded: node 1 decision=True round=19 satisfied=True"}
{"time":"2026-07-22 16:34:26,170","level":"INFO","node":3,"msg":"Round 20 COMMITTED — model hash agreed by [3, 0, 1]"}
{"time":"2026-07-22 16:34:26,170","level":"INFO","node":3,"msg":"Commit certificate saved to C:\Users\mousu\OneDrive\Desktop\Set A\securefedhe\dashboard\certificates\round_19.json"}
{"time":"2026-07-22 16:34:26,174","level":"INFO","node":3,"msg":"Broadcast weights to node 1"}
{"time":"2026-07-22 16:34:26,185","level":"INFO","node":3,"msg":"Commit vote recorded: node 2 decision=True round=19 satisfied=True"}
{"time":"2026-07-22 16:34:26,191","level":"INFO","node":3,"msg":"Broadcast weights to node 2"}
{"time":"2026-07-22 16:34:26,194","level":"INFO","node":3,"msg":"Checkpoint saved to C:\Users\mousu\OneDrive\Desktop\Set A\securefedhe\dashboard\model_latest.pt"}
{"time":"2026-07-22 16:34:26,195","level":"INFO","node":3,"msg":"Round 20 complete | accuracy=0.8455 | duration=54.08s"}
{"time":"2026-07-22 16:34:26,195","level":"INFO","node":3,"msg":"Training complete after 20 rounds"}
{"time":"2026-07-22 16:50:27,015","level":"INFO","node":3,"msg":"Starting node 3: Community Wellness Center"}
{"time":"2026-07-22 16:50:27,015","level":"INFO","node":3,"msg":"[CONFIG DEBUG] attack_simulation loaded: enabled=True target_node=2 type=gradient_norm config_path=config_dev.json"}
{"time":"2026-07-22 16:50:27,104","level":"WARNING","node":3,"msg":"DEV MODE: running without TLS"}
{"time":"2026-07-22 16:50:27,105","level":"INFO","node":3,"msg":"Listening on 127.0.0.1:8003 | TLS=False"}
{"time":"2026-07-22 16:50:27,264","level":"INFO","node":3,"msg":"Consensus pubkey received from node 1"}
{"time":"2026-07-22 16:50:27,266","level":"INFO","node":3,"msg":"Key exchange complete with node 1"}
{"time":"2026-07-22 16:50:28,592","level":"INFO","node":3,"msg":"Key exchange complete with node 2"}
{"time":"2026-07-22 16:50:28,600","level":"INFO","node":3,"msg":"Consensus pubkey received from node 2"}
{"time":"2026-07-22 16:50:32,111","level":"INFO","node":3,"msg":"Sent public key to node 0"}
{"time":"2026-07-22 16:50:32,127","level":"INFO","node":3,"msg":"Sent consensus pubkey to node 0"}
{"time":"2026-07-22 16:50:32,143","level":"INFO","node":3,"msg":"Sent public key to node 1"}
{"time":"2026-07-22 16:50:32,149","level":"INFO","node":3,"msg":"Sent consensus pubkey to node 1"}
{"time":"2026-07-22 16:50:32,169","level":"INFO","node":3,"msg":"Sent public key to node 2"}
{"time":"2026-07-22 16:50:32,170","level":"INFO","node":3,"msg":"Sent consensus pubkey to node 2"}
{"time":"2026-07-22 16:50:37,416","level":"INFO","node":3,"msg":"Key exchange complete with node 0"}
{"time":"2026-07-22 16:50:37,436","level":"INFO","node":3,"msg":"Consensus pubkey received from node 0"}
{"time":"2026-07-22 16:50:44,776","level":"INFO","node":3,"msg":"Proposal received: round=0 origin=0 hash=933034c19319..."}
{"time":"2026-07-22 16:50:44,816","level":"INFO","node":3,"msg":"Consensus vote recorded: node 0 decision=True reason=zkp_ok round=0 new=True satisfied=False"}
{"time":"2026-07-22 16:50:54,459","level":"INFO","node":3,"msg":"Consensus vote recorded: node 1 decision=True reason=zkp_ok round=0 new=True satisfied=False"}
{"time":"2026-07-22 16:51:11,879","level":"INFO","node":3,"msg":"Consensus vote recorded: node 2 decision=True reason=zkp_ok round=0 new=True satisfied=True"}
{"time":"2026-07-22 16:51:19,151","level":"INFO","node":3,"msg":"Received update from node 2, round 0"}
{"time":"2026-07-22 16:51:28,814","level":"INFO","node":3,"msg":"ZKP ACCEPTED from node 2"}
{"time":"2026-07-22 16:51:28,821","level":"INFO","node":3,"msg":"Trust score for node 0: S=0.429 (Z=1.00 A=0.50 P=0.50 R=1.00) advisory only"}
{"time":"2026-07-22 16:51:28,828","level":"INFO","node":3,"msg":"Sent consensus vote to node 0"}
{"time":"2026-07-22 16:51:28,846","level":"INFO","node":3,"msg":"Sent consensus vote to node 1"}
{"time":"2026-07-22 16:51:28,858","level":"INFO","node":3,"msg":"Sent consensus vote to node 2"}
{"time":"2026-07-22 16:51:29,994","level":"INFO","node":3,"msg":"[FC2 DELTA NORM] node 3 round=0 — fc2 delta norm this round: 0.0560"}
{"time":"2026-07-22 16:51:36,092","level":"INFO","node":3,"msg":"Forwarded to http://127.0.0.1:8000"}
{"time":"2026-07-22 16:51:36,239","level":"INFO","node":3,"msg":"Synced weights from master for round 0"}
{"time":"2026-07-22 16:51:36,247","level":"INFO","node":3,"msg":"Sent commit vote to node 0"}
{"time":"2026-07-22 16:51:42,655","level":"INFO","node":3,"msg":"Proposal received: round=1 origin=1 hash=f1e257ef5786..."}
{"time":"2026-07-22 16:51:42,671","level":"INFO","node":3,"msg":"Consensus vote recorded: node 1 decision=True reason=zkp_ok round=1 new=True satisfied=False"}
{"time":"2026-07-22 16:51:58,586","level":"INFO","node":3,"msg":"Received update from node 2, round 1"}
{"time":"2026-07-22 16:52:08,376","level":"INFO","node":3,"msg":"ZKP ACCEPTED from node 2"}
{"time":"2026-07-22 16:52:08,376","level":"INFO","node":3,"msg":"Trust score for node 1: S=0.429 (Z=1.00 A=0.50 P=0.50 R=1.00) advisory only"}
{"time":"2026-07-22 16:52:08,387","level":"WARNING","node":3,"msg":"Sent consensus vote to node 0 FAILED (hard timeout or exception) — consecutive failure streak 1/3"}
{"time":"2026-07-22 16:52:08,388","level":"WARNING","node":3,"msg":"Sent consensus vote to node 1 FAILED (hard timeout or exception) — consecutive failure streak 1/3"}
{"time":"2026-07-22 16:52:08,389","level":"WARNING","node":3,"msg":"Sent consensus vote to node 2 FAILED (hard timeout or exception) — consecutive failure streak 1/3"}
{"time":"2026-07-22 16:52:08,420","level":"INFO","node":3,"msg":"[FC2 DELTA NORM] node 3 round=1 — fc2 delta norm this round: 0.0589"}
{"time":"2026-07-22 16:52:14,608","level":"INFO","node":3,"msg":"Forwarded to http://127.0.0.1:8000"}
{"time":"2026-07-22 16:52:37,479","level":"INFO","node":3,"msg":"Proposal for round=1 origin=1 changed hash after 54.83s — treating as a legitimate round retry, not equivocation."}
{"time":"2026-07-22 16:52:37,479","level":"INFO","node":3,"msg":"Proposal received: round=1 origin=1 hash=55517ec50ade..."}
{"time":"2026-07-22 16:52:37,496","level":"INFO","node":3,"msg":"Consensus vote recorded: node 1 decision=True reason=zkp_ok round=1 new=True satisfied=False"}
{"time":"2026-07-22 16:52:53,457","level":"INFO","node":3,"msg":"Received update from node 2, round 1"}
{"time":"2026-07-22 16:53:03,330","level":"INFO","node":3,"msg":"ZKP ACCEPTED from node 2"}
{"time":"2026-07-22 16:53:03,340","level":"INFO","node":3,"msg":"Trust score for node 1: S=0.000 (Z=1.00 A=0.00 P=0.50 R=1.00) advisory only"}
{"time":"2026-07-22 16:53:03,345","level":"WARNING","node":3,"msg":"Sent consensus vote to node 0 FAILED (hard timeout or exception) — consecutive failure streak 2/3"}
{"time":"2026-07-22 16:53:03,346","level":"WARNING","node":3,"msg":"Sent consensus vote to node 1 FAILED (hard timeout or exception) — consecutive failure streak 2/3"}
{"time":"2026-07-22 16:53:03,347","level":"WARNING","node":3,"msg":"Sent consensus vote to node 2 FAILED (hard timeout or exception) — consecutive failure streak 2/3"}
{"time":"2026-07-22 16:53:03,376","level":"INFO","node":3,"msg":"[FC2 DELTA NORM] node 3 round=1 — fc2 delta norm this round: 0.0548"}
{"time":"2026-07-22 16:53:09,405","level":"INFO","node":3,"msg":"Forwarded to http://127.0.0.1:8000"}
{"time":"2026-07-22 16:53:32,247","level":"INFO","node":3,"msg":"Proposal for round=1 origin=1 changed hash after 54.77s — treating as a legitimate round retry, not equivocation."}
{"time":"2026-07-22 16:53:32,247","level":"INFO","node":3,"msg":"Proposal received: round=1 origin=1 hash=e8c39bb457bd..."}
{"time":"2026-07-22 16:53:32,258","level":"INFO","node":3,"msg":"Consensus vote recorded: node 1 decision=True reason=zkp_ok round=1 new=True satisfied=False"}
{"time":"2026-07-22 16:53:41,996","level":"INFO","node":3,"msg":"Consensus vote recorded: node 2 decision=True reason=zkp_ok round=1 new=True satisfied=False"}
{"time":"2026-07-22 16:53:47,974","level":"INFO","node":3,"msg":"Received update from node 2, round 1"}
{"time":"2026-07-22 16:53:57,707","level":"INFO","node":3,"msg":"ZKP ACCEPTED from node 2"}
{"time":"2026-07-22 16:53:57,707","level":"INFO","node":3,"msg":"fc_in col7 delta self-cosine for node 1: -0.1341 (delta_norm=0.1776)"}
{"time":"2026-07-22 16:53:57,727","level":"INFO","node":3,"msg":"Trust score for node 1: S=0.000 (Z=1.00 A=0.00 P=0.50 R=1.00) advisory only"}
{"time":"2026-07-22 16:53:57,757","level":"INFO","node":3,"msg":"Sent consensus vote to node 0"}
{"time":"2026-07-22 16:53:57,777","level":"INFO","node":3,"msg":"Sent consensus vote to node 1"}
{"time":"2026-07-22 16:53:57,805","level":"INFO","node":3,"msg":"Sent consensus vote to node 2"}
{"time":"2026-07-22 16:53:57,834","level":"INFO","node":3,"msg":"[FC2 DELTA NORM] node 3 round=1 — fc2 delta norm this round: 0.0569"}
{"time":"2026-07-22 16:54:04,005","level":"INFO","node":3,"msg":"Forwarded to http://127.0.0.1:8000"}
{"time":"2026-07-22 16:54:13,606","level":"ERROR","node":3,"msg":"Node 1 EXCLUDED from proposing and quorum. Quorum requirement adjusted to 3 of 3 remaining trusted nodes."}
{"time":"2026-07-22 16:54:13,629","level":"ERROR","node":3,"msg":"Node 2 EXCLUDED from proposing and quorum. Quorum requirement adjusted to 2 of 2 remaining trusted nodes."}
{"time":"2026-07-22 17:04:42,424","level":"ERROR","node":3,"msg":"Node 0 EXCLUDED from proposing and quorum. Quorum requirement adjusted to 1 of 1 remaining trusted nodes."}
{"time":"2026-07-22 17:05:59,630","level":"INFO","node":3,"msg":"Received update from node 2, round 2"}
{"time":"2026-07-22 17:06:31,705","level":"INFO","node":3,"msg":"ZKP ACCEPTED from node 2"}
{"time":"2026-07-22 17:06:32,795","level":"WARNING","node":3,"msg":"No stored proposal for round=2 origin=1 — voting using fallback hash, may not match other peers"}
{"time":"2026-07-22 17:06:32,797","level":"INFO","node":3,"msg":"fc_in col7 delta self-cosine for node 1: -0.2104 (delta_norm=0.3347)"}
{"time":"2026-07-22 17:06:32,816","level":"INFO","node":3,"msg":"Per-class agreement with node 1: class0=0.864 class1=0.907 gap=0.043"}
{"time":"2026-07-22 17:06:32,816","level":"INFO","node":3,"msg":"Per-class rolling gap for node 1: mean=0.043 over last 1 round(s)"}
{"time":"2026-07-22 17:06:32,816","level":"INFO","node":3,"msg":"Trust score for node 1: S=0.752 (Z=1.00 A=0.88 P=0.50 R=1.00) advisory only"}
{"time":"2026-07-22 17:06:32,963","level":"INFO","node":3,"msg":"[FC2 DELTA NORM] node 3 round=2 — fc2 delta norm this round: 0.0786"}
{"time":"2026-07-22 17:06:43,875","level":"INFO","node":3,"msg":"Forwarded to http://127.0.0.1:8000"}
{"time":"2026-07-22 17:07:11,363","level":"INFO","node":3,"msg":"Starting node 3: Community Wellness Center"}
{"time":"2026-07-22 17:07:11,363","level":"INFO","node":3,"msg":"[CONFIG DEBUG] attack_simulation loaded: enabled=True target_node=2 type=gradient_norm config_path=config_dev.json"}
{"time":"2026-07-22 17:07:11,401","level":"WARNING","node":3,"msg":"DEV MODE: running without TLS"}
{"time":"2026-07-22 17:07:11,401","level":"INFO","node":3,"msg":"Listening on 127.0.0.1:8003 | TLS=False"}
{"time":"2026-07-22 17:07:11,818","level":"INFO","node":3,"msg":"Key exchange complete with node 1"}
{"time":"2026-07-22 17:07:11,833","level":"INFO","node":3,"msg":"Consensus pubkey received from node 1"}
{"time":"2026-07-22 17:07:14,151","level":"INFO","node":3,"msg":"Key exchange complete with node 2"}
{"time":"2026-07-22 17:07:14,152","level":"INFO","node":3,"msg":"Consensus pubkey received from node 2"}
{"time":"2026-07-22 17:07:16,406","level":"INFO","node":3,"msg":"Sent consensus pubkey to node 0"}
{"time":"2026-07-22 17:07:16,419","level":"INFO","node":3,"msg":"Sent consensus pubkey to node 1"}
{"time":"2026-07-22 17:07:16,423","level":"INFO","node":3,"msg":"Sent public key to node 0"}
{"time":"2026-07-22 17:07:16,429","level":"INFO","node":3,"msg":"Sent public key to node 1"}
{"time":"2026-07-22 17:07:16,438","level":"INFO","node":3,"msg":"Sent consensus pubkey to node 2"}
{"time":"2026-07-22 17:07:16,460","level":"INFO","node":3,"msg":"Sent public key to node 2"}
{"time":"2026-07-22 17:07:22,588","level":"INFO","node":3,"msg":"Key exchange complete with node 0"}
{"time":"2026-07-22 17:07:22,601","level":"INFO","node":3,"msg":"Consensus pubkey received from node 0"}
{"time":"2026-07-22 17:07:29,922","level":"INFO","node":3,"msg":"Proposal received: round=0 origin=0 hash=3d8c5a5766c2..."}
{"time":"2026-07-22 17:07:29,950","level":"INFO","node":3,"msg":"Consensus vote recorded: node 0 decision=True reason=zkp_ok round=0 new=True satisfied=False"}
{"time":"2026-07-22 17:07:39,606","level":"INFO","node":3,"msg":"Consensus vote recorded: node 1 decision=True reason=zkp_ok round=0 new=True satisfied=False"}
{"time":"2026-07-22 17:07:56,413","level":"INFO","node":3,"msg":"Consensus vote recorded: node 2 decision=True reason=zkp_ok round=0 new=True satisfied=True"}
{"time":"2026-07-22 17:08:03,693","level":"INFO","node":3,"msg":"Received update from node 2, round 0"}
{"time":"2026-07-22 17:08:13,469","level":"INFO","node":3,"msg":"ZKP ACCEPTED from node 2"}
{"time":"2026-07-22 17:08:13,481","level":"INFO","node":3,"msg":"Trust score for node 0: S=0.429 (Z=1.00 A=0.50 P=0.50 R=1.00) advisory only"}
{"time":"2026-07-22 17:08:13,489","level":"INFO","node":3,"msg":"Sent consensus vote to node 0"}
{"time":"2026-07-22 17:08:13,493","level":"INFO","node":3,"msg":"Sent consensus vote to node 1"}
{"time":"2026-07-22 17:08:13,497","level":"INFO","node":3,"msg":"Sent consensus vote to node 2"}
{"time":"2026-07-22 17:08:14,594","level":"INFO","node":3,"msg":"[FC2 DELTA NORM] node 3 round=0 — fc2 delta norm this round: 0.1125"}
{"time":"2026-07-22 17:08:20,745","level":"INFO","node":3,"msg":"Forwarded to http://127.0.0.1:8000"}
{"time":"2026-07-22 17:08:20,879","level":"INFO","node":3,"msg":"Synced weights from master for round 0"}
{"time":"2026-07-22 17:08:20,888","level":"INFO","node":3,"msg":"Sent commit vote to node 0"}
{"time":"2026-07-22 17:08:27,244","level":"INFO","node":3,"msg":"Proposal received: round=1 origin=1 hash=781d32387bb4..."}
{"time":"2026-07-22 17:08:27,263","level":"INFO","node":3,"msg":"Consensus vote recorded: node 1 decision=True reason=zkp_ok round=1 new=True satisfied=False"}
{"time":"2026-07-22 17:08:43,077","level":"INFO","node":3,"msg":"Received update from node 2, round 1"}
{"time":"2026-07-22 17:08:52,735","level":"INFO","node":3,"msg":"ZKP ACCEPTED from node 2"}
{"time":"2026-07-22 17:08:52,753","level":"INFO","node":3,"msg":"Trust score for node 1: S=0.429 (Z=1.00 A=0.50 P=0.50 R=1.00) advisory only"}
{"time":"2026-07-22 17:08:52,758","level":"WARNING","node":3,"msg":"Sent consensus vote to node 0 FAILED (hard timeout or exception) — consecutive failure streak 1/3 over 0.0s"}
{"time":"2026-07-22 17:08:52,760","level":"WARNING","node":3,"msg":"Sent consensus vote to node 1 FAILED (hard timeout or exception) — consecutive failure streak 1/3 over 0.0s"}
{"time":"2026-07-22 17:08:52,762","level":"WARNING","node":3,"msg":"Sent consensus vote to node 2 FAILED (hard timeout or exception) — consecutive failure streak 1/3 over 0.0s"}
{"time":"2026-07-22 17:08:52,830","level":"INFO","node":3,"msg":"[FC2 DELTA NORM] node 3 round=1 — fc2 delta norm this round: 0.0461"}
{"time":"2026-07-22 17:08:58,767","level":"INFO","node":3,"msg":"Forwarded to http://127.0.0.1:8000"}
{"time":"2026-07-22 17:09:21,374","level":"INFO","node":3,"msg":"Proposal for round=1 origin=1 changed hash after 54.15s — treating as a legitimate round retry, not equivocation."}
{"time":"2026-07-22 17:09:21,374","level":"INFO","node":3,"msg":"Proposal received: round=1 origin=1 hash=508f0780cecb..."}
{"time":"2026-07-22 17:09:21,385","level":"INFO","node":3,"msg":"Consensus vote recorded: node 1 decision=True reason=zkp_ok round=1 new=True satisfied=False"}
{"time":"2026-07-22 17:09:37,121","level":"INFO","node":3,"msg":"Received update from node 2, round 1"}
{"time":"2026-07-22 17:09:46,805","level":"INFO","node":3,"msg":"ZKP ACCEPTED from node 2"}
{"time":"2026-07-22 17:09:46,809","level":"INFO","node":3,"msg":"Trust score for node 1: S=0.000 (Z=1.00 A=0.00 P=0.50 R=1.00) advisory only"}
{"time":"2026-07-22 17:09:46,813","level":"WARNING","node":3,"msg":"Sent consensus vote to node 0 FAILED (hard timeout or exception) — consecutive failure streak 2/3 over 54.1s"}
{"time":"2026-07-22 17:09:46,816","level":"WARNING","node":3,"msg":"Sent consensus vote to node 1 FAILED (hard timeout or exception) — consecutive failure streak 2/3 over 54.1s"}
{"time":"2026-07-22 17:09:46,818","level":"WARNING","node":3,"msg":"Sent consensus vote to node 2 FAILED (hard timeout or exception) — consecutive failure streak 2/3 over 54.1s"}
{"time":"2026-07-22 17:09:46,849","level":"INFO","node":3,"msg":"[FC2 DELTA NORM] node 3 round=1 — fc2 delta norm this round: 0.0604"}
{"time":"2026-07-22 17:09:52,818","level":"INFO","node":3,"msg":"Forwarded to http://127.0.0.1:8000"}
{"time":"2026-07-22 17:10:15,048","level":"INFO","node":3,"msg":"Proposal for round=1 origin=1 changed hash after 53.68s — treating as a legitimate round retry, not equivocation."}
{"time":"2026-07-22 17:10:15,049","level":"INFO","node":3,"msg":"Proposal received: round=1 origin=1 hash=4e10646a089b..."}
{"time":"2026-07-22 17:10:15,064","level":"INFO","node":3,"msg":"Consensus vote recorded: node 1 decision=True reason=zkp_ok round=1 new=True satisfied=False"}
{"time":"2026-07-22 17:10:24,822","level":"INFO","node":3,"msg":"Consensus vote recorded: node 2 decision=True reason=zkp_ok round=1 new=True satisfied=False"}
{"time":"2026-07-22 17:10:30,834","level":"INFO","node":3,"msg":"Received update from node 2, round 1"}
{"time":"2026-07-22 17:10:40,557","level":"INFO","node":3,"msg":"ZKP ACCEPTED from node 2"}
{"time":"2026-07-22 17:10:40,557","level":"INFO","node":3,"msg":"fc_in col7 delta self-cosine for node 1: -0.4644 (delta_norm=0.1848)"}
{"time":"2026-07-22 17:10:40,557","level":"INFO","node":3,"msg":"Trust score for node 1: S=0.000 (Z=1.00 A=0.00 P=0.50 R=1.00) advisory only"}
{"time":"2026-07-22 17:10:40,576","level":"INFO","node":3,"msg":"Sent consensus vote to node 0"}
{"time":"2026-07-22 17:10:40,586","level":"INFO","node":3,"msg":"Sent consensus vote to node 1"}
{"time":"2026-07-22 17:10:40,599","level":"INFO","node":3,"msg":"Sent consensus vote to node 2"}
{"time":"2026-07-22 17:10:40,637","level":"INFO","node":3,"msg":"[FC2 DELTA NORM] node 3 round=1 — fc2 delta norm this round: 0.0800"}
{"time":"2026-07-22 17:10:46,495","level":"INFO","node":3,"msg":"Forwarded to http://127.0.0.1:8000"}
{"time":"2026-07-22 17:10:56,222","level":"ERROR","node":3,"msg":"Node 1 EXCLUDED from proposing and quorum. Quorum requirement adjusted to 3 of 3 remaining trusted nodes."}
{"time":"2026-07-22 17:10:56,234","level":"ERROR","node":3,"msg":"Node 2 EXCLUDED from proposing and quorum. Quorum requirement adjusted to 2 of 2 remaining trusted nodes."}
{"time":"2026-07-22 17:24:56,559","level":"INFO","node":3,"msg":"Starting node 3: Community Wellness Center"}
{"time":"2026-07-22 17:24:56,559","level":"INFO","node":3,"msg":"[CONFIG DEBUG] attack_simulation loaded: enabled=True target_node=2 type=gradient_norm config_path=config_dev.json"}
{"time":"2026-07-22 17:24:56,607","level":"WARNING","node":3,"msg":"DEV MODE: running without TLS"}
{"time":"2026-07-22 17:24:56,607","level":"INFO","node":3,"msg":"Listening on 127.0.0.1:8003 | TLS=False"}
{"time":"2026-07-22 17:24:56,970","level":"INFO","node":3,"msg":"Key exchange complete with node 1"}
{"time":"2026-07-22 17:24:56,972","level":"INFO","node":3,"msg":"Consensus pubkey received from node 1"}
{"time":"2026-07-22 17:25:00,054","level":"INFO","node":3,"msg":"Consensus pubkey received from node 2"}
{"time":"2026-07-22 17:25:00,059","level":"INFO","node":3,"msg":"Key exchange complete with node 2"}
{"time":"2026-07-22 17:25:01,623","level":"INFO","node":3,"msg":"Sent public key to node 0"}
{"time":"2026-07-22 17:25:01,630","level":"INFO","node":3,"msg":"Sent public key to node 1"}
{"time":"2026-07-22 17:25:01,635","level":"INFO","node":3,"msg":"Sent consensus pubkey to node 0"}
{"time":"2026-07-22 17:25:01,646","level":"INFO","node":3,"msg":"Sent consensus pubkey to node 1"}
{"time":"2026-07-22 17:25:01,659","level":"INFO","node":3,"msg":"Sent consensus pubkey to node 2"}
{"time":"2026-07-22 17:25:01,661","level":"INFO","node":3,"msg":"Sent public key to node 2"}
{"time":"2026-07-22 17:25:07,637","level":"INFO","node":3,"msg":"Key exchange complete with node 0"}
{"time":"2026-07-22 17:25:07,659","level":"INFO","node":3,"msg":"Consensus pubkey received from node 0"}
{"time":"2026-07-22 17:25:14,926","level":"INFO","node":3,"msg":"Proposal received: round=0 origin=0 hash=7a486776f125..."}
{"time":"2026-07-22 17:25:14,942","level":"INFO","node":3,"msg":"Consensus vote recorded: node 0 decision=True reason=zkp_ok round=0 new=True satisfied=False"}
{"time":"2026-07-22 17:25:24,681","level":"INFO","node":3,"msg":"Consensus vote recorded: node 1 decision=True reason=zkp_ok round=0 new=True satisfied=False"}
{"time":"2026-07-22 17:25:59,163","level":"INFO","node":3,"msg":"Consensus vote recorded: node 2 decision=True reason=zkp_ok round=0 new=True satisfied=True"}
{"time":"2026-07-22 17:26:24,204","level":"INFO","node":3,"msg":"Received update from node 2, round 0"}
{"time":"2026-07-22 17:26:54,941","level":"INFO","node":3,"msg":"ZKP ACCEPTED from node 2"}
{"time":"2026-07-22 17:26:54,972","level":"INFO","node":3,"msg":"Trust score for node 0: S=0.429 (Z=1.00 A=0.50 P=0.50 R=1.00) advisory only"}
{"time":"2026-07-22 17:26:54,988","level":"INFO","node":3,"msg":"Sent consensus vote to node 0"}
{"time":"2026-07-22 17:26:54,999","level":"INFO","node":3,"msg":"Sent consensus vote to node 1"}
{"time":"2026-07-22 17:26:55,020","level":"INFO","node":3,"msg":"Sent consensus vote to node 2"}
{"time":"2026-07-22 17:26:59,231","level":"INFO","node":3,"msg":"[FC2 DELTA NORM] node 3 round=0 — fc2 delta norm this round: 0.0730"}
{"time":"2026-07-22 17:26:59,240","level":"WARNING","node":3,"msg":"ZKP norm violation (clipping applied): slack=-122582, retry=0"}
{"time":"2026-07-22 17:27:20,094","level":"INFO","node":3,"msg":"Forwarded to http://127.0.0.1:8000"}
{"time":"2026-07-22 17:27:20,270","level":"INFO","node":3,"msg":"Synced weights from master for round 0"}
{"time":"2026-07-22 17:27:20,288","level":"INFO","node":3,"msg":"Sent commit vote to node 0"}
{"time":"2026-07-22 17:27:42,157","level":"INFO","node":3,"msg":"Proposal received: round=1 origin=1 hash=91e75ce82b08..."}
{"time":"2026-07-22 17:27:42,198","level":"INFO","node":3,"msg":"Consensus vote recorded: node 1 decision=True reason=zkp_ok round=1 new=True satisfied=False"}
{"time":"2026-07-22 17:28:34,120","level":"INFO","node":3,"msg":"Received update from node 2, round 1"}
{"time":"2026-07-22 17:29:04,087","level":"INFO","node":3,"msg":"ZKP ACCEPTED from node 2"}
{"time":"2026-07-22 17:29:04,087","level":"INFO","node":3,"msg":"Trust score for node 1: S=0.429 (Z=1.00 A=0.50 P=0.50 R=1.00) advisory only"}
{"time":"2026-07-22 17:29:04,103","level":"WARNING","node":3,"msg":"Sent consensus vote to node 0 FAILED (hard timeout or exception) — consecutive failure streak 1/3 over 0.0s"}
{"time":"2026-07-22 17:29:04,103","level":"WARNING","node":3,"msg":"Sent consensus vote to node 1 FAILED (hard timeout or exception) — consecutive failure streak 1/3 over 0.0s"}
{"time":"2026-07-22 17:29:04,116","level":"WARNING","node":3,"msg":"Sent consensus vote to node 2 FAILED (hard timeout or exception) — consecutive failure streak 1/3 over 0.0s"}
{"time":"2026-07-22 17:29:04,281","level":"INFO","node":3,"msg":"[FC2 DELTA NORM] node 3 round=1 — fc2 delta norm this round: 0.0377"}
{"time":"2026-07-22 17:29:25,350","level":"INFO","node":3,"msg":"Forwarded to http://127.0.0.1:8000"}
{"time":"2026-07-22 17:30:41,967","level":"INFO","node":3,"msg":"Proposal for round=1 origin=1 changed hash after 179.83s — treating as a legitimate round retry, not equivocation."}
{"time":"2026-07-22 17:30:41,968","level":"INFO","node":3,"msg":"Proposal received: round=1 origin=1 hash=09e6eaabf739..."}
{"time":"2026-07-22 17:30:42,005","level":"INFO","node":3,"msg":"Consensus vote recorded: node 1 decision=True reason=zkp_ok round=1 new=True satisfied=False"}
{"time":"2026-07-22 17:31:30,435","level":"INFO","node":3,"msg":"Received update from node 2, round 1"}
{"time":"2026-07-22 17:31:57,385","level":"INFO","node":3,"msg":"ZKP ACCEPTED from node 2"}
{"time":"2026-07-22 17:31:57,401","level":"INFO","node":3,"msg":"Trust score for node 1: S=0.000 (Z=1.00 A=0.00 P=0.50 R=1.00) advisory only"}
{"time":"2026-07-22 17:31:57,401","level":"WARNING","node":3,"msg":"Sent consensus vote to node 0 FAILED (hard timeout or exception) — consecutive failure streak 2/3 over 173.3s"}
{"time":"2026-07-22 17:31:57,416","level":"WARNING","node":3,"msg":"Sent consensus vote to node 1 FAILED (hard timeout or exception) — consecutive failure streak 2/3 over 173.3s"}
{"time":"2026-07-22 17:31:57,427","level":"WARNING","node":3,"msg":"Sent consensus vote to node 2 FAILED (hard timeout or exception) — consecutive failure streak 2/3 over 173.3s"}
{"time":"2026-07-22 17:31:57,578","level":"INFO","node":3,"msg":"[FC2 DELTA NORM] node 3 round=1 — fc2 delta norm this round: 0.0565"}
{"time":"2026-07-22 17:32:13,861","level":"INFO","node":3,"msg":"Forwarded to http://127.0.0.1:8000"}
{"time":"2026-07-22 17:33:21,171","level":"INFO","node":3,"msg":"Proposal for round=1 origin=1 changed hash after 159.18s — treating as a legitimate round retry, not equivocation."}
{"time":"2026-07-22 17:33:21,172","level":"INFO","node":3,"msg":"Proposal received: round=1 origin=1 hash=041f32ca98ca..."}
{"time":"2026-07-22 17:33:21,206","level":"INFO","node":3,"msg":"Consensus vote recorded: node 1 decision=True reason=zkp_ok round=1 new=True satisfied=False"}
{"time":"2026-07-22 17:33:54,394","level":"INFO","node":3,"msg":"Consensus vote recorded: node 2 decision=True reason=zkp_ok round=1 new=True satisfied=False"}
{"time":"2026-07-22 17:34:15,748","level":"INFO","node":3,"msg":"Received update from node 2, round 1"}
{"time":"2026-07-22 17:34:48,241","level":"INFO","node":3,"msg":"ZKP ACCEPTED from node 2"}
{"time":"2026-07-22 17:34:48,248","level":"INFO","node":3,"msg":"fc_in col7 delta self-cosine for node 1: -0.3766 (delta_norm=0.1950)"}
{"time":"2026-07-22 17:34:48,262","level":"INFO","node":3,"msg":"Trust score for node 1: S=0.000 (Z=1.00 A=0.00 P=0.50 R=1.00) advisory only"}
{"time":"2026-07-22 17:34:48,296","level":"INFO","node":3,"msg":"Sent consensus vote to node 0"}
{"time":"2026-07-22 17:34:48,334","level":"INFO","node":3,"msg":"Sent consensus vote to node 1"}
{"time":"2026-07-22 17:34:48,361","level":"INFO","node":3,"msg":"Sent consensus vote to node 2"}
{"time":"2026-07-22 17:34:48,520","level":"INFO","node":3,"msg":"[FC2 DELTA NORM] node 3 round=1 — fc2 delta norm this round: 0.0678"}
{"time":"2026-07-22 17:35:00,463","level":"INFO","node":3,"msg":"Forwarded to http://127.0.0.1:8000"}
{"time":"2026-07-22 17:35:10,736","level":"ERROR","node":3,"msg":"Node 1 EXCLUDED from proposing and quorum. Quorum requirement adjusted to 3 of 3 remaining trusted nodes."}
{"time":"2026-07-22 17:35:10,764","level":"ERROR","node":3,"msg":"Node 2 EXCLUDED from proposing and quorum. Quorum requirement adjusted to 2 of 2 remaining trusted nodes."}
{"time":"2026-07-23 01:38:55,891","level":"INFO","node":3,"msg":"Starting node 3: Community Wellness Center"}
{"time":"2026-07-23 01:38:55,891","level":"INFO","node":3,"msg":"[CONFIG DEBUG] attack_simulation loaded: enabled=True target_node=2 type=gradient_norm config_path=config_dev.json"}
{"time":"2026-07-23 01:38:56,207","level":"WARNING","node":3,"msg":"DEV MODE: running without TLS"}
{"time":"2026-07-23 01:38:56,207","level":"INFO","node":3,"msg":"Listening on 127.0.0.1:8003 | TLS=False"}
{"time":"2026-07-23 01:39:01,230","level":"INFO","node":3,"msg":"Sent public key to node 0"}
{"time":"2026-07-23 01:39:01,233","level":"INFO","node":3,"msg":"Sent consensus pubkey to node 0"}
{"time":"2026-07-23 01:39:01,250","level":"INFO","node":3,"msg":"Sent public key to node 1"}
{"time":"2026-07-23 01:39:01,260","level":"INFO","node":3,"msg":"Sent consensus pubkey to node 1"}
{"time":"2026-07-23 01:39:01,271","level":"INFO","node":3,"msg":"Consensus pubkey received from node 1"}
{"time":"2026-07-23 01:39:01,271","level":"INFO","node":3,"msg":"Sent public key to node 2"}
{"time":"2026-07-23 01:39:01,279","level":"INFO","node":3,"msg":"Sent consensus pubkey to node 2"}
{"time":"2026-07-23 01:39:01,285","level":"INFO","node":3,"msg":"Key exchange complete with node 1"}
{"time":"2026-07-23 01:39:01,292","level":"INFO","node":3,"msg":"Key exchange complete with node 2"}
{"time":"2026-07-23 01:39:01,304","level":"INFO","node":3,"msg":"Consensus pubkey received from node 2"}
{"time":"2026-07-23 01:39:12,953","level":"INFO","node":3,"msg":"Key exchange complete with node 0"}
{"time":"2026-07-23 01:39:12,973","level":"INFO","node":3,"msg":"Consensus pubkey received from node 0"}
{"time":"2026-07-23 01:39:21,105","level":"INFO","node":3,"msg":"Proposal received: round=0 origin=0 hash=e7feeb38cc58..."}
{"time":"2026-07-23 01:39:21,121","level":"INFO","node":3,"msg":"Consensus vote recorded: node 0 decision=True reason=zkp_ok round=0 new=True satisfied=False"}
{"time":"2026-07-23 01:39:30,829","level":"INFO","node":3,"msg":"Consensus vote recorded: node 1 decision=True reason=zkp_ok round=0 new=True satisfied=False"}
{"time":"2026-07-23 01:39:47,996","level":"INFO","node":3,"msg":"Consensus vote recorded: node 2 decision=True reason=zkp_ok round=0 new=True satisfied=True"}
{"time":"2026-07-23 01:39:55,067","level":"INFO","node":3,"msg":"Received update from node 2, round 0"}
{"time":"2026-07-23 01:40:04,682","level":"INFO","node":3,"msg":"ZKP ACCEPTED from node 2"}
{"time":"2026-07-23 01:40:04,700","level":"INFO","node":3,"msg":"Trust score for node 0: S=0.429 (Z=1.00 A=0.50 P=0.50 R=1.00) advisory only"}
{"time":"2026-07-23 01:40:04,709","level":"INFO","node":3,"msg":"Sent consensus vote to node 2"}
{"time":"2026-07-23 01:40:04,709","level":"INFO","node":3,"msg":"Sent consensus vote to node 1"}
{"time":"2026-07-23 01:40:04,709","level":"INFO","node":3,"msg":"Sent consensus vote to node 0"}
{"time":"2026-07-23 01:40:05,863","level":"INFO","node":3,"msg":"[FC2 DELTA NORM] node 3 round=0 — fc2 delta norm this round: 0.1112"}
{"time":"2026-07-23 01:40:11,928","level":"INFO","node":3,"msg":"Forwarded to http://127.0.0.1:8000"}
{"time":"2026-07-23 01:40:12,041","level":"INFO","node":3,"msg":"Synced weights from master for round 0"}
{"time":"2026-07-23 01:40:12,048","level":"INFO","node":3,"msg":"Sent commit vote to node 0"}
{"time":"2026-07-23 01:40:18,318","level":"INFO","node":3,"msg":"Proposal received: round=1 origin=1 hash=2c2ad9ccfc32..."}
{"time":"2026-07-23 01:40:18,336","level":"INFO","node":3,"msg":"Consensus vote recorded: node 1 decision=True reason=zkp_ok round=1 new=True satisfied=False"}
{"time":"2026-07-23 01:40:34,144","level":"INFO","node":3,"msg":"Received update from node 2, round 1"}
{"time":"2026-07-23 01:40:43,961","level":"INFO","node":3,"msg":"ZKP ACCEPTED from node 2"}
{"time":"2026-07-23 01:40:43,971","level":"INFO","node":3,"msg":"Trust score for node 1: S=0.429 (Z=1.00 A=0.50 P=0.50 R=1.00) advisory only"}
{"time":"2026-07-23 01:40:43,977","level":"WARNING","node":3,"msg":"Sent consensus vote to node 0 FAILED (hard timeout or exception) — consecutive failure streak 1/3 over 0.0s"}
{"time":"2026-07-23 01:40:43,979","level":"WARNING","node":3,"msg":"Sent consensus vote to node 1 FAILED (hard timeout or exception) — consecutive failure streak 1/3 over 0.0s"}
{"time":"2026-07-23 01:40:43,980","level":"WARNING","node":3,"msg":"Sent consensus vote to node 2 FAILED (hard timeout or exception) — consecutive failure streak 1/3 over 0.0s"}
{"time":"2026-07-23 01:40:44,041","level":"INFO","node":3,"msg":"[FC2 DELTA NORM] node 3 round=1 — fc2 delta norm this round: 0.0345"}
{"time":"2026-07-23 01:40:50,062","level":"INFO","node":3,"msg":"Forwarded to http://127.0.0.1:8000"}
{"time":"2026-07-23 01:41:12,454","level":"INFO","node":3,"msg":"Proposal for round=1 origin=1 changed hash after 54.16s — treating as a legitimate round retry, not equivocation."}
{"time":"2026-07-23 01:41:12,454","level":"INFO","node":3,"msg":"Proposal received: round=1 origin=1 hash=72cd3fb92b11..."}
{"time":"2026-07-23 01:41:12,461","level":"INFO","node":3,"msg":"Consensus vote recorded: node 1 decision=True reason=zkp_ok round=1 new=True satisfied=False"}
{"time":"2026-07-23 01:41:28,179","level":"INFO","node":3,"msg":"Received update from node 2, round 1"}
{"time":"2026-07-23 01:41:37,789","level":"INFO","node":3,"msg":"ZKP ACCEPTED from node 2"}
{"time":"2026-07-23 01:41:37,789","level":"INFO","node":3,"msg":"Trust score for node 1: S=0.000 (Z=1.00 A=0.00 P=0.50 R=1.00) advisory only"}
{"time":"2026-07-23 01:41:37,799","level":"WARNING","node":3,"msg":"Sent consensus vote to node 0 FAILED (hard timeout or exception) — consecutive failure streak 2/3 over 53.8s"}
{"time":"2026-07-23 01:41:37,799","level":"WARNING","node":3,"msg":"Sent consensus vote to node 1 FAILED (hard timeout or exception) — consecutive failure streak 2/3 over 53.8s"}
{"time":"2026-07-23 01:41:37,800","level":"WARNING","node":3,"msg":"Sent consensus vote to node 2 FAILED (hard timeout or exception) — consecutive failure streak 2/3 over 53.8s"}
{"time":"2026-07-23 01:41:37,831","level":"INFO","node":3,"msg":"[FC2 DELTA NORM] node 3 round=1 — fc2 delta norm this round: 0.0595"}
{"time":"2026-07-23 01:41:43,835","level":"INFO","node":3,"msg":"Forwarded to http://127.0.0.1:8000"}
{"time":"2026-07-23 01:42:06,465","level":"INFO","node":3,"msg":"Proposal for round=1 origin=1 changed hash after 54.01s — treating as a legitimate round retry, not equivocation."}
{"time":"2026-07-23 01:42:06,466","level":"INFO","node":3,"msg":"Proposal received: round=1 origin=1 hash=97b3955a2589..."}
{"time":"2026-07-23 01:42:06,481","level":"INFO","node":3,"msg":"Consensus vote recorded: node 1 decision=True reason=zkp_ok round=1 new=True satisfied=False"}
{"time":"2026-07-23 01:42:16,247","level":"INFO","node":3,"msg":"Consensus vote recorded: node 2 decision=True reason=zkp_ok round=1 new=True satisfied=False"}
{"time":"2026-07-23 01:42:22,329","level":"INFO","node":3,"msg":"Received update from node 2, round 1"}
{"time":"2026-07-23 01:42:32,142","level":"INFO","node":3,"msg":"ZKP ACCEPTED from node 2"}
{"time":"2026-07-23 01:42:32,142","level":"INFO","node":3,"msg":"fc_in col7 delta self-cosine for node 1: -0.4901 (delta_norm=0.1907)"}
{"time":"2026-07-23 01:42:32,153","level":"INFO","node":3,"msg":"Trust score for node 1: S=0.000 (Z=1.00 A=0.00 P=0.50 R=1.00) advisory only"}
{"time":"2026-07-23 01:42:32,175","level":"INFO","node":3,"msg":"Sent consensus vote to node 0"}
{"time":"2026-07-23 01:42:32,175","level":"INFO","node":3,"msg":"Sent consensus vote to node 1"}
{"time":"2026-07-23 01:42:32,175","level":"INFO","node":3,"msg":"Sent consensus vote to node 2"}
{"time":"2026-07-23 01:42:32,214","level":"INFO","node":3,"msg":"[FC2 DELTA NORM] node 3 round=1 — fc2 delta norm this round: 0.0702"}
{"time":"2026-07-23 01:42:38,220","level":"INFO","node":3,"msg":"Forwarded to http://127.0.0.1:8000"}
{"time":"2026-07-23 01:42:48,054","level":"ERROR","node":3,"msg":"Node 1 EXCLUDED from proposing and quorum. Quorum requirement adjusted to 3 of 3 remaining trusted nodes."}
{"time":"2026-07-23 01:42:48,055","level":"ERROR","node":3,"msg":"Node 2 EXCLUDED from proposing and quorum. Quorum requirement adjusted to 2 of 2 remaining trusted nodes."}
{"time":"2026-07-23 16:54:05,109","level":"INFO","node":3,"msg":"Starting node 3: Community Wellness Center"}
{"time":"2026-07-23 16:54:05,109","level":"INFO","node":3,"msg":"[CONFIG DEBUG] attack_simulation loaded: enabled=True target_node=2 type=gradient_norm config_path=config_dev.json"}
{"time":"2026-07-23 16:54:05,254","level":"WARNING","node":3,"msg":"DEV MODE: running without TLS"}
{"time":"2026-07-23 16:54:05,254","level":"INFO","node":3,"msg":"Listening on 127.0.0.1:8003 | TLS=False"}
{"time":"2026-07-23 16:54:08,185","level":"INFO","node":3,"msg":"Consensus pubkey received from node 1"}
{"time":"2026-07-23 16:54:08,206","level":"INFO","node":3,"msg":"Key exchange complete with node 1"}
{"time":"2026-07-23 16:54:08,808","level":"INFO","node":3,"msg":"Key exchange complete with node 2"}
{"time":"2026-07-23 16:54:08,810","level":"INFO","node":3,"msg":"Consensus pubkey received from node 2"}
{"time":"2026-07-23 16:54:10,290","level":"INFO","node":3,"msg":"Sent public key to node 0"}
{"time":"2026-07-23 16:54:10,296","level":"INFO","node":3,"msg":"Sent consensus pubkey to node 0"}
{"time":"2026-07-23 16:54:10,317","level":"INFO","node":3,"msg":"Sent public key to node 1"}
{"time":"2026-07-23 16:54:10,334","level":"INFO","node":3,"msg":"Sent consensus pubkey to node 1"}
{"time":"2026-07-23 16:54:10,367","level":"INFO","node":3,"msg":"Sent public key to node 2"}
{"time":"2026-07-23 16:54:10,381","level":"INFO","node":3,"msg":"Sent consensus pubkey to node 2"}
{"time":"2026-07-23 16:54:19,527","level":"INFO","node":3,"msg":"Key exchange complete with node 0"}
{"time":"2026-07-23 16:54:19,582","level":"INFO","node":3,"msg":"Consensus pubkey received from node 0"}
{"time":"2026-07-23 16:55:11,032","level":"INFO","node":3,"msg":"Proposal received: round=0 origin=0 hash=12d8c2ebc91a..."}
{"time":"2026-07-23 16:55:11,164","level":"INFO","node":3,"msg":"Consensus vote recorded: node 0 decision=True reason=zkp_ok round=0 new=True satisfied=False"}
{"time":"2026-07-23 16:56:10,325","level":"INFO","node":3,"msg":"Consensus vote recorded: node 1 decision=True reason=zkp_ok round=0 new=True satisfied=False"}
{"time":"2026-07-23 16:58:06,099","level":"INFO","node":3,"msg":"Starting node 3: Community Wellness Center"}
{"time":"2026-07-23 16:58:06,099","level":"INFO","node":3,"msg":"[CONFIG DEBUG] attack_simulation loaded: enabled=True target_node=2 type=gradient_norm config_path=config_dev.json"}
{"time":"2026-07-23 16:58:06,173","level":"WARNING","node":3,"msg":"DEV MODE: running without TLS"}
{"time":"2026-07-23 16:58:06,173","level":"INFO","node":3,"msg":"Listening on 127.0.0.1:8003 | TLS=False"}
{"time":"2026-07-23 16:58:08,507","level":"INFO","node":3,"msg":"Consensus pubkey received from node 1"}
{"time":"2026-07-23 16:58:08,526","level":"INFO","node":3,"msg":"Key exchange complete with node 1"}
{"time":"2026-07-23 16:58:10,099","level":"INFO","node":3,"msg":"Key exchange complete with node 2"}
{"time":"2026-07-23 16:58:10,108","level":"INFO","node":3,"msg":"Consensus pubkey received from node 2"}
{"time":"2026-07-23 16:58:11,217","level":"INFO","node":3,"msg":"Sent consensus pubkey to node 0"}
{"time":"2026-07-23 16:58:11,217","level":"INFO","node":3,"msg":"Sent public key to node 0"}
{"time":"2026-07-23 16:58:11,229","level":"INFO","node":3,"msg":"Sent consensus pubkey to node 1"}
{"time":"2026-07-23 16:58:11,232","level":"INFO","node":3,"msg":"Sent public key to node 1"}
{"time":"2026-07-23 16:58:11,247","level":"INFO","node":3,"msg":"Sent public key to node 2"}
{"time":"2026-07-23 16:58:11,276","level":"INFO","node":3,"msg":"Sent consensus pubkey to node 2"}
{"time":"2026-07-23 16:58:17,376","level":"INFO","node":3,"msg":"Key exchange complete with node 0"}
{"time":"2026-07-23 16:58:17,403","level":"INFO","node":3,"msg":"Consensus pubkey received from node 0"}
{"time":"2026-07-23 16:58:29,675","level":"INFO","node":3,"msg":"Proposal received: round=0 origin=0 hash=48144036c007..."}
{"time":"2026-07-23 16:58:29,710","level":"INFO","node":3,"msg":"Consensus vote recorded: node 0 decision=True reason=zkp_ok round=0 new=True satisfied=False"}
{"time":"2026-07-23 16:58:45,098","level":"INFO","node":3,"msg":"Consensus vote recorded: node 1 decision=True reason=zkp_ok round=0 new=True satisfied=False"}
{"time":"2026-07-23 16:59:12,738","level":"INFO","node":3,"msg":"Consensus vote recorded: node 2 decision=True reason=zkp_ok round=0 new=True satisfied=True"}
{"time":"2026-07-23 16:59:24,190","level":"INFO","node":3,"msg":"Received update from node 2, round 0"}
{"time":"2026-07-23 16:59:39,287","level":"INFO","node":3,"msg":"ZKP ACCEPTED from node 2"}
{"time":"2026-07-23 16:59:39,305","level":"INFO","node":3,"msg":"Trust score for node 0: S=0.429 (Z=1.00 A=0.50 P=0.50 R=1.00) advisory only"}
{"time":"2026-07-23 16:59:39,316","level":"INFO","node":3,"msg":"Sent consensus vote to node 0"}
{"time":"2026-07-23 16:59:39,317","level":"INFO","node":3,"msg":"Sent consensus vote to node 1"}
{"time":"2026-07-23 16:59:39,317","level":"INFO","node":3,"msg":"Sent consensus vote to node 2"}
{"time":"2026-07-23 16:59:41,259","level":"INFO","node":3,"msg":"[FC2 DELTA NORM] node 3 round=0 — fc2 delta norm this round: 0.0579"}
{"time":"2026-07-23 16:59:41,265","level":"WARNING","node":3,"msg":"ZKP norm violation (clipping applied): slack=-352950, retry=0"}
{"time":"2026-07-23 16:59:51,150","level":"INFO","node":3,"msg":"Forwarded to http://127.0.0.1:8000"}
{"time":"2026-07-23 16:59:51,408","level":"INFO","node":3,"msg":"Synced weights from master for round 0"}
{"time":"2026-07-23 16:59:51,410","level":"INFO","node":3,"msg":"Sent commit vote to node 0"}
{"time":"2026-07-23 17:00:01,732","level":"INFO","node":3,"msg":"Proposal received: round=1 origin=1 hash=18e61a3c3bce..."}
{"time":"2026-07-23 17:00:01,740","level":"INFO","node":3,"msg":"Consensus vote recorded: node 1 decision=True reason=zkp_ok round=1 new=True satisfied=False"}
{"time":"2026-07-23 17:00:26,926","level":"INFO","node":3,"msg":"Received update from node 2, round 1"}
{"time":"2026-07-23 17:00:42,642","level":"INFO","node":3,"msg":"ZKP ACCEPTED from node 2"}
{"time":"2026-07-23 17:00:42,661","level":"INFO","node":3,"msg":"Trust score for node 1: S=0.429 (Z=1.00 A=0.50 P=0.50 R=1.00) advisory only"}
{"time":"2026-07-23 17:00:42,666","level":"WARNING","node":3,"msg":"Sent consensus vote to node 2 FAILED (hard timeout or exception) — consecutive failure streak 1/3 over 0.0s"}
{"time":"2026-07-23 17:00:42,666","level":"WARNING","node":3,"msg":"Sent consensus vote to node 1 FAILED (hard timeout or exception) — consecutive failure streak 1/3 over 0.0s"}
{"time":"2026-07-23 17:00:42,666","level":"WARNING","node":3,"msg":"Sent consensus vote to node 0 FAILED (hard timeout or exception) — consecutive failure streak 1/3 over 0.0s"}
{"time":"2026-07-23 17:00:42,755","level":"INFO","node":3,"msg":"[FC2 DELTA NORM] node 3 round=1 — fc2 delta norm this round: 0.0436"}
{"time":"2026-07-23 17:00:52,593","level":"INFO","node":3,"msg":"Forwarded to http://127.0.0.1:8000"}
{"time":"2026-07-23 17:01:28,780","level":"INFO","node":3,"msg":"Proposal for round=1 origin=1 changed hash after 87.04s — treating as a legitimate round retry, not equivocation."}
{"time":"2026-07-23 17:01:28,780","level":"INFO","node":3,"msg":"Proposal received: round=1 origin=1 hash=095e23587cf6..."}
{"time":"2026-07-23 17:01:28,793","level":"INFO","node":3,"msg":"Consensus vote recorded: node 1 decision=True reason=zkp_ok round=1 new=True satisfied=False"}
{"time":"2026-07-23 17:01:53,839","level":"INFO","node":3,"msg":"Received update from node 2, round 1"}
{"time":"2026-07-23 17:02:09,252","level":"INFO","node":3,"msg":"ZKP ACCEPTED from node 2"}
{"time":"2026-07-23 17:02:09,252","level":"INFO","node":3,"msg":"Trust score for node 1: S=0.000 (Z=1.00 A=0.00 P=0.50 R=1.00) advisory only"}
{"time":"2026-07-23 17:02:09,264","level":"WARNING","node":3,"msg":"Sent consensus vote to node 0 FAILED (hard timeout or exception) — consecutive failure streak 2/3 over 86.6s"}
{"time":"2026-07-23 17:02:09,264","level":"WARNING","node":3,"msg":"Sent consensus vote to node 1 FAILED (hard timeout or exception) — consecutive failure streak 2/3 over 86.6s"}
{"time":"2026-07-23 17:02:09,266","level":"WARNING","node":3,"msg":"Sent consensus vote to node 2 FAILED (hard timeout or exception) — consecutive failure streak 2/3 over 86.6s"}
{"time":"2026-07-23 17:02:09,336","level":"INFO","node":3,"msg":"[FC2 DELTA NORM] node 3 round=1 — fc2 delta norm this round: 0.0551"}
{"time":"2026-07-23 17:02:19,561","level":"INFO","node":3,"msg":"Forwarded to http://127.0.0.1:8000"}
{"time":"2026-07-23 17:02:55,131","level":"INFO","node":3,"msg":"Proposal for round=1 origin=1 changed hash after 86.35s — treating as a legitimate round retry, not equivocation."}
{"time":"2026-07-23 17:02:55,131","level":"INFO","node":3,"msg":"Proposal received: round=1 origin=1 hash=83bc929f059d..."}
{"time":"2026-07-23 17:02:55,148","level":"INFO","node":3,"msg":"Consensus vote recorded: node 1 decision=True reason=zkp_ok round=1 new=True satisfied=False"}
{"time":"2026-07-23 17:03:10,780","level":"INFO","node":3,"msg":"Consensus vote recorded: node 2 decision=True reason=zkp_ok round=1 new=True satisfied=False"}
{"time":"2026-07-23 17:03:20,361","level":"INFO","node":3,"msg":"Received update from node 2, round 1"}
{"time":"2026-07-23 17:03:35,797","level":"INFO","node":3,"msg":"ZKP ACCEPTED from node 2"}
{"time":"2026-07-23 17:03:35,797","level":"INFO","node":3,"msg":"fc_in col7 delta self-cosine for node 1: -0.3219 (delta_norm=0.1594)"}
{"time":"2026-07-23 17:03:35,811","level":"INFO","node":3,"msg":"Trust score for node 1: S=0.000 (Z=1.00 A=0.00 P=0.50 R=1.00) advisory only"}
{"time":"2026-07-23 17:03:35,844","level":"INFO","node":3,"msg":"Sent consensus vote to node 1"}
{"time":"2026-07-23 17:03:35,854","level":"INFO","node":3,"msg":"Sent consensus vote to node 0"}
{"time":"2026-07-23 17:03:35,883","level":"INFO","node":3,"msg":"Sent consensus vote to node 2"}
{"time":"2026-07-23 17:03:35,947","level":"INFO","node":3,"msg":"[FC2 DELTA NORM] node 3 round=1 — fc2 delta norm this round: 0.0706"}
{"time":"2026-07-23 17:03:45,625","level":"INFO","node":3,"msg":"Forwarded to http://127.0.0.1:8000"}
{"time":"2026-07-23 17:04:01,039","level":"ERROR","node":3,"msg":"Node 1 EXCLUDED from proposing and quorum. Quorum requirement adjusted to 3 of 3 remaining trusted nodes."}
{"time":"2026-07-23 17:04:01,041","level":"ERROR","node":3,"msg":"Node 2 EXCLUDED from proposing and quorum. Quorum requirement adjusted to 2 of 2 remaining trusted nodes."}
{"time":"2026-07-23 17:14:46,623","level":"ERROR","node":3,"msg":"Node 0 EXCLUDED from proposing and quorum. Quorum requirement adjusted to 1 of 1 remaining trusted nodes."}
{"time":"2026-07-23 17:15:29,248","level":"INFO","node":3,"msg":"Received update from node 2, round 2"}
{"time":"2026-07-23 17:15:44,320","level":"INFO","node":3,"msg":"ZKP ACCEPTED from node 2"}
{"time":"2026-07-23 17:15:45,586","level":"WARNING","node":3,"msg":"No stored proposal for round=2 origin=1 — voting using fallback hash, may not match other peers"}
{"time":"2026-07-23 17:15:45,586","level":"INFO","node":3,"msg":"fc_in col7 delta self-cosine for node 1: -0.2512 (delta_norm=0.3022)"}
{"time":"2026-07-23 17:15:45,618","level":"INFO","node":3,"msg":"Per-class agreement with node 1: class0=0.867 class1=0.918 gap=0.051"}
{"time":"2026-07-23 17:15:45,618","level":"INFO","node":3,"msg":"Per-class rolling gap for node 1: mean=0.051 over last 1 round(s)"}
{"time":"2026-07-23 17:15:45,618","level":"INFO","node":3,"msg":"Trust score for node 1: S=0.757 (Z=1.00 A=0.88 P=0.50 R=1.00) advisory only"}
{"time":"2026-07-23 17:15:45,670","level":"INFO","node":3,"msg":"[FC2 DELTA NORM] node 3 round=2 — fc2 delta norm this round: 0.0591"}
{"time":"2026-07-23 17:15:52,418","level":"INFO","node":3,"msg":"Received update from node 2, round 18"}
{"time":"2026-07-23 17:15:59,275","level":"INFO","node":3,"msg":"Forwarded to http://127.0.0.1:8000"}
{"time":"2026-07-23 17:16:11,406","level":"INFO","node":3,"msg":"ZKP ACCEPTED from node 2"}
{"time":"2026-07-23 17:16:12,653","level":"WARNING","node":3,"msg":"No stored proposal for round=18 origin=0 — voting using fallback hash, may not match other peers"}
{"time":"2026-07-23 17:16:12,670","level":"INFO","node":3,"msg":"Per-class agreement with node 0: class0=0.878 class1=0.812 gap=0.066"}
{"time":"2026-07-23 17:16:12,671","level":"INFO","node":3,"msg":"Per-class rolling gap for node 0: mean=0.066 over last 1 round(s)"}
{"time":"2026-07-23 17:16:12,671","level":"INFO","node":3,"msg":"Trust score for node 0: S=0.735 (Z=1.00 A=0.86 P=0.50 R=1.00) advisory only"}
{"time":"2026-07-23 17:16:12,765","level":"INFO","node":3,"msg":"[FC2 DELTA NORM] node 3 round=18 — fc2 delta norm this round: 0.0653"}
{"time":"2026-07-23 17:16:22,785","level":"INFO","node":3,"msg":"Forwarded to http://127.0.0.1:8000"}
{"time":"2026-07-23 17:17:03,550","level":"INFO","node":3,"msg":"Received update from node 2, round 3"}
{"time":"2026-07-23 17:17:18,652","level":"INFO","node":3,"msg":"ZKP ACCEPTED from node 2"}
{"time":"2026-07-23 17:17:19,905","level":"WARNING","node":3,"msg":"No stored proposal for round=3 origin=1 — voting using fallback hash, may not match other peers"}
{"time":"2026-07-23 17:17:19,905","level":"INFO","node":3,"msg":"fc_in col7 delta self-cosine for node 1: -0.6804 (delta_norm=0.1741)"}
{"time":"2026-07-23 17:17:19,915","level":"INFO","node":3,"msg":"Per-class agreement with node 1: class0=0.956 class1=0.934 gap=0.022"}
{"time":"2026-07-23 17:17:19,915","level":"INFO","node":3,"msg":"Per-class rolling gap for node 1: mean=0.037 over last 2 round(s)"}
{"time":"2026-07-23 17:17:19,915","level":"INFO","node":3,"msg":"Trust score for node 1: S=0.814 (Z=1.00 A=0.95 P=0.50 R=1.00) advisory only"}
{"time":"2026-07-23 17:17:19,970","level":"INFO","node":3,"msg":"[FC2 DELTA NORM] node 3 round=3 — fc2 delta norm this round: 0.0362"}
{"time":"2026-07-23 17:17:29,688","level":"INFO","node":3,"msg":"Received update from node 2, round 19"}
{"time":"2026-07-23 17:17:29,971","level":"INFO","node":3,"msg":"Forwarded to http://127.0.0.1:8000"}
{"time":"2026-07-23 17:17:44,985","level":"INFO","node":3,"msg":"ZKP ACCEPTED from node 2"}
{"time":"2026-07-23 17:17:46,123","level":"WARNING","node":3,"msg":"No stored proposal for round=19 origin=0 — voting using fallback hash, may not match other peers"}
{"time":"2026-07-23 17:17:46,124","level":"INFO","node":3,"msg":"fc_in col7 delta self-cosine for node 0: -0.5024 (delta_norm=0.2187)"}
{"time":"2026-07-23 17:17:46,131","level":"INFO","node":3,"msg":"Per-class agreement with node 0: class0=0.964 class1=0.943 gap=0.021"}
{"time":"2026-07-23 17:17:46,131","level":"INFO","node":3,"msg":"Per-class rolling gap for node 0: mean=0.043 over last 2 round(s)"}
{"time":"2026-07-23 17:17:46,134","level":"INFO","node":3,"msg":"Trust score for node 0: S=0.821 (Z=1.00 A=0.96 P=0.50 R=1.00) advisory only"}
{"time":"2026-07-23 17:17:46,236","level":"INFO","node":3,"msg":"[FC2 DELTA NORM] node 3 round=19 — fc2 delta norm this round: 0.0555"}
{"time":"2026-07-23 17:17:56,553","level":"INFO","node":3,"msg":"Forwarded to http://127.0.0.1:8000"}
{"time":"2026-07-23 17:18:35,022","level":"INFO","node":3,"msg":"Received update from node 2, round 4"}
{"time":"2026-07-23 17:18:50,209","level":"INFO","node":3,"msg":"ZKP ACCEPTED from node 2"}
{"time":"2026-07-23 17:18:51,483","level":"WARNING","node":3,"msg":"No stored proposal for round=4 origin=1 — voting using fallback hash, may not match other peers"}
{"time":"2026-07-23 17:18:51,483","level":"INFO","node":3,"msg":"fc_in col7 delta self-cosine for node 1: 0.1544 (delta_norm=0.1711)"}
{"time":"2026-07-23 17:18:51,497","level":"INFO","node":3,"msg":"Per-class agreement with node 1: class0=0.970 class1=0.951 gap=0.019"}
{"time":"2026-07-23 17:18:51,497","level":"INFO","node":3,"msg":"Per-class rolling gap for node 1: mean=0.031 over last 3 round(s)"}
{"time":"2026-07-23 17:18:51,498","level":"INFO","node":3,"msg":"Trust score for node 1: S=0.826 (Z=1.00 A=0.96 P=0.50 R=1.00) advisory only"}
{"time":"2026-07-23 17:18:51,554","level":"INFO","node":3,"msg":"[FC2 DELTA NORM] node 3 round=4 — fc2 delta norm this round: 0.0304"}
{"time":"2026-07-23 17:18:51,554","level":"WARNING","node":3,"msg":"ZKP norm violation (clipping applied): slack=-245925, retry=0"}
{"time":"2026-07-23 17:19:01,323","level":"INFO","node":3,"msg":"Forwarded to http://127.0.0.1:8000"}
{"time":"2026-07-23 17:26:03,346","level":"INFO","node":3,"msg":"Starting node 3: Community Wellness Center"}
{"time":"2026-07-23 17:26:03,346","level":"INFO","node":3,"msg":"[CONFIG DEBUG] attack_simulation loaded: enabled=True target_node=2 type=gradient_norm config_path=config_dev.json"}
{"time":"2026-07-23 17:26:03,697","level":"WARNING","node":3,"msg":"DEV MODE: running without TLS"}
{"time":"2026-07-23 17:26:03,697","level":"INFO","node":3,"msg":"Listening on 127.0.0.1:8003 | TLS=False"}
{"time":"2026-07-23 17:26:04,308","level":"INFO","node":3,"msg":"Consensus pubkey received from node 2"}
{"time":"2026-07-23 17:26:04,320","level":"INFO","node":3,"msg":"Key exchange complete with node 2"}
{"time":"2026-07-23 17:26:05,610","level":"INFO","node":3,"msg":"Key exchange complete with node 1"}
{"time":"2026-07-23 17:26:05,689","level":"INFO","node":3,"msg":"Consensus pubkey received from node 1"}
{"time":"2026-07-23 17:26:06,136","level":"INFO","node":3,"msg":"Key exchange complete with node 0"}
{"time":"2026-07-23 17:26:06,167","level":"INFO","node":3,"msg":"Consensus pubkey received from node 0"}
{"time":"2026-07-23 17:26:08,749","level":"INFO","node":3,"msg":"Sent consensus pubkey to node 0"}
{"time":"2026-07-23 17:26:08,749","level":"INFO","node":3,"msg":"Sent public key to node 0"}
{"time":"2026-07-23 17:26:08,765","level":"INFO","node":3,"msg":"Sent consensus pubkey to node 1"}
{"time":"2026-07-23 17:26:08,787","level":"INFO","node":3,"msg":"Sent consensus pubkey to node 2"}
{"time":"2026-07-23 17:26:08,789","level":"INFO","node":3,"msg":"Sent public key to node 1"}
{"time":"2026-07-23 17:26:08,802","level":"INFO","node":3,"msg":"Sent public key to node 2"}
{"time":"2026-07-23 17:26:31,498","level":"INFO","node":3,"msg":"Proposal received: round=0 origin=0 hash=c944eecca71a..."}
{"time":"2026-07-23 17:26:31,512","level":"INFO","node":3,"msg":"Consensus vote recorded: node 0 decision=True reason=zkp_ok round=0 new=True satisfied=False"}
{"time":"2026-07-23 17:27:08,606","level":"INFO","node":3,"msg":"Consensus vote recorded: node 1 decision=True reason=zkp_ok round=0 new=True satisfied=False"}
{"time":"2026-07-23 17:28:42,890","level":"INFO","node":3,"msg":"Consensus vote recorded: node 2 decision=True reason=zkp_ok round=0 new=True satisfied=True"}
{"time":"2026-07-23 17:29:26,806","level":"INFO","node":3,"msg":"Received update from node 2, round 0"}
{"time":"2026-07-23 17:30:19,663","level":"INFO","node":3,"msg":"ZKP ACCEPTED from node 2"}
{"time":"2026-07-23 17:30:19,706","level":"INFO","node":3,"msg":"Trust score for node 0: S=0.429 (Z=1.00 A=0.50 P=0.50 R=1.00) advisory only"}
{"time":"2026-07-23 17:30:19,738","level":"INFO","node":3,"msg":"Sent consensus vote to node 0"}
{"time":"2026-07-23 17:30:19,743","level":"INFO","node":3,"msg":"Sent consensus vote to node 1"}
{"time":"2026-07-23 17:30:19,745","level":"INFO","node":3,"msg":"Sent consensus vote to node 2"}
{"time":"2026-07-23 17:30:26,979","level":"INFO","node":3,"msg":"[FC2 DELTA NORM] node 3 round=0 — fc2 delta norm this round: 0.1073"}
{"time":"2026-07-23 17:30:27,009","level":"WARNING","node":3,"msg":"ZKP norm violation (clipping applied): slack=-260791, retry=0"}
{"time":"2026-07-23 17:31:01,599","level":"INFO","node":3,"msg":"Forwarded to http://127.0.0.1:8000"}
{"time":"2026-07-23 17:31:01,885","level":"INFO","node":3,"msg":"Synced weights from master for round 0"}
{"time":"2026-07-23 17:31:01,920","level":"INFO","node":3,"msg":"Sent commit vote to node 0"}
{"time":"2026-07-23 17:31:38,795","level":"INFO","node":3,"msg":"Proposal received: round=1 origin=1 hash=7a77e0098d68..."}
{"time":"2026-07-23 17:31:38,849","level":"INFO","node":3,"msg":"Consensus vote recorded: node 1 decision=True reason=zkp_ok round=1 new=True satisfied=False"}
{"time":"2026-07-23 17:33:57,094","level":"INFO","node":3,"msg":"Starting node 3: Community Wellness Center"}
{"time":"2026-07-23 17:33:57,094","level":"INFO","node":3,"msg":"[CONFIG DEBUG] attack_simulation loaded: enabled=True target_node=2 type=gradient_norm config_path=config_dev.json"}
{"time":"2026-07-23 17:33:57,148","level":"WARNING","node":3,"msg":"DEV MODE: running without TLS"}
{"time":"2026-07-23 17:33:57,148","level":"INFO","node":3,"msg":"Listening on 127.0.0.1:8003 | TLS=False"}
{"time":"2026-07-23 17:33:58,587","level":"INFO","node":3,"msg":"Consensus pubkey received from node 1"}
{"time":"2026-07-23 17:33:58,602","level":"INFO","node":3,"msg":"Key exchange complete with node 1"}
{"time":"2026-07-23 17:34:00,398","level":"INFO","node":3,"msg":"Key exchange complete with node 2"}
{"time":"2026-07-23 17:34:00,414","level":"INFO","node":3,"msg":"Consensus pubkey received from node 2"}
{"time":"2026-07-23 17:34:02,164","level":"INFO","node":3,"msg":"Sent public key to node 0"}
{"time":"2026-07-23 17:34:02,164","level":"INFO","node":3,"msg":"Sent consensus pubkey to node 0"}
{"time":"2026-07-23 17:34:02,187","level":"INFO","node":3,"msg":"Sent public key to node 1"}
{"time":"2026-07-23 17:34:02,187","level":"INFO","node":3,"msg":"Sent consensus pubkey to node 1"}
{"time":"2026-07-23 17:34:02,210","level":"INFO","node":3,"msg":"Sent public key to node 2"}
{"time":"2026-07-23 17:34:02,210","level":"INFO","node":3,"msg":"Sent consensus pubkey to node 2"}
{"time":"2026-07-23 17:34:08,570","level":"INFO","node":3,"msg":"Key exchange complete with node 0"}
{"time":"2026-07-23 17:34:08,606","level":"INFO","node":3,"msg":"Consensus pubkey received from node 0"}
{"time":"2026-07-23 17:34:19,516","level":"INFO","node":3,"msg":"Proposal received: round=0 origin=0 hash=04ae5271245a..."}
{"time":"2026-07-23 17:34:19,537","level":"INFO","node":3,"msg":"Consensus vote recorded: node 0 decision=True reason=zkp_ok round=0 new=True satisfied=False"}
{"time":"2026-07-23 17:34:34,396","level":"INFO","node":3,"msg":"Consensus vote recorded: node 1 decision=True reason=zkp_ok round=0 new=True satisfied=False"}
{"time":"2026-07-23 17:35:00,305","level":"INFO","node":3,"msg":"Consensus vote recorded: node 2 decision=True reason=zkp_ok round=0 new=True satisfied=True"}
{"time":"2026-07-23 17:35:11,264","level":"INFO","node":3,"msg":"Received update from node 2, round 0"}
{"time":"2026-07-23 17:35:25,985","level":"INFO","node":3,"msg":"ZKP ACCEPTED from node 2"}
{"time":"2026-07-23 17:35:26,001","level":"INFO","node":3,"msg":"Trust score for node 0: S=0.429 (Z=1.00 A=0.50 P=0.50 R=1.00) advisory only"}
{"time":"2026-07-23 17:35:26,022","level":"INFO","node":3,"msg":"Sent consensus vote to node 0"}
{"time":"2026-07-23 17:35:26,022","level":"INFO","node":3,"msg":"Sent consensus vote to node 2"}
{"time":"2026-07-23 17:35:26,022","level":"INFO","node":3,"msg":"Sent consensus vote to node 1"}
{"time":"2026-07-23 17:35:27,873","level":"INFO","node":3,"msg":"[FC2 DELTA NORM] node 3 round=0 — fc2 delta norm this round: 0.0490"}
{"time":"2026-07-23 17:35:27,876","level":"WARNING","node":3,"msg":"ZKP norm violation (clipping applied): slack=-15253, retry=0"}
{"time":"2026-07-23 17:35:37,091","level":"INFO","node":3,"msg":"[TIMING] node 3 round=0 ZKP proof generation (voter) took 9.21s"}
{"time":"2026-07-23 17:35:37,091","level":"INFO","node":3,"msg":"[TIMING] node 3 round=0 HE encryption (voter) took 0.00s"}
{"time":"2026-07-23 17:35:37,109","level":"INFO","node":3,"msg":"Forwarded to http://127.0.0.1:8000"}
{"time":"2026-07-23 17:35:37,239","level":"INFO","node":3,"msg":"Synced weights from master for round 0"}
{"time":"2026-07-23 17:35:37,251","level":"INFO","node":3,"msg":"Sent commit vote to node 0"}
{"time":"2026-07-23 17:35:46,995","level":"INFO","node":3,"msg":"Proposal received: round=1 origin=1 hash=da0698878166..."}
{"time":"2026-07-23 17:35:47,013","level":"INFO","node":3,"msg":"Consensus vote recorded: node 1 decision=True reason=zkp_ok round=1 new=True satisfied=False"}
{"time":"2026-07-23 17:36:11,044","level":"INFO","node":3,"msg":"Received update from node 2, round 1"}
{"time":"2026-07-23 17:36:26,036","level":"INFO","node":3,"msg":"ZKP ACCEPTED from node 2"}
{"time":"2026-07-23 17:36:26,042","level":"INFO","node":3,"msg":"Trust score for node 1: S=0.429 (Z=1.00 A=0.50 P=0.50 R=1.00) advisory only"}
{"time":"2026-07-23 17:36:26,046","level":"WARNING","node":3,"msg":"Sent consensus vote to node 0 FAILED (hard timeout or exception) — consecutive failure streak 1/3 over 0.0s"}
{"time":"2026-07-23 17:36:26,048","level":"WARNING","node":3,"msg":"Sent consensus vote to node 1 FAILED (hard timeout or exception) — consecutive failure streak 1/3 over 0.0s"}
{"time":"2026-07-23 17:36:26,048","level":"WARNING","node":3,"msg":"Sent consensus vote to node 2 FAILED (hard timeout or exception) — consecutive failure streak 1/3 over 0.0s"}
{"time":"2026-07-23 17:36:26,097","level":"INFO","node":3,"msg":"[FC2 DELTA NORM] node 3 round=1 — fc2 delta norm this round: 0.0533"}
{"time":"2026-07-23 17:36:35,391","level":"INFO","node":3,"msg":"[TIMING] node 3 round=1 ZKP proof generation (voter) took 9.27s"}
{"time":"2026-07-23 17:36:35,391","level":"INFO","node":3,"msg":"[TIMING] node 3 round=1 HE encryption (voter) took 0.00s"}
{"time":"2026-07-23 17:36:35,424","level":"INFO","node":3,"msg":"Forwarded to http://127.0.0.1:8000"}
{"time":"2026-07-23 17:37:10,671","level":"INFO","node":3,"msg":"Proposal for round=1 origin=1 changed hash after 83.68s — treating as a legitimate round retry, not equivocation."}
{"time":"2026-07-23 17:37:10,671","level":"INFO","node":3,"msg":"Proposal received: round=1 origin=1 hash=27d342fd0eec..."}
{"time":"2026-07-23 17:37:10,698","level":"INFO","node":3,"msg":"Consensus vote recorded: node 1 decision=True reason=zkp_ok round=1 new=True satisfied=False"}
{"time":"2026-07-23 17:37:34,769","level":"INFO","node":3,"msg":"Received update from node 2, round 1"}
{"time":"2026-07-23 17:37:50,202","level":"INFO","node":3,"msg":"ZKP ACCEPTED from node 2"}
{"time":"2026-07-23 17:37:50,218","level":"INFO","node":3,"msg":"Trust score for node 1: S=0.000 (Z=1.00 A=0.00 P=0.50 R=1.00) advisory only"}
{"time":"2026-07-23 17:37:50,224","level":"WARNING","node":3,"msg":"Sent consensus vote to node 0 FAILED (hard timeout or exception) — consecutive failure streak 2/3 over 84.2s"}
{"time":"2026-07-23 17:37:50,224","level":"WARNING","node":3,"msg":"Sent consensus vote to node 2 FAILED (hard timeout or exception) — consecutive failure streak 2/3 over 84.2s"}
{"time":"2026-07-23 17:37:50,224","level":"WARNING","node":3,"msg":"Sent consensus vote to node 1 FAILED (hard timeout or exception) — consecutive failure streak 2/3 over 84.2s"}
{"time":"2026-07-23 17:37:50,307","level":"INFO","node":3,"msg":"[FC2 DELTA NORM] node 3 round=1 — fc2 delta norm this round: 0.0519"}
{"time":"2026-07-23 17:37:59,753","level":"INFO","node":3,"msg":"[TIMING] node 3 round=1 ZKP proof generation (voter) took 9.43s"}
{"time":"2026-07-23 17:37:59,753","level":"INFO","node":3,"msg":"[TIMING] node 3 round=1 HE encryption (voter) took 0.00s"}
{"time":"2026-07-23 17:37:59,753","level":"INFO","node":3,"msg":"Forwarded to http://127.0.0.1:8000"}
{"time":"2026-07-23 17:38:34,161","level":"INFO","node":3,"msg":"Proposal for round=1 origin=1 changed hash after 83.50s — treating as a legitimate round retry, not equivocation."}
{"time":"2026-07-23 17:38:34,161","level":"INFO","node":3,"msg":"Proposal received: round=1 origin=1 hash=67c2bb6c16eb..."}
{"time":"2026-07-23 17:38:34,182","level":"INFO","node":3,"msg":"Consensus vote recorded: node 1 decision=True reason=zkp_ok round=1 new=True satisfied=False"}
{"time":"2026-07-23 17:38:49,271","level":"INFO","node":3,"msg":"Consensus vote recorded: node 2 decision=True reason=zkp_ok round=1 new=True satisfied=False"}
{"time":"2026-07-23 17:38:58,725","level":"INFO","node":3,"msg":"Received update from node 2, round 1"}
{"time":"2026-07-23 17:39:13,703","level":"INFO","node":3,"msg":"ZKP ACCEPTED from node 2"}
{"time":"2026-07-23 17:39:13,703","level":"INFO","node":3,"msg":"fc_in col7 delta self-cosine for node 1: -0.2230 (delta_norm=0.1613)"}
{"time":"2026-07-23 17:39:13,703","level":"INFO","node":3,"msg":"Trust score for node 1: S=0.000 (Z=1.00 A=0.00 P=0.50 R=1.00) advisory only"}
{"time":"2026-07-23 17:39:13,741","level":"INFO","node":3,"msg":"Sent consensus vote to node 0"}
{"time":"2026-07-23 17:39:13,761","level":"INFO","node":3,"msg":"Sent consensus vote to node 2"}
{"time":"2026-07-23 17:39:13,763","level":"INFO","node":3,"msg":"Sent consensus vote to node 1"}
{"time":"2026-07-23 17:39:13,812","level":"INFO","node":3,"msg":"[FC2 DELTA NORM] node 3 round=1 — fc2 delta norm this round: 0.0710"}
{"time":"2026-07-23 17:39:22,996","level":"INFO","node":3,"msg":"[TIMING] node 3 round=1 ZKP proof generation (voter) took 9.17s"}
{"time":"2026-07-23 17:39:22,996","level":"INFO","node":3,"msg":"[TIMING] node 3 round=1 HE encryption (voter) took 0.00s"}
{"time":"2026-07-23 17:39:23,012","level":"INFO","node":3,"msg":"Forwarded to http://127.0.0.1:8000"}
{"time":"2026-07-23 17:39:38,150","level":"ERROR","node":3,"msg":"Node 1 EXCLUDED from proposing and quorum. Quorum requirement adjusted to 3 of 3 remaining trusted nodes."}
{"time":"2026-07-23 17:39:38,163","level":"ERROR","node":3,"msg":"Node 2 EXCLUDED from proposing and quorum. Quorum requirement adjusted to 2 of 2 remaining trusted nodes."}
{"time":"2026-07-23 17:50:21,896","level":"ERROR","node":3,"msg":"Node 0 EXCLUDED from proposing and quorum. Quorum requirement adjusted to 1 of 1 remaining trusted nodes."}
{"time":"2026-07-23 17:50:56,589","level":"INFO","node":3,"msg":"Received update from node 2, round 2"}
{"time":"2026-07-23 17:51:03,167","level":"INFO","node":3,"msg":"Received update from node 2, round 19"}
{"time":"2026-07-23 17:51:10,789","level":"INFO","node":3,"msg":"ZKP ACCEPTED from node 2"}
{"time":"2026-07-23 17:51:12,552","level":"WARNING","node":3,"msg":"No stored proposal for round=2 origin=1 — voting using fallback hash, may not match other peers"}
{"time":"2026-07-23 17:51:12,568","level":"INFO","node":3,"msg":"fc_in col7 delta self-cosine for node 1: -0.0749 (delta_norm=0.3282)"}
{"time":"2026-07-23 17:51:13,613","level":"INFO","node":3,"msg":"Per-class agreement with node 1: class0=0.948 class1=0.955 gap=0.007"}
{"time":"2026-07-23 17:51:13,644","level":"INFO","node":3,"msg":"Per-class rolling gap for node 1: mean=0.007 over last 1 round(s)"}
{"time":"2026-07-23 17:51:13,688","level":"INFO","node":3,"msg":"Trust score for node 1: S=0.815 (Z=1.00 A=0.95 P=0.50 R=1.00) advisory only"}
{"time":"2026-07-23 17:51:17,565","level":"INFO","node":3,"msg":"ZKP ACCEPTED from node 2"}
{"time":"2026-07-23 17:51:17,590","level":"INFO","node":3,"msg":"[FC2 DELTA NORM] node 3 round=2 — fc2 delta norm this round: 0.0613"}
{"time":"2026-07-23 17:51:19,265","level":"WARNING","node":3,"msg":"No stored proposal for round=19 origin=0 — voting using fallback hash, may not match other peers"}
{"time":"2026-07-23 17:51:21,266","level":"INFO","node":3,"msg":"Per-class agreement with node 0: class0=0.858 class1=0.834 gap=0.025"}
{"time":"2026-07-23 17:51:21,282","level":"INFO","node":3,"msg":"Per-class rolling gap for node 0: mean=0.025 over last 1 round(s)"}
{"time":"2026-07-23 17:51:21,306","level":"INFO","node":3,"msg":"Trust score for node 0: S=0.729 (Z=1.00 A=0.85 P=0.50 R=1.00) advisory only"}
{"time":"2026-07-23 17:51:24,762","level":"INFO","node":3,"msg":"[TIMING] node 3 round=2 ZKP proof generation (voter) took 7.16s"}
{"time":"2026-07-23 17:51:24,762","level":"INFO","node":3,"msg":"[TIMING] node 3 round=2 HE encryption (voter) took 0.00s"}
{"time":"2026-07-23 17:51:24,762","level":"INFO","node":3,"msg":"Forwarded to http://127.0.0.1:8000"}
{"time":"2026-07-23 17:51:24,812","level":"INFO","node":3,"msg":"[FC2 DELTA NORM] node 3 round=19 — fc2 delta norm this round: 0.0571"}
{"time":"2026-07-23 17:51:31,356","level":"INFO","node":3,"msg":"[TIMING] node 3 round=19 ZKP proof generation (voter) took 6.54s"}
{"time":"2026-07-23 17:51:31,356","level":"INFO","node":3,"msg":"[TIMING] node 3 round=19 HE encryption (voter) took 0.00s"}
{"time":"2026-07-23 17:51:31,559","level":"INFO","node":3,"msg":"Forwarded to http://127.0.0.1:8000"}
{"time":"2026-07-23 17:52:07,546","level":"INFO","node":3,"msg":"Received update from node 2, round 3"}
{"time":"2026-07-23 17:52:17,350","level":"INFO","node":3,"msg":"ZKP ACCEPTED from node 2"}
{"time":"2026-07-23 17:52:18,629","level":"WARNING","node":3,"msg":"No stored proposal for round=3 origin=1 — voting using fallback hash, may not match other peers"}
{"time":"2026-07-23 17:52:18,629","level":"INFO","node":3,"msg":"fc_in col7 delta self-cosine for node 1: -0.7720 (delta_norm=0.2200)"}
{"time":"2026-07-23 17:52:18,637","level":"INFO","node":3,"msg":"Per-class agreement with node 1: class0=0.954 class1=0.918 gap=0.036"}
{"time":"2026-07-23 17:52:18,639","level":"INFO","node":3,"msg":"Per-class rolling gap for node 1: mean=0.021 over last 2 round(s)"}
{"time":"2026-07-23 17:52:18,639","level":"INFO","node":3,"msg":"Trust score for node 1: S=0.808 (Z=1.00 A=0.94 P=0.50 R=1.00) advisory only"}
{"time":"2026-07-23 17:52:18,705","level":"INFO","node":3,"msg":"[FC2 DELTA NORM] node 3 round=3 — fc2 delta norm this round: 0.0515"}
{"time":"2026-07-23 17:52:18,705","level":"WARNING","node":3,"msg":"ZKP norm violation (clipping applied): slack=-238782, retry=0"}
{"time":"2026-07-23 17:52:24,803","level":"INFO","node":3,"msg":"[TIMING] node 3 round=3 ZKP proof generation (voter) took 6.08s"}
{"time":"2026-07-23 17:52:24,803","level":"INFO","node":3,"msg":"[TIMING] node 3 round=3 HE encryption (voter) took 0.00s"}
{"time":"2026-07-23 17:52:24,824","level":"INFO","node":3,"msg":"Forwarded to http://127.0.0.1:8000"}
{"time":"2026-07-23 17:53:06,867","level":"INFO","node":3,"msg":"Received update from node 2, round 4"}
{"time":"2026-07-23 17:53:16,775","level":"INFO","node":3,"msg":"ZKP ACCEPTED from node 2"}
{"time":"2026-07-23 17:53:18,037","level":"WARNING","node":3,"msg":"No stored proposal for round=4 origin=1 — voting using fallback hash, may not match other peers"}
{"time":"2026-07-23 17:53:18,039","level":"INFO","node":3,"msg":"fc_in col7 delta self-cosine for node 1: 0.0926 (delta_norm=0.1631)"}
{"time":"2026-07-23 17:53:18,048","level":"INFO","node":3,"msg":"Per-class agreement with node 1: class0=0.972 class1=0.966 gap=0.006"}
{"time":"2026-07-23 17:53:18,048","level":"INFO","node":3,"msg":"Per-class rolling gap for node 1: mean=0.016 over last 3 round(s)"}
{"time":"2026-07-23 17:53:18,048","level":"INFO","node":3,"msg":"Trust score for node 1: S=0.831 (Z=1.00 A=0.97 P=0.50 R=1.00) advisory only"}
{"time":"2026-07-23 17:53:18,085","level":"INFO","node":3,"msg":"[FC2 DELTA NORM] node 3 round=4 — fc2 delta norm this round: 0.0500"}
{"time":"2026-07-23 17:53:18,085","level":"WARNING","node":3,"msg":"ZKP norm violation (clipping applied): slack=-170153, retry=0"}
{"time":"2026-07-23 17:53:24,164","level":"INFO","node":3,"msg":"[TIMING] node 3 round=4 ZKP proof generation (voter) took 6.07s"}
{"time":"2026-07-23 17:53:24,164","level":"INFO","node":3,"msg":"[TIMING] node 3 round=4 HE encryption (voter) took 0.00s"}
{"time":"2026-07-23 17:53:24,164","level":"INFO","node":3,"msg":"Forwarded to http://127.0.0.1:8000"}
{"time":"2026-07-23 17:54:05,576","level":"INFO","node":3,"msg":"Received update from node 2, round 5"}
{"time":"2026-07-23 17:54:15,383","level":"INFO","node":3,"msg":"ZKP ACCEPTED from node 2"}
{"time":"2026-07-23 17:54:16,639","level":"WARNING","node":3,"msg":"No stored proposal for round=5 origin=1 — voting using fallback hash, may not match other peers"}
{"time":"2026-07-23 17:54:16,639","level":"INFO","node":3,"msg":"fc_in col7 delta self-cosine for node 1: -0.1776 (delta_norm=0.1344)"}
{"time":"2026-07-23 17:54:16,649","level":"INFO","node":3,"msg":"Per-class agreement with node 1: class0=0.960 class1=0.961 gap=0.001"}
{"time":"2026-07-23 17:54:16,649","level":"INFO","node":3,"msg":"Per-class rolling gap for node 1: mean=0.012 over last 4 round(s)"}
{"time":"2026-07-23 17:54:16,651","level":"INFO","node":3,"msg":"Trust score for node 1: S=0.823 (Z=1.00 A=0.96 P=0.50 R=1.00) advisory only"}
{"time":"2026-07-23 17:54:16,686","level":"INFO","node":3,"msg":"[FC2 DELTA NORM] node 3 round=5 — fc2 delta norm this round: 0.0556"}
{"time":"2026-07-23 17:54:22,832","level":"INFO","node":3,"msg":"[TIMING] node 3 round=5 ZKP proof generation (voter) took 6.14s"}
{"time":"2026-07-23 17:54:22,832","level":"INFO","node":3,"msg":"[TIMING] node 3 round=5 HE encryption (voter) took 0.00s"}
{"time":"2026-07-23 17:54:22,832","level":"INFO","node":3,"msg":"Forwarded to http://127.0.0.1:8000"}
{"time":"2026-07-23 17:55:04,340","level":"INFO","node":3,"msg":"Received update from node 2, round 6"}
{"time":"2026-07-23 17:55:14,182","level":"INFO","node":3,"msg":"ZKP ACCEPTED from node 2"}
{"time":"2026-07-23 17:55:15,446","level":"WARNING","node":3,"msg":"No stored proposal for round=6 origin=1 — voting using fallback hash, may not match other peers"}
{"time":"2026-07-23 17:55:15,446","level":"INFO","node":3,"msg":"fc_in col7 delta self-cosine for node 1: -0.3169 (delta_norm=0.1400)"}
{"time":"2026-07-23 17:55:15,451","level":"INFO","node":3,"msg":"Per-class agreement with node 1: class0=0.973 class1=0.938 gap=0.035"}
{"time":"2026-07-23 17:55:15,451","level":"INFO","node":3,"msg":"Per-class rolling gap for node 1: mean=0.020 over last 4 round(s)"}
{"time":"2026-07-23 17:55:15,451","level":"INFO","node":3,"msg":"Trust score for node 1: S=0.824 (Z=1.00 A=0.96 P=0.50 R=1.00) advisory only"}
{"time":"2026-07-23 17:55:15,486","level":"INFO","node":3,"msg":"[FC2 DELTA NORM] node 3 round=6 — fc2 delta norm this round: 0.0309"}
{"time":"2026-07-23 17:55:21,431","level":"INFO","node":3,"msg":"[TIMING] node 3 round=6 ZKP proof generation (voter) took 5.93s"}
{"time":"2026-07-23 17:55:21,431","level":"INFO","node":3,"msg":"[TIMING] node 3 round=6 HE encryption (voter) took 0.00s"}
{"time":"2026-07-23 17:55:21,448","level":"INFO","node":3,"msg":"Forwarded to http://127.0.0.1:8000"}
{"time":"2026-07-23 17:56:02,820","level":"INFO","node":3,"msg":"Received update from node 2, round 7"}
{"time":"2026-07-23 17:56:12,738","level":"INFO","node":3,"msg":"ZKP ACCEPTED from node 2"}
{"time":"2026-07-23 17:56:14,002","level":"WARNING","node":3,"msg":"No stored proposal for round=7 origin=1 — voting using fallback hash, may not match other peers"}
{"time":"2026-07-23 17:56:14,002","level":"INFO","node":3,"msg":"fc_in col7 delta self-cosine for node 1: -0.3810 (delta_norm=0.1500)"}
{"time":"2026-07-23 17:56:14,009","level":"INFO","node":3,"msg":"Per-class agreement with node 1: class0=0.966 class1=0.960 gap=0.007"}
{"time":"2026-07-23 17:56:14,009","level":"INFO","node":3,"msg":"Per-class rolling gap for node 1: mean=0.012 over last 4 round(s)"}
{"time":"2026-07-23 17:56:14,009","level":"INFO","node":3,"msg":"Trust score for node 1: S=0.827 (Z=1.00 A=0.96 P=0.50 R=1.00) advisory only"}
{"time":"2026-07-23 17:56:14,040","level":"INFO","node":3,"msg":"[FC2 DELTA NORM] node 3 round=7 — fc2 delta norm this round: 0.0242"}
{"time":"2026-07-23 17:56:14,041","level":"WARNING","node":3,"msg":"ZKP norm violation (clipping applied): slack=-413630, retry=0"}
{"time":"2026-07-23 17:56:20,112","level":"INFO","node":3,"msg":"[TIMING] node 3 round=7 ZKP proof generation (voter) took 6.05s"}
{"time":"2026-07-23 17:56:20,112","level":"INFO","node":3,"msg":"[TIMING] node 3 round=7 HE encryption (voter) took 0.00s"}
{"time":"2026-07-23 17:56:20,119","level":"INFO","node":3,"msg":"Forwarded to http://127.0.0.1:8000"}
{"time":"2026-07-23 17:57:01,391","level":"INFO","node":3,"msg":"Received update from node 2, round 8"}
{"time":"2026-07-23 17:57:11,693","level":"INFO","node":3,"msg":"ZKP ACCEPTED from node 2"}
{"time":"2026-07-23 17:57:12,946","level":"WARNING","node":3,"msg":"No stored proposal for round=8 origin=1 — voting using fallback hash, may not match other peers"}
{"time":"2026-07-23 17:57:12,946","level":"INFO","node":3,"msg":"fc_in col7 delta self-cosine for node 1: -0.4031 (delta_norm=0.1336)"}
{"time":"2026-07-23 17:57:12,953","level":"INFO","node":3,"msg":"Per-class agreement with node 1: class0=0.964 class1=0.945 gap=0.019"}
{"time":"2026-07-23 17:57:12,953","level":"INFO","node":3,"msg":"Per-class rolling gap for node 1: mean=0.016 over last 4 round(s)"}
{"time":"2026-07-23 17:57:12,953","level":"INFO","node":3,"msg":"Trust score for node 1: S=0.821 (Z=1.00 A=0.96 P=0.50 R=1.00) advisory only"}
{"time":"2026-07-23 17:57:13,067","level":"INFO","node":3,"msg":"[FC2 DELTA NORM] node 3 round=8 — fc2 delta norm this round: 0.0215"}
{"time":"2026-07-23 17:57:13,067","level":"WARNING","node":3,"msg":"ZKP norm violation (clipping applied): slack=-132774, retry=0"}
{"time":"2026-07-23 17:57:20,254","level":"INFO","node":3,"msg":"[TIMING] node 3 round=8 ZKP proof generation (voter) took 7.17s"}
{"time":"2026-07-23 17:57:20,254","level":"INFO","node":3,"msg":"[TIMING] node 3 round=8 HE encryption (voter) took 0.00s"}
{"time":"2026-07-23 17:57:20,272","level":"INFO","node":3,"msg":"Forwarded to http://127.0.0.1:8000"}
{"time":"2026-07-23 19:43:29,234","level":"INFO","node":3,"msg":"Starting node 3: Community Wellness Center"}
{"time":"2026-07-23 19:43:29,234","level":"INFO","node":3,"msg":"[CONFIG DEBUG] attack_simulation loaded: enabled=True target_node=2 type=gradient_norm config_path=config_dev.json"}
{"time":"2026-07-23 19:43:29,621","level":"WARNING","node":3,"msg":"DEV MODE: running without TLS"}
{"time":"2026-07-23 19:43:29,621","level":"INFO","node":3,"msg":"Listening on 127.0.0.1:8003 | TLS=False"}
{"time":"2026-07-23 19:43:34,646","level":"INFO","node":3,"msg":"Sent public key to node 0"}
{"time":"2026-07-23 19:43:34,648","level":"INFO","node":3,"msg":"Sent consensus pubkey to node 0"}
{"time":"2026-07-23 19:43:34,662","level":"INFO","node":3,"msg":"Key exchange complete with node 1"}
{"time":"2026-07-23 19:43:34,667","level":"INFO","node":3,"msg":"Key exchange complete with node 2"}
{"time":"2026-07-23 19:43:34,676","level":"INFO","node":3,"msg":"Sent consensus pubkey to node 1"}
{"time":"2026-07-23 19:43:34,687","level":"INFO","node":3,"msg":"Sent public key to node 1"}
{"time":"2026-07-23 19:43:34,688","level":"INFO","node":3,"msg":"Consensus pubkey received from node 2"}
{"time":"2026-07-23 19:43:34,693","level":"INFO","node":3,"msg":"Consensus pubkey received from node 1"}
{"time":"2026-07-23 19:43:34,697","level":"INFO","node":3,"msg":"Sent consensus pubkey to node 2"}
{"time":"2026-07-23 19:43:34,701","level":"INFO","node":3,"msg":"Sent public key to node 2"}
{"time":"2026-07-23 19:43:46,222","level":"INFO","node":3,"msg":"Key exchange complete with node 0"}
{"time":"2026-07-23 19:43:46,242","level":"INFO","node":3,"msg":"Consensus pubkey received from node 0"}
{"time":"2026-07-23 19:43:54,518","level":"INFO","node":3,"msg":"Proposal received: round=0 origin=0 hash=08d514a348f6..."}
{"time":"2026-07-23 19:43:54,532","level":"INFO","node":3,"msg":"Consensus vote recorded: node 0 decision=True reason=zkp_ok round=0 new=True satisfied=False"}
{"time":"2026-07-23 19:44:21,806","level":"INFO","node":3,"msg":"Consensus vote recorded: node 1 decision=True reason=zkp_ok round=0 new=True satisfied=False"}
{"time":"2026-07-23 19:44:57,833","level":"INFO","node":3,"msg":"Consensus vote recorded: node 2 decision=True reason=zkp_ok round=0 new=True satisfied=True"}
{"time":"2026-07-23 19:45:16,021","level":"INFO","node":3,"msg":"Received update from node 2, round 0"}
{"time":"2026-07-23 19:45:25,623","level":"INFO","node":3,"msg":"ZKP ACCEPTED from node 2"}
{"time":"2026-07-23 19:45:25,639","level":"INFO","node":3,"msg":"Trust score for node 0: S=0.429 (Z=1.00 A=0.50 P=0.50 R=1.00) advisory only"}
{"time":"2026-07-23 19:45:25,660","level":"INFO","node":3,"msg":"Sent consensus vote to node 1"}
{"time":"2026-07-23 19:45:25,660","level":"INFO","node":3,"msg":"Sent consensus vote to node 0"}
{"time":"2026-07-23 19:45:25,662","level":"INFO","node":3,"msg":"Sent consensus vote to node 2"}
{"time":"2026-07-23 19:45:26,869","level":"INFO","node":3,"msg":"[FC2 DELTA NORM] node 3 round=0 — fc2 delta norm this round: 0.0805"}
{"time":"2026-07-23 19:45:33,730","level":"INFO","node":3,"msg":"[TIMING] node 3 round=0 ZKP proof generation (voter) took 6.85s"}
{"time":"2026-07-23 19:45:33,730","level":"INFO","node":3,"msg":"[TIMING] node 3 round=0 HE encryption (voter) took 0.00s"}
{"time":"2026-07-23 19:45:33,747","level":"INFO","node":3,"msg":"Forwarded to http://127.0.0.1:8000"}
{"time":"2026-07-23 19:45:33,811","level":"INFO","node":3,"msg":"Synced weights from master for round 0"}
{"time":"2026-07-23 19:45:33,830","level":"INFO","node":3,"msg":"Sent commit vote to node 0"}
{"time":"2026-07-23 19:45:42,067","level":"INFO","node":3,"msg":"Proposal received: round=1 origin=1 hash=0e36498f868d..."}
{"time":"2026-07-23 19:45:42,080","level":"INFO","node":3,"msg":"Consensus vote recorded: node 1 decision=True reason=zkp_ok round=1 new=True satisfied=False"}
{"time":"2026-07-23 19:45:58,467","level":"INFO","node":3,"msg":"Received update from node 2, round 1"}
{"time":"2026-07-23 19:46:08,210","level":"INFO","node":3,"msg":"ZKP ACCEPTED from node 2"}
{"time":"2026-07-23 19:46:08,210","level":"INFO","node":3,"msg":"Trust score for node 1: S=0.429 (Z=1.00 A=0.50 P=0.50 R=1.00) advisory only"}
{"time":"2026-07-23 19:46:08,210","level":"WARNING","node":3,"msg":"Sent consensus vote to node 0 FAILED (hard timeout or exception) — consecutive failure streak 1/3 over 0.0s"}
{"time":"2026-07-23 19:46:08,225","level":"WARNING","node":3,"msg":"Sent consensus vote to node 1 FAILED (hard timeout or exception) — consecutive failure streak 1/3 over 0.0s"}
{"time":"2026-07-23 19:46:08,225","level":"WARNING","node":3,"msg":"Sent consensus vote to node 2 FAILED (hard timeout or exception) — consecutive failure streak 1/3 over 0.0s"}
{"time":"2026-07-23 19:46:08,255","level":"INFO","node":3,"msg":"[FC2 DELTA NORM] node 3 round=1 — fc2 delta norm this round: 0.0612"}
{"time":"2026-07-23 19:46:14,395","level":"INFO","node":3,"msg":"[TIMING] node 3 round=1 ZKP proof generation (voter) took 6.13s"}
{"time":"2026-07-23 19:46:14,395","level":"INFO","node":3,"msg":"[TIMING] node 3 round=1 HE encryption (voter) took 0.00s"}
{"time":"2026-07-23 19:46:14,395","level":"INFO","node":3,"msg":"Forwarded to http://127.0.0.1:8000"}
{"time":"2026-07-23 19:46:37,624","level":"INFO","node":3,"msg":"Proposal for round=1 origin=1 changed hash after 55.56s — treating as a legitimate round retry, not equivocation."}
{"time":"2026-07-23 19:46:37,624","level":"INFO","node":3,"msg":"Proposal received: round=1 origin=1 hash=deabed6e8f27..."}
{"time":"2026-07-23 19:46:37,631","level":"INFO","node":3,"msg":"Consensus vote recorded: node 1 decision=True reason=zkp_ok round=1 new=True satisfied=False"}
{"time":"2026-07-23 19:46:53,650","level":"INFO","node":3,"msg":"Received update from node 2, round 1"}
{"time":"2026-07-23 19:47:03,257","level":"INFO","node":3,"msg":"ZKP ACCEPTED from node 2"}
{"time":"2026-07-23 19:47:03,257","level":"INFO","node":3,"msg":"Trust score for node 1: S=0.000 (Z=1.00 A=0.00 P=0.50 R=1.00) advisory only"}
{"time":"2026-07-23 19:47:03,273","level":"WARNING","node":3,"msg":"Sent consensus vote to node 0 FAILED (hard timeout or exception) — consecutive failure streak 2/3 over 55.1s"}
{"time":"2026-07-23 19:47:03,276","level":"WARNING","node":3,"msg":"Sent consensus vote to node 1 FAILED (hard timeout or exception) — consecutive failure streak 2/3 over 55.1s"}
{"time":"2026-07-23 19:47:03,277","level":"WARNING","node":3,"msg":"Sent consensus vote to node 2 FAILED (hard timeout or exception) — consecutive failure streak 2/3 over 55.1s"}
{"time":"2026-07-23 19:47:03,348","level":"INFO","node":3,"msg":"[FC2 DELTA NORM] node 3 round=1 — fc2 delta norm this round: 0.0729"}
{"time":"2026-07-23 19:47:09,455","level":"INFO","node":3,"msg":"[TIMING] node 3 round=1 ZKP proof generation (voter) took 6.09s"}
{"time":"2026-07-23 19:47:09,455","level":"INFO","node":3,"msg":"[TIMING] node 3 round=1 HE encryption (voter) took 0.00s"}
{"time":"2026-07-23 19:47:09,455","level":"INFO","node":3,"msg":"Forwarded to http://127.0.0.1:8000"}
{"time":"2026-07-23 19:47:32,768","level":"INFO","node":3,"msg":"Proposal for round=1 origin=1 changed hash after 55.16s — treating as a legitimate round retry, not equivocation."}
{"time":"2026-07-23 19:47:32,768","level":"INFO","node":3,"msg":"Proposal received: round=1 origin=1 hash=5f03919d969b..."}
{"time":"2026-07-23 19:47:32,805","level":"INFO","node":3,"msg":"Consensus vote recorded: node 1 decision=True reason=zkp_ok round=1 new=True satisfied=False"}
{"time":"2026-07-23 19:47:42,778","level":"INFO","node":3,"msg":"Consensus vote recorded: node 2 decision=True reason=zkp_ok round=1 new=True satisfied=False"}
{"time":"2026-07-23 19:47:48,930","level":"INFO","node":3,"msg":"Received update from node 2, round 1"}
{"time":"2026-07-23 19:47:58,819","level":"INFO","node":3,"msg":"ZKP ACCEPTED from node 2"}
{"time":"2026-07-23 19:47:58,819","level":"INFO","node":3,"msg":"fc_in col7 delta self-cosine for node 1: -0.3506 (delta_norm=0.1900)"}
{"time":"2026-07-23 19:47:58,833","level":"INFO","node":3,"msg":"Trust score for node 1: S=0.000 (Z=1.00 A=0.00 P=0.50 R=1.00) advisory only"}
{"time":"2026-07-23 19:47:58,851","level":"INFO","node":3,"msg":"Sent consensus vote to node 0"}
{"time":"2026-07-23 19:47:58,851","level":"INFO","node":3,"msg":"Sent consensus vote to node 1"}
{"time":"2026-07-23 19:47:58,853","level":"INFO","node":3,"msg":"Sent consensus vote to node 2"}
{"time":"2026-07-23 19:47:58,886","level":"INFO","node":3,"msg":"[FC2 DELTA NORM] node 3 round=1 — fc2 delta norm this round: 0.0741"}
{"time":"2026-07-23 19:48:05,045","level":"INFO","node":3,"msg":"[TIMING] node 3 round=1 ZKP proof generation (voter) took 6.14s"}
{"time":"2026-07-23 19:48:05,061","level":"INFO","node":3,"msg":"[TIMING] node 3 round=1 HE encryption (voter) took 0.00s"}
{"time":"2026-07-23 19:48:05,080","level":"INFO","node":3,"msg":"Forwarded to http://127.0.0.1:8000"}
{"time":"2026-07-23 19:48:15,326","level":"ERROR","node":3,"msg":"Node 1 EXCLUDED from proposing and quorum. Quorum requirement adjusted to 3 of 3 remaining trusted nodes."}
{"time":"2026-07-23 19:48:15,327","level":"ERROR","node":3,"msg":"Node 2 EXCLUDED from proposing and quorum. Quorum requirement adjusted to 2 of 2 remaining trusted nodes."}
{"time":"2026-07-23 19:58:45,394","level":"ERROR","node":3,"msg":"Node 0 EXCLUDED from proposing and quorum. Quorum requirement adjusted to 1 of 1 remaining trusted nodes."}
{"time":"2026-07-23 20:00:44,999","level":"INFO","node":3,"msg":"Received update from node 2, round 2"}
{"time":"2026-07-23 20:01:01,665","level":"INFO","node":3,"msg":"Received update from node 2, round 13"}
{"time":"2026-07-23 20:01:25,860","level":"INFO","node":3,"msg":"ZKP ACCEPTED from node 2"}
{"time":"2026-07-23 20:01:27,124","level":"WARNING","node":3,"msg":"No stored proposal for round=2 origin=1 — voting using fallback hash, may not match other peers"}
{"time":"2026-07-23 20:01:27,131","level":"INFO","node":3,"msg":"fc_in col7 delta self-cosine for node 1: -0.3457 (delta_norm=0.2569)"}
{"time":"2026-07-23 20:01:27,798","level":"INFO","node":3,"msg":"Per-class agreement with node 1: class0=0.893 class1=0.934 gap=0.041"}
{"time":"2026-07-23 20:01:27,811","level":"INFO","node":3,"msg":"Per-class rolling gap for node 1: mean=0.041 over last 1 round(s)"}
{"time":"2026-07-23 20:01:27,818","level":"INFO","node":3,"msg":"Trust score for node 1: S=0.777 (Z=1.00 A=0.91 P=0.50 R=1.00) advisory only"}
{"time":"2026-07-23 20:01:44,729","level":"INFO","node":3,"msg":"ZKP ACCEPTED from node 2"}
{"time":"2026-07-23 20:01:44,802","level":"INFO","node":3,"msg":"[FC2 DELTA NORM] node 3 round=2 — fc2 delta norm this round: 0.0522"}
{"time":"2026-07-23 20:01:46,337","level":"WARNING","node":3,"msg":"No stored proposal for round=13 origin=0 — voting using fallback hash, may not match other peers"}
{"time":"2026-07-23 20:01:47,268","level":"INFO","node":3,"msg":"Per-class agreement with node 0: class0=0.713 class1=0.824 gap=0.112"}
{"time":"2026-07-23 20:01:47,299","level":"INFO","node":3,"msg":"Per-class rolling gap for node 0: mean=0.112 over last 1 round(s)"}
{"time":"2026-07-23 20:01:47,316","level":"INFO","node":3,"msg":"Trust score for node 0: S=0.641 (Z=1.00 A=0.75 P=0.50 R=1.00) advisory only"}
{"time":"2026-07-23 20:02:04,299","level":"INFO","node":3,"msg":"[TIMING] node 3 round=2 ZKP proof generation (voter) took 19.49s"}
{"time":"2026-07-23 20:02:04,299","level":"INFO","node":3,"msg":"[TIMING] node 3 round=2 HE encryption (voter) took 0.00s"}
{"time":"2026-07-23 20:02:04,311","level":"INFO","node":3,"msg":"Forwarded to http://127.0.0.1:8000"}
{"time":"2026-07-23 20:02:04,357","level":"INFO","node":3,"msg":"[FC2 DELTA NORM] node 3 round=13 — fc2 delta norm this round: 0.0586"}
{"time":"2026-07-23 20:02:24,025","level":"INFO","node":3,"msg":"[TIMING] node 3 round=13 ZKP proof generation (voter) took 19.65s"}
{"time":"2026-07-23 20:02:24,025","level":"INFO","node":3,"msg":"[TIMING] node 3 round=13 HE encryption (voter) took 0.00s"}
{"time":"2026-07-23 20:02:24,102","level":"INFO","node":3,"msg":"Forwarded to http://127.0.0.1:8000"}
{"time":"2026-07-23 20:05:24,379","level":"INFO","node":3,"msg":"Received update from node 2, round 3"}
{"time":"2026-07-23 20:05:43,820","level":"INFO","node":3,"msg":"Received update from node 2, round 14"}
{"time":"2026-07-23 20:06:06,369","level":"INFO","node":3,"msg":"ZKP ACCEPTED from node 2"}
{"time":"2026-07-23 20:06:07,575","level":"WARNING","node":3,"msg":"No stored proposal for round=3 origin=1 — voting using fallback hash, may not match other peers"}
{"time":"2026-07-23 20:06:07,592","level":"INFO","node":3,"msg":"fc_in col7 delta self-cosine for node 1: -0.5333 (delta_norm=0.1830)"}
{"time":"2026-07-23 20:06:08,493","level":"INFO","node":3,"msg":"Per-class agreement with node 1: class0=0.952 class1=0.939 gap=0.013"}
{"time":"2026-07-23 20:06:08,513","level":"INFO","node":3,"msg":"Per-class rolling gap for node 1: mean=0.027 over last 2 round(s)"}
{"time":"2026-07-23 20:06:08,534","level":"INFO","node":3,"msg":"Trust score for node 1: S=0.812 (Z=1.00 A=0.95 P=0.50 R=1.00) advisory only"}
{"time":"2026-07-23 20:06:27,110","level":"INFO","node":3,"msg":"ZKP ACCEPTED from node 2"}
{"time":"2026-07-23 20:06:27,158","level":"INFO","node":3,"msg":"[FC2 DELTA NORM] node 3 round=3 — fc2 delta norm this round: 0.0491"}
{"time":"2026-07-23 20:06:28,427","level":"WARNING","node":3,"msg":"No stored proposal for round=14 origin=0 — voting using fallback hash, may not match other peers"}
{"time":"2026-07-23 20:06:28,444","level":"INFO","node":3,"msg":"fc_in col7 delta self-cosine for node 0: -0.3542 (delta_norm=0.2009)"}
{"time":"2026-07-23 20:06:28,992","level":"INFO","node":3,"msg":"Per-class agreement with node 0: class0=0.959 class1=0.935 gap=0.024"}
{"time":"2026-07-23 20:06:29,006","level":"INFO","node":3,"msg":"Per-class rolling gap for node 0: mean=0.068 over last 2 round(s)"}
{"time":"2026-07-23 20:06:29,020","level":"INFO","node":3,"msg":"Trust score for node 0: S=0.816 (Z=1.00 A=0.95 P=0.50 R=1.00) advisory only"}
{"time":"2026-07-23 20:06:45,198","level":"INFO","node":3,"msg":"[TIMING] node 3 round=3 ZKP proof generation (voter) took 18.03s"}
{"time":"2026-07-23 20:06:45,203","level":"INFO","node":3,"msg":"[TIMING] node 3 round=3 HE encryption (voter) took 0.00s"}
{"time":"2026-07-23 20:06:45,215","level":"INFO","node":3,"msg":"Forwarded to http://127.0.0.1:8000"}
{"time":"2026-07-23 20:06:45,218","level":"INFO","node":3,"msg":"[FC2 DELTA NORM] node 3 round=14 — fc2 delta norm this round: 0.0286"}
{"time":"2026-07-23 20:06:45,219","level":"WARNING","node":3,"msg":"ZKP norm violation (clipping applied): slack=-127737, retry=0"}
{"time":"2026-07-23 20:07:05,099","level":"INFO","node":3,"msg":"[TIMING] node 3 round=14 ZKP proof generation (voter) took 19.87s"}
{"time":"2026-07-23 20:07:05,107","level":"INFO","node":3,"msg":"[TIMING] node 3 round=14 HE encryption (voter) took 0.00s"}
{"time":"2026-07-23 20:07:05,303","level":"INFO","node":3,"msg":"Forwarded to http://127.0.0.1:8000"}
{"time":"2026-07-23 20:09:51,783","level":"INFO","node":3,"msg":"Received update from node 2, round 4"}
{"time":"2026-07-23 20:10:11,774","level":"INFO","node":3,"msg":"Received update from node 2, round 15"}
{"time":"2026-07-23 20:10:30,464","level":"INFO","node":3,"msg":"ZKP ACCEPTED from node 2"}
{"time":"2026-07-23 20:10:32,313","level":"WARNING","node":3,"msg":"No stored proposal for round=4 origin=1 — voting using fallback hash, may not match other peers"}
{"time":"2026-07-23 20:10:32,376","level":"INFO","node":3,"msg":"fc_in col7 delta self-cosine for node 1: -0.0419 (delta_norm=0.1816)"}
{"time":"2026-07-23 20:10:33,313","level":"INFO","node":3,"msg":"Per-class agreement with node 1: class0=0.976 class1=0.968 gap=0.008"}
{"time":"2026-07-23 20:10:33,345","level":"INFO","node":3,"msg":"Per-class rolling gap for node 1: mean=0.021 over last 3 round(s)"}
{"time":"2026-07-23 20:10:33,376","level":"INFO","node":3,"msg":"Trust score for node 1: S=0.834 (Z=1.00 A=0.97 P=0.50 R=1.00) advisory only"}
{"time":"2026-07-23 20:10:49,901","level":"INFO","node":3,"msg":"ZKP ACCEPTED from node 2"}
{"time":"2026-07-23 20:10:49,932","level":"INFO","node":3,"msg":"[FC2 DELTA NORM] node 3 round=4 — fc2 delta norm this round: 0.0376"}
{"time":"2026-07-23 20:10:51,695","level":"WARNING","node":3,"msg":"No stored proposal for round=15 origin=0 — voting using fallback hash, may not match other peers"}
{"time":"2026-07-23 20:10:51,727","level":"INFO","node":3,"msg":"fc_in col7 delta self-cosine for node 0: -0.0951 (delta_norm=0.1609)"}
{"time":"2026-07-23 20:10:52,332","level":"INFO","node":3,"msg":"Per-class agreement with node 0: class0=0.962 class1=0.915 gap=0.047"}
{"time":"2026-07-23 20:10:52,348","level":"INFO","node":3,"msg":"Per-class rolling gap for node 0: mean=0.061 over last 3 round(s)"}
{"time":"2026-07-23 20:10:52,364","level":"INFO","node":3,"msg":"Trust score for node 0: S=0.812 (Z=1.00 A=0.95 P=0.50 R=1.00) advisory only"}
{"time":"2026-07-23 20:11:09,521","level":"INFO","node":3,"msg":"[TIMING] node 3 round=4 ZKP proof generation (voter) took 19.57s"}
{"time":"2026-07-23 20:11:09,521","level":"INFO","node":3,"msg":"[TIMING] node 3 round=4 HE encryption (voter) took 0.00s"}
{"time":"2026-07-23 20:11:09,537","level":"INFO","node":3,"msg":"Forwarded to http://127.0.0.1:8000"}
{"time":"2026-07-23 20:11:09,568","level":"INFO","node":3,"msg":"[FC2 DELTA NORM] node 3 round=15 — fc2 delta norm this round: 0.0272"}
{"time":"2026-07-23 20:11:09,568","level":"WARNING","node":3,"msg":"ZKP norm violation (clipping applied): slack=-129989, retry=0"}
{"time":"2026-07-23 20:11:29,358","level":"INFO","node":3,"msg":"[TIMING] node 3 round=15 ZKP proof generation (voter) took 19.77s"}
{"time":"2026-07-23 20:11:29,358","level":"INFO","node":3,"msg":"[TIMING] node 3 round=15 HE encryption (voter) took 0.00s"}
{"time":"2026-07-23 20:11:29,453","level":"INFO","node":3,"msg":"Forwarded to http://127.0.0.1:8000"}
{"time":"2026-07-23 20:14:11,402","level":"INFO","node":3,"msg":"Received update from node 2, round 5"}
{"time":"2026-07-23 20:14:31,489","level":"INFO","node":3,"msg":"Received update from node 2, round 16"}
{"time":"2026-07-23 20:14:50,472","level":"INFO","node":3,"msg":"ZKP ACCEPTED from node 2"}
{"time":"2026-07-23 20:14:52,384","level":"WARNING","node":3,"msg":"No stored proposal for round=5 origin=1 — voting using fallback hash, may not match other peers"}
{"time":"2026-07-23 20:14:52,384","level":"INFO","node":3,"msg":"fc_in col7 delta self-cosine for node 1: -0.3088 (delta_norm=0.1463)"}
{"time":"2026-07-23 20:14:53,003","level":"INFO","node":3,"msg":"Per-class agreement with node 1: class0=0.942 class1=0.882 gap=0.060"}
{"time":"2026-07-23 20:14:53,035","level":"INFO","node":3,"msg":"Per-class rolling gap for node 1: mean=0.031 over last 4 round(s)"}
{"time":"2026-07-23 20:14:53,067","level":"INFO","node":3,"msg":"Trust score for node 1: S=0.791 (Z=1.00 A=0.92 P=0.50 R=1.00) advisory only"}
{"time":"2026-07-23 20:15:09,063","level":"INFO","node":3,"msg":"ZKP ACCEPTED from node 2"}
{"time":"2026-07-23 20:15:09,111","level":"INFO","node":3,"msg":"[FC2 DELTA NORM] node 3 round=5 — fc2 delta norm this round: 0.0305"}
{"time":"2026-07-23 20:15:10,737","level":"WARNING","node":3,"msg":"No stored proposal for round=16 origin=0 — voting using fallback hash, may not match other peers"}
{"time":"2026-07-23 20:15:10,769","level":"INFO","node":3,"msg":"fc_in col7 delta self-cosine for node 0: -0.2688 (delta_norm=0.1608)"}
{"time":"2026-07-23 20:15:11,918","level":"INFO","node":3,"msg":"Per-class agreement with node 0: class0=0.967 class1=0.965 gap=0.002"}
{"time":"2026-07-23 20:15:11,950","level":"INFO","node":3,"msg":"Per-class rolling gap for node 0: mean=0.046 over last 4 round(s)"}
{"time":"2026-07-23 20:15:11,982","level":"INFO","node":3,"msg":"Trust score for node 0: S=0.829 (Z=1.00 A=0.97 P=0.50 R=1.00) advisory only"}
{"time":"2026-07-23 20:15:28,997","level":"INFO","node":3,"msg":"[TIMING] node 3 round=5 ZKP proof generation (voter) took 19.87s"}
{"time":"2026-07-23 20:15:28,997","level":"INFO","node":3,"msg":"[TIMING] node 3 round=5 HE encryption (voter) took 0.00s"}
{"time":"2026-07-23 20:15:29,013","level":"INFO","node":3,"msg":"Forwarded to http://127.0.0.1:8000"}
{"time":"2026-07-23 20:15:29,045","level":"INFO","node":3,"msg":"[FC2 DELTA NORM] node 3 round=16 — fc2 delta norm this round: 0.0259"}
{"time":"2026-07-23 20:15:49,051","level":"INFO","node":3,"msg":"[TIMING] node 3 round=16 ZKP proof generation (voter) took 19.97s"}
{"time":"2026-07-23 20:15:49,051","level":"INFO","node":3,"msg":"[TIMING] node 3 round=16 HE encryption (voter) took 0.00s"}
{"time":"2026-07-23 20:15:49,211","level":"INFO","node":3,"msg":"Forwarded to http://127.0.0.1:8000"}
{"time":"2026-07-23 20:18:35,943","level":"INFO","node":3,"msg":"Received update from node 2, round 6"}
{"time":"2026-07-23 20:18:55,953","level":"INFO","node":3,"msg":"Received update from node 2, round 17"}
{"time":"2026-07-23 20:19:14,623","level":"INFO","node":3,"msg":"ZKP ACCEPTED from node 2"}
{"time":"2026-07-23 20:19:16,585","level":"WARNING","node":3,"msg":"No stored proposal for round=6 origin=1 — voting using fallback hash, may not match other peers"}
{"time":"2026-07-23 20:19:16,601","level":"INFO","node":3,"msg":"fc_in col7 delta self-cosine for node 1: -0.2806 (delta_norm=0.1362)"}
{"time":"2026-07-23 20:19:17,427","level":"INFO","node":3,"msg":"Per-class agreement with node 1: class0=0.961 class1=0.967 gap=0.006"}
{"time":"2026-07-23 20:19:17,459","level":"INFO","node":3,"msg":"Per-class rolling gap for node 1: mean=0.022 over last 4 round(s)"}
{"time":"2026-07-23 20:19:17,507","level":"INFO","node":3,"msg":"Trust score for node 1: S=0.825 (Z=1.00 A=0.96 P=0.50 R=1.00) advisory only"}
{"time":"2026-07-23 20:19:33,450","level":"INFO","node":3,"msg":"ZKP ACCEPTED from node 2"}
{"time":"2026-07-23 20:19:33,514","level":"INFO","node":3,"msg":"[FC2 DELTA NORM] node 3 round=6 — fc2 delta norm this round: 0.0231"}
{"time":"2026-07-23 20:19:33,514","level":"WARNING","node":3,"msg":"ZKP norm violation (clipping applied): slack=-523370, retry=0"}
{"time":"2026-07-23 20:19:35,326","level":"WARNING","node":3,"msg":"No stored proposal for round=17 origin=0 — voting using fallback hash, may not match other peers"}
{"time":"2026-07-23 20:19:35,374","level":"INFO","node":3,"msg":"fc_in col7 delta self-cosine for node 0: -0.3486 (delta_norm=0.1524)"}
{"time":"2026-07-23 20:19:36,298","level":"INFO","node":3,"msg":"Per-class agreement with node 0: class0=0.964 class1=0.944 gap=0.020"}
{"time":"2026-07-23 20:19:36,330","level":"INFO","node":3,"msg":"Per-class rolling gap for node 0: mean=0.023 over last 4 round(s)"}
{"time":"2026-07-23 20:19:36,361","level":"INFO","node":3,"msg":"Trust score for node 0: S=0.821 (Z=1.00 A=0.96 P=0.50 R=1.00) advisory only"}
{"time":"2026-07-23 20:19:52,490","level":"INFO","node":3,"msg":"[TIMING] node 3 round=6 ZKP proof generation (voter) took 18.96s"}
{"time":"2026-07-23 20:19:52,506","level":"INFO","node":3,"msg":"[TIMING] node 3 round=6 HE encryption (voter) took 0.00s"}
{"time":"2026-07-23 20:19:52,506","level":"INFO","node":3,"msg":"Forwarded to http://127.0.0.1:8000"}
{"time":"2026-07-23 20:19:52,570","level":"INFO","node":3,"msg":"[FC2 DELTA NORM] node 3 round=17 — fc2 delta norm this round: 0.0290"}
{"time":"2026-07-23 20:19:52,570","level":"WARNING","node":3,"msg":"ZKP norm violation (clipping applied): slack=-461886, retry=0"}
{"time":"2026-07-23 20:20:12,218","level":"INFO","node":3,"msg":"[TIMING] node 3 round=17 ZKP proof generation (voter) took 19.63s"}
{"time":"2026-07-23 20:20:12,218","level":"INFO","node":3,"msg":"[TIMING] node 3 round=17 HE encryption (voter) took 0.00s"}
{"time":"2026-07-23 20:20:12,345","level":"INFO","node":3,"msg":"Forwarded to http://127.0.0.1:8000"}
{"time":"2026-07-23 20:22:58,111","level":"INFO","node":3,"msg":"Received update from node 2, round 7"}
{"time":"2026-07-23 20:23:18,235","level":"INFO","node":3,"msg":"Received update from node 2, round 18"}
{"time":"2026-07-23 20:23:37,136","level":"INFO","node":3,"msg":"ZKP ACCEPTED from node 2"}
{"time":"2026-07-23 20:23:38,935","level":"WARNING","node":3,"msg":"No stored proposal for round=7 origin=1 — voting using fallback hash, may not match other peers"}
{"time":"2026-07-23 20:23:38,951","level":"INFO","node":3,"msg":"fc_in col7 delta self-cosine for node 1: -0.2540 (delta_norm=0.1561)"}
{"time":"2026-07-23 20:23:39,621","level":"INFO","node":3,"msg":"Per-class agreement with node 1: class0=0.927 class1=0.919 gap=0.008"}
{"time":"2026-07-23 20:23:39,636","level":"INFO","node":3,"msg":"Per-class rolling gap for node 1: mean=0.021 over last 4 round(s)"}
{"time":"2026-07-23 20:23:39,652","level":"INFO","node":3,"msg":"Trust score for node 1: S=0.792 (Z=1.00 A=0.92 P=0.50 R=1.00) advisory only"}
{"time":"2026-07-23 20:23:57,141","level":"INFO","node":3,"msg":"ZKP ACCEPTED from node 2"}
{"time":"2026-07-23 20:23:57,157","level":"INFO","node":3,"msg":"[FC2 DELTA NORM] node 3 round=7 — fc2 delta norm this round: 0.0301"}
{"time":"2026-07-23 20:23:57,157","level":"WARNING","node":3,"msg":"ZKP norm violation (clipping applied): slack=-80680, retry=0"}
{"time":"2026-07-23 20:23:58,762","level":"WARNING","node":3,"msg":"No stored proposal for round=18 origin=0 — voting using fallback hash, may not match other peers"}
{"time":"2026-07-23 20:23:58,778","level":"INFO","node":3,"msg":"fc_in col7 delta self-cosine for node 0: -0.5496 (delta_norm=0.1497)"}
{"time":"2026-07-23 20:23:59,768","level":"INFO","node":3,"msg":"Per-class agreement with node 0: class0=0.960 class1=0.957 gap=0.003"}
{"time":"2026-07-23 20:23:59,815","level":"INFO","node":3,"msg":"Per-class rolling gap for node 0: mean=0.018 over last 4 round(s)"}
{"time":"2026-07-23 20:23:59,847","level":"INFO","node":3,"msg":"Trust score for node 0: S=0.822 (Z=1.00 A=0.96 P=0.50 R=1.00) advisory only"}
{"time":"2026-07-23 20:24:16,063","level":"INFO","node":3,"msg":"[TIMING] node 3 round=7 ZKP proof generation (voter) took 18.89s"}
{"time":"2026-07-23 20:24:16,063","level":"INFO","node":3,"msg":"[TIMING] node 3 round=7 HE encryption (voter) took 0.00s"}
{"time":"2026-07-23 20:24:16,079","level":"INFO","node":3,"msg":"Forwarded to http://127.0.0.1:8000"}
{"time":"2026-07-23 20:24:16,143","level":"INFO","node":3,"msg":"[FC2 DELTA NORM] node 3 round=18 — fc2 delta norm this round: 0.0212"}
{"time":"2026-07-23 20:24:35,691","level":"INFO","node":3,"msg":"[TIMING] node 3 round=18 ZKP proof generation (voter) took 19.53s"}
{"time":"2026-07-23 20:24:35,691","level":"INFO","node":3,"msg":"[TIMING] node 3 round=18 HE encryption (voter) took 0.00s"}
{"time":"2026-07-23 20:24:35,835","level":"INFO","node":3,"msg":"Forwarded to http://127.0.0.1:8000"}
{"time":"2026-07-23 20:27:21,419","level":"INFO","node":3,"msg":"Received update from node 2, round 8"}
{"time":"2026-07-23 20:27:41,593","level":"INFO","node":3,"msg":"Received update from node 2, round 19"}
{"time":"2026-07-23 20:28:00,112","level":"INFO","node":3,"msg":"ZKP ACCEPTED from node 2"}
{"time":"2026-07-23 20:28:02,000","level":"WARNING","node":3,"msg":"No stored proposal for round=8 origin=1 — voting using fallback hash, may not match other peers"}
{"time":"2026-07-23 20:28:02,032","level":"INFO","node":3,"msg":"fc_in col7 delta self-cosine for node 1: -0.3138 (delta_norm=0.1603)"}
{"time":"2026-07-23 20:28:03,351","level":"INFO","node":3,"msg":"Per-class agreement with node 1: class0=0.913 class1=0.902 gap=0.011"}
{"time":"2026-07-23 20:28:03,383","level":"INFO","node":3,"msg":"Per-class rolling gap for node 1: mean=0.022 over last 4 round(s)"}
{"time":"2026-07-23 20:28:03,414","level":"INFO","node":3,"msg":"Trust score for node 1: S=0.780 (Z=1.00 A=0.91 P=0.50 R=1.00) advisory only"}
{"time":"2026-07-23 20:28:19,050","level":"INFO","node":3,"msg":"ZKP ACCEPTED from node 2"}
{"time":"2026-07-23 20:28:19,129","level":"INFO","node":3,"msg":"[FC2 DELTA NORM] node 3 round=8 — fc2 delta norm this round: 0.0252"}
{"time":"2026-07-23 20:28:20,750","level":"WARNING","node":3,"msg":"No stored proposal for round=19 origin=0 — voting using fallback hash, may not match other peers"}
{"time":"2026-07-23 20:28:20,766","level":"INFO","node":3,"msg":"fc_in col7 delta self-cosine for node 0: -0.4673 (delta_norm=0.1676)"}
{"time":"2026-07-23 20:28:21,752","level":"INFO","node":3,"msg":"Per-class agreement with node 0: class0=0.967 class1=0.948 gap=0.019"}
{"time":"2026-07-23 20:28:21,784","level":"INFO","node":3,"msg":"Per-class rolling gap for node 0: mean=0.011 over last 4 round(s)"}
{"time":"2026-07-23 20:28:21,816","level":"INFO","node":3,"msg":"Trust score for node 0: S=0.824 (Z=1.00 A=0.96 P=0.50 R=1.00) advisory only"}
{"time":"2026-07-23 20:28:38,610","level":"INFO","node":3,"msg":"[TIMING] node 3 round=8 ZKP proof generation (voter) took 19.46s"}
{"time":"2026-07-23 20:28:38,626","level":"INFO","node":3,"msg":"[TIMING] node 3 round=8 HE encryption (voter) took 0.00s"}
{"time":"2026-07-23 20:28:38,626","level":"INFO","node":3,"msg":"Forwarded to http://127.0.0.1:8000"}
{"time":"2026-07-23 20:28:38,673","level":"INFO","node":3,"msg":"[FC2 DELTA NORM] node 3 round=19 — fc2 delta norm this round: 0.0388"}
{"time":"2026-07-23 20:28:38,673","level":"WARNING","node":3,"msg":"ZKP norm violation (clipping applied): slack=-694004, retry=0"}
{"time":"2026-07-23 20:28:58,273","level":"INFO","node":3,"msg":"[TIMING] node 3 round=19 ZKP proof generation (voter) took 19.58s"}
{"time":"2026-07-23 20:28:58,273","level":"INFO","node":3,"msg":"[TIMING] node 3 round=19 HE encryption (voter) took 0.00s"}
{"time":"2026-07-23 20:28:58,369","level":"INFO","node":3,"msg":"Forwarded to http://127.0.0.1:8000"}
{"time":"2026-07-23 20:30:37,348","level":"INFO","node":3,"msg":"Received update from node 2, round 9"}
{"time":"2026-07-23 20:31:04,309","level":"INFO","node":3,"msg":"ZKP ACCEPTED from node 2"}
{"time":"2026-07-23 20:31:05,584","level":"WARNING","node":3,"msg":"No stored proposal for round=9 origin=1 — voting using fallback hash, may not match other peers"}
{"time":"2026-07-23 20:31:05,584","level":"INFO","node":3,"msg":"fc_in col7 delta self-cosine for node 1: -0.2224 (delta_norm=0.1667)"}
{"time":"2026-07-23 20:31:05,584","level":"INFO","node":3,"msg":"Per-class agreement with node 1: class0=0.941 class1=0.933 gap=0.008"}
{"time":"2026-07-23 20:31:05,584","level":"INFO","node":3,"msg":"Per-class rolling gap for node 1: mean=0.008 over last 4 round(s)"}
{"time":"2026-07-23 20:31:05,584","level":"INFO","node":3,"msg":"Trust score for node 1: S=0.804 (Z=1.00 A=0.94 P=0.50 R=1.00) advisory only"}
{"time":"2026-07-23 20:31:05,743","level":"INFO","node":3,"msg":"[FC2 DELTA NORM] node 3 round=9 — fc2 delta norm this round: 0.0361"}
{"time":"2026-07-23 20:31:23,137","level":"INFO","node":3,"msg":"[TIMING] node 3 round=9 ZKP proof generation (voter) took 17.38s"}
{"time":"2026-07-23 20:31:23,137","level":"INFO","node":3,"msg":"[TIMING] node 3 round=9 HE encryption (voter) took 0.00s"}
{"time":"2026-07-23 20:31:23,137","level":"INFO","node":3,"msg":"Forwarded to http://127.0.0.1:8000"}
{"time":"2026-07-23 20:33:16,599","level":"INFO","node":3,"msg":"Received update from node 2, round 10"}
{"time":"2026-07-23 20:33:43,106","level":"INFO","node":3,"msg":"ZKP ACCEPTED from node 2"}
{"time":"2026-07-23 20:33:44,385","level":"WARNING","node":3,"msg":"No stored proposal for round=10 origin=1 — voting using fallback hash, may not match other peers"}
{"time":"2026-07-23 20:33:44,386","level":"INFO","node":3,"msg":"fc_in col7 delta self-cosine for node 1: -0.3233 (delta_norm=0.1461)"}
{"time":"2026-07-23 20:33:44,386","level":"INFO","node":3,"msg":"Per-class agreement with node 1: class0=0.944 class1=0.942 gap=0.002"}
{"time":"2026-07-23 20:33:44,386","level":"INFO","node":3,"msg":"Per-class rolling gap for node 1: mean=0.007 over last 4 round(s)"}
{"time":"2026-07-23 20:33:44,386","level":"INFO","node":3,"msg":"Trust score for node 1: S=0.809 (Z=1.00 A=0.94 P=0.50 R=1.00) advisory only"}
{"time":"2026-07-23 20:33:44,528","level":"INFO","node":3,"msg":"[FC2 DELTA NORM] node 3 round=10 — fc2 delta norm this round: 0.0343"}
{"time":"2026-07-23 20:34:01,884","level":"INFO","node":3,"msg":"[TIMING] node 3 round=10 ZKP proof generation (voter) took 17.34s"}
{"time":"2026-07-23 20:34:01,884","level":"INFO","node":3,"msg":"[TIMING] node 3 round=10 HE encryption (voter) took 0.00s"}
{"time":"2026-07-23 20:34:01,900","level":"INFO","node":3,"msg":"Forwarded to http://127.0.0.1:8000"}
{"time":"2026-07-23 20:35:53,838","level":"INFO","node":3,"msg":"Received update from node 2, round 11"}
{"time":"2026-07-23 20:36:20,584","level":"INFO","node":3,"msg":"ZKP ACCEPTED from node 2"}
{"time":"2026-07-23 20:36:21,859","level":"WARNING","node":3,"msg":"No stored proposal for round=11 origin=1 — voting using fallback hash, may not match other peers"}
{"time":"2026-07-23 20:36:21,860","level":"INFO","node":3,"msg":"fc_in col7 delta self-cosine for node 1: -0.1980 (delta_norm=0.1528)"}
{"time":"2026-07-23 20:36:21,875","level":"INFO","node":3,"msg":"Per-class agreement with node 1: class0=0.960 class1=0.967 gap=0.007"}
{"time":"2026-07-23 20:36:21,875","level":"INFO","node":3,"msg":"Per-class rolling gap for node 1: mean=0.007 over last 4 round(s)"}
{"time":"2026-07-23 20:36:21,875","level":"INFO","node":3,"msg":"Trust score for node 1: S=0.825 (Z=1.00 A=0.96 P=0.50 R=1.00) advisory only"}
{"time":"2026-07-23 20:36:22,018","level":"INFO","node":3,"msg":"[FC2 DELTA NORM] node 3 round=11 — fc2 delta norm this round: 0.0252"}
{"time":"2026-07-23 20:36:22,018","level":"WARNING","node":3,"msg":"ZKP norm violation (clipping applied): slack=-127284, retry=0"}
{"time":"2026-07-23 20:36:39,281","level":"INFO","node":3,"msg":"[TIMING] node 3 round=11 ZKP proof generation (voter) took 17.25s"}
{"time":"2026-07-23 20:36:39,281","level":"INFO","node":3,"msg":"[TIMING] node 3 round=11 HE encryption (voter) took 0.00s"}
{"time":"2026-07-23 20:36:39,281","level":"INFO","node":3,"msg":"Forwarded to http://127.0.0.1:8000"}
{"time":"2026-07-23 20:38:31,890","level":"INFO","node":3,"msg":"Received update from node 2, round 12"}
{"time":"2026-07-23 20:38:58,586","level":"INFO","node":3,"msg":"ZKP ACCEPTED from node 2"}
{"time":"2026-07-23 20:38:59,861","level":"WARNING","node":3,"msg":"No stored proposal for round=12 origin=1 — voting using fallback hash, may not match other peers"}
{"time":"2026-07-23 20:38:59,864","level":"INFO","node":3,"msg":"fc_in col7 delta self-cosine for node 1: -0.4818 (delta_norm=0.1432)"}
{"time":"2026-07-23 20:38:59,864","level":"INFO","node":3,"msg":"Per-class agreement with node 1: class0=0.958 class1=0.963 gap=0.005"}
{"time":"2026-07-23 20:38:59,864","level":"INFO","node":3,"msg":"Per-class rolling gap for node 1: mean=0.005 over last 4 round(s)"}
{"time":"2026-07-23 20:38:59,864","level":"INFO","node":3,"msg":"Trust score for node 1: S=0.822 (Z=1.00 A=0.96 P=0.50 R=1.00) advisory only"}
{"time":"2026-07-23 20:39:00,020","level":"INFO","node":3,"msg":"[FC2 DELTA NORM] node 3 round=12 — fc2 delta norm this round: 0.0186"}
{"time":"2026-07-23 20:39:17,850","level":"INFO","node":3,"msg":"[TIMING] node 3 round=12 ZKP proof generation (voter) took 17.81s"}
{"time":"2026-07-23 20:39:17,850","level":"INFO","node":3,"msg":"[TIMING] node 3 round=12 HE encryption (voter) took 0.00s"}
{"time":"2026-07-23 20:39:17,850","level":"INFO","node":3,"msg":"Forwarded to http://127.0.0.1:8000"}
{"time":"2026-07-23 20:41:09,792","level":"INFO","node":3,"msg":"Received update from node 2, round 13"}
{"time":"2026-07-23 20:41:36,167","level":"INFO","node":3,"msg":"ZKP ACCEPTED from node 2"}
{"time":"2026-07-23 20:41:37,444","level":"WARNING","node":3,"msg":"No stored proposal for round=13 origin=1 — voting using fallback hash, may not match other peers"}
{"time":"2026-07-23 20:41:37,444","level":"INFO","node":3,"msg":"fc_in col7 delta self-cosine for node 1: -0.2822 (delta_norm=0.1544)"}
{"time":"2026-07-23 20:41:37,444","level":"INFO","node":3,"msg":"Per-class agreement with node 1: class0=0.963 class1=0.974 gap=0.011"}
{"time":"2026-07-23 20:41:37,444","level":"INFO","node":3,"msg":"Per-class rolling gap for node 1: mean=0.006 over last 4 round(s)"}
{"time":"2026-07-23 20:41:37,444","level":"INFO","node":3,"msg":"Trust score for node 1: S=0.828 (Z=1.00 A=0.97 P=0.50 R=1.00) advisory only"}
{"time":"2026-07-23 20:41:37,603","level":"INFO","node":3,"msg":"[FC2 DELTA NORM] node 3 round=13 — fc2 delta norm this round: 0.0301"}
{"time":"2026-07-23 20:41:55,433","level":"INFO","node":3,"msg":"[TIMING] node 3 round=13 ZKP proof generation (voter) took 17.81s"}
{"time":"2026-07-23 20:41:55,433","level":"INFO","node":3,"msg":"[TIMING] node 3 round=13 HE encryption (voter) took 0.00s"}
{"time":"2026-07-23 20:41:55,449","level":"INFO","node":3,"msg":"Forwarded to http://127.0.0.1:8000"}
{"time":"2026-07-23 20:43:47,061","level":"INFO","node":3,"msg":"Received update from node 2, round 14"}
{"time":"2026-07-23 20:44:14,054","level":"INFO","node":3,"msg":"ZKP ACCEPTED from node 2"}
{"time":"2026-07-23 20:44:15,347","level":"WARNING","node":3,"msg":"No stored proposal for round=14 origin=1 — voting using fallback hash, may not match other peers"}
{"time":"2026-07-23 20:44:15,347","level":"INFO","node":3,"msg":"fc_in col7 delta self-cosine for node 1: -0.3256 (delta_norm=0.1476)"}
{"time":"2026-07-23 20:44:15,347","level":"INFO","node":3,"msg":"Per-class agreement with node 1: class0=0.955 class1=0.962 gap=0.007"}
{"time":"2026-07-23 20:44:15,347","level":"INFO","node":3,"msg":"Per-class rolling gap for node 1: mean=0.007 over last 4 round(s)"}
{"time":"2026-07-23 20:44:15,347","level":"INFO","node":3,"msg":"Trust score for node 1: S=0.820 (Z=1.00 A=0.96 P=0.50 R=1.00) advisory only"}
{"time":"2026-07-23 20:44:15,491","level":"INFO","node":3,"msg":"[FC2 DELTA NORM] node 3 round=14 — fc2 delta norm this round: 0.0279"}
{"time":"2026-07-23 20:44:15,506","level":"WARNING","node":3,"msg":"ZKP norm violation (clipping applied): slack=-146772, retry=0"}
{"time":"2026-07-23 20:44:33,069","level":"INFO","node":3,"msg":"[TIMING] node 3 round=14 ZKP proof generation (voter) took 17.55s"}
{"time":"2026-07-23 20:44:33,085","level":"INFO","node":3,"msg":"[TIMING] node 3 round=14 HE encryption (voter) took 0.00s"}
{"time":"2026-07-23 20:44:33,085","level":"INFO","node":3,"msg":"Forwarded to http://127.0.0.1:8000"}
{"time":"2026-07-23 20:46:27,715","level":"INFO","node":3,"msg":"Received update from node 2, round 15"}
{"time":"2026-07-23 20:46:54,303","level":"INFO","node":3,"msg":"ZKP ACCEPTED from node 2"}
{"time":"2026-07-23 20:46:55,580","level":"WARNING","node":3,"msg":"No stored proposal for round=15 origin=1 — voting using fallback hash, may not match other peers"}
{"time":"2026-07-23 20:46:55,585","level":"INFO","node":3,"msg":"fc_in col7 delta self-cosine for node 1: -0.2612 (delta_norm=0.1353)"}
{"time":"2026-07-23 20:46:55,585","level":"INFO","node":3,"msg":"Per-class agreement with node 1: class0=0.961 class1=0.962 gap=0.001"}
{"time":"2026-07-23 20:46:55,585","level":"INFO","node":3,"msg":"Per-class rolling gap for node 1: mean=0.006 over last 4 round(s)"}
{"time":"2026-07-23 20:46:55,585","level":"INFO","node":3,"msg":"Trust score for node 1: S=0.824 (Z=1.00 A=0.96 P=0.50 R=1.00) advisory only"}
{"time":"2026-07-23 20:46:55,723","level":"INFO","node":3,"msg":"[FC2 DELTA NORM] node 3 round=15 — fc2 delta norm this round: 0.0199"}
{"time":"2026-07-23 20:47:13,340","level":"INFO","node":3,"msg":"[TIMING] node 3 round=15 ZKP proof generation (voter) took 17.58s"}
{"time":"2026-07-23 20:47:13,340","level":"INFO","node":3,"msg":"[TIMING] node 3 round=15 HE encryption (voter) took 0.00s"}
{"time":"2026-07-23 20:47:13,340","level":"INFO","node":3,"msg":"Forwarded to http://127.0.0.1:8000"}
{"time":"2026-07-23 21:24:28,822","level":"INFO","node":3,"msg":"Received update from node 2, round 16"}
{"time":"2026-07-23 21:25:18,642","level":"INFO","node":3,"msg":"ZKP ACCEPTED from node 2"}
{"time":"2026-07-23 21:25:19,768","level":"WARNING","node":3,"msg":"No stored proposal for round=16 origin=1 — voting using fallback hash, may not match other peers"}
{"time":"2026-07-23 21:25:19,768","level":"INFO","node":3,"msg":"fc_in col7 delta self-cosine for node 1: -0.3530 (delta_norm=0.1453)"}
{"time":"2026-07-23 21:25:19,781","level":"INFO","node":3,"msg":"Per-class agreement with node 1: class0=0.942 class1=0.965 gap=0.022"}
{"time":"2026-07-23 21:25:19,783","level":"INFO","node":3,"msg":"Per-class rolling gap for node 1: mean=0.010 over last 4 round(s)"}
{"time":"2026-07-23 21:25:19,783","level":"INFO","node":3,"msg":"Trust score for node 1: S=0.814 (Z=1.00 A=0.95 P=0.50 R=1.00) advisory only"}
{"time":"2026-07-23 21:25:19,912","level":"INFO","node":3,"msg":"[FC2 DELTA NORM] node 3 round=16 — fc2 delta norm this round: 0.0437"}
{"time":"2026-07-23 21:25:19,914","level":"WARNING","node":3,"msg":"ZKP norm violation (clipping applied): slack=-31234, retry=0"}
{"time":"2026-07-23 21:25:53,789","level":"INFO","node":3,"msg":"[TIMING] node 3 round=16 ZKP proof generation (voter) took 33.86s"}
{"time":"2026-07-23 21:25:53,792","level":"INFO","node":3,"msg":"[TIMING] node 3 round=16 HE encryption (voter) took 0.00s"}
{"time":"2026-07-23 21:25:53,809","level":"INFO","node":3,"msg":"Forwarded to http://127.0.0.1:8000"}
{"time":"2026-07-23 21:29:16,687","level":"INFO","node":3,"msg":"Received update from node 2, round 17"}
{"time":"2026-07-23 21:30:06,032","level":"INFO","node":3,"msg":"ZKP ACCEPTED from node 2"}
{"time":"2026-07-23 21:30:07,143","level":"WARNING","node":3,"msg":"No stored proposal for round=17 origin=1 — voting using fallback hash, may not match other peers"}
{"time":"2026-07-23 21:30:07,144","level":"INFO","node":3,"msg":"fc_in col7 delta self-cosine for node 1: -0.2426 (delta_norm=0.1276)"}
{"time":"2026-07-23 21:30:07,156","level":"INFO","node":3,"msg":"Per-class agreement with node 1: class0=0.948 class1=0.965 gap=0.017"}
{"time":"2026-07-23 21:30:07,156","level":"INFO","node":3,"msg":"Per-class rolling gap for node 1: mean=0.012 over last 4 round(s)"}
{"time":"2026-07-23 21:30:07,156","level":"INFO","node":3,"msg":"Trust score for node 1: S=0.817 (Z=1.00 A=0.95 P=0.50 R=1.00) advisory only"}
{"time":"2026-07-23 21:30:07,292","level":"INFO","node":3,"msg":"[FC2 DELTA NORM] node 3 round=17 — fc2 delta norm this round: 0.0427"}
{"time":"2026-07-23 21:30:41,463","level":"INFO","node":3,"msg":"[TIMING] node 3 round=17 ZKP proof generation (voter) took 34.16s"}
{"time":"2026-07-23 21:30:41,466","level":"INFO","node":3,"msg":"[TIMING] node 3 round=17 HE encryption (voter) took 0.00s"}
{"time":"2026-07-23 21:30:41,483","level":"INFO","node":3,"msg":"Forwarded to http://127.0.0.1:8000"}
{"time":"2026-07-23 21:34:34,019","level":"INFO","node":3,"msg":"Received update from node 2, round 18"}
{"time":"2026-07-23 21:35:45,336","level":"INFO","node":3,"msg":"ZKP ACCEPTED from node 2"}
{"time":"2026-07-23 21:35:46,612","level":"WARNING","node":3,"msg":"No stored proposal for round=18 origin=1 — voting using fallback hash, may not match other peers"}
{"time":"2026-07-23 21:35:46,659","level":"INFO","node":3,"msg":"fc_in col7 delta self-cosine for node 1: -0.3050 (delta_norm=0.1614)"}
{"time":"2026-07-23 21:35:47,104","level":"INFO","node":3,"msg":"Per-class agreement with node 1: class0=0.918 class1=0.908 gap=0.010"}
{"time":"2026-07-23 21:35:47,104","level":"INFO","node":3,"msg":"Per-class rolling gap for node 1: mean=0.013 over last 4 round(s)"}
{"time":"2026-07-23 21:35:47,104","level":"INFO","node":3,"msg":"Trust score for node 1: S=0.784 (Z=1.00 A=0.92 P=0.50 R=1.00) advisory only"}
{"time":"2026-07-23 21:35:47,788","level":"INFO","node":3,"msg":"[FC2 DELTA NORM] node 3 round=18 — fc2 delta norm this round: 0.0312"}
{"time":"2026-07-23 21:36:42,425","level":"INFO","node":3,"msg":"[TIMING] node 3 round=18 ZKP proof generation (voter) took 54.57s"}
{"time":"2026-07-23 21:36:42,693","level":"INFO","node":3,"msg":"[TIMING] node 3 round=18 HE encryption (voter) took 0.14s"}
{"time":"2026-07-23 21:36:43,397","level":"INFO","node":3,"msg":"Forwarded to http://127.0.0.1:8000"}
{"time":"2026-07-23 21:41:19,160","level":"INFO","node":3,"msg":"Received update from node 2, round 19"}
{"time":"2026-07-23 21:42:17,899","level":"INFO","node":3,"msg":"ZKP ACCEPTED from node 2"}
{"time":"2026-07-23 21:42:19,018","level":"WARNING","node":3,"msg":"No stored proposal for round=19 origin=1 — voting using fallback hash, may not match other peers"}
{"time":"2026-07-23 21:42:19,046","level":"INFO","node":3,"msg":"fc_in col7 delta self-cosine for node 1: -0.5058 (delta_norm=0.1519)"}
{"time":"2026-07-23 21:42:19,080","level":"INFO","node":3,"msg":"Per-class agreement with node 1: class0=0.903 class1=0.926 gap=0.023"}
{"time":"2026-07-23 21:42:19,082","level":"INFO","node":3,"msg":"Per-class rolling gap for node 1: mean=0.018 over last 4 round(s)"}
{"time":"2026-07-23 21:42:19,082","level":"INFO","node":3,"msg":"Trust score for node 1: S=0.780 (Z=1.00 A=0.91 P=0.50 R=1.00) advisory only"}
{"time":"2026-07-23 21:42:19,415","level":"INFO","node":3,"msg":"[FC2 DELTA NORM] node 3 round=19 — fc2 delta norm this round: 0.0169"}
{"time":"2026-07-23 21:42:19,418","level":"WARNING","node":3,"msg":"ZKP norm violation (clipping applied): slack=-267832, retry=0"}
{"time":"2026-07-23 21:42:57,950","level":"INFO","node":3,"msg":"[TIMING] node 3 round=19 ZKP proof generation (voter) took 38.52s"}
{"time":"2026-07-23 21:42:57,955","level":"INFO","node":3,"msg":"[TIMING] node 3 round=19 HE encryption (voter) took 0.00s"}
{"time":"2026-07-23 21:42:57,983","level":"INFO","node":3,"msg":"Forwarded to http://127.0.0.1:8000"}
{"time":"2026-07-24 14:11:02,068","level":"INFO","node":3,"msg":"Starting node 3: Community Wellness Center"}
{"time":"2026-07-24 14:11:02,068","level":"INFO","node":3,"msg":"[CONFIG DEBUG] attack_simulation loaded: enabled=False target_node=2 type=gradient_norm config_path=config_dev.json"}
{"time":"2026-07-24 14:11:02,114","level":"WARNING","node":3,"msg":"DEV MODE: running without TLS"}
{"time":"2026-07-24 14:11:02,114","level":"INFO","node":3,"msg":"Listening on 127.0.0.1:8003 | TLS=False"}
{"time":"2026-07-24 14:11:02,674","level":"INFO","node":3,"msg":"Consensus pubkey received from node 1"}
{"time":"2026-07-24 14:11:02,693","level":"INFO","node":3,"msg":"Key exchange complete with node 1"}
{"time":"2026-07-24 14:11:04,573","level":"INFO","node":3,"msg":"Consensus pubkey received from node 2"}
{"time":"2026-07-24 14:11:04,583","level":"INFO","node":3,"msg":"Key exchange complete with node 2"}
{"time":"2026-07-24 14:11:07,127","level":"INFO","node":3,"msg":"Sent public key to node 0"}
{"time":"2026-07-24 14:11:07,147","level":"INFO","node":3,"msg":"Sent consensus pubkey to node 0"}
{"time":"2026-07-24 14:11:07,148","level":"INFO","node":3,"msg":"Sent public key to node 1"}
{"time":"2026-07-24 14:11:07,153","level":"INFO","node":3,"msg":"Sent consensus pubkey to node 1"}
{"time":"2026-07-24 14:11:07,155","level":"INFO","node":3,"msg":"Sent public key to node 2"}
{"time":"2026-07-24 14:11:07,164","level":"INFO","node":3,"msg":"Sent consensus pubkey to node 2"}
{"time":"2026-07-24 14:11:14,129","level":"INFO","node":3,"msg":"Key exchange complete with node 0"}
{"time":"2026-07-24 14:11:14,150","level":"INFO","node":3,"msg":"Consensus pubkey received from node 0"}
{"time":"2026-07-24 14:11:22,210","level":"INFO","node":3,"msg":"Proposal received: round=0 origin=0 hash=5c7851ea9a75..."}
{"time":"2026-07-24 14:11:22,226","level":"INFO","node":3,"msg":"Consensus vote recorded: node 0 decision=True reason=zkp_ok round=0 new=True satisfied=False"}
{"time":"2026-07-24 14:11:31,972","level":"INFO","node":3,"msg":"Consensus vote recorded: node 1 decision=True reason=zkp_ok round=0 new=True satisfied=False"}
{"time":"2026-07-24 14:11:48,930","level":"INFO","node":3,"msg":"Consensus vote recorded: node 2 decision=True reason=zkp_ok round=0 new=True satisfied=True"}
{"time":"2026-07-24 14:11:56,250","level":"INFO","node":3,"msg":"Received update from node 2, round 0"}
{"time":"2026-07-24 14:12:05,920","level":"INFO","node":3,"msg":"ZKP ACCEPTED from node 2"}
{"time":"2026-07-24 14:12:05,938","level":"INFO","node":3,"msg":"Trust score for node 0: S=0.429 (Z=1.00 A=0.50 P=0.50 R=1.00) advisory only"}
{"time":"2026-07-24 14:12:05,946","level":"INFO","node":3,"msg":"Sent consensus vote to node 0"}
{"time":"2026-07-24 14:12:05,948","level":"INFO","node":3,"msg":"Sent consensus vote to node 1"}
{"time":"2026-07-24 14:12:05,960","level":"INFO","node":3,"msg":"Sent consensus vote to node 2"}
{"time":"2026-07-24 14:12:07,177","level":"INFO","node":3,"msg":"[FC2 DELTA NORM] node 3 round=0 — fc2 delta norm this round: 0.0850"}
{"time":"2026-07-24 14:12:13,451","level":"INFO","node":3,"msg":"[TIMING] node 3 round=0 ZKP proof generation (voter) took 6.27s"}
{"time":"2026-07-24 14:12:13,451","level":"INFO","node":3,"msg":"[TIMING] node 3 round=0 HE encryption (voter) took 0.00s"}
{"time":"2026-07-24 14:12:13,460","level":"INFO","node":3,"msg":"Forwarded to http://127.0.0.1:8000"}
{"time":"2026-07-24 14:12:13,515","level":"INFO","node":3,"msg":"Synced weights from master for round 0"}
{"time":"2026-07-24 14:12:13,535","level":"INFO","node":3,"msg":"Sent commit vote to node 0"}
{"time":"2026-07-24 14:12:20,108","level":"INFO","node":3,"msg":"Proposal received: round=1 origin=1 hash=4354c2df3e2b..."}
{"time":"2026-07-24 14:12:20,124","level":"INFO","node":3,"msg":"Consensus vote recorded: node 1 decision=True reason=zkp_ok round=1 new=True satisfied=False"}
{"time":"2026-07-24 14:12:30,101","level":"INFO","node":3,"msg":"Consensus vote recorded: node 2 decision=True reason=zkp_ok round=1 new=True satisfied=False"}
{"time":"2026-07-24 14:12:42,664","level":"INFO","node":3,"msg":"Received update from node 2, round 1"}
{"time":"2026-07-24 14:12:55,449","level":"INFO","node":3,"msg":"ZKP ACCEPTED from node 2"}
{"time":"2026-07-24 14:12:55,449","level":"INFO","node":3,"msg":"Trust score for node 1: S=0.429 (Z=1.00 A=0.50 P=0.50 R=1.00) advisory only"}
{"time":"2026-07-24 14:12:55,480","level":"INFO","node":3,"msg":"Sent consensus vote to node 0"}
{"time":"2026-07-24 14:12:55,480","level":"INFO","node":3,"msg":"Sent consensus vote to node 1"}
{"time":"2026-07-24 14:12:55,480","level":"INFO","node":3,"msg":"Sent consensus vote to node 2"}
{"time":"2026-07-24 14:12:55,513","level":"INFO","node":3,"msg":"[FC2 DELTA NORM] node 3 round=1 — fc2 delta norm this round: 0.0574"}
{"time":"2026-07-24 14:13:01,677","level":"INFO","node":3,"msg":"[TIMING] node 3 round=1 ZKP proof generation (voter) took 6.15s"}
{"time":"2026-07-24 14:13:01,677","level":"INFO","node":3,"msg":"[TIMING] node 3 round=1 HE encryption (voter) took 0.00s"}
{"time":"2026-07-24 14:13:01,695","level":"INFO","node":3,"msg":"Forwarded to http://127.0.0.1:8000"}
{"time":"2026-07-24 14:13:11,435","level":"INFO","node":3,"msg":"Prediction agreement with node 0 round=1: A=0.995"}
{"time":"2026-07-24 14:13:11,435","level":"INFO","node":3,"msg":"Consensus vote recorded: node 0 decision=True reason=zkp_ok round=1 new=True satisfied=True"}
{"time":"2026-07-24 14:13:17,678","level":"INFO","node":3,"msg":"Synced weights from master for round 1"}
{"time":"2026-07-24 14:13:17,692","level":"INFO","node":3,"msg":"Sent commit vote to node 1"}
{"time":"2026-07-24 14:13:24,060","level":"INFO","node":3,"msg":"Proposal received: round=2 origin=2 hash=2a0d04a219cb..."}
{"time":"2026-07-24 14:13:24,083","level":"INFO","node":3,"msg":"Consensus vote recorded: node 2 decision=True reason=zkp_ok round=2 new=True satisfied=False"}
{"time":"2026-07-24 14:13:24,088","level":"INFO","node":3,"msg":"Received update from node 2, round 2"}
{"time":"2026-07-24 14:13:33,874","level":"INFO","node":3,"msg":"ZKP ACCEPTED from node 2"}
{"time":"2026-07-24 14:13:33,874","level":"INFO","node":3,"msg":"Trust score for node 2: S=0.429 (Z=1.00 A=0.50 P=0.50 R=1.00) advisory only"}
{"time":"2026-07-24 14:13:33,899","level":"INFO","node":3,"msg":"Sent consensus vote to node 1"}
{"time":"2026-07-24 14:13:33,900","level":"INFO","node":3,"msg":"Sent consensus vote to node 0"}
{"time":"2026-07-24 14:13:33,901","level":"INFO","node":3,"msg":"Sent consensus vote to node 2"}
{"time":"2026-07-24 14:13:33,928","level":"INFO","node":3,"msg":"[FC2 DELTA NORM] node 3 round=2 — fc2 delta norm this round: 0.0427"}
{"time":"2026-07-24 14:13:40,019","level":"INFO","node":3,"msg":"[TIMING] node 3 round=2 ZKP proof generation (voter) took 6.08s"}
{"time":"2026-07-24 14:13:40,019","level":"INFO","node":3,"msg":"[TIMING] node 3 round=2 HE encryption (voter) took 0.00s"}
{"time":"2026-07-24 14:13:40,034","level":"INFO","node":3,"msg":"Forwarded to http://127.0.0.1:8000"}
{"time":"2026-07-24 14:13:49,707","level":"INFO","node":3,"msg":"Prediction agreement with node 0 round=2: A=0.981"}
{"time":"2026-07-24 14:13:49,707","level":"INFO","node":3,"msg":"Consensus vote recorded: node 0 decision=True reason=zkp_ok round=2 new=True satisfied=True"}
{"time":"2026-07-24 14:14:05,630","level":"INFO","node":3,"msg":"Prediction agreement with node 1 round=2: A=0.980"}
{"time":"2026-07-24 14:14:05,630","level":"INFO","node":3,"msg":"Consensus vote recorded: node 1 decision=True reason=zkp_ok round=2 new=True satisfied=True"}
{"time":"2026-07-24 14:14:11,770","level":"INFO","node":3,"msg":"Synced weights from master for round 2"}
{"time":"2026-07-24 14:14:11,782","level":"INFO","node":3,"msg":"Sent commit vote to node 2"}
{"time":"2026-07-24 14:14:11,797","level":"INFO","node":3,"msg":"My turn — starting round 4 as proposer."}
{"time":"2026-07-24 14:14:11,797","level":"INFO","node":3,"msg":"Starting round 4"}
{"time":"2026-07-24 14:14:11,870","level":"INFO","node":3,"msg":"[FC2 DELTA NORM] node 3 round=3 — fc2 delta norm this round: 0.0739"}
{"time":"2026-07-24 14:14:18,259","level":"INFO","node":3,"msg":"[TIMING] node 3 round=3 ZKP proof generation took 6.37s"}
{"time":"2026-07-24 14:14:18,259","level":"INFO","node":3,"msg":"[TIMING] node 3 round=3 HE encryption took 0.00s"}
{"time":"2026-07-24 14:14:18,268","level":"INFO","node":3,"msg":"Sent proposal to node 0"}
{"time":"2026-07-24 14:14:18,268","level":"INFO","node":3,"msg":"Sent proposal to node 2"}
{"time":"2026-07-24 14:14:18,269","level":"INFO","node":3,"msg":"Sent proposal to node 1"}
{"time":"2026-07-24 14:14:18,274","level":"INFO","node":3,"msg":"Sent consensus vote to node 0"}
{"time":"2026-07-24 14:14:18,278","level":"INFO","node":3,"msg":"Sent consensus vote to node 1"}
{"time":"2026-07-24 14:14:18,279","level":"INFO","node":3,"msg":"Sent consensus vote to node 2"}
{"time":"2026-07-24 14:14:18,282","level":"INFO","node":3,"msg":"Forwarded to http://127.0.0.1:8000"}
{"time":"2026-07-24 14:14:28,102","level":"INFO","node":3,"msg":"Consensus vote recorded: node 0 decision=True reason=zkp_ok round=3 new=True satisfied=False"}
{"time":"2026-07-24 14:14:44,220","level":"INFO","node":3,"msg":"Consensus vote recorded: node 1 decision=True reason=zkp_ok round=3 new=True satisfied=True"}
{"time":"2026-07-24 14:15:00,467","level":"INFO","node":3,"msg":"Consensus vote recorded: node 2 decision=True reason=zkp_ok round=3 new=True satisfied=True"}
{"time":"2026-07-24 14:15:06,834","level":"INFO","node":3,"msg":"Received update from node 2, round 3"}
{"time":"2026-07-24 14:15:06,834","level":"INFO","node":3,"msg":"Round 4 complete — aggregating"}
{"time":"2026-07-24 14:15:06,852","level":"INFO","node":3,"msg":"Round 4 accuracy gate skipped (warm-up period, candidate_acc=0.6909)"}
{"time":"2026-07-24 14:15:06,867","level":"INFO","node":3,"msg":"Commit vote recorded: node 2 decision=True round=3 satisfied=False"}
{"time":"2026-07-24 14:15:06,867","level":"INFO","node":3,"msg":"Broadcast weights to node 2"}
{"time":"2026-07-24 14:15:06,882","level":"INFO","node":3,"msg":"Commit vote recorded: node 1 decision=True round=3 satisfied=True"}
{"time":"2026-07-24 14:15:06,884","level":"INFO","node":3,"msg":"Round 4 COMMITTED — model hash agreed by [3, 2, 1]"}
{"time":"2026-07-24 14:15:06,888","level":"INFO","node":3,"msg":"Commit certificate saved to C:\Users\mousu\OneDrive\Desktop\Set A\securefedhe\dashboard\certificates\round_3.json"}
{"time":"2026-07-24 14:15:06,890","level":"INFO","node":3,"msg":"Commit vote recorded: node 0 decision=True round=3 satisfied=True"}
{"time":"2026-07-24 14:15:06,892","level":"INFO","node":3,"msg":"Broadcast weights to node 1"}
{"time":"2026-07-24 14:15:06,892","level":"INFO","node":3,"msg":"Broadcast weights to node 0"}
{"time":"2026-07-24 14:15:06,900","level":"INFO","node":3,"msg":"Checkpoint saved to C:\Users\mousu\OneDrive\Desktop\Set A\securefedhe\dashboard\model_latest.pt"}
{"time":"2026-07-24 14:15:06,900","level":"INFO","node":3,"msg":"Round 4 complete | accuracy=0.6909 | duration=55.10s"}
{"time":"2026-07-24 14:15:06,901","level":"INFO","node":3,"msg":"Round 5 belongs to node 0 — waiting for their proposal."}
{"time":"2026-07-24 14:15:06,905","level":"INFO","node":3,"msg":"Notified next proposer to node 0"}
{"time":"2026-07-24 14:15:06,906","level":"INFO","node":3,"msg":"[WATCHDOG SPAWNED] round=4 expected_proposer=0 timeout_s=600 spawned_at=14:15:06"}
{"time":"2026-07-24 14:15:13,543","level":"INFO","node":3,"msg":"Proposal received: round=4 origin=0 hash=2b2c713b6a7a..."}
{"time":"2026-07-24 14:15:13,550","level":"INFO","node":3,"msg":"Consensus vote recorded: node 0 decision=True reason=zkp_ok round=4 new=True satisfied=False"}
{"time":"2026-07-24 14:15:24,100","level":"INFO","node":3,"msg":"Consensus vote recorded: node 1 decision=True reason=zkp_ok round=4 new=True satisfied=False"}
{"time":"2026-07-24 14:15:59,832","level":"INFO","node":3,"msg":"Consensus vote recorded: node 2 decision=True reason=zkp_ok round=4 new=True satisfied=True"}
{"time":"2026-07-24 14:16:17,919","level":"INFO","node":3,"msg":"Received update from node 2, round 4"}
{"time":"2026-07-24 14:16:37,791","level":"INFO","node":3,"msg":"ZKP ACCEPTED from node 2"}
{"time":"2026-07-24 14:16:37,799","level":"INFO","node":3,"msg":"Per-class agreement with node 0: class0=0.805 class1=0.822 gap=0.016"}
{"time":"2026-07-24 14:16:37,805","level":"INFO","node":3,"msg":"Per-class rolling gap for node 0: mean=0.016 over last 1 round(s)"}
{"time":"2026-07-24 14:16:37,807","level":"INFO","node":3,"msg":"Trust score for node 0: S=0.716 (Z=1.00 A=0.81 P=0.59 R=1.00) advisory only"}
{"time":"2026-07-24 14:16:37,862","level":"INFO","node":3,"msg":"Sent consensus vote to node 0"}
{"time":"2026-07-24 14:16:37,862","level":"INFO","node":3,"msg":"Sent consensus vote to node 1"}
{"time":"2026-07-24 14:16:37,869","level":"INFO","node":3,"msg":"Sent consensus vote to node 2"}
{"time":"2026-07-24 14:16:38,029","level":"INFO","node":3,"msg":"[FC2 DELTA NORM] node 3 round=4 — fc2 delta norm this round: 0.0722"}
{"time":"2026-07-24 14:17:00,708","level":"INFO","node":3,"msg":"[TIMING] node 3 round=4 ZKP proof generation (voter) took 22.67s"}
{"time":"2026-07-24 14:17:00,708","level":"INFO","node":3,"msg":"[TIMING] node 3 round=4 HE encryption (voter) took 0.00s"}
{"time":"2026-07-24 14:17:00,708","level":"INFO","node":3,"msg":"Forwarded to http://127.0.0.1:8000"}
{"time":"2026-07-24 14:17:00,807","level":"INFO","node":3,"msg":"Synced weights from master for round 4"}
{"time":"2026-07-24 14:17:00,826","level":"INFO","node":3,"msg":"Sent commit vote to node 0"}
{"time":"2026-07-24 14:17:22,876","level":"INFO","node":3,"msg":"Proposal received: round=5 origin=1 hash=dd10cbb0b43c..."}
{"time":"2026-07-24 14:17:22,925","level":"INFO","node":3,"msg":"Consensus vote recorded: node 1 decision=True reason=zkp_ok round=5 new=True satisfied=False"}
{"time":"2026-07-24 14:17:54,594","level":"INFO","node":3,"msg":"Consensus vote recorded: node 2 decision=True reason=zkp_ok round=5 new=True satisfied=False"}
{"time":"2026-07-24 14:18:10,646","level":"INFO","node":3,"msg":"Received update from node 2, round 5"}
{"time":"2026-07-24 14:18:32,792","level":"INFO","node":3,"msg":"ZKP ACCEPTED from node 2"}
{"time":"2026-07-24 14:18:32,805","level":"INFO","node":3,"msg":"Per-class agreement with node 1: class0=0.741 class1=0.909 gap=0.168"}
{"time":"2026-07-24 14:18:32,805","level":"INFO","node":3,"msg":"Per-class rolling gap for node 1: mean=0.168 over last 1 round(s)"}
{"time":"2026-07-24 14:18:32,809","level":"INFO","node":3,"msg":"Trust score for node 1: S=0.714 (Z=1.00 A=0.79 P=0.65 R=1.00) advisory only"}
{"time":"2026-07-24 14:18:32,851","level":"INFO","node":3,"msg":"Sent consensus vote to node 0"}
{"time":"2026-07-24 14:18:32,854","level":"INFO","node":3,"msg":"Sent consensus vote to node 2"}
{"time":"2026-07-24 14:18:32,854","level":"INFO","node":3,"msg":"Sent consensus vote to node 1"}
{"time":"2026-07-24 14:18:32,979","level":"INFO","node":3,"msg":"[FC2 DELTA NORM] node 3 round=5 — fc2 delta norm this round: 0.0845"}
{"time":"2026-07-24 14:18:54,900","level":"INFO","node":3,"msg":"[TIMING] node 3 round=5 ZKP proof generation (voter) took 21.91s"}
{"time":"2026-07-24 14:18:54,900","level":"INFO","node":3,"msg":"[TIMING] node 3 round=5 HE encryption (voter) took 0.00s"}
{"time":"2026-07-24 14:18:54,910","level":"INFO","node":3,"msg":"Forwarded to http://127.0.0.1:8000"}
{"time":"2026-07-24 14:19:26,289","level":"INFO","node":3,"msg":"Prediction agreement with node 0 round=5: A=0.982"}
{"time":"2026-07-24 14:19:26,290","level":"INFO","node":3,"msg":"Consensus vote recorded: node 0 decision=True reason=zkp_ok round=5 new=True satisfied=True"}
{"time":"2026-07-24 14:19:41,439","level":"INFO","node":3,"msg":"Synced weights from master for round 5"}
{"time":"2026-07-24 14:19:41,469","level":"INFO","node":3,"msg":"Sent commit vote to node 1"}
{"time":"2026-07-24 14:19:49,696","level":"INFO","node":3,"msg":"Proposal received: round=6 origin=2 hash=b8348e997890..."}
{"time":"2026-07-24 14:19:49,709","level":"INFO","node":3,"msg":"Consensus vote recorded: node 2 decision=True reason=zkp_ok round=6 new=True satisfied=False"}
{"time":"2026-07-24 14:19:49,713","level":"INFO","node":3,"msg":"Received update from node 2, round 6"}
{"time":"2026-07-24 14:20:02,045","level":"INFO","node":3,"msg":"ZKP ACCEPTED from node 2"}
{"time":"2026-07-24 14:20:02,051","level":"INFO","node":3,"msg":"Per-class agreement with node 2: class0=0.856 class1=0.933 gap=0.077"}
{"time":"2026-07-24 14:20:02,052","level":"INFO","node":3,"msg":"Per-class rolling gap for node 2: mean=0.077 over last 1 round(s)"}
{"time":"2026-07-24 14:20:02,057","level":"INFO","node":3,"msg":"Trust score for node 2: S=0.800 (Z=1.00 A=0.88 P=0.68 R=1.00) advisory only"}
{"time":"2026-07-24 14:20:02,095","level":"INFO","node":3,"msg":"Sent consensus vote to node 0"}
{"time":"2026-07-24 14:20:02,095","level":"INFO","node":3,"msg":"Sent consensus vote to node 1"}
{"time":"2026-07-24 14:20:02,096","level":"INFO","node":3,"msg":"Sent consensus vote to node 2"}
{"time":"2026-07-24 14:20:02,131","level":"INFO","node":3,"msg":"[FC2 DELTA NORM] node 3 round=6 — fc2 delta norm this round: 0.0701"}
{"time":"2026-07-24 14:20:10,497","level":"INFO","node":3,"msg":"[TIMING] node 3 round=6 ZKP proof generation (voter) took 8.36s"}
{"time":"2026-07-24 14:20:10,498","level":"INFO","node":3,"msg":"[TIMING] node 3 round=6 HE encryption (voter) took 0.00s"}
{"time":"2026-07-24 14:20:10,528","level":"INFO","node":3,"msg":"Forwarded to http://127.0.0.1:8000"}
{"time":"2026-07-24 14:20:22,512","level":"INFO","node":3,"msg":"Prediction agreement with node 0 round=6: A=0.962"}
{"time":"2026-07-24 14:20:22,512","level":"INFO","node":3,"msg":"Consensus vote recorded: node 0 decision=True reason=zkp_ok round=6 new=True satisfied=True"}
{"time":"2026-07-24 14:20:43,455","level":"INFO","node":3,"msg":"Prediction agreement with node 1 round=6: A=0.959"}
{"time":"2026-07-24 14:20:43,455","level":"INFO","node":3,"msg":"Consensus vote recorded: node 1 decision=True reason=zkp_ok round=6 new=True satisfied=True"}
{"time":"2026-07-24 14:20:51,811","level":"INFO","node":3,"msg":"Synced weights from master for round 6"}
{"time":"2026-07-24 14:20:51,823","level":"INFO","node":3,"msg":"Sent commit vote to node 2"}
{"time":"2026-07-24 14:20:51,838","level":"INFO","node":3,"msg":"My turn — starting round 8 as proposer."}
{"time":"2026-07-24 14:20:51,839","level":"INFO","node":3,"msg":"Starting round 8"}
{"time":"2026-07-24 14:20:51,884","level":"INFO","node":3,"msg":"[FC2 DELTA NORM] node 3 round=7 — fc2 delta norm this round: 0.0710"}
{"time":"2026-07-24 14:20:58,466","level":"INFO","node":3,"msg":"[TIMING] node 3 round=7 ZKP proof generation took 6.58s"}
{"time":"2026-07-24 14:20:58,466","level":"INFO","node":3,"msg":"[TIMING] node 3 round=7 HE encryption took 0.00s"}
{"time":"2026-07-24 14:20:58,474","level":"INFO","node":3,"msg":"Sent proposal to node 0"}
{"time":"2026-07-24 14:20:58,475","level":"INFO","node":3,"msg":"Sent proposal to node 1"}
{"time":"2026-07-24 14:20:58,476","level":"INFO","node":3,"msg":"Sent proposal to node 2"}
{"time":"2026-07-24 14:20:58,486","level":"INFO","node":3,"msg":"Sent consensus vote to node 0"}
{"time":"2026-07-24 14:20:58,488","level":"INFO","node":3,"msg":"Sent consensus vote to node 1"}
{"time":"2026-07-24 14:20:58,489","level":"INFO","node":3,"msg":"Sent consensus vote to node 2"}
{"time":"2026-07-24 14:20:58,492","level":"INFO","node":3,"msg":"Forwarded to http://127.0.0.1:8000"}
{"time":"2026-07-24 14:21:08,206","level":"INFO","node":3,"msg":"Consensus vote recorded: node 0 decision=True reason=zkp_ok round=7 new=True satisfied=False"}
{"time":"2026-07-24 14:21:24,927","level":"INFO","node":3,"msg":"Consensus vote recorded: node 1 decision=True reason=zkp_ok round=7 new=True satisfied=True"}
{"time":"2026-07-24 14:21:42,593","level":"INFO","node":3,"msg":"Consensus vote recorded: node 2 decision=True reason=zkp_ok round=7 new=True satisfied=True"}
{"time":"2026-07-24 14:21:49,099","level":"INFO","node":3,"msg":"Received update from node 2, round 7"}
{"time":"2026-07-24 14:21:49,099","level":"INFO","node":3,"msg":"Round 8 complete — aggregating"}
{"time":"2026-07-24 14:21:49,136","level":"WARNING","node":3,"msg":"[BACKDOOR PROBE] Round 8 SUSPICIOUS: feature=5 value=7.0 forces class=1 flip_rate=1.000 jump=0.791 (thresholds: flip>0.7, jump>0.3)"}
{"time":"2026-07-24 14:21:49,169","level":"INFO","node":3,"msg":"Commit vote recorded: node 2 decision=True round=7 satisfied=False"}
{"time":"2026-07-24 14:21:49,171","level":"INFO","node":3,"msg":"Commit vote recorded: node 0 decision=True round=7 satisfied=True"}
{"time":"2026-07-24 14:21:49,173","level":"INFO","node":3,"msg":"Round 8 COMMITTED — model hash agreed by [3, 2, 0]"}
{"time":"2026-07-24 14:21:49,173","level":"INFO","node":3,"msg":"Broadcast weights to node 2"}
{"time":"2026-07-24 14:21:49,174","level":"INFO","node":3,"msg":"Commit certificate saved to C:\Users\mousu\OneDrive\Desktop\Set A\securefedhe\dashboard\certificates\round_7.json"}
{"time":"2026-07-24 14:21:49,177","level":"INFO","node":3,"msg":"Broadcast weights to node 0"}
{"time":"2026-07-24 14:21:49,196","level":"INFO","node":3,"msg":"Commit vote recorded: node 1 decision=True round=7 satisfied=True"}
{"time":"2026-07-24 14:21:49,199","level":"INFO","node":3,"msg":"Broadcast weights to node 1"}
{"time":"2026-07-24 14:21:49,202","level":"INFO","node":3,"msg":"Checkpoint saved to C:\Users\mousu\OneDrive\Desktop\Set A\securefedhe\dashboard\model_latest.pt"}
{"time":"2026-07-24 14:21:49,202","level":"INFO","node":3,"msg":"Round 8 complete | accuracy=0.8182 | duration=57.36s"}
{"time":"2026-07-24 14:21:49,202","level":"INFO","node":3,"msg":"Round 9 belongs to node 0 — waiting for their proposal."}
{"time":"2026-07-24 14:21:49,203","level":"INFO","node":3,"msg":"Notified next proposer to node 0"}
{"time":"2026-07-24 14:21:49,203","level":"INFO","node":3,"msg":"[WATCHDOG SPAWNED] round=8 expected_proposer=0 timeout_s=600 spawned_at=14:21:49"}
{"time":"2026-07-24 14:21:57,300","level":"INFO","node":3,"msg":"Proposal received: round=8 origin=0 hash=0ca066333456..."}
{"time":"2026-07-24 14:21:57,329","level":"INFO","node":3,"msg":"Consensus vote recorded: node 0 decision=True reason=zkp_ok round=8 new=True satisfied=False"}
{"time":"2026-07-24 14:22:24,237","level":"INFO","node":3,"msg":"Consensus vote recorded: node 1 decision=True reason=zkp_ok round=8 new=True satisfied=False"}
{"time":"2026-07-24 14:23:02,827","level":"INFO","node":3,"msg":"Consensus vote recorded: node 2 decision=True reason=zkp_ok round=8 new=True satisfied=True"}
{"time":"2026-07-24 14:23:24,878","level":"INFO","node":3,"msg":"Received update from node 2, round 8"}
{"time":"2026-07-24 14:23:52,293","level":"INFO","node":3,"msg":"ZKP ACCEPTED from node 2"}
{"time":"2026-07-24 14:23:52,293","level":"INFO","node":3,"msg":"fc_in col7 delta self-cosine for node 0: -0.0009 (delta_norm=0.1964)"}
{"time":"2026-07-24 14:23:52,299","level":"INFO","node":3,"msg":"Per-class agreement with node 0: class0=0.921 class1=0.912 gap=0.009"}
{"time":"2026-07-24 14:23:52,300","level":"INFO","node":3,"msg":"Per-class rolling gap for node 0: mean=0.013 over last 2 round(s)"}
{"time":"2026-07-24 14:23:52,304","level":"INFO","node":3,"msg":"Trust score for node 0: S=0.782 (Z=1.00 A=0.92 P=0.48 R=1.00) advisory only"}
{"time":"2026-07-24 14:23:52,351","level":"INFO","node":3,"msg":"Sent consensus vote to node 0"}
{"time":"2026-07-24 14:23:52,353","level":"INFO","node":3,"msg":"Sent consensus vote to node 2"}
{"time":"2026-07-24 14:23:52,354","level":"INFO","node":3,"msg":"Sent consensus vote to node 1"}
{"time":"2026-07-24 14:23:52,418","level":"INFO","node":3,"msg":"[FC2 DELTA NORM] node 3 round=8 — fc2 delta norm this round: 0.0697"}
{"time":"2026-07-24 14:24:02,313","level":"INFO","node":3,"msg":"[TIMING] node 3 round=8 ZKP proof generation (voter) took 9.89s"}
{"time":"2026-07-24 14:24:02,319","level":"INFO","node":3,"msg":"[TIMING] node 3 round=8 HE encryption (voter) took 0.01s"}
{"time":"2026-07-24 14:24:02,341","level":"INFO","node":3,"msg":"Forwarded to http://127.0.0.1:8000"}
{"time":"2026-07-24 14:24:02,476","level":"INFO","node":3,"msg":"Synced weights from master for round 8"}
{"time":"2026-07-24 14:24:02,507","level":"INFO","node":3,"msg":"Sent commit vote to node 0"}
{"time":"2026-07-24 14:24:13,161","level":"INFO","node":3,"msg":"Proposal received: round=9 origin=1 hash=b7dfa7334073..."}
{"time":"2026-07-24 14:24:13,189","level":"INFO","node":3,"msg":"Consensus vote recorded: node 1 decision=True reason=zkp_ok round=9 new=True satisfied=False"}
{"time":"2026-07-24 14:24:29,258","level":"INFO","node":3,"msg":"Consensus vote recorded: node 2 decision=True reason=zkp_ok round=9 new=True satisfied=False"}
{"time":"2026-07-24 14:24:39,855","level":"INFO","node":3,"msg":"Received update from node 2, round 9"}
{"time":"2026-07-24 14:24:53,466","level":"INFO","node":3,"msg":"ZKP ACCEPTED from node 2"}
{"time":"2026-07-24 14:24:53,466","level":"INFO","node":3,"msg":"fc_in col7 delta self-cosine for node 1: 0.1846 (delta_norm=0.2043)"}
{"time":"2026-07-24 14:24:53,466","level":"INFO","node":3,"msg":"Per-class agreement with node 1: class0=0.969 class1=0.919 gap=0.050"}
{"time":"2026-07-24 14:24:53,466","level":"INFO","node":3,"msg":"Per-class rolling gap for node 1: mean=0.109 over last 2 round(s)"}
{"time":"2026-07-24 14:24:53,474","level":"INFO","node":3,"msg":"Trust score for node 1: S=0.812 (Z=1.00 A=0.95 P=0.48 R=1.00) advisory only"}
{"time":"2026-07-24 14:24:53,508","level":"INFO","node":3,"msg":"Sent consensus vote to node 0"}
{"time":"2026-07-24 14:24:53,513","level":"INFO","node":3,"msg":"Sent consensus vote to node 2"}
{"time":"2026-07-24 14:24:53,513","level":"INFO","node":3,"msg":"Sent consensus vote to node 1"}
{"time":"2026-07-24 14:24:53,549","level":"INFO","node":3,"msg":"[FC2 DELTA NORM] node 3 round=9 — fc2 delta norm this round: 0.0803"}
{"time":"2026-07-24 14:25:00,123","level":"INFO","node":3,"msg":"[TIMING] node 3 round=9 ZKP proof generation (voter) took 6.57s"}
{"time":"2026-07-24 14:25:00,123","level":"INFO","node":3,"msg":"[TIMING] node 3 round=9 HE encryption (voter) took 0.00s"}
{"time":"2026-07-24 14:25:00,127","level":"INFO","node":3,"msg":"Forwarded to http://127.0.0.1:8000"}
{"time":"2026-07-24 14:25:18,058","level":"INFO","node":3,"msg":"Prediction agreement with node 0 round=9: A=0.978"}
{"time":"2026-07-24 14:25:18,060","level":"INFO","node":3,"msg":"Consensus vote recorded: node 0 decision=True reason=zkp_ok round=9 new=True satisfied=True"}
{"time":"2026-07-24 14:25:24,370","level":"INFO","node":3,"msg":"Synced weights from master for round 9"}
{"time":"2026-07-24 14:25:24,392","level":"INFO","node":3,"msg":"Sent commit vote to node 1"}
{"time":"2026-07-24 14:25:30,850","level":"INFO","node":3,"msg":"Proposal received: round=10 origin=2 hash=924e1373ed33..."}
{"time":"2026-07-24 14:25:30,860","level":"INFO","node":3,"msg":"Consensus vote recorded: node 2 decision=True reason=zkp_ok round=10 new=True satisfied=False"}
{"time":"2026-07-24 14:25:30,866","level":"INFO","node":3,"msg":"Received update from node 2, round 10"}
{"time":"2026-07-24 14:25:40,610","level":"INFO","node":3,"msg":"ZKP ACCEPTED from node 2"}
{"time":"2026-07-24 14:25:40,610","level":"INFO","node":3,"msg":"fc_in col7 delta self-cosine for node 2: 0.1770 (delta_norm=0.2300)"}
{"time":"2026-07-24 14:25:40,615","level":"INFO","node":3,"msg":"Per-class agreement with node 2: class0=0.957 class1=0.934 gap=0.023"}
{"time":"2026-07-24 14:25:40,615","level":"INFO","node":3,"msg":"Per-class rolling gap for node 2: mean=0.050 over last 2 round(s)"}
{"time":"2026-07-24 14:25:40,617","level":"INFO","node":3,"msg":"Trust score for node 2: S=0.824 (Z=1.00 A=0.95 P=0.54 R=1.00) advisory only"}
{"time":"2026-07-24 14:25:40,636","level":"INFO","node":3,"msg":"Sent consensus vote to node 0"}
{"time":"2026-07-24 14:25:40,637","level":"INFO","node":3,"msg":"Sent consensus vote to node 2"}
{"time":"2026-07-24 14:25:40,639","level":"INFO","node":3,"msg":"Sent consensus vote to node 1"}
{"time":"2026-07-24 14:25:40,677","level":"INFO","node":3,"msg":"[FC2 DELTA NORM] node 3 round=10 — fc2 delta norm this round: 0.0679"}
{"time":"2026-07-24 14:25:46,905","level":"INFO","node":3,"msg":"[TIMING] node 3 round=10 ZKP proof generation (voter) took 6.21s"}
{"time":"2026-07-24 14:25:46,905","level":"INFO","node":3,"msg":"[TIMING] node 3 round=10 HE encryption (voter) took 0.00s"}
{"time":"2026-07-24 14:25:46,922","level":"INFO","node":3,"msg":"Forwarded to http://127.0.0.1:8000"}
{"time":"2026-07-24 14:25:56,744","level":"INFO","node":3,"msg":"Prediction agreement with node 0 round=10: A=0.947"}
{"time":"2026-07-24 14:25:56,744","level":"INFO","node":3,"msg":"Consensus vote recorded: node 0 decision=True reason=zkp_ok round=10 new=True satisfied=True"}
{"time":"2026-07-24 14:26:12,752","level":"INFO","node":3,"msg":"Prediction agreement with node 1 round=10: A=0.943"}
{"time":"2026-07-24 14:26:12,753","level":"INFO","node":3,"msg":"Consensus vote recorded: node 1 decision=True reason=zkp_ok round=10 new=True satisfied=True"}
{"time":"2026-07-24 14:26:19,145","level":"INFO","node":3,"msg":"Synced weights from master for round 10"}
{"time":"2026-07-24 14:26:19,171","level":"INFO","node":3,"msg":"Sent commit vote to node 2"}
{"time":"2026-07-24 14:26:19,179","level":"INFO","node":3,"msg":"My turn — starting round 12 as proposer."}
{"time":"2026-07-24 14:26:19,180","level":"INFO","node":3,"msg":"Starting round 12"}
{"time":"2026-07-24 14:26:19,227","level":"INFO","node":3,"msg":"[FC2 DELTA NORM] node 3 round=11 — fc2 delta norm this round: 0.0909"}
{"time":"2026-07-24 14:26:25,538","level":"INFO","node":3,"msg":"[TIMING] node 3 round=11 ZKP proof generation took 6.27s"}
{"time":"2026-07-24 14:26:25,538","level":"INFO","node":3,"msg":"[TIMING] node 3 round=11 HE encryption took 0.00s"}
{"time":"2026-07-24 14:26:25,538","level":"INFO","node":3,"msg":"Sent proposal to node 0"}
{"time":"2026-07-24 14:26:25,546","level":"INFO","node":3,"msg":"Sent proposal to node 1"}
{"time":"2026-07-24 14:26:25,566","level":"INFO","node":3,"msg":"Sent proposal to node 2"}
{"time":"2026-07-24 14:26:25,580","level":"INFO","node":3,"msg":"Sent consensus vote to node 0"}
{"time":"2026-07-24 14:26:25,580","level":"INFO","node":3,"msg":"Sent consensus vote to node 1"}
{"time":"2026-07-24 14:26:25,581","level":"INFO","node":3,"msg":"Sent consensus vote to node 2"}
{"time":"2026-07-24 14:26:25,586","level":"INFO","node":3,"msg":"Forwarded to http://127.0.0.1:8000"}
{"time":"2026-07-24 14:26:35,216","level":"INFO","node":3,"msg":"Consensus vote recorded: node 0 decision=True reason=zkp_ok round=11 new=True satisfied=False"}
{"time":"2026-07-24 14:26:51,382","level":"INFO","node":3,"msg":"Consensus vote recorded: node 1 decision=True reason=zkp_ok round=11 new=True satisfied=True"}
{"time":"2026-07-24 14:27:07,906","level":"INFO","node":3,"msg":"Consensus vote recorded: node 2 decision=True reason=zkp_ok round=11 new=True satisfied=True"}
{"time":"2026-07-24 14:27:14,188","level":"INFO","node":3,"msg":"Received update from node 2, round 11"}
{"time":"2026-07-24 14:27:14,190","level":"INFO","node":3,"msg":"Round 12 complete — aggregating"}
{"time":"2026-07-24 14:27:14,222","level":"WARNING","node":3,"msg":"[BACKDOOR PROBE] Round 12 SUSPICIOUS: feature=5 value=7.0 forces class=1 flip_rate=1.000 jump=0.736 (thresholds: flip>0.7, jump>0.3)"}
{"time":"2026-07-24 14:27:14,243","level":"INFO","node":3,"msg":"Commit vote recorded: node 2 decision=True round=11 satisfied=False"}
{"time":"2026-07-24 14:27:14,244","level":"INFO","node":3,"msg":"Commit vote recorded: node 0 decision=True round=11 satisfied=True"}
{"time":"2026-07-24 14:27:14,244","level":"INFO","node":3,"msg":"Broadcast weights to node 2"}
{"time":"2026-07-24 14:27:14,244","level":"INFO","node":3,"msg":"Round 12 COMMITTED — model hash agreed by [3, 2, 0]"}
{"time":"2026-07-24 14:27:14,247","level":"INFO","node":3,"msg":"Commit certificate saved to C:\Users\mousu\OneDrive\Desktop\Set A\securefedhe\dashboard\certificates\round_11.json"}
{"time":"2026-07-24 14:27:14,249","level":"INFO","node":3,"msg":"Broadcast weights to node 0"}
{"time":"2026-07-24 14:27:14,255","level":"INFO","node":3,"msg":"Commit vote recorded: node 1 decision=True round=11 satisfied=True"}
{"time":"2026-07-24 14:27:14,261","level":"INFO","node":3,"msg":"Broadcast weights to node 1"}
{"time":"2026-07-24 14:27:14,266","level":"INFO","node":3,"msg":"Checkpoint saved to C:\Users\mousu\OneDrive\Desktop\Set A\securefedhe\dashboard\model_latest.pt"}
{"time":"2026-07-24 14:27:14,266","level":"INFO","node":3,"msg":"Round 12 complete | accuracy=0.8364 | duration=55.09s"}
{"time":"2026-07-24 14:27:14,267","level":"INFO","node":3,"msg":"Round 13 belongs to node 0 — waiting for their proposal."}
{"time":"2026-07-24 14:27:14,270","level":"INFO","node":3,"msg":"Notified next proposer to node 0"}
{"time":"2026-07-24 14:27:14,272","level":"INFO","node":3,"msg":"[WATCHDOG SPAWNED] round=12 expected_proposer=0 timeout_s=600 spawned_at=14:27:14"}
{"time":"2026-07-24 14:27:20,603","level":"INFO","node":3,"msg":"Proposal received: round=12 origin=0 hash=8e45a9370fb0..."}
{"time":"2026-07-24 14:27:20,619","level":"INFO","node":3,"msg":"Consensus vote recorded: node 0 decision=True reason=zkp_ok round=12 new=True satisfied=False"}
{"time":"2026-07-24 14:27:30,432","level":"INFO","node":3,"msg":"Consensus vote recorded: node 1 decision=True reason=zkp_ok round=12 new=True satisfied=False"}
{"time":"2026-07-24 14:27:46,489","level":"INFO","node":3,"msg":"Consensus vote recorded: node 2 decision=True reason=zkp_ok round=12 new=True satisfied=True"}
{"time":"2026-07-24 14:27:52,779","level":"INFO","node":3,"msg":"Received update from node 2, round 12"}
{"time":"2026-07-24 14:28:02,496","level":"INFO","node":3,"msg":"ZKP ACCEPTED from node 2"}
{"time":"2026-07-24 14:28:02,496","level":"INFO","node":3,"msg":"fc_in col7 delta self-cosine for node 0: -0.0213 (delta_norm=0.1679)"}
{"time":"2026-07-24 14:28:02,496","level":"INFO","node":3,"msg":"Per-class agreement with node 0: class0=0.974 class1=0.954 gap=0.020"}
{"time":"2026-07-24 14:28:02,496","level":"INFO","node":3,"msg":"Per-class rolling gap for node 0: mean=0.015 over last 3 round(s)"}
{"time":"2026-07-24 14:28:02,507","level":"INFO","node":3,"msg":"Trust score for node 0: S=0.814 (Z=1.00 A=0.97 P=0.45 R=1.00) advisory only"}
{"time":"2026-07-24 14:28:02,530","level":"INFO","node":3,"msg":"Sent consensus vote to node 0"}
{"time":"2026-07-24 14:28:02,530","level":"INFO","node":3,"msg":"Sent consensus vote to node 1"}
{"time":"2026-07-24 14:28:02,531","level":"INFO","node":3,"msg":"Sent consensus vote to node 2"}
{"time":"2026-07-24 14:28:02,570","level":"INFO","node":3,"msg":"[FC2 DELTA NORM] node 3 round=12 — fc2 delta norm this round: 0.0638"}
{"time":"2026-07-24 14:28:08,740","level":"INFO","node":3,"msg":"[TIMING] node 3 round=12 ZKP proof generation (voter) took 6.15s"}
{"time":"2026-07-24 14:28:08,740","level":"INFO","node":3,"msg":"[TIMING] node 3 round=12 HE encryption (voter) took 0.00s"}
{"time":"2026-07-24 14:28:08,740","level":"INFO","node":3,"msg":"Forwarded to http://127.0.0.1:8000"}
{"time":"2026-07-24 14:28:08,795","level":"INFO","node":3,"msg":"Synced weights from master for round 12"}
{"time":"2026-07-24 14:28:08,805","level":"INFO","node":3,"msg":"Sent commit vote to node 0"}
{"time":"2026-07-24 14:28:15,253","level":"INFO","node":3,"msg":"Proposal received: round=13 origin=1 hash=1b5013bb9e92..."}
{"time":"2026-07-24 14:28:15,264","level":"INFO","node":3,"msg":"Consensus vote recorded: node 1 decision=True reason=zkp_ok round=13 new=True satisfied=False"}
{"time":"2026-07-24 14:28:25,066","level":"INFO","node":3,"msg":"Consensus vote recorded: node 2 decision=True reason=zkp_ok round=13 new=True satisfied=False"}
{"time":"2026-07-24 14:28:31,247","level":"INFO","node":3,"msg":"Received update from node 2, round 13"}
{"time":"2026-07-24 14:28:41,029","level":"INFO","node":3,"msg":"ZKP ACCEPTED from node 2"}
{"time":"2026-07-24 14:28:41,029","level":"INFO","node":3,"msg":"fc_in col7 delta self-cosine for node 1: -0.0775 (delta_norm=0.1851)"}
{"time":"2026-07-24 14:28:41,029","level":"INFO","node":3,"msg":"Per-class agreement with node 1: class0=0.971 class1=0.940 gap=0.031"}
{"time":"2026-07-24 14:28:41,038","level":"INFO","node":3,"msg":"Per-class rolling gap for node 1: mean=0.083 over last 3 round(s)"}
{"time":"2026-07-24 14:28:41,038","level":"INFO","node":3,"msg":"Trust score for node 1: S=0.814 (Z=1.00 A=0.96 P=0.46 R=1.00) advisory only"}
{"time":"2026-07-24 14:28:41,056","level":"INFO","node":3,"msg":"Sent consensus vote to node 0"}
{"time":"2026-07-24 14:28:41,056","level":"INFO","node":3,"msg":"Sent consensus vote to node 2"}
{"time":"2026-07-24 14:28:41,056","level":"INFO","node":3,"msg":"Sent consensus vote to node 1"}
{"time":"2026-07-24 14:28:41,095","level":"INFO","node":3,"msg":"[FC2 DELTA NORM] node 3 round=13 — fc2 delta norm this round: 0.0770"}
{"time":"2026-07-24 14:28:47,299","level":"INFO","node":3,"msg":"[TIMING] node 3 round=13 ZKP proof generation (voter) took 6.19s"}
{"time":"2026-07-24 14:28:47,299","level":"INFO","node":3,"msg":"[TIMING] node 3 round=13 HE encryption (voter) took 0.00s"}
{"time":"2026-07-24 14:28:47,321","level":"INFO","node":3,"msg":"Forwarded to http://127.0.0.1:8000"}
{"time":"2026-07-24 14:28:57,192","level":"INFO","node":3,"msg":"Prediction agreement with node 0 round=13: A=0.971"}
{"time":"2026-07-24 14:28:57,192","level":"INFO","node":3,"msg":"Consensus vote recorded: node 0 decision=True reason=zkp_ok round=13 new=True satisfied=True"}
{"time":"2026-07-24 14:29:03,416","level":"INFO","node":3,"msg":"Synced weights from master for round 13"}
{"time":"2026-07-24 14:29:03,435","level":"INFO","node":3,"msg":"Sent commit vote to node 1"}
{"time":"2026-07-24 14:29:09,892","level":"INFO","node":3,"msg":"Proposal received: round=14 origin=2 hash=81ee358baca8..."}
{"time":"2026-07-24 14:29:09,901","level":"INFO","node":3,"msg":"Consensus vote recorded: node 2 decision=True reason=zkp_ok round=14 new=True satisfied=False"}
{"time":"2026-07-24 14:29:09,906","level":"INFO","node":3,"msg":"Received update from node 2, round 14"}
{"time":"2026-07-24 14:29:19,628","level":"INFO","node":3,"msg":"ZKP ACCEPTED from node 2"}
{"time":"2026-07-24 14:29:19,628","level":"INFO","node":3,"msg":"fc_in col7 delta self-cosine for node 2: -0.2148 (delta_norm=0.2333)"}
{"time":"2026-07-24 14:29:19,643","level":"INFO","node":3,"msg":"Per-class agreement with node 2: class0=0.961 class1=0.944 gap=0.017"}
{"time":"2026-07-24 14:29:19,643","level":"INFO","node":3,"msg":"Per-class rolling gap for node 2: mean=0.039 over last 3 round(s)"}
{"time":"2026-07-24 14:29:19,647","level":"INFO","node":3,"msg":"Trust score for node 2: S=0.824 (Z=1.00 A=0.96 P=0.52 R=1.00) advisory only"}
{"time":"2026-07-24 14:29:19,666","level":"INFO","node":3,"msg":"Sent consensus vote to node 0"}
{"time":"2026-07-24 14:29:19,668","level":"INFO","node":3,"msg":"Sent consensus vote to node 2"}
{"time":"2026-07-24 14:29:19,678","level":"INFO","node":3,"msg":"Sent consensus vote to node 1"}
{"time":"2026-07-24 14:29:19,708","level":"INFO","node":3,"msg":"[FC2 DELTA NORM] node 3 round=14 — fc2 delta norm this round: 0.0787"}
{"time":"2026-07-24 14:29:25,954","level":"INFO","node":3,"msg":"[TIMING] node 3 round=14 ZKP proof generation (voter) took 6.23s"}
{"time":"2026-07-24 14:29:25,956","level":"INFO","node":3,"msg":"[TIMING] node 3 round=14 HE encryption (voter) took 0.00s"}
{"time":"2026-07-24 14:29:25,975","level":"INFO","node":3,"msg":"Forwarded to http://127.0.0.1:8000"}
{"time":"2026-07-24 14:29:35,808","level":"INFO","node":3,"msg":"Prediction agreement with node 0 round=14: A=0.951"}
{"time":"2026-07-24 14:29:35,810","level":"INFO","node":3,"msg":"Consensus vote recorded: node 0 decision=True reason=zkp_ok round=14 new=True satisfied=True"}
{"time":"2026-07-24 14:29:51,690","level":"INFO","node":3,"msg":"Prediction agreement with node 1 round=14: A=0.948"}
{"time":"2026-07-24 14:29:51,690","level":"INFO","node":3,"msg":"Consensus vote recorded: node 1 decision=True reason=zkp_ok round=14 new=True satisfied=True"}
{"time":"2026-07-24 14:29:57,995","level":"INFO","node":3,"msg":"Synced weights from master for round 14"}
{"time":"2026-07-24 14:29:58,009","level":"INFO","node":3,"msg":"Sent commit vote to node 2"}
{"time":"2026-07-24 14:29:58,021","level":"INFO","node":3,"msg":"My turn — starting round 16 as proposer."}
{"time":"2026-07-24 14:29:58,022","level":"INFO","node":3,"msg":"Starting round 16"}
{"time":"2026-07-24 14:29:58,073","level":"INFO","node":3,"msg":"[FC2 DELTA NORM] node 3 round=15 — fc2 delta norm this round: 0.0764"}
{"time":"2026-07-24 14:30:04,487","level":"INFO","node":3,"msg":"[TIMING] node 3 round=15 ZKP proof generation took 6.40s"}
{"time":"2026-07-24 14:30:04,487","level":"INFO","node":3,"msg":"[TIMING] node 3 round=15 HE encryption took 0.00s"}
{"time":"2026-07-24 14:30:04,501","level":"INFO","node":3,"msg":"Sent proposal to node 0"}
{"time":"2026-07-24 14:30:04,501","level":"INFO","node":3,"msg":"Sent proposal to node 1"}
{"time":"2026-07-24 14:30:04,504","level":"INFO","node":3,"msg":"Sent proposal to node 2"}
{"time":"2026-07-24 14:30:04,513","level":"INFO","node":3,"msg":"Sent consensus vote to node 1"}
{"time":"2026-07-24 14:30:04,514","level":"INFO","node":3,"msg":"Sent consensus vote to node 0"}
{"time":"2026-07-24 14:30:04,519","level":"INFO","node":3,"msg":"Sent consensus vote to node 2"}
{"time":"2026-07-24 14:30:04,526","level":"INFO","node":3,"msg":"Forwarded to http://127.0.0.1:8000"}
{"time":"2026-07-24 14:30:14,212","level":"INFO","node":3,"msg":"Consensus vote recorded: node 0 decision=True reason=zkp_ok round=15 new=True satisfied=False"}
{"time":"2026-07-24 14:30:30,355","level":"INFO","node":3,"msg":"Consensus vote recorded: node 1 decision=True reason=zkp_ok round=15 new=True satisfied=True"}
{"time":"2026-07-24 14:30:53,741","level":"INFO","node":3,"msg":"Consensus vote recorded: node 2 decision=True reason=zkp_ok round=15 new=True satisfied=True"}
{"time":"2026-07-24 14:31:13,804","level":"INFO","node":3,"msg":"Received update from node 2, round 15"}
{"time":"2026-07-24 14:31:13,805","level":"INFO","node":3,"msg":"Round 16 complete — aggregating"}
{"time":"2026-07-24 14:31:13,918","level":"WARNING","node":3,"msg":"[BACKDOOR PROBE] Round 16 SUSPICIOUS: feature=5 value=7.0 forces class=1 flip_rate=1.000 jump=0.727 (thresholds: flip>0.7, jump>0.3)"}
{"time":"2026-07-24 14:31:13,971","level":"INFO","node":3,"msg":"Commit vote recorded: node 2 decision=True round=15 satisfied=False"}
{"time":"2026-07-24 14:31:13,976","level":"INFO","node":3,"msg":"Commit vote recorded: node 0 decision=True round=15 satisfied=True"}
{"time":"2026-07-24 14:31:13,977","level":"INFO","node":3,"msg":"Broadcast weights to node 2"}
{"time":"2026-07-24 14:31:13,977","level":"INFO","node":3,"msg":"Round 16 COMMITTED — model hash agreed by [3, 2, 0]"}
{"time":"2026-07-24 14:31:13,988","level":"INFO","node":3,"msg":"Commit certificate saved to C:\Users\mousu\OneDrive\Desktop\Set A\securefedhe\dashboard\certificates\round_15.json"}
{"time":"2026-07-24 14:31:13,993","level":"INFO","node":3,"msg":"Commit vote recorded: node 1 decision=True round=15 satisfied=True"}
{"time":"2026-07-24 14:31:13,995","level":"INFO","node":3,"msg":"Broadcast weights to node 0"}
{"time":"2026-07-24 14:31:14,001","level":"INFO","node":3,"msg":"Broadcast weights to node 1"}
{"time":"2026-07-24 14:31:14,008","level":"INFO","node":3,"msg":"Checkpoint saved to C:\Users\mousu\OneDrive\Desktop\Set A\securefedhe\dashboard\model_latest.pt"}
{"time":"2026-07-24 14:31:14,008","level":"INFO","node":3,"msg":"Round 16 complete | accuracy=0.8455 | duration=75.99s"}
{"time":"2026-07-24 14:31:14,009","level":"INFO","node":3,"msg":"Round 17 belongs to node 0 — waiting for their proposal."}
{"time":"2026-07-24 14:31:14,018","level":"INFO","node":3,"msg":"Notified next proposer to node 0"}
{"time":"2026-07-24 14:31:14,021","level":"INFO","node":3,"msg":"[WATCHDOG SPAWNED] round=16 expected_proposer=0 timeout_s=600 spawned_at=14:31:14"}
{"time":"2026-07-24 14:31:35,410","level":"INFO","node":3,"msg":"Proposal received: round=16 origin=0 hash=a8001c80c5f0..."}
{"time":"2026-07-24 14:31:35,448","level":"INFO","node":3,"msg":"Consensus vote recorded: node 0 decision=True reason=zkp_ok round=16 new=True satisfied=False"}
{"time":"2026-07-24 14:32:06,877","level":"INFO","node":3,"msg":"Consensus vote recorded: node 1 decision=False reason=per_class_agreement_gap round=16 new=True satisfied=False"}
{"time":"2026-07-24 14:32:59,723","level":"INFO","node":3,"msg":"Consensus vote recorded: node 2 decision=False reason=per_class_agreement_gap round=16 new=True satisfied=False"}
{"time":"2026-07-24 14:33:20,933","level":"INFO","node":3,"msg":"Received update from node 2, round 16"}
{"time":"2026-07-24 14:33:52,452","level":"INFO","node":3,"msg":"ZKP ACCEPTED from node 2"}
{"time":"2026-07-24 14:33:52,452","level":"INFO","node":3,"msg":"fc_in col7 delta self-cosine for node 0: 0.1010 (delta_norm=0.1850)"}
{"time":"2026-07-24 14:33:52,466","level":"INFO","node":3,"msg":"Per-class agreement with node 0: class0=0.980 class1=0.932 gap=0.048"}
{"time":"2026-07-24 14:33:52,466","level":"INFO","node":3,"msg":"Per-class rolling gap for node 0: mean=0.023 over last 4 round(s)"}
{"time":"2026-07-24 14:33:52,473","level":"INFO","node":3,"msg":"Trust score for node 0: S=0.832 (Z=1.00 A=0.96 P=0.52 R=1.00) advisory only"}
{"time":"2026-07-24 14:33:52,529","level":"INFO","node":3,"msg":"Sent consensus vote to node 2"}
{"time":"2026-07-24 14:33:52,536","level":"INFO","node":3,"msg":"Sent consensus vote to node 0"}
{"time":"2026-07-24 14:33:52,536","level":"INFO","node":3,"msg":"Sent consensus vote to node 1"}
{"time":"2026-07-24 14:33:52,702","level":"INFO","node":3,"msg":"[FC2 DELTA NORM] node 3 round=16 — fc2 delta norm this round: 0.0717"}
{"time":"2026-07-24 14:34:13,626","level":"INFO","node":3,"msg":"[TIMING] node 3 round=16 ZKP proof generation (voter) took 20.92s"}
{"time":"2026-07-24 14:34:13,626","level":"INFO","node":3,"msg":"[TIMING] node 3 round=16 HE encryption (voter) took 0.00s"}
{"time":"2026-07-24 14:34:13,640","level":"INFO","node":3,"msg":"Forwarded to http://127.0.0.1:8000"}
{"time":"2026-07-24 14:34:34,813","level":"INFO","node":3,"msg":"Proposal for round=16 origin=0 changed hash after 179.41s — treating as a legitimate round retry, not equivocation."}
{"time":"2026-07-24 14:34:34,814","level":"INFO","node":3,"msg":"Proposal received: round=16 origin=0 hash=4c688c99db7e..."}
{"time":"2026-07-24 14:34:34,862","level":"INFO","node":3,"msg":"Consensus vote recorded: node 0 decision=True reason=zkp_ok round=16 new=True satisfied=False"}
{"time":"2026-07-24 14:35:06,237","level":"INFO","node":3,"msg":"Consensus vote recorded: node 1 decision=True reason=zkp_ok round=16 new=True satisfied=False"}
{"time":"2026-07-24 14:36:02,074","level":"INFO","node":3,"msg":"Consensus vote recorded: node 2 decision=True reason=zkp_ok round=16 new=True satisfied=True"}
{"time":"2026-07-24 14:36:22,717","level":"INFO","node":3,"msg":"Received update from node 2, round 16"}
{"time":"2026-07-24 14:36:45,756","level":"INFO","node":3,"msg":"ZKP ACCEPTED from node 2"}
{"time":"2026-07-24 14:36:45,756","level":"INFO","node":3,"msg":"fc_in col7 delta self-cosine for node 0: -0.2541 (delta_norm=0.1189)"}
{"time":"2026-07-24 14:36:45,776","level":"INFO","node":3,"msg":"Per-class agreement with node 0: class0=0.921 class1=0.902 gap=0.020"}
{"time":"2026-07-24 14:36:45,776","level":"INFO","node":3,"msg":"Per-class rolling gap for node 0: mean=0.024 over last 4 round(s)"}
{"time":"2026-07-24 14:36:45,779","level":"INFO","node":3,"msg":"Trust score for node 0: S=0.808 (Z=1.00 A=0.91 P=0.59 R=1.00) advisory only"}
{"time":"2026-07-24 14:36:45,801","level":"INFO","node":3,"msg":"Sent consensus vote to node 0"}
{"time":"2026-07-24 14:36:45,804","level":"INFO","node":3,"msg":"Sent consensus vote to node 2"}
{"time":"2026-07-24 14:36:45,805","level":"INFO","node":3,"msg":"Sent consensus vote to node 1"}
{"time":"2026-07-24 14:36:46,030","level":"INFO","node":3,"msg":"[FC2 DELTA NORM] node 3 round=16 — fc2 delta norm this round: 0.0213"}
{"time":"2026-07-24 14:37:04,815","level":"INFO","node":3,"msg":"[TIMING] node 3 round=16 ZKP proof generation (voter) took 18.78s"}
{"time":"2026-07-24 14:37:04,815","level":"INFO","node":3,"msg":"[TIMING] node 3 round=16 HE encryption (voter) took 0.00s"}
{"time":"2026-07-24 14:37:04,835","level":"INFO","node":3,"msg":"Forwarded to http://127.0.0.1:8000"}
{"time":"2026-07-24 14:37:04,975","level":"INFO","node":3,"msg":"Synced weights from master for round 16"}
{"time":"2026-07-24 14:37:04,999","level":"INFO","node":3,"msg":"Sent commit vote to node 0"}
{"time":"2026-07-24 14:37:23,739","level":"INFO","node":3,"msg":"Proposal received: round=17 origin=1 hash=0aa18d1fc02c..."}
{"time":"2026-07-24 14:37:23,762","level":"INFO","node":3,"msg":"Consensus vote recorded: node 1 decision=True reason=zkp_ok round=17 new=True satisfied=False"}
{"time":"2026-07-24 14:37:50,577","level":"INFO","node":3,"msg":"Consensus vote recorded: node 2 decision=False reason=per_class_agreement_gap round=17 new=True satisfied=False"}
{"time":"2026-07-24 14:38:09,610","level":"INFO","node":3,"msg":"Received update from node 2, round 17"}
{"time":"2026-07-24 14:38:37,144","level":"INFO","node":3,"msg":"ZKP ACCEPTED from node 2"}
{"time":"2026-07-24 14:38:37,144","level":"INFO","node":3,"msg":"fc_in col7 delta self-cosine for node 1: 0.0285 (delta_norm=0.1828)"}
{"time":"2026-07-24 14:38:37,160","level":"INFO","node":3,"msg":"Per-class agreement with node 1: class0=0.965 class1=0.936 gap=0.029"}
{"time":"2026-07-24 14:38:37,160","level":"INFO","node":3,"msg":"Per-class rolling gap for node 1: mean=0.069 over last 4 round(s)"}
{"time":"2026-07-24 14:38:37,160","level":"WARNING","node":3,"msg":"[PER-CLASS AGREEMENT CHECK] node 3 observed node 1: SUSTAINED class agreement gap, rolling mean=0.069 over 4 rounds — possible asymmetric/label_flip-style corruption"}
{"time":"2026-07-24 14:38:37,160","level":"INFO","node":3,"msg":"Trust score for node 1: S=0.819 (Z=1.00 A=0.96 P=0.50 R=1.00) advisory only"}
{"time":"2026-07-24 14:38:37,160","level":"WARNING","node":3,"msg":"Update round=17 from node 1 REJECTED on per-class agreement gap"}
{"time":"2026-07-24 14:38:37,208","level":"INFO","node":3,"msg":"Sent consensus vote to node 1"}
{"time":"2026-07-24 14:38:37,208","level":"INFO","node":3,"msg":"Sent consensus vote to node 0"}
{"time":"2026-07-24 14:38:37,222","level":"INFO","node":3,"msg":"Sent consensus vote to node 2"}
{"time":"2026-07-24 14:38:37,362","level":"INFO","node":3,"msg":"[FC2 DELTA NORM] node 3 round=17 — fc2 delta norm this round: 0.0506"}
{"time":"2026-07-24 14:38:56,349","level":"INFO","node":3,"msg":"[TIMING] node 3 round=17 ZKP proof generation (voter) took 18.97s"}
{"time":"2026-07-24 14:38:56,349","level":"INFO","node":3,"msg":"[TIMING] node 3 round=17 HE encryption (voter) took 0.00s"}
{"time":"2026-07-24 14:38:56,367","level":"INFO","node":3,"msg":"Forwarded to http://127.0.0.1:8000"}
{"time":"2026-07-24 14:39:24,881","level":"INFO","node":3,"msg":"Prediction agreement with node 0 round=17: A=0.970"}
{"time":"2026-07-24 14:39:24,881","level":"INFO","node":3,"msg":"Consensus vote recorded: node 0 decision=False reason=per_class_agreement_gap round=17 new=True satisfied=False"}
{"time":"2026-07-24 14:40:02,571","level":"INFO","node":3,"msg":"Proposal for round=17 origin=1 changed hash after 158.84s — treating as a legitimate round retry, not equivocation."}
{"time":"2026-07-24 14:40:02,571","level":"INFO","node":3,"msg":"Proposal received: round=17 origin=1 hash=03dcead59483..."}
{"time":"2026-07-24 14:40:02,603","level":"INFO","node":3,"msg":"Consensus vote recorded: node 1 decision=True reason=zkp_ok round=17 new=True satisfied=False"}
{"time":"2026-07-24 14:40:30,161","level":"INFO","node":3,"msg":"Consensus vote recorded: node 2 decision=True reason=zkp_ok round=17 new=True satisfied=False"}
{"time":"2026-07-24 14:40:43,991","level":"INFO","node":3,"msg":"Received update from node 2, round 17"}
{"time":"2026-07-24 14:40:54,482","level":"INFO","node":3,"msg":"ZKP ACCEPTED from node 2"}
{"time":"2026-07-24 14:40:54,482","level":"INFO","node":3,"msg":"fc_in col7 delta self-cosine for node 1: -0.3584 (delta_norm=0.1461)"}
{"time":"2026-07-24 14:40:54,488","level":"INFO","node":3,"msg":"Per-class agreement with node 1: class0=0.940 class1=0.948 gap=0.008"}
{"time":"2026-07-24 14:40:54,488","level":"INFO","node":3,"msg":"Per-class rolling gap for node 1: mean=0.029 over last 4 round(s)"}
{"time":"2026-07-24 14:40:54,495","level":"INFO","node":3,"msg":"Trust score for node 1: S=0.782 (Z=1.00 A=0.94 P=0.55 R=0.80) advisory only"}
{"time":"2026-07-24 14:40:54,534","level":"INFO","node":3,"msg":"Sent consensus vote to node 0"}
{"time":"2026-07-24 14:40:54,534","level":"INFO","node":3,"msg":"Sent consensus vote to node 2"}
{"time":"2026-07-24 14:40:54,534","level":"INFO","node":3,"msg":"Sent consensus vote to node 1"}
{"time":"2026-07-24 14:40:54,577","level":"INFO","node":3,"msg":"[FC2 DELTA NORM] node 3 round=17 — fc2 delta norm this round: 0.0349"}
{"time":"2026-07-24 14:41:00,972","level":"INFO","node":3,"msg":"[TIMING] node 3 round=17 ZKP proof generation (voter) took 6.38s"}
{"time":"2026-07-24 14:41:00,973","level":"INFO","node":3,"msg":"[TIMING] node 3 round=17 HE encryption (voter) took 0.00s"}
{"time":"2026-07-24 14:41:00,993","level":"INFO","node":3,"msg":"Forwarded to http://127.0.0.1:8000"}
{"time":"2026-07-24 14:41:11,009","level":"INFO","node":3,"msg":"Prediction agreement with node 0 round=17: A=0.974"}
{"time":"2026-07-24 14:41:11,010","level":"INFO","node":3,"msg":"Consensus vote recorded: node 0 decision=True reason=zkp_ok round=17 new=True satisfied=True"}
{"time":"2026-07-24 14:41:17,304","level":"INFO","node":3,"msg":"Synced weights from master for round 17"}
{"time":"2026-07-24 14:41:17,329","level":"INFO","node":3,"msg":"Sent commit vote to node 1"}
{"time":"2026-07-24 14:41:23,612","level":"INFO","node":3,"msg":"Proposal received: round=18 origin=2 hash=5b691ddb547a..."}
{"time":"2026-07-24 14:41:23,639","level":"INFO","node":3,"msg":"Consensus vote recorded: node 2 decision=True reason=zkp_ok round=18 new=True satisfied=False"}
{"time":"2026-07-24 14:41:23,644","level":"INFO","node":3,"msg":"Received update from node 2, round 18"}
{"time":"2026-07-24 14:41:33,439","level":"INFO","node":3,"msg":"ZKP ACCEPTED from node 2"}
{"time":"2026-07-24 14:41:33,439","level":"INFO","node":3,"msg":"fc_in col7 delta self-cosine for node 2: -0.1204 (delta_norm=0.2506)"}
{"time":"2026-07-24 14:41:33,439","level":"INFO","node":3,"msg":"Per-class agreement with node 2: class0=0.933 class1=0.908 gap=0.025"}
{"time":"2026-07-24 14:41:33,439","level":"INFO","node":3,"msg":"Per-class rolling gap for node 2: mean=0.036 over last 4 round(s)"}
{"time":"2026-07-24 14:41:33,439","level":"INFO","node":3,"msg":"Trust score for node 2: S=0.798 (Z=1.00 A=0.93 P=0.52 R=1.00) advisory only"}
{"time":"2026-07-24 14:41:33,469","level":"INFO","node":3,"msg":"Sent consensus vote to node 2"}
{"time":"2026-07-24 14:41:33,469","level":"INFO","node":3,"msg":"Sent consensus vote to node 0"}
{"time":"2026-07-24 14:41:33,469","level":"INFO","node":3,"msg":"Sent consensus vote to node 1"}
{"time":"2026-07-24 14:41:33,507","level":"INFO","node":3,"msg":"[FC2 DELTA NORM] node 3 round=18 — fc2 delta norm this round: 0.0488"}
{"time":"2026-07-24 14:41:39,679","level":"INFO","node":3,"msg":"[TIMING] node 3 round=18 ZKP proof generation (voter) took 6.16s"}
{"time":"2026-07-24 14:41:39,695","level":"INFO","node":3,"msg":"[TIMING] node 3 round=18 HE encryption (voter) took 0.00s"}
{"time":"2026-07-24 14:41:39,712","level":"INFO","node":3,"msg":"Forwarded to http://127.0.0.1:8000"}
{"time":"2026-07-24 14:41:49,488","level":"INFO","node":3,"msg":"Prediction agreement with node 0 round=18: A=0.939"}
{"time":"2026-07-24 14:41:49,489","level":"INFO","node":3,"msg":"Consensus vote recorded: node 0 decision=True reason=zkp_ok round=18 new=True satisfied=True"}
{"time":"2026-07-24 14:42:05,437","level":"INFO","node":3,"msg":"Prediction agreement with node 1 round=18: A=0.938"}
{"time":"2026-07-24 14:42:05,437","level":"INFO","node":3,"msg":"Consensus vote recorded: node 1 decision=True reason=zkp_ok round=18 new=True satisfied=True"}
{"time":"2026-07-24 14:42:11,736","level":"INFO","node":3,"msg":"Synced weights from master for round 18"}
{"time":"2026-07-24 14:42:11,750","level":"INFO","node":3,"msg":"Sent commit vote to node 2"}
{"time":"2026-07-24 14:42:11,759","level":"INFO","node":3,"msg":"My turn — starting round 20 as proposer."}
{"time":"2026-07-24 14:42:11,760","level":"INFO","node":3,"msg":"Starting round 20"}
{"time":"2026-07-24 14:42:11,815","level":"INFO","node":3,"msg":"[FC2 DELTA NORM] node 3 round=19 — fc2 delta norm this round: 0.0485"}
{"time":"2026-07-24 14:42:18,039","level":"INFO","node":3,"msg":"[TIMING] node 3 round=19 ZKP proof generation took 6.22s"}
{"time":"2026-07-24 14:42:18,039","level":"INFO","node":3,"msg":"[TIMING] node 3 round=19 HE encryption took 0.00s"}
{"time":"2026-07-24 14:42:18,056","level":"INFO","node":3,"msg":"Sent proposal to node 0"}
{"time":"2026-07-24 14:42:18,056","level":"INFO","node":3,"msg":"Sent proposal to node 1"}
{"time":"2026-07-24 14:42:18,057","level":"INFO","node":3,"msg":"Sent proposal to node 2"}
{"time":"2026-07-24 14:42:18,064","level":"INFO","node":3,"msg":"Sent consensus vote to node 1"}
{"time":"2026-07-24 14:42:18,064","level":"INFO","node":3,"msg":"Sent consensus vote to node 0"}
{"time":"2026-07-24 14:42:18,065","level":"INFO","node":3,"msg":"Sent consensus vote to node 2"}
{"time":"2026-07-24 14:42:18,070","level":"INFO","node":3,"msg":"Forwarded to http://127.0.0.1:8000"}
{"time":"2026-07-24 14:42:27,860","level":"INFO","node":3,"msg":"Consensus vote recorded: node 0 decision=True reason=zkp_ok round=19 new=True satisfied=False"}
{"time":"2026-07-24 14:42:43,874","level":"INFO","node":3,"msg":"Consensus vote recorded: node 1 decision=True reason=zkp_ok round=19 new=True satisfied=True"}
{"time":"2026-07-24 14:43:00,104","level":"INFO","node":3,"msg":"Consensus vote recorded: node 2 decision=True reason=zkp_ok round=19 new=True satisfied=True"}
{"time":"2026-07-24 14:43:06,337","level":"INFO","node":3,"msg":"Received update from node 2, round 19"}
{"time":"2026-07-24 14:43:06,338","level":"INFO","node":3,"msg":"Round 20 complete — aggregating"}
{"time":"2026-07-24 14:43:06,386","level":"WARNING","node":3,"msg":"[BACKDOOR PROBE] Round 20 SUSPICIOUS: feature=5 value=8.0 forces class=1 flip_rate=0.987 jump=0.668 (thresholds: flip>0.7, jump>0.3)"}
{"time":"2026-07-24 14:43:06,410","level":"INFO","node":3,"msg":"Commit vote recorded: node 2 decision=True round=19 satisfied=False"}
{"time":"2026-07-24 14:43:06,410","level":"INFO","node":3,"msg":"Broadcast weights to node 2"}
{"time":"2026-07-24 14:43:06,422","level":"INFO","node":3,"msg":"Commit vote recorded: node 0 decision=True round=19 satisfied=True"}
{"time":"2026-07-24 14:43:06,423","level":"INFO","node":3,"msg":"Round 20 COMMITTED — model hash agreed by [3, 2, 0]"}
{"time":"2026-07-24 14:43:06,425","level":"INFO","node":3,"msg":"Commit certificate saved to C:\Users\mousu\OneDrive\Desktop\Set A\securefedhe\dashboard\certificates\round_19.json"}
{"time":"2026-07-24 14:43:06,428","level":"INFO","node":3,"msg":"Broadcast weights to node 0"}
{"time":"2026-07-24 14:43:06,439","level":"INFO","node":3,"msg":"Commit vote recorded: node 1 decision=True round=19 satisfied=True"}
{"time":"2026-07-24 14:43:06,443","level":"INFO","node":3,"msg":"Broadcast weights to node 1"}
{"time":"2026-07-24 14:43:06,447","level":"INFO","node":3,"msg":"Checkpoint saved to C:\Users\mousu\OneDrive\Desktop\Set A\securefedhe\dashboard\model_latest.pt"}
{"time":"2026-07-24 14:43:06,448","level":"INFO","node":3,"msg":"Round 20 complete | accuracy=0.8727 | duration=54.69s"}
{"time":"2026-07-24 14:43:06,448","level":"INFO","node":3,"msg":"Training complete after 20 rounds"}
{"time":"2026-07-26 03:17:23,268","level":"INFO","node":3,"msg":"Starting node 3: Community Wellness Center"}
{"time":"2026-07-26 03:17:23,268","level":"INFO","node":3,"msg":"[CONFIG DEBUG] attack_simulation loaded: enabled=True target_node=2 type=stale_update config_path=config_dev.json"}
{"time":"2026-07-26 03:17:23,648","level":"WARNING","node":3,"msg":"DEV MODE: running without TLS"}
{"time":"2026-07-26 03:17:23,648","level":"INFO","node":3,"msg":"Listening on 127.0.0.1:8003 | TLS=False"}
