{"time":"2026-07-22 15:04:32,103","level":"INFO","node":1,"msg":"Starting node 1: Suburban Medical Clinic"}
{"time":"2026-07-22 15:04:32,103","level":"INFO","node":1,"msg":"[CONFIG DEBUG] attack_simulation loaded: enabled=False target_node=2 type=gradient_norm config_path=config_dev.json"}
{"time":"2026-07-22 15:04:32,190","level":"WARNING","node":1,"msg":"DEV MODE: running without TLS"}
{"time":"2026-07-22 15:04:32,190","level":"INFO","node":1,"msg":"Listening on 127.0.0.1:8001 | TLS=False"}
{"time":"2026-07-22 15:04:37,216","level":"INFO","node":1,"msg":"Sent consensus pubkey to node 0"}
{"time":"2026-07-22 15:04:37,216","level":"INFO","node":1,"msg":"Sent public key to node 0"}
{"time":"2026-07-22 15:04:37,227","level":"INFO","node":1,"msg":"Sent consensus pubkey to node 2"}
{"time":"2026-07-22 15:04:37,238","level":"INFO","node":1,"msg":"Sent public key to node 2"}
{"time":"2026-07-22 15:04:37,245","level":"INFO","node":1,"msg":"Sent public key to node 3"}
{"time":"2026-07-22 15:04:37,248","level":"INFO","node":1,"msg":"Sent consensus pubkey to node 3"}
{"time":"2026-07-22 15:04:39,167","level":"INFO","node":1,"msg":"Consensus pubkey received from node 2"}
{"time":"2026-07-22 15:04:39,187","level":"INFO","node":1,"msg":"Key exchange complete with node 2"}
{"time":"2026-07-22 15:04:41,556","level":"INFO","node":1,"msg":"Consensus pubkey received from node 3"}
{"time":"2026-07-22 15:04:41,557","level":"INFO","node":1,"msg":"Key exchange complete with node 3"}
{"time":"2026-07-22 15:04:48,380","level":"INFO","node":1,"msg":"Key exchange complete with node 0"}
{"time":"2026-07-22 15:04:48,400","level":"INFO","node":1,"msg":"Consensus pubkey received from node 0"}
{"time":"2026-07-22 15:05:52,310","level":"INFO","node":1,"msg":"Starting node 1: Suburban Medical Clinic"}
{"time":"2026-07-22 15:05:52,310","level":"INFO","node":1,"msg":"[CONFIG DEBUG] attack_simulation loaded: enabled=False target_node=2 type=gradient_norm config_path=config_dev.json"}
{"time":"2026-07-22 15:05:52,402","level":"WARNING","node":1,"msg":"DEV MODE: running without TLS"}
{"time":"2026-07-22 15:05:52,402","level":"INFO","node":1,"msg":"Listening on 127.0.0.1:8001 | TLS=False"}
{"time":"2026-07-22 15:05:54,983","level":"INFO","node":1,"msg":"Key exchange complete with node 3"}
{"time":"2026-07-22 15:05:54,997","level":"INFO","node":1,"msg":"Consensus pubkey received from node 3"}
{"time":"2026-07-22 15:05:55,164","level":"INFO","node":1,"msg":"Consensus pubkey received from node 2"}
{"time":"2026-07-22 15:05:55,165","level":"INFO","node":1,"msg":"Key exchange complete with node 2"}
{"time":"2026-07-22 15:05:57,422","level":"INFO","node":1,"msg":"Sent consensus pubkey to node 0"}
{"time":"2026-07-22 15:05:57,448","level":"INFO","node":1,"msg":"Sent public key to node 0"}
{"time":"2026-07-22 15:05:57,448","level":"INFO","node":1,"msg":"Sent consensus pubkey to node 2"}
{"time":"2026-07-22 15:05:57,469","level":"INFO","node":1,"msg":"Sent consensus pubkey to node 3"}
{"time":"2026-07-22 15:05:57,469","level":"INFO","node":1,"msg":"Sent public key to node 2"}
{"time":"2026-07-22 15:05:57,479","level":"INFO","node":1,"msg":"Sent public key to node 3"}
{"time":"2026-07-22 15:06:12,765","level":"INFO","node":1,"msg":"Key exchange complete with node 0"}
{"time":"2026-07-22 15:06:12,833","level":"INFO","node":1,"msg":"Consensus pubkey received from node 0"}
{"time":"2026-07-22 15:06:20,382","level":"INFO","node":1,"msg":"Proposal received: round=0 origin=0 hash=6535410ac0c9..."}
{"time":"2026-07-22 15:06:20,400","level":"INFO","node":1,"msg":"Consensus vote recorded: node 0 decision=True reason=zkp_ok round=0 new=True satisfied=False"}
{"time":"2026-07-22 15:06:20,433","level":"INFO","node":1,"msg":"Received update from node 0, round 0"}
{"time":"2026-07-22 15:06:29,978","level":"INFO","node":1,"msg":"ZKP ACCEPTED from node 0"}
{"time":"2026-07-22 15:06:29,987","level":"INFO","node":1,"msg":"Trust score for node 0: S=0.429 (Z=1.00 A=0.50 P=0.50 R=1.00) advisory only"}
{"time":"2026-07-22 15:06:30,005","level":"INFO","node":1,"msg":"Sent consensus vote to node 0"}
{"time":"2026-07-22 15:06:30,022","level":"INFO","node":1,"msg":"Sent consensus vote to node 2"}
{"time":"2026-07-22 15:06:30,044","level":"INFO","node":1,"msg":"Sent consensus vote to node 3"}
{"time":"2026-07-22 15:06:31,283","level":"INFO","node":1,"msg":"[FC2 DELTA NORM] node 1 round=0 — fc2 delta norm this round: 0.1506"}
{"time":"2026-07-22 15:06:31,287","level":"WARNING","node":1,"msg":"ZKP norm violation (clipping applied): slack=-135861, retry=0"}
{"time":"2026-07-22 15:06:37,355","level":"INFO","node":1,"msg":"Forwarded to http://127.0.0.1:8002"}
{"time":"2026-07-22 15:06:47,069","level":"INFO","node":1,"msg":"Prediction agreement with node 2 round=0: A=0.636"}
{"time":"2026-07-22 15:06:47,069","level":"INFO","node":1,"msg":"Consensus vote recorded: node 2 decision=True reason=zkp_ok round=0 new=True satisfied=True"}
{"time":"2026-07-22 15:07:04,110","level":"INFO","node":1,"msg":"Prediction agreement with node 3 round=0: A=0.649"}
{"time":"2026-07-22 15:07:04,110","level":"INFO","node":1,"msg":"Consensus vote recorded: node 3 decision=True reason=zkp_ok round=0 new=True satisfied=True"}
{"time":"2026-07-22 15:07:11,403","level":"INFO","node":1,"msg":"Synced weights from master for round 0"}
{"time":"2026-07-22 15:07:11,407","level":"INFO","node":1,"msg":"Sent commit vote to node 0"}
{"time":"2026-07-22 15:07:11,503","level":"INFO","node":1,"msg":"My turn — starting round 2 as proposer."}
{"time":"2026-07-22 15:07:11,503","level":"INFO","node":1,"msg":"Starting round 2"}
{"time":"2026-07-22 15:07:11,639","level":"INFO","node":1,"msg":"[FC2 DELTA NORM] node 1 round=1 — fc2 delta norm this round: 0.3056"}
{"time":"2026-07-22 15:07:17,849","level":"INFO","node":1,"msg":"Sent proposal to node 0"}
{"time":"2026-07-22 15:07:17,864","level":"INFO","node":1,"msg":"Sent proposal to node 2"}
{"time":"2026-07-22 15:07:17,869","level":"INFO","node":1,"msg":"Sent proposal to node 3"}
{"time":"2026-07-22 15:07:17,875","level":"INFO","node":1,"msg":"Sent consensus vote to node 0"}
{"time":"2026-07-22 15:07:17,883","level":"INFO","node":1,"msg":"Sent consensus vote to node 2"}
{"time":"2026-07-22 15:07:17,887","level":"INFO","node":1,"msg":"Sent consensus vote to node 3"}
{"time":"2026-07-22 15:07:17,896","level":"INFO","node":1,"msg":"Forwarded to http://127.0.0.1:8002"}
{"time":"2026-07-22 15:07:27,723","level":"INFO","node":1,"msg":"Consensus vote recorded: node 2 decision=True reason=zkp_ok round=1 new=True satisfied=False"}
{"time":"2026-07-22 15:07:44,035","level":"INFO","node":1,"msg":"Consensus vote recorded: node 3 decision=True reason=zkp_ok round=1 new=True satisfied=True"}
{"time":"2026-07-22 15:08:00,220","level":"INFO","node":1,"msg":"Consensus vote recorded: node 0 decision=True reason=zkp_ok round=1 new=True satisfied=True"}
{"time":"2026-07-22 15:08:06,441","level":"INFO","node":1,"msg":"Received update from node 0, round 1"}
{"time":"2026-07-22 15:08:06,441","level":"INFO","node":1,"msg":"Round 2 complete — aggregating"}
{"time":"2026-07-22 15:08:06,441","level":"INFO","node":1,"msg":"Round 2 accuracy gate skipped (warm-up period, candidate_acc=0.6818)"}
{"time":"2026-07-22 15:08:06,470","level":"INFO","node":1,"msg":"Commit vote recorded: node 0 decision=True round=1 satisfied=False"}
{"time":"2026-07-22 15:08:06,472","level":"INFO","node":1,"msg":"Broadcast weights to node 0"}
{"time":"2026-07-22 15:08:06,499","level":"INFO","node":1,"msg":"Commit vote recorded: node 2 decision=True round=1 satisfied=True"}
{"time":"2026-07-22 15:08:06,501","level":"INFO","node":1,"msg":"Round 2 COMMITTED — model hash agreed by [1, 0, 2]"}
{"time":"2026-07-22 15:08:06,501","level":"INFO","node":1,"msg":"Commit certificate saved to C:\Users\mousu\OneDrive\Desktop\Set A\securefedhe\dashboard\certificates\round_1.json"}
{"time":"2026-07-22 15:08:06,505","level":"INFO","node":1,"msg":"Broadcast weights to node 2"}
{"time":"2026-07-22 15:08:06,546","level":"INFO","node":1,"msg":"Commit vote recorded: node 3 decision=True round=1 satisfied=True"}
{"time":"2026-07-22 15:08:06,548","level":"INFO","node":1,"msg":"Broadcast weights to node 3"}
{"time":"2026-07-22 15:08:06,555","level":"INFO","node":1,"msg":"Checkpoint saved to C:\Users\mousu\OneDrive\Desktop\Set A\securefedhe\dashboard\model_latest.pt"}
{"time":"2026-07-22 15:08:06,555","level":"INFO","node":1,"msg":"Round 2 complete | accuracy=0.6818 | duration=55.05s"}
{"time":"2026-07-22 15:08:06,556","level":"INFO","node":1,"msg":"Round 3 belongs to node 2 — waiting for their proposal."}
{"time":"2026-07-22 15:08:06,559","level":"INFO","node":1,"msg":"Notified next proposer to node 2"}
{"time":"2026-07-22 15:08:06,559","level":"INFO","node":1,"msg":"[WATCHDOG SPAWNED] round=2 expected_proposer=2 timeout_s=600 spawned_at=15:08:06"}
{"time":"2026-07-22 15:08:12,724","level":"INFO","node":1,"msg":"Proposal received: round=2 origin=2 hash=0355267b96bd..."}
{"time":"2026-07-22 15:08:12,748","level":"INFO","node":1,"msg":"Consensus vote recorded: node 2 decision=True reason=zkp_ok round=2 new=True satisfied=False"}
{"time":"2026-07-22 15:08:22,407","level":"INFO","node":1,"msg":"Consensus vote recorded: node 3 decision=True reason=zkp_ok round=2 new=True satisfied=False"}
{"time":"2026-07-22 15:08:38,330","level":"INFO","node":1,"msg":"Consensus vote recorded: node 0 decision=True reason=zkp_ok round=2 new=True satisfied=True"}
{"time":"2026-07-22 15:08:44,540","level":"INFO","node":1,"msg":"Received update from node 0, round 2"}
{"time":"2026-07-22 15:08:54,293","level":"INFO","node":1,"msg":"ZKP ACCEPTED from node 0"}
{"time":"2026-07-22 15:08:54,306","level":"INFO","node":1,"msg":"Trust score for node 2: S=0.431 (Z=1.00 A=0.50 P=0.52 R=1.00) advisory only"}
{"time":"2026-07-22 15:08:54,325","level":"INFO","node":1,"msg":"Sent consensus vote to node 0"}
{"time":"2026-07-22 15:08:54,345","level":"INFO","node":1,"msg":"Sent consensus vote to node 2"}
{"time":"2026-07-22 15:08:54,388","level":"INFO","node":1,"msg":"Sent consensus vote to node 3"}
{"time":"2026-07-22 15:08:54,495","level":"INFO","node":1,"msg":"[FC2 DELTA NORM] node 1 round=2 — fc2 delta norm this round: 0.2370"}
{"time":"2026-07-22 15:09:00,663","level":"INFO","node":1,"msg":"Forwarded to http://127.0.0.1:8002"}
{"time":"2026-07-22 15:09:00,726","level":"INFO","node":1,"msg":"Synced weights from master for round 2"}
{"time":"2026-07-22 15:09:00,733","level":"INFO","node":1,"msg":"Sent commit vote to node 2"}
{"time":"2026-07-22 15:09:07,122","level":"INFO","node":1,"msg":"Proposal received: round=3 origin=3 hash=858516fb3726..."}
{"time":"2026-07-22 15:09:07,144","level":"INFO","node":1,"msg":"Consensus vote recorded: node 3 decision=True reason=zkp_ok round=3 new=True satisfied=False"}
{"time":"2026-07-22 15:09:16,956","level":"INFO","node":1,"msg":"Consensus vote recorded: node 0 decision=True reason=zkp_ok round=3 new=True satisfied=False"}
{"time":"2026-07-22 15:09:23,216","level":"INFO","node":1,"msg":"Received update from node 0, round 3"}
{"time":"2026-07-22 15:09:32,868","level":"INFO","node":1,"msg":"ZKP ACCEPTED from node 0"}
{"time":"2026-07-22 15:09:32,868","level":"INFO","node":1,"msg":"Trust score for node 3: S=0.452 (Z=1.00 A=0.50 P=0.66 R=1.00) advisory only"}
{"time":"2026-07-22 15:09:32,912","level":"INFO","node":1,"msg":"Sent consensus vote to node 0"}
{"time":"2026-07-22 15:09:32,920","level":"INFO","node":1,"msg":"Sent consensus vote to node 2"}
{"time":"2026-07-22 15:09:32,948","level":"INFO","node":1,"msg":"Sent consensus vote to node 3"}
{"time":"2026-07-22 15:09:33,045","level":"INFO","node":1,"msg":"[FC2 DELTA NORM] node 1 round=3 — fc2 delta norm this round: 0.1857"}
{"time":"2026-07-22 15:09:39,104","level":"INFO","node":1,"msg":"Forwarded to http://127.0.0.1:8002"}
{"time":"2026-07-22 15:09:48,930","level":"INFO","node":1,"msg":"Prediction agreement with node 2 round=3: A=0.961"}
{"time":"2026-07-22 15:09:48,931","level":"INFO","node":1,"msg":"Consensus vote recorded: node 2 decision=True reason=zkp_ok round=3 new=True satisfied=True"}
{"time":"2026-07-22 15:09:55,197","level":"INFO","node":1,"msg":"Synced weights from master for round 3"}
{"time":"2026-07-22 15:09:55,208","level":"INFO","node":1,"msg":"Sent commit vote to node 3"}
{"time":"2026-07-22 15:10:01,423","level":"INFO","node":1,"msg":"Proposal received: round=4 origin=0 hash=f13a6a7b10d1..."}
{"time":"2026-07-22 15:10:01,446","level":"INFO","node":1,"msg":"Consensus vote recorded: node 0 decision=True reason=zkp_ok round=4 new=True satisfied=False"}
{"time":"2026-07-22 15:10:01,479","level":"INFO","node":1,"msg":"Received update from node 0, round 4"}
{"time":"2026-07-22 15:10:11,205","level":"INFO","node":1,"msg":"ZKP ACCEPTED from node 0"}
{"time":"2026-07-22 15:10:11,205","level":"INFO","node":1,"msg":"Per-class agreement with node 0: class0=0.744 class1=0.629 gap=0.115"}
{"time":"2026-07-22 15:10:11,205","level":"INFO","node":1,"msg":"Per-class rolling gap for node 0: mean=0.115 over last 1 round(s)"}
{"time":"2026-07-22 15:10:11,219","level":"INFO","node":1,"msg":"Trust score for node 0: S=0.658 (Z=1.00 A=0.71 P=0.75 R=1.00) advisory only"}
{"time":"2026-07-22 15:10:11,229","level":"INFO","node":1,"msg":"Sent consensus vote to node 0"}
{"time":"2026-07-22 15:10:11,254","level":"INFO","node":1,"msg":"Sent consensus vote to node 2"}
{"time":"2026-07-22 15:10:11,278","level":"INFO","node":1,"msg":"Sent consensus vote to node 3"}
{"time":"2026-07-22 15:10:11,373","level":"INFO","node":1,"msg":"[FC2 DELTA NORM] node 1 round=4 — fc2 delta norm this round: 0.1722"}
{"time":"2026-07-22 15:10:11,373","level":"WARNING","node":1,"msg":"ZKP norm violation (clipping applied): slack=-295155, retry=0"}
{"time":"2026-07-22 15:10:17,374","level":"INFO","node":1,"msg":"Forwarded to http://127.0.0.1:8002"}
{"time":"2026-07-22 15:10:27,167","level":"INFO","node":1,"msg":"Prediction agreement with node 2 round=4: A=0.943"}
{"time":"2026-07-22 15:10:27,167","level":"INFO","node":1,"msg":"Consensus vote recorded: node 2 decision=True reason=zkp_ok round=4 new=True satisfied=True"}
{"time":"2026-07-22 15:10:43,041","level":"INFO","node":1,"msg":"Prediction agreement with node 3 round=4: A=0.971"}
{"time":"2026-07-22 15:10:43,041","level":"INFO","node":1,"msg":"Consensus vote recorded: node 3 decision=True reason=zkp_ok round=4 new=True satisfied=True"}
{"time":"2026-07-22 15:10:49,324","level":"INFO","node":1,"msg":"Synced weights from master for round 4"}
{"time":"2026-07-22 15:10:49,348","level":"INFO","node":1,"msg":"Sent commit vote to node 0"}
{"time":"2026-07-22 15:10:49,419","level":"INFO","node":1,"msg":"My turn — starting round 6 as proposer."}
{"time":"2026-07-22 15:10:49,419","level":"INFO","node":1,"msg":"Starting round 6"}
{"time":"2026-07-22 15:10:49,551","level":"INFO","node":1,"msg":"[FC2 DELTA NORM] node 1 round=5 — fc2 delta norm this round: 0.1743"}
{"time":"2026-07-22 15:10:49,551","level":"WARNING","node":1,"msg":"ZKP norm violation (clipping applied): slack=-355670, retry=0"}
{"time":"2026-07-22 15:10:55,585","level":"INFO","node":1,"msg":"Sent proposal to node 0"}
{"time":"2026-07-22 15:10:55,585","level":"INFO","node":1,"msg":"Sent proposal to node 2"}
{"time":"2026-07-22 15:10:55,597","level":"INFO","node":1,"msg":"Sent proposal to node 3"}
{"time":"2026-07-22 15:10:55,607","level":"INFO","node":1,"msg":"Sent consensus vote to node 0"}
{"time":"2026-07-22 15:10:55,612","level":"INFO","node":1,"msg":"Sent consensus vote to node 2"}
{"time":"2026-07-22 15:10:55,615","level":"INFO","node":1,"msg":"Sent consensus vote to node 3"}
{"time":"2026-07-22 15:10:55,619","level":"INFO","node":1,"msg":"Forwarded to http://127.0.0.1:8002"}
{"time":"2026-07-22 15:11:05,402","level":"INFO","node":1,"msg":"Consensus vote recorded: node 2 decision=True reason=zkp_ok round=5 new=True satisfied=False"}
{"time":"2026-07-22 15:11:21,261","level":"INFO","node":1,"msg":"Consensus vote recorded: node 3 decision=True reason=zkp_ok round=5 new=True satisfied=True"}
{"time":"2026-07-22 15:11:37,112","level":"INFO","node":1,"msg":"Consensus vote recorded: node 0 decision=True reason=zkp_ok round=5 new=True satisfied=True"}
{"time":"2026-07-22 15:11:43,352","level":"INFO","node":1,"msg":"Received update from node 0, round 5"}
{"time":"2026-07-22 15:11:43,352","level":"INFO","node":1,"msg":"Round 6 complete — aggregating"}
{"time":"2026-07-22 15:11:43,389","level":"WARNING","node":1,"msg":"[BACKDOOR PROBE] Round 6 SUSPICIOUS: feature=5 value=7.0 forces class=1 flip_rate=1.000 jump=0.818 (thresholds: flip>0.7, jump>0.3)"}
{"time":"2026-07-22 15:11:43,409","level":"INFO","node":1,"msg":"Commit vote recorded: node 0 decision=True round=5 satisfied=False"}
{"time":"2026-07-22 15:11:43,413","level":"INFO","node":1,"msg":"Broadcast weights to node 0"}
{"time":"2026-07-22 15:11:43,456","level":"INFO","node":1,"msg":"Commit vote recorded: node 2 decision=True round=5 satisfied=True"}
{"time":"2026-07-22 15:11:43,456","level":"INFO","node":1,"msg":"Round 6 COMMITTED — model hash agreed by [1, 0, 2]"}
{"time":"2026-07-22 15:11:43,458","level":"INFO","node":1,"msg":"Commit certificate saved to C:\Users\mousu\OneDrive\Desktop\Set A\securefedhe\dashboard\certificates\round_5.json"}
{"time":"2026-07-22 15:11:43,460","level":"INFO","node":1,"msg":"Broadcast weights to node 2"}
{"time":"2026-07-22 15:11:43,500","level":"INFO","node":1,"msg":"Commit vote recorded: node 3 decision=True round=5 satisfied=True"}
{"time":"2026-07-22 15:11:43,502","level":"INFO","node":1,"msg":"Broadcast weights to node 3"}
{"time":"2026-07-22 15:11:43,505","level":"INFO","node":1,"msg":"Checkpoint saved to C:\Users\mousu\OneDrive\Desktop\Set A\securefedhe\dashboard\model_latest.pt"}
{"time":"2026-07-22 15:11:43,505","level":"INFO","node":1,"msg":"Round 6 complete | accuracy=0.8091 | duration=54.08s"}
{"time":"2026-07-22 15:11:43,505","level":"INFO","node":1,"msg":"Round 7 belongs to node 2 — waiting for their proposal."}
{"time":"2026-07-22 15:11:43,509","level":"INFO","node":1,"msg":"Notified next proposer to node 2"}
{"time":"2026-07-22 15:11:43,510","level":"INFO","node":1,"msg":"[WATCHDOG SPAWNED] round=6 expected_proposer=2 timeout_s=600 spawned_at=15:11:43"}
{"time":"2026-07-22 15:11:49,805","level":"INFO","node":1,"msg":"Proposal received: round=6 origin=2 hash=6c223896e553..."}
{"time":"2026-07-22 15:11:49,822","level":"INFO","node":1,"msg":"Consensus vote recorded: node 2 decision=True reason=zkp_ok round=6 new=True satisfied=False"}
{"time":"2026-07-22 15:11:59,759","level":"INFO","node":1,"msg":"Consensus vote recorded: node 3 decision=True reason=zkp_ok round=6 new=True satisfied=False"}
{"time":"2026-07-22 15:12:15,621","level":"INFO","node":1,"msg":"Consensus vote recorded: node 0 decision=True reason=zkp_ok round=6 new=True satisfied=True"}
{"time":"2026-07-22 15:12:22,265","level":"INFO","node":1,"msg":"Received update from node 0, round 6"}
{"time":"2026-07-22 15:12:32,251","level":"INFO","node":1,"msg":"ZKP ACCEPTED from node 0"}
{"time":"2026-07-22 15:12:32,253","level":"INFO","node":1,"msg":"Per-class agreement with node 2: class0=0.859 class1=0.894 gap=0.035"}
{"time":"2026-07-22 15:12:32,253","level":"INFO","node":1,"msg":"Per-class rolling gap for node 2: mean=0.035 over last 1 round(s)"}
{"time":"2026-07-22 15:12:32,257","level":"INFO","node":1,"msg":"Trust score for node 2: S=0.764 (Z=1.00 A=0.87 P=0.57 R=1.00) advisory only"}
{"time":"2026-07-22 15:12:32,288","level":"INFO","node":1,"msg":"Sent consensus vote to node 0"}
{"time":"2026-07-22 15:12:32,313","level":"INFO","node":1,"msg":"Sent consensus vote to node 2"}
{"time":"2026-07-22 15:12:32,345","level":"INFO","node":1,"msg":"Sent consensus vote to node 3"}
{"time":"2026-07-22 15:12:32,463","level":"INFO","node":1,"msg":"[FC2 DELTA NORM] node 1 round=6 — fc2 delta norm this round: 0.1537"}
{"time":"2026-07-22 15:12:32,465","level":"WARNING","node":1,"msg":"ZKP norm violation (clipping applied): slack=-409187, retry=0"}
{"time":"2026-07-22 15:12:38,584","level":"INFO","node":1,"msg":"Forwarded to http://127.0.0.1:8002"}
{"time":"2026-07-22 15:12:38,664","level":"INFO","node":1,"msg":"Synced weights from master for round 6"}
{"time":"2026-07-22 15:12:38,671","level":"INFO","node":1,"msg":"Sent commit vote to node 2"}
{"time":"2026-07-22 15:12:44,935","level":"INFO","node":1,"msg":"Proposal received: round=7 origin=3 hash=6b681899fa5d..."}
{"time":"2026-07-22 15:12:44,960","level":"INFO","node":1,"msg":"Consensus vote recorded: node 3 decision=True reason=zkp_ok round=7 new=True satisfied=False"}
{"time":"2026-07-22 15:12:54,724","level":"INFO","node":1,"msg":"Consensus vote recorded: node 0 decision=True reason=zkp_ok round=7 new=True satisfied=False"}
{"time":"2026-07-22 15:13:00,968","level":"INFO","node":1,"msg":"Received update from node 0, round 7"}
{"time":"2026-07-22 15:13:10,664","level":"INFO","node":1,"msg":"ZKP ACCEPTED from node 0"}
{"time":"2026-07-22 15:13:10,671","level":"INFO","node":1,"msg":"Per-class agreement with node 3: class0=0.937 class1=0.912 gap=0.025"}
{"time":"2026-07-22 15:13:10,671","level":"INFO","node":1,"msg":"Per-class rolling gap for node 3: mean=0.025 over last 1 round(s)"}
{"time":"2026-07-22 15:13:10,675","level":"INFO","node":1,"msg":"Trust score for node 3: S=0.816 (Z=1.00 A=0.93 P=0.57 R=1.00) advisory only"}
{"time":"2026-07-22 15:13:10,687","level":"INFO","node":1,"msg":"Sent consensus vote to node 0"}
{"time":"2026-07-22 15:13:10,711","level":"INFO","node":1,"msg":"Sent consensus vote to node 2"}
{"time":"2026-07-22 15:13:10,742","level":"INFO","node":1,"msg":"Sent consensus vote to node 3"}
{"time":"2026-07-22 15:13:10,851","level":"INFO","node":1,"msg":"[FC2 DELTA NORM] node 1 round=7 — fc2 delta norm this round: 0.1598"}
{"time":"2026-07-22 15:13:16,970","level":"INFO","node":1,"msg":"Forwarded to http://127.0.0.1:8002"}
{"time":"2026-07-22 15:13:26,946","level":"INFO","node":1,"msg":"Prediction agreement with node 2 round=7: A=0.951"}
{"time":"2026-07-22 15:13:26,946","level":"INFO","node":1,"msg":"Consensus vote recorded: node 2 decision=True reason=zkp_ok round=7 new=True satisfied=True"}
{"time":"2026-07-22 15:13:33,113","level":"INFO","node":1,"msg":"Synced weights from master for round 7"}
{"time":"2026-07-22 15:13:33,143","level":"INFO","node":1,"msg":"Sent commit vote to node 3"}
{"time":"2026-07-22 15:13:39,448","level":"INFO","node":1,"msg":"Proposal received: round=8 origin=0 hash=c931bff3fba6..."}
{"time":"2026-07-22 15:13:39,471","level":"INFO","node":1,"msg":"Consensus vote recorded: node 0 decision=True reason=zkp_ok round=8 new=True satisfied=False"}
{"time":"2026-07-22 15:13:39,501","level":"INFO","node":1,"msg":"Received update from node 0, round 8"}
{"time":"2026-07-22 15:13:49,303","level":"INFO","node":1,"msg":"ZKP ACCEPTED from node 0"}
{"time":"2026-07-22 15:13:49,303","level":"INFO","node":1,"msg":"fc_in col7 delta self-cosine for node 0: 0.0547 (delta_norm=0.2534)"}
{"time":"2026-07-22 15:13:49,303","level":"INFO","node":1,"msg":"Per-class agreement with node 0: class0=0.956 class1=0.922 gap=0.034"}
{"time":"2026-07-22 15:13:49,303","level":"INFO","node":1,"msg":"Per-class rolling gap for node 0: mean=0.075 over last 2 round(s)"}
{"time":"2026-07-22 15:13:49,315","level":"INFO","node":1,"msg":"Trust score for node 0: S=0.820 (Z=1.00 A=0.95 P=0.54 R=1.00) advisory only"}
{"time":"2026-07-22 15:13:49,350","level":"INFO","node":1,"msg":"Sent consensus vote to node 0"}
{"time":"2026-07-22 15:13:49,380","level":"INFO","node":1,"msg":"Sent consensus vote to node 2"}
{"time":"2026-07-22 15:13:49,413","level":"INFO","node":1,"msg":"Sent consensus vote to node 3"}
{"time":"2026-07-22 15:13:49,532","level":"INFO","node":1,"msg":"[FC2 DELTA NORM] node 1 round=8 — fc2 delta norm this round: 0.1478"}
{"time":"2026-07-22 15:13:55,671","level":"INFO","node":1,"msg":"Forwarded to http://127.0.0.1:8002"}
{"time":"2026-07-22 15:14:05,380","level":"INFO","node":1,"msg":"Prediction agreement with node 2 round=8: A=0.917"}
{"time":"2026-07-22 15:14:05,380","level":"INFO","node":1,"msg":"Consensus vote recorded: node 2 decision=True reason=zkp_ok round=8 new=True satisfied=True"}
{"time":"2026-07-22 15:14:21,560","level":"INFO","node":1,"msg":"Prediction agreement with node 3 round=8: A=0.946"}
{"time":"2026-07-22 15:14:21,560","level":"INFO","node":1,"msg":"Consensus vote recorded: node 3 decision=True reason=zkp_ok round=8 new=True satisfied=True"}
{"time":"2026-07-22 15:14:27,710","level":"INFO","node":1,"msg":"Synced weights from master for round 8"}
{"time":"2026-07-22 15:14:27,718","level":"INFO","node":1,"msg":"Sent commit vote to node 0"}
{"time":"2026-07-22 15:14:27,765","level":"INFO","node":1,"msg":"My turn — starting round 10 as proposer."}
{"time":"2026-07-22 15:14:27,766","level":"INFO","node":1,"msg":"Starting round 10"}
{"time":"2026-07-22 15:14:27,928","level":"INFO","node":1,"msg":"[FC2 DELTA NORM] node 1 round=9 — fc2 delta norm this round: 0.1376"}
{"time":"2026-07-22 15:14:27,929","level":"WARNING","node":1,"msg":"ZKP norm violation (clipping applied): slack=-334457, retry=0"}
{"time":"2026-07-22 15:14:34,154","level":"INFO","node":1,"msg":"Sent proposal to node 0"}
{"time":"2026-07-22 15:14:34,170","level":"INFO","node":1,"msg":"Sent proposal to node 2"}
{"time":"2026-07-22 15:14:34,175","level":"INFO","node":1,"msg":"Sent proposal to node 3"}
{"time":"2026-07-22 15:14:34,185","level":"INFO","node":1,"msg":"Sent consensus vote to node 0"}
{"time":"2026-07-22 15:14:34,189","level":"INFO","node":1,"msg":"Sent consensus vote to node 2"}
{"time":"2026-07-22 15:14:34,195","level":"INFO","node":1,"msg":"Sent consensus vote to node 3"}
{"time":"2026-07-22 15:14:34,202","level":"INFO","node":1,"msg":"Forwarded to http://127.0.0.1:8002"}
{"time":"2026-07-22 15:14:43,951","level":"INFO","node":1,"msg":"Consensus vote recorded: node 2 decision=True reason=zkp_ok round=9 new=True satisfied=False"}
{"time":"2026-07-22 15:14:59,682","level":"INFO","node":1,"msg":"Consensus vote recorded: node 3 decision=True reason=zkp_ok round=9 new=True satisfied=True"}
{"time":"2026-07-22 15:15:16,257","level":"INFO","node":1,"msg":"Consensus vote recorded: node 0 decision=True reason=zkp_ok round=9 new=True satisfied=True"}
{"time":"2026-07-22 15:15:22,465","level":"INFO","node":1,"msg":"Received update from node 0, round 9"}
{"time":"2026-07-22 15:15:22,465","level":"INFO","node":1,"msg":"Round 10 complete — aggregating"}
{"time":"2026-07-22 15:15:22,498","level":"WARNING","node":1,"msg":"[BACKDOOR PROBE] Round 10 SUSPICIOUS: feature=1 value=7.0 forces class=1 flip_rate=1.000 jump=0.736 (thresholds: flip>0.7, jump>0.3)"}
{"time":"2026-07-22 15:15:22,512","level":"INFO","node":1,"msg":"Commit vote recorded: node 0 decision=True round=9 satisfied=False"}
{"time":"2026-07-22 15:15:22,513","level":"INFO","node":1,"msg":"Broadcast weights to node 0"}
{"time":"2026-07-22 15:15:22,529","level":"INFO","node":1,"msg":"Commit vote recorded: node 2 decision=True round=9 satisfied=True"}
{"time":"2026-07-22 15:15:22,530","level":"INFO","node":1,"msg":"Round 10 COMMITTED — model hash agreed by [1, 0, 2]"}
{"time":"2026-07-22 15:15:22,530","level":"INFO","node":1,"msg":"Commit certificate saved to C:\Users\mousu\OneDrive\Desktop\Set A\securefedhe\dashboard\certificates\round_9.json"}
{"time":"2026-07-22 15:15:22,535","level":"INFO","node":1,"msg":"Broadcast weights to node 2"}
{"time":"2026-07-22 15:15:22,567","level":"INFO","node":1,"msg":"Commit vote recorded: node 3 decision=True round=9 satisfied=True"}
{"time":"2026-07-22 15:15:22,569","level":"INFO","node":1,"msg":"Broadcast weights to node 3"}
{"time":"2026-07-22 15:15:22,570","level":"INFO","node":1,"msg":"Checkpoint saved to C:\Users\mousu\OneDrive\Desktop\Set A\securefedhe\dashboard\model_latest.pt"}
{"time":"2026-07-22 15:15:22,570","level":"INFO","node":1,"msg":"Round 10 complete | accuracy=0.8182 | duration=54.80s"}
{"time":"2026-07-22 15:15:22,570","level":"INFO","node":1,"msg":"Round 11 belongs to node 2 — waiting for their proposal."}
{"time":"2026-07-22 15:15:22,575","level":"INFO","node":1,"msg":"Notified next proposer to node 2"}
{"time":"2026-07-22 15:15:22,575","level":"INFO","node":1,"msg":"[WATCHDOG SPAWNED] round=10 expected_proposer=2 timeout_s=600 spawned_at=15:15:22"}
{"time":"2026-07-22 15:15:28,933","level":"INFO","node":1,"msg":"Proposal received: round=10 origin=2 hash=c7a705f78c0c..."}
{"time":"2026-07-22 15:15:28,963","level":"INFO","node":1,"msg":"Consensus vote recorded: node 2 decision=True reason=zkp_ok round=10 new=True satisfied=False"}
{"time":"2026-07-22 15:15:38,820","level":"INFO","node":1,"msg":"Consensus vote recorded: node 3 decision=True reason=zkp_ok round=10 new=True satisfied=False"}
{"time":"2026-07-22 15:15:54,726","level":"INFO","node":1,"msg":"Consensus vote recorded: node 0 decision=True reason=zkp_ok round=10 new=True satisfied=True"}
{"time":"2026-07-22 15:16:00,874","level":"INFO","node":1,"msg":"Received update from node 0, round 10"}
{"time":"2026-07-22 15:16:10,735","level":"INFO","node":1,"msg":"ZKP ACCEPTED from node 0"}
{"time":"2026-07-22 15:16:10,735","level":"INFO","node":1,"msg":"fc_in col7 delta self-cosine for node 2: 0.1461 (delta_norm=0.1945)"}
{"time":"2026-07-22 15:16:10,748","level":"INFO","node":1,"msg":"Per-class agreement with node 2: class0=0.967 class1=0.930 gap=0.037"}
{"time":"2026-07-22 15:16:10,748","level":"INFO","node":1,"msg":"Per-class rolling gap for node 2: mean=0.036 over last 2 round(s)"}
{"time":"2026-07-22 15:16:10,751","level":"INFO","node":1,"msg":"Trust score for node 2: S=0.844 (Z=1.00 A=0.96 P=0.59 R=1.00) advisory only"}
{"time":"2026-07-22 15:16:10,778","level":"INFO","node":1,"msg":"Sent consensus vote to node 0"}
{"time":"2026-07-22 15:16:10,802","level":"INFO","node":1,"msg":"Sent consensus vote to node 2"}
{"time":"2026-07-22 15:16:10,814","level":"INFO","node":1,"msg":"Sent consensus vote to node 3"}
{"time":"2026-07-22 15:16:10,919","level":"INFO","node":1,"msg":"[FC2 DELTA NORM] node 1 round=10 — fc2 delta norm this round: 0.1394"}
{"time":"2026-07-22 15:16:16,961","level":"INFO","node":1,"msg":"Forwarded to http://127.0.0.1:8002"}
{"time":"2026-07-22 15:16:17,053","level":"INFO","node":1,"msg":"Synced weights from master for round 10"}
{"time":"2026-07-22 15:16:17,060","level":"INFO","node":1,"msg":"Sent commit vote to node 2"}
{"time":"2026-07-22 15:16:23,370","level":"INFO","node":1,"msg":"Proposal received: round=11 origin=3 hash=f3fb00a27bb6..."}
{"time":"2026-07-22 15:16:23,398","level":"INFO","node":1,"msg":"Consensus vote recorded: node 3 decision=True reason=zkp_ok round=11 new=True satisfied=False"}
{"time":"2026-07-22 15:16:33,259","level":"INFO","node":1,"msg":"Consensus vote recorded: node 0 decision=True reason=zkp_ok round=11 new=True satisfied=False"}
{"time":"2026-07-22 15:16:39,459","level":"INFO","node":1,"msg":"Received update from node 0, round 11"}
{"time":"2026-07-22 15:16:49,455","level":"INFO","node":1,"msg":"ZKP ACCEPTED from node 0"}
{"time":"2026-07-22 15:16:49,455","level":"INFO","node":1,"msg":"fc_in col7 delta self-cosine for node 3: 0.1331 (delta_norm=0.2210)"}
{"time":"2026-07-22 15:16:49,468","level":"INFO","node":1,"msg":"Per-class agreement with node 3: class0=0.959 class1=0.927 gap=0.032"}
{"time":"2026-07-22 15:16:49,468","level":"INFO","node":1,"msg":"Per-class rolling gap for node 3: mean=0.029 over last 2 round(s)"}
{"time":"2026-07-22 15:16:49,472","level":"INFO","node":1,"msg":"Trust score for node 3: S=0.823 (Z=1.00 A=0.95 P=0.54 R=1.00) advisory only"}
{"time":"2026-07-22 15:16:49,515","level":"INFO","node":1,"msg":"Sent consensus vote to node 0"}
{"time":"2026-07-22 15:16:49,550","level":"INFO","node":1,"msg":"Sent consensus vote to node 2"}
{"time":"2026-07-22 15:16:49,574","level":"INFO","node":1,"msg":"Sent consensus vote to node 3"}
{"time":"2026-07-22 15:16:49,700","level":"INFO","node":1,"msg":"[FC2 DELTA NORM] node 1 round=11 — fc2 delta norm this round: 0.1390"}
{"time":"2026-07-22 15:16:49,700","level":"WARNING","node":1,"msg":"ZKP norm violation (clipping applied): slack=-452667, retry=0"}
{"time":"2026-07-22 15:16:55,835","level":"INFO","node":1,"msg":"Forwarded to http://127.0.0.1:8002"}
{"time":"2026-07-22 15:17:05,678","level":"INFO","node":1,"msg":"Prediction agreement with node 2 round=11: A=0.948"}
{"time":"2026-07-22 15:17:05,679","level":"INFO","node":1,"msg":"Consensus vote recorded: node 2 decision=True reason=zkp_ok round=11 new=True satisfied=True"}
{"time":"2026-07-22 15:17:11,945","level":"INFO","node":1,"msg":"Synced weights from master for round 11"}
{"time":"2026-07-22 15:17:11,965","level":"INFO","node":1,"msg":"Sent commit vote to node 3"}
{"time":"2026-07-22 15:17:18,222","level":"INFO","node":1,"msg":"Proposal received: round=12 origin=0 hash=8337de1caa7e..."}
{"time":"2026-07-22 15:17:18,253","level":"INFO","node":1,"msg":"Consensus vote recorded: node 0 decision=True reason=zkp_ok round=12 new=True satisfied=False"}
{"time":"2026-07-22 15:17:18,284","level":"INFO","node":1,"msg":"Received update from node 0, round 12"}
{"time":"2026-07-22 15:17:28,029","level":"INFO","node":1,"msg":"ZKP ACCEPTED from node 0"}
{"time":"2026-07-22 15:17:28,029","level":"INFO","node":1,"msg":"fc_in col7 delta self-cosine for node 0: -0.1103 (delta_norm=0.2406)"}
{"time":"2026-07-22 15:17:28,045","level":"INFO","node":1,"msg":"Per-class agreement with node 0: class0=0.960 class1=0.924 gap=0.036"}
{"time":"2026-07-22 15:17:28,047","level":"INFO","node":1,"msg":"Per-class rolling gap for node 0: mean=0.062 over last 3 round(s)"}
{"time":"2026-07-22 15:17:28,048","level":"INFO","node":1,"msg":"Trust score for node 0: S=0.818 (Z=1.00 A=0.95 P=0.52 R=1.00) advisory only"}
{"time":"2026-07-22 15:17:28,085","level":"INFO","node":1,"msg":"Sent consensus vote to node 0"}
{"time":"2026-07-22 15:17:28,130","level":"INFO","node":1,"msg":"Sent consensus vote to node 2"}
{"time":"2026-07-22 15:17:28,153","level":"INFO","node":1,"msg":"Sent consensus vote to node 3"}
{"time":"2026-07-22 15:17:28,262","level":"INFO","node":1,"msg":"[FC2 DELTA NORM] node 1 round=12 — fc2 delta norm this round: 0.1521"}
{"time":"2026-07-22 15:17:34,352","level":"INFO","node":1,"msg":"Forwarded to http://127.0.0.1:8002"}
{"time":"2026-07-22 15:17:44,029","level":"INFO","node":1,"msg":"Prediction agreement with node 2 round=12: A=0.919"}
{"time":"2026-07-22 15:17:44,029","level":"INFO","node":1,"msg":"Consensus vote recorded: node 2 decision=True reason=zkp_ok round=12 new=True satisfied=True"}
{"time":"2026-07-22 15:18:00,003","level":"INFO","node":1,"msg":"Prediction agreement with node 3 round=12: A=0.945"}
{"time":"2026-07-22 15:18:00,003","level":"INFO","node":1,"msg":"Consensus vote recorded: node 3 decision=True reason=zkp_ok round=12 new=True satisfied=True"}
{"time":"2026-07-22 15:18:06,313","level":"INFO","node":1,"msg":"Synced weights from master for round 12"}
{"time":"2026-07-22 15:18:06,353","level":"INFO","node":1,"msg":"Sent commit vote to node 0"}
{"time":"2026-07-22 15:18:06,408","level":"INFO","node":1,"msg":"My turn — starting round 14 as proposer."}
{"time":"2026-07-22 15:18:06,409","level":"INFO","node":1,"msg":"Starting round 14"}
{"time":"2026-07-22 15:18:06,543","level":"INFO","node":1,"msg":"[FC2 DELTA NORM] node 1 round=13 — fc2 delta norm this round: 0.1230"}
{"time":"2026-07-22 15:18:12,730","level":"INFO","node":1,"msg":"Sent proposal to node 0"}
{"time":"2026-07-22 15:18:12,746","level":"INFO","node":1,"msg":"Sent proposal to node 2"}
{"time":"2026-07-22 15:18:12,746","level":"INFO","node":1,"msg":"Sent proposal to node 3"}
{"time":"2026-07-22 15:18:12,760","level":"INFO","node":1,"msg":"Sent consensus vote to node 0"}
{"time":"2026-07-22 15:18:12,765","level":"INFO","node":1,"msg":"Sent consensus vote to node 2"}
{"time":"2026-07-22 15:18:12,768","level":"INFO","node":1,"msg":"Sent consensus vote to node 3"}
{"time":"2026-07-22 15:18:12,773","level":"INFO","node":1,"msg":"Forwarded to http://127.0.0.1:8002"}
{"time":"2026-07-22 15:18:22,601","level":"INFO","node":1,"msg":"Consensus vote recorded: node 2 decision=True reason=zkp_ok round=13 new=True satisfied=False"}
{"time":"2026-07-22 15:18:38,637","level":"INFO","node":1,"msg":"Consensus vote recorded: node 3 decision=True reason=zkp_ok round=13 new=True satisfied=True"}
{"time":"2026-07-22 15:18:54,591","level":"INFO","node":1,"msg":"Consensus vote recorded: node 0 decision=True reason=zkp_ok round=13 new=True satisfied=True"}
{"time":"2026-07-22 15:19:00,754","level":"INFO","node":1,"msg":"Received update from node 0, round 13"}
{"time":"2026-07-22 15:19:00,754","level":"INFO","node":1,"msg":"Round 14 complete — aggregating"}
{"time":"2026-07-22 15:19:00,784","level":"WARNING","node":1,"msg":"[BACKDOOR PROBE] Round 14 SUSPICIOUS: feature=1 value=8.0 forces class=1 flip_rate=1.000 jump=0.745 (thresholds: flip>0.7, jump>0.3)"}
{"time":"2026-07-22 15:19:00,817","level":"INFO","node":1,"msg":"Commit vote recorded: node 0 decision=True round=13 satisfied=False"}
{"time":"2026-07-22 15:19:00,821","level":"INFO","node":1,"msg":"Broadcast weights to node 0"}
{"time":"2026-07-22 15:19:00,848","level":"INFO","node":1,"msg":"Commit vote recorded: node 2 decision=True round=13 satisfied=True"}
{"time":"2026-07-22 15:19:00,848","level":"INFO","node":1,"msg":"Round 14 COMMITTED — model hash agreed by [1, 0, 2]"}
{"time":"2026-07-22 15:19:00,848","level":"INFO","node":1,"msg":"Commit certificate saved to C:\Users\mousu\OneDrive\Desktop\Set A\securefedhe\dashboard\certificates\round_13.json"}
{"time":"2026-07-22 15:19:00,853","level":"INFO","node":1,"msg":"Broadcast weights to node 2"}
{"time":"2026-07-22 15:19:00,863","level":"INFO","node":1,"msg":"Commit vote recorded: node 3 decision=True round=13 satisfied=True"}
{"time":"2026-07-22 15:19:00,865","level":"INFO","node":1,"msg":"Broadcast weights to node 3"}
{"time":"2026-07-22 15:19:00,868","level":"INFO","node":1,"msg":"Checkpoint saved to C:\Users\mousu\OneDrive\Desktop\Set A\securefedhe\dashboard\model_latest.pt"}
{"time":"2026-07-22 15:19:00,868","level":"INFO","node":1,"msg":"Round 14 complete | accuracy=0.8273 | duration=54.46s"}
{"time":"2026-07-22 15:19:00,868","level":"INFO","node":1,"msg":"Round 15 belongs to node 2 — waiting for their proposal."}
{"time":"2026-07-22 15:19:00,872","level":"INFO","node":1,"msg":"Notified next proposer to node 2"}
{"time":"2026-07-22 15:19:00,873","level":"INFO","node":1,"msg":"[WATCHDOG SPAWNED] round=14 expected_proposer=2 timeout_s=600 spawned_at=15:19:00"}
{"time":"2026-07-22 15:19:07,180","level":"INFO","node":1,"msg":"Proposal received: round=14 origin=2 hash=3cb326c98efd..."}
{"time":"2026-07-22 15:19:07,210","level":"INFO","node":1,"msg":"Consensus vote recorded: node 2 decision=True reason=zkp_ok round=14 new=True satisfied=False"}
{"time":"2026-07-22 15:19:16,933","level":"INFO","node":1,"msg":"Consensus vote recorded: node 3 decision=True reason=zkp_ok round=14 new=True satisfied=False"}
{"time":"2026-07-22 15:19:32,910","level":"INFO","node":1,"msg":"Consensus vote recorded: node 0 decision=True reason=zkp_ok round=14 new=True satisfied=True"}
{"time":"2026-07-22 15:19:39,009","level":"INFO","node":1,"msg":"Received update from node 0, round 14"}
{"time":"2026-07-22 15:19:48,730","level":"INFO","node":1,"msg":"ZKP ACCEPTED from node 0"}
{"time":"2026-07-22 15:19:48,730","level":"INFO","node":1,"msg":"fc_in col7 delta self-cosine for node 2: -0.0029 (delta_norm=0.1656)"}
{"time":"2026-07-22 15:19:48,735","level":"INFO","node":1,"msg":"Per-class agreement with node 2: class0=0.971 class1=0.965 gap=0.006"}
{"time":"2026-07-22 15:19:48,735","level":"INFO","node":1,"msg":"Per-class rolling gap for node 2: mean=0.026 over last 3 round(s)"}
{"time":"2026-07-22 15:19:48,735","level":"INFO","node":1,"msg":"Trust score for node 2: S=0.851 (Z=1.00 A=0.97 P=0.57 R=1.00) advisory only"}
{"time":"2026-07-22 15:19:48,764","level":"INFO","node":1,"msg":"Sent consensus vote to node 0"}
{"time":"2026-07-22 15:19:48,793","level":"INFO","node":1,"msg":"Sent consensus vote to node 2"}
{"time":"2026-07-22 15:19:48,823","level":"INFO","node":1,"msg":"Sent consensus vote to node 3"}
{"time":"2026-07-22 15:19:48,930","level":"INFO","node":1,"msg":"[FC2 DELTA NORM] node 1 round=14 — fc2 delta norm this round: 0.1343"}
{"time":"2026-07-22 15:19:55,103","level":"INFO","node":1,"msg":"Forwarded to http://127.0.0.1:8002"}
{"time":"2026-07-22 15:19:55,196","level":"INFO","node":1,"msg":"Synced weights from master for round 14"}
{"time":"2026-07-22 15:19:55,204","level":"INFO","node":1,"msg":"Sent commit vote to node 2"}
{"time":"2026-07-22 15:20:01,594","level":"INFO","node":1,"msg":"Proposal received: round=15 origin=3 hash=d3b4b19e1220..."}
{"time":"2026-07-22 15:20:01,619","level":"INFO","node":1,"msg":"Consensus vote recorded: node 3 decision=True reason=zkp_ok round=15 new=True satisfied=False"}
{"time":"2026-07-22 15:20:11,446","level":"INFO","node":1,"msg":"Consensus vote recorded: node 0 decision=True reason=zkp_ok round=15 new=True satisfied=False"}
{"time":"2026-07-22 15:20:17,714","level":"INFO","node":1,"msg":"Received update from node 0, round 15"}
{"time":"2026-07-22 15:20:27,504","level":"INFO","node":1,"msg":"ZKP ACCEPTED from node 0"}
{"time":"2026-07-22 15:20:27,504","level":"INFO","node":1,"msg":"fc_in col7 delta self-cosine for node 3: -0.0302 (delta_norm=0.1824)"}
{"time":"2026-07-22 15:20:27,507","level":"INFO","node":1,"msg":"Per-class agreement with node 3: class0=0.971 class1=0.966 gap=0.005"}
{"time":"2026-07-22 15:20:27,507","level":"INFO","node":1,"msg":"Per-class rolling gap for node 3: mean=0.021 over last 3 round(s)"}
{"time":"2026-07-22 15:20:27,510","level":"INFO","node":1,"msg":"Trust score for node 3: S=0.846 (Z=1.00 A=0.97 P=0.55 R=1.00) advisory only"}
{"time":"2026-07-22 15:20:27,520","level":"INFO","node":1,"msg":"Sent consensus vote to node 0"}
{"time":"2026-07-22 15:20:27,541","level":"INFO","node":1,"msg":"Sent consensus vote to node 2"}
{"time":"2026-07-22 15:20:27,551","level":"INFO","node":1,"msg":"Sent consensus vote to node 3"}
{"time":"2026-07-22 15:20:27,665","level":"INFO","node":1,"msg":"[FC2 DELTA NORM] node 1 round=15 — fc2 delta norm this round: 0.1301"}
{"time":"2026-07-22 15:20:33,801","level":"INFO","node":1,"msg":"Forwarded to http://127.0.0.1:8002"}
{"time":"2026-07-22 15:20:43,436","level":"INFO","node":1,"msg":"Prediction agreement with node 2 round=15: A=0.940"}
{"time":"2026-07-22 15:20:43,436","level":"INFO","node":1,"msg":"Consensus vote recorded: node 2 decision=True reason=zkp_ok round=15 new=True satisfied=True"}
{"time":"2026-07-22 15:20:49,697","level":"INFO","node":1,"msg":"Synced weights from master for round 15"}
{"time":"2026-07-22 15:20:49,722","level":"INFO","node":1,"msg":"Sent commit vote to node 3"}
{"time":"2026-07-22 15:20:56,004","level":"INFO","node":1,"msg":"Proposal received: round=16 origin=0 hash=325d4b529445..."}
{"time":"2026-07-22 15:20:56,015","level":"INFO","node":1,"msg":"Consensus vote recorded: node 0 decision=True reason=zkp_ok round=16 new=True satisfied=False"}
{"time":"2026-07-22 15:20:56,030","level":"INFO","node":1,"msg":"Received update from node 0, round 16"}
{"time":"2026-07-22 15:21:05,745","level":"INFO","node":1,"msg":"ZKP ACCEPTED from node 0"}
{"time":"2026-07-22 15:21:05,745","level":"INFO","node":1,"msg":"fc_in col7 delta self-cosine for node 0: -0.2694 (delta_norm=0.2798)"}
{"time":"2026-07-22 15:21:05,745","level":"INFO","node":1,"msg":"Per-class agreement with node 0: class0=0.953 class1=0.934 gap=0.019"}
{"time":"2026-07-22 15:21:05,754","level":"INFO","node":1,"msg":"Per-class rolling gap for node 0: mean=0.051 over last 4 round(s)"}
{"time":"2026-07-22 15:21:05,755","level":"INFO","node":1,"msg":"Trust score for node 0: S=0.817 (Z=1.00 A=0.95 P=0.52 R=1.00) advisory only"}
{"time":"2026-07-22 15:21:05,779","level":"INFO","node":1,"msg":"Sent consensus vote to node 0"}
{"time":"2026-07-22 15:21:05,805","level":"INFO","node":1,"msg":"Sent consensus vote to node 2"}
{"time":"2026-07-22 15:21:05,829","level":"INFO","node":1,"msg":"Sent consensus vote to node 3"}
{"time":"2026-07-22 15:21:05,934","level":"INFO","node":1,"msg":"[FC2 DELTA NORM] node 1 round=16 — fc2 delta norm this round: 0.1383"}
{"time":"2026-07-22 15:21:12,024","level":"INFO","node":1,"msg":"Forwarded to http://127.0.0.1:8002"}
{"time":"2026-07-22 15:21:21,806","level":"INFO","node":1,"msg":"Prediction agreement with node 2 round=16: A=0.908"}
{"time":"2026-07-22 15:21:21,807","level":"INFO","node":1,"msg":"Consensus vote recorded: node 2 decision=False reason=per_class_agreement_gap round=16 new=True satisfied=False"}
{"time":"2026-07-22 15:21:37,839","level":"INFO","node":1,"msg":"Prediction agreement with node 3 round=16: A=0.935"}
{"time":"2026-07-22 15:21:37,839","level":"INFO","node":1,"msg":"Consensus vote recorded: node 3 decision=True reason=zkp_ok round=16 new=True satisfied=True"}
{"time":"2026-07-22 15:21:44,019","level":"INFO","node":1,"msg":"Synced weights from master for round 16"}
{"time":"2026-07-22 15:21:44,030","level":"INFO","node":1,"msg":"Sent commit vote to node 0"}
{"time":"2026-07-22 15:21:44,104","level":"INFO","node":1,"msg":"My turn — starting round 18 as proposer."}
{"time":"2026-07-22 15:21:44,105","level":"INFO","node":1,"msg":"Starting round 18"}
{"time":"2026-07-22 15:21:44,267","level":"INFO","node":1,"msg":"[FC2 DELTA NORM] node 1 round=17 — fc2 delta norm this round: 0.1237"}
{"time":"2026-07-22 15:21:50,442","level":"INFO","node":1,"msg":"Sent proposal to node 0"}
{"time":"2026-07-22 15:21:50,442","level":"INFO","node":1,"msg":"Sent proposal to node 2"}
{"time":"2026-07-22 15:21:50,442","level":"INFO","node":1,"msg":"Sent proposal to node 3"}
{"time":"2026-07-22 15:21:50,453","level":"INFO","node":1,"msg":"Sent consensus vote to node 0"}
{"time":"2026-07-22 15:21:50,456","level":"INFO","node":1,"msg":"Sent consensus vote to node 2"}
{"time":"2026-07-22 15:21:50,462","level":"INFO","node":1,"msg":"Sent consensus vote to node 3"}
{"time":"2026-07-22 15:21:50,468","level":"INFO","node":1,"msg":"Forwarded to http://127.0.0.1:8002"}
{"time":"2026-07-22 15:22:00,225","level":"INFO","node":1,"msg":"Consensus vote recorded: node 2 decision=True reason=zkp_ok round=17 new=True satisfied=False"}
{"time":"2026-07-22 15:22:15,964","level":"INFO","node":1,"msg":"Consensus vote recorded: node 3 decision=True reason=zkp_ok round=17 new=True satisfied=True"}
{"time":"2026-07-22 15:22:31,894","level":"INFO","node":1,"msg":"Consensus vote recorded: node 0 decision=True reason=zkp_ok round=17 new=True satisfied=True"}
{"time":"2026-07-22 15:22:38,080","level":"INFO","node":1,"msg":"Received update from node 0, round 17"}
{"time":"2026-07-22 15:22:38,080","level":"INFO","node":1,"msg":"Round 18 complete — aggregating"}
{"time":"2026-07-22 15:22:38,119","level":"WARNING","node":1,"msg":"[BACKDOOR PROBE] Round 18 SUSPICIOUS: feature=5 value=6.0 forces class=1 flip_rate=1.000 jump=0.718 (thresholds: flip>0.7, jump>0.3)"}
{"time":"2026-07-22 15:22:38,136","level":"INFO","node":1,"msg":"Commit vote recorded: node 0 decision=True round=17 satisfied=False"}
{"time":"2026-07-22 15:22:38,137","level":"INFO","node":1,"msg":"Broadcast weights to node 0"}
{"time":"2026-07-22 15:22:38,185","level":"INFO","node":1,"msg":"Commit vote recorded: node 2 decision=True round=17 satisfied=True"}
{"time":"2026-07-22 15:22:38,185","level":"INFO","node":1,"msg":"Round 18 COMMITTED — model hash agreed by [1, 0, 2]"}
{"time":"2026-07-22 15:22:38,187","level":"INFO","node":1,"msg":"Commit certificate saved to C:\Users\mousu\OneDrive\Desktop\Set A\securefedhe\dashboard\certificates\round_17.json"}
{"time":"2026-07-22 15:22:38,188","level":"INFO","node":1,"msg":"Broadcast weights to node 2"}
{"time":"2026-07-22 15:22:38,213","level":"INFO","node":1,"msg":"Commit vote recorded: node 3 decision=True round=17 satisfied=True"}
{"time":"2026-07-22 15:22:38,215","level":"INFO","node":1,"msg":"Broadcast weights to node 3"}
{"time":"2026-07-22 15:22:38,217","level":"INFO","node":1,"msg":"Checkpoint saved to C:\Users\mousu\OneDrive\Desktop\Set A\securefedhe\dashboard\model_latest.pt"}
{"time":"2026-07-22 15:22:38,217","level":"INFO","node":1,"msg":"Round 18 complete | accuracy=0.8727 | duration=54.11s"}
{"time":"2026-07-22 15:22:38,217","level":"INFO","node":1,"msg":"Round 19 belongs to node 2 — waiting for their proposal."}
{"time":"2026-07-22 15:22:38,221","level":"INFO","node":1,"msg":"Notified next proposer to node 2"}
{"time":"2026-07-22 15:22:38,221","level":"INFO","node":1,"msg":"[WATCHDOG SPAWNED] round=18 expected_proposer=2 timeout_s=600 spawned_at=15:22:38"}
{"time":"2026-07-22 15:22:44,528","level":"INFO","node":1,"msg":"Proposal received: round=18 origin=2 hash=df5fd81ec917..."}
{"time":"2026-07-22 15:22:44,559","level":"INFO","node":1,"msg":"Consensus vote recorded: node 2 decision=True reason=zkp_ok round=18 new=True satisfied=False"}
{"time":"2026-07-22 15:22:54,328","level":"INFO","node":1,"msg":"Consensus vote recorded: node 3 decision=True reason=zkp_ok round=18 new=True satisfied=False"}
{"time":"2026-07-22 15:23:10,322","level":"INFO","node":1,"msg":"Consensus vote recorded: node 0 decision=True reason=zkp_ok round=18 new=True satisfied=True"}
{"time":"2026-07-22 15:23:16,520","level":"INFO","node":1,"msg":"Received update from node 0, round 18"}
{"time":"2026-07-22 15:23:26,221","level":"INFO","node":1,"msg":"ZKP ACCEPTED from node 0"}
{"time":"2026-07-22 15:23:26,221","level":"INFO","node":1,"msg":"fc_in col7 delta self-cosine for node 2: 0.2078 (delta_norm=0.1680)"}
{"time":"2026-07-22 15:23:26,231","level":"INFO","node":1,"msg":"Per-class agreement with node 2: class0=0.972 class1=0.950 gap=0.021"}
{"time":"2026-07-22 15:23:26,231","level":"INFO","node":1,"msg":"Per-class rolling gap for node 2: mean=0.025 over last 4 round(s)"}
{"time":"2026-07-22 15:23:26,234","level":"INFO","node":1,"msg":"Trust score for node 2: S=0.822 (Z=1.00 A=0.96 P=0.48 R=1.00) advisory only"}
{"time":"2026-07-22 15:23:26,283","level":"INFO","node":1,"msg":"Sent consensus vote to node 0"}
{"time":"2026-07-22 15:23:26,316","level":"INFO","node":1,"msg":"Sent consensus vote to node 2"}
{"time":"2026-07-22 15:23:26,345","level":"INFO","node":1,"msg":"Sent consensus vote to node 3"}
{"time":"2026-07-22 15:23:26,460","level":"INFO","node":1,"msg":"[FC2 DELTA NORM] node 1 round=18 — fc2 delta norm this round: 0.1371"}
{"time":"2026-07-22 15:23:26,460","level":"WARNING","node":1,"msg":"ZKP norm violation (clipping applied): slack=-391827, retry=0"}
{"time":"2026-07-22 15:23:32,622","level":"INFO","node":1,"msg":"Forwarded to http://127.0.0.1:8002"}
{"time":"2026-07-22 15:23:32,704","level":"INFO","node":1,"msg":"Synced weights from master for round 18"}
{"time":"2026-07-22 15:23:32,715","level":"INFO","node":1,"msg":"Sent commit vote to node 2"}
{"time":"2026-07-22 15:23:38,962","level":"INFO","node":1,"msg":"Proposal received: round=19 origin=3 hash=b7ef3b922e19..."}
{"time":"2026-07-22 15:23:39,000","level":"INFO","node":1,"msg":"Consensus vote recorded: node 3 decision=True reason=zkp_ok round=19 new=True satisfied=False"}
{"time":"2026-07-22 15:23:48,779","level":"INFO","node":1,"msg":"Consensus vote recorded: node 0 decision=True reason=zkp_ok round=19 new=True satisfied=False"}
{"time":"2026-07-22 15:23:54,875","level":"INFO","node":1,"msg":"Received update from node 0, round 19"}
{"time":"2026-07-22 15:24:04,616","level":"INFO","node":1,"msg":"ZKP ACCEPTED from node 0"}
{"time":"2026-07-22 15:24:04,618","level":"INFO","node":1,"msg":"fc_in col7 delta self-cosine for node 3: -0.0808 (delta_norm=0.1984)"}
{"time":"2026-07-22 15:24:04,621","level":"INFO","node":1,"msg":"Per-class agreement with node 3: class0=0.977 class1=0.957 gap=0.020"}
{"time":"2026-07-22 15:24:04,621","level":"INFO","node":1,"msg":"Per-class rolling gap for node 3: mean=0.021 over last 4 round(s)"}
{"time":"2026-07-22 15:24:04,623","level":"INFO","node":1,"msg":"Trust score for node 3: S=0.827 (Z=1.00 A=0.97 P=0.48 R=1.00) advisory only"}
{"time":"2026-07-22 15:24:04,662","level":"INFO","node":1,"msg":"Sent consensus vote to node 0"}
{"time":"2026-07-22 15:24:04,699","level":"INFO","node":1,"msg":"Sent consensus vote to node 2"}
{"time":"2026-07-22 15:24:04,735","level":"INFO","node":1,"msg":"Sent consensus vote to node 3"}
{"time":"2026-07-22 15:24:04,859","level":"INFO","node":1,"msg":"[FC2 DELTA NORM] node 1 round=19 — fc2 delta norm this round: 0.1441"}
{"time":"2026-07-22 15:24:11,007","level":"INFO","node":1,"msg":"Forwarded to http://127.0.0.1:8002"}
{"time":"2026-07-22 15:24:20,828","level":"INFO","node":1,"msg":"Prediction agreement with node 2 round=19: A=0.938"}
{"time":"2026-07-22 15:24:20,828","level":"INFO","node":1,"msg":"Consensus vote recorded: node 2 decision=True reason=zkp_ok round=19 new=True satisfied=True"}
{"time":"2026-07-22 15:24:27,133","level":"INFO","node":1,"msg":"Synced weights from master for round 19"}
{"time":"2026-07-22 15:24:27,133","level":"INFO","node":1,"msg":"Training complete after 20 rounds"}
{"time":"2026-07-22 15:24:27,160","level":"INFO","node":1,"msg":"Sent commit vote to node 3"}
{"time":"2026-07-22 15:25:22,587","level":"INFO","node":1,"msg":"Watchdog fired but training already complete — ignoring, not excluding node 2."}
{"time":"2026-07-22 15:29:00,878","level":"INFO","node":1,"msg":"Watchdog fired but training already complete — ignoring, not excluding node 2."}
{"time":"2026-07-22 15:31:50,204","level":"INFO","node":1,"msg":"Starting node 1: Suburban Medical Clinic"}
{"time":"2026-07-22 15:31:50,204","level":"INFO","node":1,"msg":"[CONFIG DEBUG] attack_simulation loaded: enabled=True target_node=2 type=backdoor config_path=config_dev.json"}
{"time":"2026-07-22 15:31:50,270","level":"WARNING","node":1,"msg":"DEV MODE: running without TLS"}
{"time":"2026-07-22 15:31:50,270","level":"INFO","node":1,"msg":"Listening on 127.0.0.1:8001 | TLS=False"}
{"time":"2026-07-22 15:31:55,278","level":"INFO","node":1,"msg":"Sent public key to node 0"}
{"time":"2026-07-22 15:31:55,294","level":"INFO","node":1,"msg":"Sent consensus pubkey to node 0"}
{"time":"2026-07-22 15:31:55,304","level":"INFO","node":1,"msg":"Sent public key to node 2"}
{"time":"2026-07-22 15:31:55,311","level":"INFO","node":1,"msg":"Sent consensus pubkey to node 2"}
{"time":"2026-07-22 15:31:55,332","level":"INFO","node":1,"msg":"Sent public key to node 3"}
{"time":"2026-07-22 15:31:55,333","level":"INFO","node":1,"msg":"Sent consensus pubkey to node 3"}
{"time":"2026-07-22 15:31:56,439","level":"INFO","node":1,"msg":"Consensus pubkey received from node 2"}
{"time":"2026-07-22 15:31:56,439","level":"INFO","node":1,"msg":"Key exchange complete with node 2"}
{"time":"2026-07-22 15:31:57,256","level":"INFO","node":1,"msg":"Consensus pubkey received from node 3"}
{"time":"2026-07-22 15:31:57,269","level":"INFO","node":1,"msg":"Key exchange complete with node 3"}
{"time":"2026-07-22 15:32:06,471","level":"INFO","node":1,"msg":"Key exchange complete with node 0"}
{"time":"2026-07-22 15:32:06,514","level":"INFO","node":1,"msg":"Consensus pubkey received from node 0"}
{"time":"2026-07-22 15:32:13,597","level":"INFO","node":1,"msg":"Proposal received: round=0 origin=0 hash=7ce51806ad7c..."}
{"time":"2026-07-22 15:32:13,651","level":"INFO","node":1,"msg":"Consensus vote recorded: node 0 decision=True reason=zkp_ok round=0 new=True satisfied=False"}
{"time":"2026-07-22 15:32:13,683","level":"INFO","node":1,"msg":"Received update from node 0, round 0"}
{"time":"2026-07-22 15:32:23,297","level":"INFO","node":1,"msg":"ZKP ACCEPTED from node 0"}
{"time":"2026-07-22 15:32:23,313","level":"INFO","node":1,"msg":"Trust score for node 0: S=0.429 (Z=1.00 A=0.50 P=0.50 R=1.00) advisory only"}
{"time":"2026-07-22 15:32:23,349","level":"INFO","node":1,"msg":"Sent consensus vote to node 0"}
{"time":"2026-07-22 15:32:23,365","level":"INFO","node":1,"msg":"Sent consensus vote to node 2"}
{"time":"2026-07-22 15:32:23,371","level":"INFO","node":1,"msg":"Sent consensus vote to node 3"}
{"time":"2026-07-22 15:32:24,588","level":"INFO","node":1,"msg":"[FC2 DELTA NORM] node 1 round=0 — fc2 delta norm this round: 0.1270"}
{"time":"2026-07-22 15:32:30,655","level":"INFO","node":1,"msg":"Forwarded to http://127.0.0.1:8002"}
{"time":"2026-07-22 15:32:40,350","level":"INFO","node":1,"msg":"Prediction agreement with node 2 round=0: A=0.770"}
{"time":"2026-07-22 15:32:40,350","level":"INFO","node":1,"msg":"Consensus vote recorded: node 2 decision=True reason=zkp_ok round=0 new=True satisfied=True"}
{"time":"2026-07-22 15:32:57,159","level":"INFO","node":1,"msg":"Prediction agreement with node 3 round=0: A=0.719"}
{"time":"2026-07-22 15:32:57,159","level":"INFO","node":1,"msg":"Consensus vote recorded: node 3 decision=True reason=zkp_ok round=0 new=True satisfied=True"}
{"time":"2026-07-22 15:33:04,377","level":"INFO","node":1,"msg":"Synced weights from master for round 0"}
{"time":"2026-07-22 15:33:04,400","level":"INFO","node":1,"msg":"Sent commit vote to node 0"}
{"time":"2026-07-22 15:33:04,502","level":"INFO","node":1,"msg":"My turn — starting round 2 as proposer."}
{"time":"2026-07-22 15:33:04,504","level":"INFO","node":1,"msg":"Starting round 2"}
{"time":"2026-07-22 15:33:04,633","level":"INFO","node":1,"msg":"[FC2 DELTA NORM] node 1 round=1 — fc2 delta norm this round: 0.2982"}
{"time":"2026-07-22 15:33:10,805","level":"INFO","node":1,"msg":"Sent proposal to node 0"}
{"time":"2026-07-22 15:33:10,805","level":"INFO","node":1,"msg":"Sent proposal to node 2"}
{"time":"2026-07-22 15:33:10,823","level":"INFO","node":1,"msg":"Sent proposal to node 3"}
{"time":"2026-07-22 15:33:10,833","level":"INFO","node":1,"msg":"Sent consensus vote to node 0"}
{"time":"2026-07-22 15:33:10,837","level":"INFO","node":1,"msg":"Sent consensus vote to node 2"}
{"time":"2026-07-22 15:33:10,842","level":"INFO","node":1,"msg":"Sent consensus vote to node 3"}
{"time":"2026-07-22 15:33:10,849","level":"INFO","node":1,"msg":"Forwarded to http://127.0.0.1:8002"}
{"time":"2026-07-22 15:33:20,745","level":"INFO","node":1,"msg":"Consensus vote recorded: node 2 decision=True reason=zkp_ok round=1 new=True satisfied=False"}
{"time":"2026-07-22 15:33:36,673","level":"INFO","node":1,"msg":"Consensus vote recorded: node 3 decision=True reason=zkp_ok round=1 new=True satisfied=True"}
{"time":"2026-07-22 15:33:52,502","level":"INFO","node":1,"msg":"Consensus vote recorded: node 0 decision=True reason=zkp_ok round=1 new=True satisfied=True"}
{"time":"2026-07-22 15:33:58,460","level":"INFO","node":1,"msg":"Received update from node 0, round 1"}
{"time":"2026-07-22 15:33:58,460","level":"INFO","node":1,"msg":"Round 2 complete — aggregating"}
{"time":"2026-07-22 15:33:58,460","level":"INFO","node":1,"msg":"Round 2 accuracy gate skipped (warm-up period, candidate_acc=0.6818)"}
{"time":"2026-07-22 15:33:58,485","level":"INFO","node":1,"msg":"Commit vote recorded: node 0 decision=True round=1 satisfied=False"}
{"time":"2026-07-22 15:33:58,487","level":"INFO","node":1,"msg":"Broadcast weights to node 0"}
{"time":"2026-07-22 15:33:58,507","level":"INFO","node":1,"msg":"Commit vote recorded: node 2 decision=True round=1 satisfied=True"}
{"time":"2026-07-22 15:33:58,507","level":"INFO","node":1,"msg":"Round 2 COMMITTED — model hash agreed by [1, 0, 2]"}
{"time":"2026-07-22 15:33:58,510","level":"INFO","node":1,"msg":"Commit certificate saved to C:\Users\mousu\OneDrive\Desktop\Set A\securefedhe\dashboard\certificates\round_1.json"}
{"time":"2026-07-22 15:33:58,514","level":"INFO","node":1,"msg":"Broadcast weights to node 2"}
{"time":"2026-07-22 15:33:58,541","level":"INFO","node":1,"msg":"Commit vote recorded: node 3 decision=True round=1 satisfied=True"}
{"time":"2026-07-22 15:33:58,543","level":"INFO","node":1,"msg":"Broadcast weights to node 3"}
{"time":"2026-07-22 15:33:58,550","level":"INFO","node":1,"msg":"Checkpoint saved to C:\Users\mousu\OneDrive\Desktop\Set A\securefedhe\dashboard\model_latest.pt"}
{"time":"2026-07-22 15:33:58,550","level":"INFO","node":1,"msg":"Round 2 complete | accuracy=0.6818 | duration=54.05s"}
{"time":"2026-07-22 15:33:58,550","level":"INFO","node":1,"msg":"Round 3 belongs to node 2 — waiting for their proposal."}
{"time":"2026-07-22 15:33:58,556","level":"INFO","node":1,"msg":"Notified next proposer to node 2"}
{"time":"2026-07-22 15:33:58,557","level":"INFO","node":1,"msg":"[WATCHDOG SPAWNED] round=2 expected_proposer=2 timeout_s=600 spawned_at=15:33:58"}
{"time":"2026-07-22 15:34:04,768","level":"INFO","node":1,"msg":"Proposal received: round=2 origin=2 hash=abf4313eaa44..."}
{"time":"2026-07-22 15:34:04,788","level":"INFO","node":1,"msg":"Consensus vote recorded: node 2 decision=True reason=zkp_ok round=2 new=True satisfied=False"}
{"time":"2026-07-22 15:34:14,473","level":"INFO","node":1,"msg":"Consensus vote recorded: node 3 decision=True reason=zkp_ok round=2 new=True satisfied=False"}
{"time":"2026-07-22 15:34:30,165","level":"INFO","node":1,"msg":"Consensus vote recorded: node 0 decision=True reason=zkp_ok round=2 new=True satisfied=True"}
{"time":"2026-07-22 15:34:36,205","level":"INFO","node":1,"msg":"Received update from node 0, round 2"}
{"time":"2026-07-22 15:34:45,880","level":"INFO","node":1,"msg":"ZKP ACCEPTED from node 0"}
{"time":"2026-07-22 15:34:45,897","level":"INFO","node":1,"msg":"Trust score for node 2: S=0.436 (Z=1.00 A=0.50 P=0.55 R=1.00) advisory only"}
{"time":"2026-07-22 15:34:45,927","level":"INFO","node":1,"msg":"Sent consensus vote to node 0"}
{"time":"2026-07-22 15:34:45,935","level":"INFO","node":1,"msg":"Sent consensus vote to node 2"}
{"time":"2026-07-22 15:34:45,961","level":"INFO","node":1,"msg":"Sent consensus vote to node 3"}
{"time":"2026-07-22 15:34:46,067","level":"INFO","node":1,"msg":"[FC2 DELTA NORM] node 1 round=2 — fc2 delta norm this round: 0.2122"}
{"time":"2026-07-22 15:34:46,082","level":"WARNING","node":1,"msg":"ZKP norm violation (clipping applied): slack=-349803, retry=0"}
{"time":"2026-07-22 15:34:52,116","level":"INFO","node":1,"msg":"Forwarded to http://127.0.0.1:8002"}
{"time":"2026-07-22 15:34:52,177","level":"INFO","node":1,"msg":"Synced weights from master for round 2"}
{"time":"2026-07-22 15:34:52,186","level":"INFO","node":1,"msg":"Sent commit vote to node 2"}
{"time":"2026-07-22 15:34:58,405","level":"INFO","node":1,"msg":"Proposal received: round=3 origin=3 hash=6b48150b50b0..."}
{"time":"2026-07-22 15:34:58,437","level":"INFO","node":1,"msg":"Consensus vote recorded: node 3 decision=True reason=zkp_ok round=3 new=True satisfied=False"}
{"time":"2026-07-22 15:35:08,314","level":"INFO","node":1,"msg":"Consensus vote recorded: node 0 decision=True reason=zkp_ok round=3 new=True satisfied=False"}
{"time":"2026-07-22 15:35:14,333","level":"INFO","node":1,"msg":"Received update from node 0, round 3"}
{"time":"2026-07-22 15:35:24,182","level":"INFO","node":1,"msg":"ZKP ACCEPTED from node 0"}
{"time":"2026-07-22 15:35:24,191","level":"INFO","node":1,"msg":"Trust score for node 3: S=0.434 (Z=1.00 A=0.50 P=0.54 R=1.00) advisory only"}
{"time":"2026-07-22 15:35:24,204","level":"INFO","node":1,"msg":"Sent consensus vote to node 0"}
{"time":"2026-07-22 15:35:24,228","level":"INFO","node":1,"msg":"Sent consensus vote to node 2"}
{"time":"2026-07-22 15:35:24,247","level":"INFO","node":1,"msg":"Sent consensus vote to node 3"}
{"time":"2026-07-22 15:35:24,361","level":"INFO","node":1,"msg":"[FC2 DELTA NORM] node 1 round=3 — fc2 delta norm this round: 0.1938"}
{"time":"2026-07-22 15:35:30,514","level":"INFO","node":1,"msg":"Forwarded to http://127.0.0.1:8002"}
{"time":"2026-07-22 15:35:40,294","level":"INFO","node":1,"msg":"Prediction agreement with node 2 round=3: A=0.968"}
{"time":"2026-07-22 15:35:40,295","level":"INFO","node":1,"msg":"Consensus vote recorded: node 2 decision=True reason=zkp_ok round=3 new=True satisfied=True"}
{"time":"2026-07-22 15:35:46,563","level":"INFO","node":1,"msg":"Synced weights from master for round 3"}
{"time":"2026-07-22 15:35:46,570","level":"INFO","node":1,"msg":"Sent commit vote to node 3"}
{"time":"2026-07-22 15:35:52,635","level":"INFO","node":1,"msg":"Proposal received: round=4 origin=0 hash=697d43b22086..."}
{"time":"2026-07-22 15:35:52,647","level":"INFO","node":1,"msg":"Consensus vote recorded: node 0 decision=True reason=zkp_ok round=4 new=True satisfied=False"}
{"time":"2026-07-22 15:35:52,658","level":"INFO","node":1,"msg":"Received update from node 0, round 4"}
{"time":"2026-07-22 15:36:02,553","level":"INFO","node":1,"msg":"ZKP ACCEPTED from node 0"}
{"time":"2026-07-22 15:36:02,568","level":"INFO","node":1,"msg":"Per-class agreement with node 0: class0=0.748 class1=0.620 gap=0.128"}
{"time":"2026-07-22 15:36:02,568","level":"INFO","node":1,"msg":"Per-class rolling gap for node 0: mean=0.128 over last 1 round(s)"}
{"time":"2026-07-22 15:36:02,571","level":"INFO","node":1,"msg":"Trust score for node 0: S=0.621 (Z=1.00 A=0.71 P=0.57 R=1.00) advisory only"}
{"time":"2026-07-22 15:36:02,592","level":"INFO","node":1,"msg":"Sent consensus vote to node 0"}
{"time":"2026-07-22 15:36:02,615","level":"INFO","node":1,"msg":"Sent consensus vote to node 2"}
{"time":"2026-07-22 15:36:02,641","level":"INFO","node":1,"msg":"Sent consensus vote to node 3"}
{"time":"2026-07-22 15:36:02,741","level":"INFO","node":1,"msg":"[FC2 DELTA NORM] node 1 round=4 — fc2 delta norm this round: 0.1749"}
{"time":"2026-07-22 15:36:02,741","level":"WARNING","node":1,"msg":"ZKP norm violation (clipping applied): slack=-469, retry=0"}
{"time":"2026-07-22 15:36:08,911","level":"INFO","node":1,"msg":"Forwarded to http://127.0.0.1:8002"}
{"time":"2026-07-22 15:36:18,735","level":"INFO","node":1,"msg":"Prediction agreement with node 2 round=4: A=0.959"}
{"time":"2026-07-22 15:36:18,735","level":"INFO","node":1,"msg":"Consensus vote recorded: node 2 decision=True reason=zkp_ok round=4 new=True satisfied=True"}
{"time":"2026-07-22 15:36:34,639","level":"INFO","node":1,"msg":"Prediction agreement with node 3 round=4: A=0.973"}
{"time":"2026-07-22 15:36:34,641","level":"INFO","node":1,"msg":"Consensus vote recorded: node 3 decision=True reason=zkp_ok round=4 new=True satisfied=True"}
{"time":"2026-07-22 15:36:40,611","level":"INFO","node":1,"msg":"Synced weights from master for round 4"}
{"time":"2026-07-22 15:36:40,655","level":"INFO","node":1,"msg":"Sent commit vote to node 0"}
{"time":"2026-07-22 15:36:40,734","level":"INFO","node":1,"msg":"My turn — starting round 6 as proposer."}
{"time":"2026-07-22 15:36:40,735","level":"INFO","node":1,"msg":"Starting round 6"}
{"time":"2026-07-22 15:36:40,875","level":"INFO","node":1,"msg":"[FC2 DELTA NORM] node 1 round=5 — fc2 delta norm this round: 0.1771"}
{"time":"2026-07-22 15:36:47,175","level":"INFO","node":1,"msg":"Sent proposal to node 0"}
{"time":"2026-07-22 15:36:47,175","level":"INFO","node":1,"msg":"Sent proposal to node 2"}
{"time":"2026-07-22 15:36:47,183","level":"INFO","node":1,"msg":"Sent proposal to node 3"}
{"time":"2026-07-22 15:36:47,193","level":"INFO","node":1,"msg":"Sent consensus vote to node 0"}
{"time":"2026-07-22 15:36:47,198","level":"INFO","node":1,"msg":"Sent consensus vote to node 2"}
{"time":"2026-07-22 15:36:47,202","level":"INFO","node":1,"msg":"Sent consensus vote to node 3"}
{"time":"2026-07-22 15:36:47,212","level":"INFO","node":1,"msg":"Forwarded to http://127.0.0.1:8002"}
{"time":"2026-07-22 15:36:56,998","level":"INFO","node":1,"msg":"Consensus vote recorded: node 2 decision=True reason=zkp_ok round=5 new=True satisfied=False"}
{"time":"2026-07-22 15:37:13,006","level":"INFO","node":1,"msg":"Consensus vote recorded: node 3 decision=True reason=zkp_ok round=5 new=True satisfied=True"}
{"time":"2026-07-22 15:37:28,938","level":"INFO","node":1,"msg":"Consensus vote recorded: node 0 decision=True reason=zkp_ok round=5 new=True satisfied=True"}
{"time":"2026-07-22 15:37:35,119","level":"INFO","node":1,"msg":"Received update from node 0, round 5"}
{"time":"2026-07-22 15:37:35,119","level":"INFO","node":1,"msg":"Round 6 complete — aggregating"}
{"time":"2026-07-22 15:37:35,157","level":"INFO","node":1,"msg":"[BACKDOOR PROBE] Round 6 clean — worst case flip_rate=1.000 jump=0.164 (feature=1, value=-4.0)"}
{"time":"2026-07-22 15:37:35,188","level":"INFO","node":1,"msg":"Commit vote recorded: node 0 decision=True round=5 satisfied=False"}
{"time":"2026-07-22 15:37:35,190","level":"INFO","node":1,"msg":"Broadcast weights to node 0"}
{"time":"2026-07-22 15:37:35,233","level":"INFO","node":1,"msg":"Commit vote recorded: node 2 decision=True round=5 satisfied=True"}
{"time":"2026-07-22 15:37:35,233","level":"INFO","node":1,"msg":"Round 6 COMMITTED — model hash agreed by [1, 0, 2]"}
{"time":"2026-07-22 15:37:35,234","level":"INFO","node":1,"msg":"Commit certificate saved to C:\Users\mousu\OneDrive\Desktop\Set A\securefedhe\dashboard\certificates\round_5.json"}
{"time":"2026-07-22 15:37:35,236","level":"INFO","node":1,"msg":"Broadcast weights to node 2"}
{"time":"2026-07-22 15:37:35,278","level":"INFO","node":1,"msg":"Commit vote recorded: node 3 decision=True round=5 satisfied=True"}
{"time":"2026-07-22 15:37:35,280","level":"INFO","node":1,"msg":"Broadcast weights to node 3"}
{"time":"2026-07-22 15:37:35,281","level":"INFO","node":1,"msg":"Checkpoint saved to C:\Users\mousu\OneDrive\Desktop\Set A\securefedhe\dashboard\model_latest.pt"}
{"time":"2026-07-22 15:37:35,282","level":"INFO","node":1,"msg":"Round 6 complete | accuracy=0.7909 | duration=54.55s"}
{"time":"2026-07-22 15:37:35,282","level":"INFO","node":1,"msg":"Round 7 belongs to node 2 — waiting for their proposal."}
{"time":"2026-07-22 15:37:35,286","level":"INFO","node":1,"msg":"Notified next proposer to node 2"}
{"time":"2026-07-22 15:37:35,286","level":"INFO","node":1,"msg":"[WATCHDOG SPAWNED] round=6 expected_proposer=2 timeout_s=600 spawned_at=15:37:35"}
{"time":"2026-07-22 15:37:41,545","level":"INFO","node":1,"msg":"Proposal received: round=6 origin=2 hash=c425d5585cd8..."}
{"time":"2026-07-22 15:37:41,576","level":"INFO","node":1,"msg":"Consensus vote recorded: node 2 decision=True reason=zkp_ok round=6 new=True satisfied=False"}
{"time":"2026-07-22 15:37:51,469","level":"INFO","node":1,"msg":"Consensus vote recorded: node 3 decision=True reason=zkp_ok round=6 new=True satisfied=False"}
{"time":"2026-07-22 15:38:07,216","level":"INFO","node":1,"msg":"Consensus vote recorded: node 0 decision=True reason=zkp_ok round=6 new=True satisfied=True"}
{"time":"2026-07-22 15:38:13,305","level":"INFO","node":1,"msg":"Received update from node 0, round 6"}
{"time":"2026-07-22 15:38:22,973","level":"INFO","node":1,"msg":"ZKP ACCEPTED from node 0"}
{"time":"2026-07-22 15:38:22,973","level":"INFO","node":1,"msg":"Per-class agreement with node 2: class0=0.844 class1=0.943 gap=0.099"}
{"time":"2026-07-22 15:38:22,973","level":"INFO","node":1,"msg":"Per-class rolling gap for node 2: mean=0.099 over last 1 round(s)"}
{"time":"2026-07-22 15:38:22,980","level":"INFO","node":1,"msg":"Trust score for node 2: S=0.764 (Z=1.00 A=0.88 P=0.55 R=1.00) advisory only"}
{"time":"2026-07-22 15:38:23,009","level":"INFO","node":1,"msg":"Sent consensus vote to node 0"}
{"time":"2026-07-22 15:38:23,029","level":"INFO","node":1,"msg":"Sent consensus vote to node 2"}
{"time":"2026-07-22 15:38:23,053","level":"INFO","node":1,"msg":"Sent consensus vote to node 3"}
{"time":"2026-07-22 15:38:23,154","level":"INFO","node":1,"msg":"[FC2 DELTA NORM] node 1 round=6 — fc2 delta norm this round: 0.1575"}
{"time":"2026-07-22 15:38:29,311","level":"INFO","node":1,"msg":"Forwarded to http://127.0.0.1:8002"}
{"time":"2026-07-22 15:38:29,403","level":"INFO","node":1,"msg":"Synced weights from master for round 6"}
{"time":"2026-07-22 15:38:29,410","level":"INFO","node":1,"msg":"Sent commit vote to node 2"}
{"time":"2026-07-22 15:38:35,669","level":"INFO","node":1,"msg":"Proposal received: round=7 origin=3 hash=fbc51fd153e2..."}
{"time":"2026-07-22 15:38:35,704","level":"INFO","node":1,"msg":"Consensus vote recorded: node 3 decision=True reason=zkp_ok round=7 new=True satisfied=False"}
{"time":"2026-07-22 15:38:45,645","level":"INFO","node":1,"msg":"Consensus vote recorded: node 0 decision=True reason=zkp_ok round=7 new=True satisfied=False"}
{"time":"2026-07-22 15:38:51,725","level":"INFO","node":1,"msg":"Received update from node 0, round 7"}
{"time":"2026-07-22 15:39:01,540","level":"INFO","node":1,"msg":"ZKP ACCEPTED from node 0"}
{"time":"2026-07-22 15:39:01,543","level":"INFO","node":1,"msg":"Per-class agreement with node 3: class0=0.892 class1=0.929 gap=0.037"}
{"time":"2026-07-22 15:39:01,545","level":"INFO","node":1,"msg":"Per-class rolling gap for node 3: mean=0.037 over last 1 round(s)"}
{"time":"2026-07-22 15:39:01,548","level":"INFO","node":1,"msg":"Trust score for node 3: S=0.812 (Z=1.00 A=0.90 P=0.65 R=1.00) advisory only"}
{"time":"2026-07-22 15:39:01,562","level":"INFO","node":1,"msg":"Sent consensus vote to node 0"}
{"time":"2026-07-22 15:39:01,589","level":"INFO","node":1,"msg":"Sent consensus vote to node 2"}
{"time":"2026-07-22 15:39:01,613","level":"INFO","node":1,"msg":"Sent consensus vote to node 3"}
{"time":"2026-07-22 15:39:01,718","level":"INFO","node":1,"msg":"[FC2 DELTA NORM] node 1 round=7 — fc2 delta norm this round: 0.1538"}
{"time":"2026-07-22 15:39:01,720","level":"WARNING","node":1,"msg":"ZKP norm violation (clipping applied): slack=-470536, retry=0"}
{"time":"2026-07-22 15:39:07,884","level":"INFO","node":1,"msg":"Forwarded to http://127.0.0.1:8002"}
{"time":"2026-07-22 15:39:18,084","level":"INFO","node":1,"msg":"Prediction agreement with node 2 round=7: A=0.965"}
{"time":"2026-07-22 15:39:18,084","level":"INFO","node":1,"msg":"Consensus vote recorded: node 2 decision=True reason=zkp_ok round=7 new=True satisfied=True"}
{"time":"2026-07-22 15:39:24,341","level":"INFO","node":1,"msg":"Synced weights from master for round 7"}
{"time":"2026-07-22 15:39:24,350","level":"INFO","node":1,"msg":"Sent commit vote to node 3"}
{"time":"2026-07-22 15:39:30,580","level":"INFO","node":1,"msg":"Proposal received: round=8 origin=0 hash=a6306f1a18f8..."}
{"time":"2026-07-22 15:39:30,615","level":"INFO","node":1,"msg":"Consensus vote recorded: node 0 decision=True reason=zkp_ok round=8 new=True satisfied=False"}
{"time":"2026-07-22 15:39:30,630","level":"INFO","node":1,"msg":"Received update from node 0, round 8"}
{"time":"2026-07-22 15:39:40,401","level":"INFO","node":1,"msg":"ZKP ACCEPTED from node 0"}
{"time":"2026-07-22 15:39:40,401","level":"INFO","node":1,"msg":"fc_in col7 delta self-cosine for node 0: 0.1256 (delta_norm=0.2562)"}
{"time":"2026-07-22 15:39:40,416","level":"INFO","node":1,"msg":"Per-class agreement with node 0: class0=0.961 class1=0.927 gap=0.034"}
{"time":"2026-07-22 15:39:40,416","level":"INFO","node":1,"msg":"Per-class rolling gap for node 0: mean=0.081 over last 2 round(s)"}
{"time":"2026-07-22 15:39:40,416","level":"INFO","node":1,"msg":"Trust score for node 0: S=0.839 (Z=1.00 A=0.95 P=0.59 R=1.00) advisory only"}
{"time":"2026-07-22 15:39:40,448","level":"INFO","node":1,"msg":"Sent consensus vote to node 0"}
{"time":"2026-07-22 15:39:40,471","level":"INFO","node":1,"msg":"Sent consensus vote to node 2"}
{"time":"2026-07-22 15:39:40,496","level":"INFO","node":1,"msg":"Sent consensus vote to node 3"}
{"time":"2026-07-22 15:39:40,607","level":"INFO","node":1,"msg":"[FC2 DELTA NORM] node 1 round=8 — fc2 delta norm this round: 0.1630"}
{"time":"2026-07-22 15:39:46,645","level":"INFO","node":1,"msg":"Forwarded to http://127.0.0.1:8002"}
{"time":"2026-07-22 15:39:56,376","level":"INFO","node":1,"msg":"Prediction agreement with node 2 round=8: A=0.944"}
{"time":"2026-07-22 15:39:56,376","level":"INFO","node":1,"msg":"Consensus vote recorded: node 2 decision=True reason=zkp_ok round=8 new=True satisfied=True"}
{"time":"2026-07-22 15:40:12,243","level":"INFO","node":1,"msg":"Prediction agreement with node 3 round=8: A=0.966"}
{"time":"2026-07-22 15:40:12,244","level":"INFO","node":1,"msg":"Consensus vote recorded: node 3 decision=True reason=zkp_ok round=8 new=True satisfied=True"}
{"time":"2026-07-22 15:40:18,397","level":"INFO","node":1,"msg":"Synced weights from master for round 8"}
{"time":"2026-07-22 15:40:18,410","level":"INFO","node":1,"msg":"Sent commit vote to node 0"}
{"time":"2026-07-22 15:40:18,512","level":"INFO","node":1,"msg":"My turn — starting round 10 as proposer."}
{"time":"2026-07-22 15:40:18,513","level":"INFO","node":1,"msg":"Starting round 10"}
{"time":"2026-07-22 15:40:18,650","level":"INFO","node":1,"msg":"[FC2 DELTA NORM] node 1 round=9 — fc2 delta norm this round: 0.1419"}
{"time":"2026-07-22 15:40:24,956","level":"INFO","node":1,"msg":"Sent proposal to node 0"}
{"time":"2026-07-22 15:40:24,973","level":"INFO","node":1,"msg":"Sent proposal to node 2"}
{"time":"2026-07-22 15:40:24,978","level":"INFO","node":1,"msg":"Sent proposal to node 3"}
{"time":"2026-07-22 15:40:24,987","level":"INFO","node":1,"msg":"Sent consensus vote to node 0"}
{"time":"2026-07-22 15:40:24,990","level":"INFO","node":1,"msg":"Sent consensus vote to node 2"}
{"time":"2026-07-22 15:40:24,993","level":"INFO","node":1,"msg":"Sent consensus vote to node 3"}
{"time":"2026-07-22 15:40:24,997","level":"INFO","node":1,"msg":"Forwarded to http://127.0.0.1:8002"}
{"time":"2026-07-22 15:40:34,718","level":"INFO","node":1,"msg":"Consensus vote recorded: node 2 decision=True reason=zkp_ok round=9 new=True satisfied=False"}
{"time":"2026-07-22 15:40:50,468","level":"INFO","node":1,"msg":"Consensus vote recorded: node 3 decision=True reason=zkp_ok round=9 new=True satisfied=True"}
{"time":"2026-07-22 15:41:06,196","level":"INFO","node":1,"msg":"Consensus vote recorded: node 0 decision=True reason=zkp_ok round=9 new=True satisfied=True"}
{"time":"2026-07-22 15:41:12,384","level":"INFO","node":1,"msg":"Received update from node 0, round 9"}
{"time":"2026-07-22 15:41:12,384","level":"INFO","node":1,"msg":"Round 10 complete — aggregating"}
{"time":"2026-07-22 15:41:12,420","level":"WARNING","node":1,"msg":"[BACKDOOR PROBE] Round 10 SUSPICIOUS: feature=1 value=5.0 forces class=1 flip_rate=1.000 jump=0.736 (thresholds: flip>0.7, jump>0.3)"}
{"time":"2026-07-22 15:41:12,436","level":"INFO","node":1,"msg":"Commit vote recorded: node 0 decision=True round=9 satisfied=False"}
{"time":"2026-07-22 15:41:12,438","level":"INFO","node":1,"msg":"Broadcast weights to node 0"}
{"time":"2026-07-22 15:41:12,472","level":"INFO","node":1,"msg":"Commit vote recorded: node 2 decision=True round=9 satisfied=True"}
{"time":"2026-07-22 15:41:12,473","level":"INFO","node":1,"msg":"Round 10 COMMITTED — model hash agreed by [1, 0, 2]"}
{"time":"2026-07-22 15:41:12,474","level":"INFO","node":1,"msg":"Commit certificate saved to C:\Users\mousu\OneDrive\Desktop\Set A\securefedhe\dashboard\certificates\round_9.json"}
{"time":"2026-07-22 15:41:12,476","level":"INFO","node":1,"msg":"Broadcast weights to node 2"}
{"time":"2026-07-22 15:41:12,512","level":"INFO","node":1,"msg":"Commit vote recorded: node 3 decision=True round=9 satisfied=True"}
{"time":"2026-07-22 15:41:12,514","level":"INFO","node":1,"msg":"Broadcast weights to node 3"}
{"time":"2026-07-22 15:41:12,516","level":"INFO","node":1,"msg":"Checkpoint saved to C:\Users\mousu\OneDrive\Desktop\Set A\securefedhe\dashboard\model_latest.pt"}
{"time":"2026-07-22 15:41:12,516","level":"INFO","node":1,"msg":"Round 10 complete | accuracy=0.8364 | duration=54.00s"}
{"time":"2026-07-22 15:41:12,516","level":"INFO","node":1,"msg":"Round 11 belongs to node 2 — waiting for their proposal."}
{"time":"2026-07-22 15:41:12,519","level":"INFO","node":1,"msg":"Notified next proposer to node 2"}
{"time":"2026-07-22 15:41:12,520","level":"INFO","node":1,"msg":"[WATCHDOG SPAWNED] round=10 expected_proposer=2 timeout_s=600 spawned_at=15:41:12"}
{"time":"2026-07-22 15:41:18,657","level":"INFO","node":1,"msg":"Proposal received: round=10 origin=2 hash=69ae4d968887..."}
{"time":"2026-07-22 15:41:18,688","level":"INFO","node":1,"msg":"Consensus vote recorded: node 2 decision=True reason=zkp_ok round=10 new=True satisfied=False"}
{"time":"2026-07-22 15:41:28,482","level":"INFO","node":1,"msg":"Consensus vote recorded: node 3 decision=True reason=zkp_ok round=10 new=True satisfied=False"}
{"time":"2026-07-22 15:41:44,334","level":"INFO","node":1,"msg":"Consensus vote recorded: node 0 decision=True reason=zkp_ok round=10 new=True satisfied=True"}
{"time":"2026-07-22 15:41:50,377","level":"INFO","node":1,"msg":"Received update from node 0, round 10"}
{"time":"2026-07-22 15:42:00,216","level":"INFO","node":1,"msg":"ZKP ACCEPTED from node 0"}
{"time":"2026-07-22 15:42:00,216","level":"INFO","node":1,"msg":"fc_in col7 delta self-cosine for node 2: 0.2074 (delta_norm=0.1893)"}
{"time":"2026-07-22 15:42:00,226","level":"INFO","node":1,"msg":"Per-class agreement with node 2: class0=0.970 class1=0.929 gap=0.041"}
{"time":"2026-07-22 15:42:00,226","level":"INFO","node":1,"msg":"Per-class rolling gap for node 2: mean=0.070 over last 2 round(s)"}
{"time":"2026-07-22 15:42:00,230","level":"INFO","node":1,"msg":"Trust score for node 2: S=0.830 (Z=1.00 A=0.96 P=0.54 R=1.00) advisory only"}
{"time":"2026-07-22 15:42:00,250","level":"INFO","node":1,"msg":"Sent consensus vote to node 0"}
{"time":"2026-07-22 15:42:00,259","level":"INFO","node":1,"msg":"Sent consensus vote to node 2"}
{"time":"2026-07-22 15:42:00,274","level":"INFO","node":1,"msg":"Sent consensus vote to node 3"}
{"time":"2026-07-22 15:42:00,375","level":"INFO","node":1,"msg":"[FC2 DELTA NORM] node 1 round=10 — fc2 delta norm this round: 0.1500"}
{"time":"2026-07-22 15:42:06,521","level":"INFO","node":1,"msg":"Forwarded to http://127.0.0.1:8002"}
{"time":"2026-07-22 15:42:06,607","level":"INFO","node":1,"msg":"Synced weights from master for round 10"}
{"time":"2026-07-22 15:42:06,616","level":"INFO","node":1,"msg":"Sent commit vote to node 2"}
{"time":"2026-07-22 15:42:12,898","level":"INFO","node":1,"msg":"Proposal received: round=11 origin=3 hash=e8b328d64c88..."}
{"time":"2026-07-22 15:42:12,920","level":"INFO","node":1,"msg":"Consensus vote recorded: node 3 decision=True reason=zkp_ok round=11 new=True satisfied=False"}
{"time":"2026-07-22 15:42:22,675","level":"INFO","node":1,"msg":"Consensus vote recorded: node 0 decision=True reason=zkp_ok round=11 new=True satisfied=False"}
{"time":"2026-07-22 15:42:28,802","level":"INFO","node":1,"msg":"Received update from node 0, round 11"}
{"time":"2026-07-22 15:42:38,558","level":"INFO","node":1,"msg":"ZKP ACCEPTED from node 0"}
{"time":"2026-07-22 15:42:38,558","level":"INFO","node":1,"msg":"fc_in col7 delta self-cosine for node 3: 0.0874 (delta_norm=0.2026)"}
{"time":"2026-07-22 15:42:38,571","level":"INFO","node":1,"msg":"Per-class agreement with node 3: class0=0.969 class1=0.948 gap=0.022"}
{"time":"2026-07-22 15:42:38,571","level":"INFO","node":1,"msg":"Per-class rolling gap for node 3: mean=0.029 over last 2 round(s)"}
{"time":"2026-07-22 15:42:38,576","level":"INFO","node":1,"msg":"Trust score for node 3: S=0.830 (Z=1.00 A=0.96 P=0.52 R=1.00) advisory only"}
{"time":"2026-07-22 15:42:38,587","level":"INFO","node":1,"msg":"Sent consensus vote to node 0"}
{"time":"2026-07-22 15:42:38,613","level":"INFO","node":1,"msg":"Sent consensus vote to node 2"}
{"time":"2026-07-22 15:42:38,636","level":"INFO","node":1,"msg":"Sent consensus vote to node 3"}
{"time":"2026-07-22 15:42:38,742","level":"INFO","node":1,"msg":"[FC2 DELTA NORM] node 1 round=11 — fc2 delta norm this round: 0.1397"}
{"time":"2026-07-22 15:42:44,984","level":"INFO","node":1,"msg":"Forwarded to http://127.0.0.1:8002"}
{"time":"2026-07-22 15:42:54,877","level":"INFO","node":1,"msg":"Prediction agreement with node 2 round=11: A=0.955"}
{"time":"2026-07-22 15:42:54,882","level":"INFO","node":1,"msg":"Consensus vote recorded: node 2 decision=True reason=zkp_ok round=11 new=True satisfied=True"}
{"time":"2026-07-22 15:43:00,862","level":"INFO","node":1,"msg":"Synced weights from master for round 11"}
{"time":"2026-07-22 15:43:00,890","level":"INFO","node":1,"msg":"Sent commit vote to node 3"}
{"time":"2026-07-22 15:43:07,169","level":"INFO","node":1,"msg":"Proposal received: round=12 origin=0 hash=fc5c88d2c613..."}
{"time":"2026-07-22 15:43:07,192","level":"INFO","node":1,"msg":"Consensus vote recorded: node 0 decision=True reason=zkp_ok round=12 new=True satisfied=False"}
{"time":"2026-07-22 15:43:07,215","level":"INFO","node":1,"msg":"Received update from node 0, round 12"}
{"time":"2026-07-22 15:43:17,197","level":"INFO","node":1,"msg":"ZKP ACCEPTED from node 0"}
{"time":"2026-07-22 15:43:17,197","level":"INFO","node":1,"msg":"fc_in col7 delta self-cosine for node 0: -0.1351 (delta_norm=0.2346)"}
{"time":"2026-07-22 15:43:17,198","level":"INFO","node":1,"msg":"Per-class agreement with node 0: class0=0.959 class1=0.928 gap=0.031"}
{"time":"2026-07-22 15:43:17,198","level":"INFO","node":1,"msg":"Per-class rolling gap for node 0: mean=0.064 over last 3 round(s)"}
{"time":"2026-07-22 15:43:17,207","level":"INFO","node":1,"msg":"Trust score for node 0: S=0.824 (Z=1.00 A=0.95 P=0.54 R=1.00) advisory only"}
{"time":"2026-07-22 15:43:17,217","level":"INFO","node":1,"msg":"Sent consensus vote to node 0"}
{"time":"2026-07-22 15:43:17,248","level":"INFO","node":1,"msg":"Sent consensus vote to node 2"}
{"time":"2026-07-22 15:43:17,261","level":"INFO","node":1,"msg":"Sent consensus vote to node 3"}
{"time":"2026-07-22 15:43:17,381","level":"INFO","node":1,"msg":"[FC2 DELTA NORM] node 1 round=12 — fc2 delta norm this round: 0.1331"}
{"time":"2026-07-22 15:43:23,771","level":"INFO","node":1,"msg":"Forwarded to http://127.0.0.1:8002"}
{"time":"2026-07-22 15:43:33,662","level":"INFO","node":1,"msg":"Prediction agreement with node 2 round=12: A=0.915"}
{"time":"2026-07-22 15:43:33,662","level":"INFO","node":1,"msg":"Consensus vote recorded: node 2 decision=True reason=zkp_ok round=12 new=True satisfied=True"}
{"time":"2026-07-22 15:43:49,620","level":"INFO","node":1,"msg":"Prediction agreement with node 3 round=12: A=0.944"}
{"time":"2026-07-22 15:43:49,621","level":"INFO","node":1,"msg":"Consensus vote recorded: node 3 decision=True reason=zkp_ok round=12 new=True satisfied=True"}
{"time":"2026-07-22 15:43:55,916","level":"INFO","node":1,"msg":"Synced weights from master for round 12"}
{"time":"2026-07-22 15:43:55,928","level":"INFO","node":1,"msg":"Sent commit vote to node 0"}
{"time":"2026-07-22 15:43:55,991","level":"INFO","node":1,"msg":"My turn — starting round 14 as proposer."}
{"time":"2026-07-22 15:43:55,991","level":"INFO","node":1,"msg":"Starting round 14"}
{"time":"2026-07-22 15:43:56,147","level":"INFO","node":1,"msg":"[FC2 DELTA NORM] node 1 round=13 — fc2 delta norm this round: 0.1358"}
{"time":"2026-07-22 15:44:02,458","level":"INFO","node":1,"msg":"Sent proposal to node 0"}
{"time":"2026-07-22 15:44:02,475","level":"INFO","node":1,"msg":"Sent proposal to node 2"}
{"time":"2026-07-22 15:44:02,503","level":"INFO","node":1,"msg":"Sent proposal to node 3"}
{"time":"2026-07-22 15:44:02,506","level":"INFO","node":1,"msg":"Sent consensus vote to node 0"}
{"time":"2026-07-22 15:44:02,517","level":"INFO","node":1,"msg":"Sent consensus vote to node 2"}
{"time":"2026-07-22 15:44:02,522","level":"INFO","node":1,"msg":"Sent consensus vote to node 3"}
{"time":"2026-07-22 15:44:02,532","level":"INFO","node":1,"msg":"Forwarded to http://127.0.0.1:8002"}
{"time":"2026-07-22 15:44:12,232","level":"INFO","node":1,"msg":"Consensus vote recorded: node 2 decision=True reason=zkp_ok round=13 new=True satisfied=False"}
{"time":"2026-07-22 15:44:28,037","level":"INFO","node":1,"msg":"Consensus vote recorded: node 3 decision=True reason=zkp_ok round=13 new=True satisfied=True"}
{"time":"2026-07-22 15:44:43,825","level":"INFO","node":1,"msg":"Consensus vote recorded: node 0 decision=True reason=zkp_ok round=13 new=True satisfied=True"}
{"time":"2026-07-22 15:44:49,852","level":"INFO","node":1,"msg":"Received update from node 0, round 13"}
{"time":"2026-07-22 15:44:49,852","level":"INFO","node":1,"msg":"Round 14 complete — aggregating"}
{"time":"2026-07-22 15:44:49,894","level":"WARNING","node":1,"msg":"[BACKDOOR PROBE] Round 14 SUSPICIOUS: feature=1 value=5.0 forces class=1 flip_rate=1.000 jump=0.727 (thresholds: flip>0.7, jump>0.3)"}
{"time":"2026-07-22 15:44:49,918","level":"INFO","node":1,"msg":"Commit vote recorded: node 0 decision=True round=13 satisfied=False"}
{"time":"2026-07-22 15:44:49,920","level":"INFO","node":1,"msg":"Broadcast weights to node 0"}
{"time":"2026-07-22 15:44:49,935","level":"INFO","node":1,"msg":"Commit vote recorded: node 2 decision=True round=13 satisfied=True"}
{"time":"2026-07-22 15:44:49,935","level":"INFO","node":1,"msg":"Round 14 COMMITTED — model hash agreed by [1, 0, 2]"}
{"time":"2026-07-22 15:44:49,936","level":"INFO","node":1,"msg":"Commit certificate saved to C:\Users\mousu\OneDrive\Desktop\Set A\securefedhe\dashboard\certificates\round_13.json"}
{"time":"2026-07-22 15:44:49,939","level":"INFO","node":1,"msg":"Broadcast weights to node 2"}
{"time":"2026-07-22 15:44:49,971","level":"INFO","node":1,"msg":"Commit vote recorded: node 3 decision=True round=13 satisfied=True"}
{"time":"2026-07-22 15:44:49,973","level":"INFO","node":1,"msg":"Broadcast weights to node 3"}
{"time":"2026-07-22 15:44:49,973","level":"INFO","node":1,"msg":"Checkpoint saved to C:\Users\mousu\OneDrive\Desktop\Set A\securefedhe\dashboard\model_latest.pt"}
{"time":"2026-07-22 15:44:49,975","level":"INFO","node":1,"msg":"Round 14 complete | accuracy=0.8455 | duration=53.98s"}
{"time":"2026-07-22 15:44:49,975","level":"INFO","node":1,"msg":"Round 15 belongs to node 2 — waiting for their proposal."}
{"time":"2026-07-22 15:44:49,979","level":"INFO","node":1,"msg":"Notified next proposer to node 2"}
{"time":"2026-07-22 15:44:49,979","level":"INFO","node":1,"msg":"[WATCHDOG SPAWNED] round=14 expected_proposer=2 timeout_s=600 spawned_at=15:44:49"}
{"time":"2026-07-22 15:44:56,192","level":"INFO","node":1,"msg":"Proposal received: round=14 origin=2 hash=6a081c221d85..."}
{"time":"2026-07-22 15:44:56,230","level":"INFO","node":1,"msg":"Consensus vote recorded: node 2 decision=True reason=zkp_ok round=14 new=True satisfied=False"}
{"time":"2026-07-22 15:45:06,087","level":"INFO","node":1,"msg":"Consensus vote recorded: node 3 decision=True reason=zkp_ok round=14 new=True satisfied=False"}
{"time":"2026-07-22 15:45:21,943","level":"INFO","node":1,"msg":"Consensus vote recorded: node 0 decision=True reason=zkp_ok round=14 new=True satisfied=True"}
{"time":"2026-07-22 15:45:27,996","level":"INFO","node":1,"msg":"Received update from node 0, round 14"}
{"time":"2026-07-22 15:45:37,694","level":"INFO","node":1,"msg":"ZKP ACCEPTED from node 0"}
{"time":"2026-07-22 15:45:37,694","level":"INFO","node":1,"msg":"fc_in col7 delta self-cosine for node 2: 0.1505 (delta_norm=0.1948)"}
{"time":"2026-07-22 15:45:37,710","level":"INFO","node":1,"msg":"Per-class agreement with node 2: class0=0.970 class1=0.962 gap=0.008"}
{"time":"2026-07-22 15:45:37,710","level":"INFO","node":1,"msg":"Per-class rolling gap for node 2: mean=0.049 over last 3 round(s)"}
{"time":"2026-07-22 15:45:37,710","level":"INFO","node":1,"msg":"Trust score for node 2: S=0.839 (Z=1.00 A=0.97 P=0.54 R=1.00) advisory only"}
{"time":"2026-07-22 15:45:37,759","level":"INFO","node":1,"msg":"Sent consensus vote to node 0"}
{"time":"2026-07-22 15:45:37,781","level":"INFO","node":1,"msg":"Sent consensus vote to node 2"}
{"time":"2026-07-22 15:45:37,805","level":"INFO","node":1,"msg":"Sent consensus vote to node 3"}
{"time":"2026-07-22 15:45:37,910","level":"INFO","node":1,"msg":"[FC2 DELTA NORM] node 1 round=14 — fc2 delta norm this round: 0.1301"}
{"time":"2026-07-22 15:45:44,077","level":"INFO","node":1,"msg":"Forwarded to http://127.0.0.1:8002"}
{"time":"2026-07-22 15:45:44,177","level":"INFO","node":1,"msg":"Synced weights from master for round 14"}
{"time":"2026-07-22 15:45:44,184","level":"INFO","node":1,"msg":"Sent commit vote to node 2"}
{"time":"2026-07-22 15:45:50,388","level":"INFO","node":1,"msg":"Proposal received: round=15 origin=3 hash=ea14c2115edf..."}
{"time":"2026-07-22 15:45:50,409","level":"INFO","node":1,"msg":"Consensus vote recorded: node 3 decision=True reason=zkp_ok round=15 new=True satisfied=False"}
{"time":"2026-07-22 15:46:00,054","level":"INFO","node":1,"msg":"Consensus vote recorded: node 0 decision=True reason=zkp_ok round=15 new=True satisfied=False"}
{"time":"2026-07-22 15:46:06,148","level":"INFO","node":1,"msg":"Received update from node 0, round 15"}
{"time":"2026-07-22 15:46:15,927","level":"INFO","node":1,"msg":"ZKP ACCEPTED from node 0"}
{"time":"2026-07-22 15:46:15,927","level":"INFO","node":1,"msg":"fc_in col7 delta self-cosine for node 3: -0.1048 (delta_norm=0.2078)"}
{"time":"2026-07-22 15:46:15,927","level":"INFO","node":1,"msg":"Per-class agreement with node 3: class0=0.976 class1=0.952 gap=0.024"}
{"time":"2026-07-22 15:46:15,938","level":"INFO","node":1,"msg":"Per-class rolling gap for node 3: mean=0.028 over last 3 round(s)"}
{"time":"2026-07-22 15:46:15,940","level":"INFO","node":1,"msg":"Trust score for node 3: S=0.840 (Z=1.00 A=0.97 P=0.54 R=1.00) advisory only"}
{"time":"2026-07-22 15:46:15,976","level":"INFO","node":1,"msg":"Sent consensus vote to node 0"}
{"time":"2026-07-22 15:46:16,000","level":"INFO","node":1,"msg":"Sent consensus vote to node 2"}
{"time":"2026-07-22 15:46:16,026","level":"INFO","node":1,"msg":"Sent consensus vote to node 3"}
{"time":"2026-07-22 15:46:16,135","level":"INFO","node":1,"msg":"[FC2 DELTA NORM] node 1 round=15 — fc2 delta norm this round: 0.1242"}
{"time":"2026-07-22 15:46:16,135","level":"WARNING","node":1,"msg":"ZKP norm violation (clipping applied): slack=-442583, retry=0"}
{"time":"2026-07-22 15:46:22,248","level":"INFO","node":1,"msg":"Forwarded to http://127.0.0.1:8002"}
{"time":"2026-07-22 15:46:32,036","level":"INFO","node":1,"msg":"Prediction agreement with node 2 round=15: A=0.962"}
{"time":"2026-07-22 15:46:32,037","level":"INFO","node":1,"msg":"Consensus vote recorded: node 2 decision=True reason=zkp_ok round=15 new=True satisfied=True"}
{"time":"2026-07-22 15:46:38,131","level":"INFO","node":1,"msg":"Synced weights from master for round 15"}
{"time":"2026-07-22 15:46:38,153","level":"INFO","node":1,"msg":"Sent commit vote to node 3"}
{"time":"2026-07-22 15:46:44,609","level":"INFO","node":1,"msg":"Proposal received: round=16 origin=0 hash=7636841624cc..."}
{"time":"2026-07-22 15:46:44,622","level":"INFO","node":1,"msg":"Consensus vote recorded: node 0 decision=True reason=zkp_ok round=16 new=True satisfied=False"}
{"time":"2026-07-22 15:46:44,645","level":"INFO","node":1,"msg":"Received update from node 0, round 16"}
{"time":"2026-07-22 15:46:54,360","level":"INFO","node":1,"msg":"ZKP ACCEPTED from node 0"}
{"time":"2026-07-22 15:46:54,362","level":"INFO","node":1,"msg":"fc_in col7 delta self-cosine for node 0: -0.0956 (delta_norm=0.2743)"}
{"time":"2026-07-22 15:46:54,362","level":"INFO","node":1,"msg":"Per-class agreement with node 0: class0=0.960 class1=0.954 gap=0.005"}
{"time":"2026-07-22 15:46:54,362","level":"INFO","node":1,"msg":"Per-class rolling gap for node 0: mean=0.050 over last 4 round(s)"}
{"time":"2026-07-22 15:46:54,366","level":"INFO","node":1,"msg":"Trust score for node 0: S=0.821 (Z=1.00 A=0.96 P=0.50 R=1.00) advisory only"}
{"time":"2026-07-22 15:46:54,379","level":"INFO","node":1,"msg":"Sent consensus vote to node 0"}
{"time":"2026-07-22 15:46:54,400","level":"INFO","node":1,"msg":"Sent consensus vote to node 2"}
{"time":"2026-07-22 15:46:54,425","level":"INFO","node":1,"msg":"Sent consensus vote to node 3"}
{"time":"2026-07-22 15:46:54,531","level":"INFO","node":1,"msg":"[FC2 DELTA NORM] node 1 round=16 — fc2 delta norm this round: 0.1368"}
{"time":"2026-07-22 15:47:00,710","level":"INFO","node":1,"msg":"Forwarded to http://127.0.0.1:8002"}
{"time":"2026-07-22 15:47:10,448","level":"INFO","node":1,"msg":"Prediction agreement with node 2 round=16: A=0.941"}
{"time":"2026-07-22 15:47:10,449","level":"INFO","node":1,"msg":"Consensus vote recorded: node 2 decision=True reason=zkp_ok round=16 new=True satisfied=True"}
{"time":"2026-07-22 15:47:26,220","level":"INFO","node":1,"msg":"Prediction agreement with node 3 round=16: A=0.962"}
{"time":"2026-07-22 15:47:26,221","level":"INFO","node":1,"msg":"Consensus vote recorded: node 3 decision=True reason=zkp_ok round=16 new=True satisfied=True"}
{"time":"2026-07-22 15:47:32,355","level":"INFO","node":1,"msg":"Synced weights from master for round 16"}
{"time":"2026-07-22 15:47:32,375","level":"INFO","node":1,"msg":"Sent commit vote to node 0"}
{"time":"2026-07-22 15:47:32,435","level":"INFO","node":1,"msg":"My turn — starting round 18 as proposer."}
{"time":"2026-07-22 15:47:32,436","level":"INFO","node":1,"msg":"Starting round 18"}
{"time":"2026-07-22 15:47:32,600","level":"INFO","node":1,"msg":"[FC2 DELTA NORM] node 1 round=17 — fc2 delta norm this round: 0.1403"}
{"time":"2026-07-22 15:47:32,602","level":"WARNING","node":1,"msg":"ZKP norm violation (clipping applied): slack=-160587, retry=0"}
{"time":"2026-07-22 15:47:38,827","level":"INFO","node":1,"msg":"Sent proposal to node 0"}
{"time":"2026-07-22 15:47:38,846","level":"INFO","node":1,"msg":"Sent proposal to node 2"}
{"time":"2026-07-22 15:47:38,854","level":"INFO","node":1,"msg":"Sent proposal to node 3"}
{"time":"2026-07-22 15:47:38,864","level":"INFO","node":1,"msg":"Sent consensus vote to node 0"}
{"time":"2026-07-22 15:47:38,869","level":"INFO","node":1,"msg":"Sent consensus vote to node 2"}
{"time":"2026-07-22 15:47:38,872","level":"INFO","node":1,"msg":"Sent consensus vote to node 3"}
{"time":"2026-07-22 15:47:38,877","level":"INFO","node":1,"msg":"Forwarded to http://127.0.0.1:8002"}
{"time":"2026-07-22 15:47:48,580","level":"INFO","node":1,"msg":"Consensus vote recorded: node 2 decision=True reason=zkp_ok round=17 new=True satisfied=False"}
{"time":"2026-07-22 15:48:04,392","level":"INFO","node":1,"msg":"Consensus vote recorded: node 3 decision=True reason=zkp_ok round=17 new=True satisfied=True"}
{"time":"2026-07-22 15:48:20,424","level":"INFO","node":1,"msg":"Consensus vote recorded: node 0 decision=True reason=zkp_ok round=17 new=True satisfied=True"}
{"time":"2026-07-22 15:48:26,369","level":"INFO","node":1,"msg":"Received update from node 0, round 17"}
{"time":"2026-07-22 15:48:26,369","level":"INFO","node":1,"msg":"Round 18 complete — aggregating"}
{"time":"2026-07-22 15:48:26,410","level":"WARNING","node":1,"msg":"[BACKDOOR PROBE] Round 18 SUSPICIOUS: feature=1 value=4.0 forces class=1 flip_rate=1.000 jump=0.691 (thresholds: flip>0.7, jump>0.3)"}
{"time":"2026-07-22 15:48:26,429","level":"INFO","node":1,"msg":"Commit vote recorded: node 0 decision=True round=17 satisfied=False"}
{"time":"2026-07-22 15:48:26,431","level":"INFO","node":1,"msg":"Broadcast weights to node 0"}
{"time":"2026-07-22 15:48:26,446","level":"INFO","node":1,"msg":"Commit vote recorded: node 2 decision=True round=17 satisfied=True"}
{"time":"2026-07-22 15:48:26,447","level":"INFO","node":1,"msg":"Round 18 COMMITTED — model hash agreed by [1, 0, 2]"}
{"time":"2026-07-22 15:48:26,448","level":"INFO","node":1,"msg":"Commit certificate saved to C:\Users\mousu\OneDrive\Desktop\Set A\securefedhe\dashboard\certificates\round_17.json"}
{"time":"2026-07-22 15:48:26,450","level":"INFO","node":1,"msg":"Broadcast weights to node 2"}
{"time":"2026-07-22 15:48:26,472","level":"INFO","node":1,"msg":"Commit vote recorded: node 3 decision=True round=17 satisfied=True"}
{"time":"2026-07-22 15:48:26,474","level":"INFO","node":1,"msg":"Broadcast weights to node 3"}
{"time":"2026-07-22 15:48:26,476","level":"INFO","node":1,"msg":"Checkpoint saved to C:\Users\mousu\OneDrive\Desktop\Set A\securefedhe\dashboard\model_latest.pt"}
{"time":"2026-07-22 15:48:26,476","level":"INFO","node":1,"msg":"Round 18 complete | accuracy=0.8455 | duration=54.04s"}
{"time":"2026-07-22 15:48:26,476","level":"INFO","node":1,"msg":"Round 19 belongs to node 2 — waiting for their proposal."}
{"time":"2026-07-22 15:48:26,479","level":"INFO","node":1,"msg":"Notified next proposer to node 2"}
{"time":"2026-07-22 15:48:26,480","level":"INFO","node":1,"msg":"[WATCHDOG SPAWNED] round=18 expected_proposer=2 timeout_s=600 spawned_at=15:48:26"}
{"time":"2026-07-22 15:48:32,725","level":"INFO","node":1,"msg":"Proposal received: round=18 origin=2 hash=7c86bf897268..."}
{"time":"2026-07-22 15:48:32,783","level":"INFO","node":1,"msg":"Consensus vote recorded: node 2 decision=True reason=zkp_ok round=18 new=True satisfied=False"}
{"time":"2026-07-22 15:48:42,572","level":"INFO","node":1,"msg":"Consensus vote recorded: node 3 decision=True reason=zkp_ok round=18 new=True satisfied=False"}
{"time":"2026-07-22 15:48:58,384","level":"INFO","node":1,"msg":"Consensus vote recorded: node 0 decision=True reason=zkp_ok round=18 new=True satisfied=True"}
{"time":"2026-07-22 15:49:04,484","level":"INFO","node":1,"msg":"Received update from node 0, round 18"}
{"time":"2026-07-22 15:49:14,302","level":"INFO","node":1,"msg":"ZKP ACCEPTED from node 0"}
{"time":"2026-07-22 15:49:14,302","level":"INFO","node":1,"msg":"fc_in col7 delta self-cosine for node 2: -0.0362 (delta_norm=0.1765)"}
{"time":"2026-07-22 15:49:14,302","level":"INFO","node":1,"msg":"Per-class agreement with node 2: class0=0.950 class1=0.931 gap=0.019"}
{"time":"2026-07-22 15:49:14,302","level":"INFO","node":1,"msg":"Per-class rolling gap for node 2: mean=0.042 over last 4 round(s)"}
{"time":"2026-07-22 15:49:14,318","level":"INFO","node":1,"msg":"Trust score for node 2: S=0.809 (Z=1.00 A=0.94 P=0.50 R=1.00) advisory only"}
{"time":"2026-07-22 15:49:14,329","level":"INFO","node":1,"msg":"Sent consensus vote to node 0"}
{"time":"2026-07-22 15:49:14,351","level":"INFO","node":1,"msg":"Sent consensus vote to node 2"}
{"time":"2026-07-22 15:49:14,362","level":"INFO","node":1,"msg":"Sent consensus vote to node 3"}
{"time":"2026-07-22 15:49:14,467","level":"INFO","node":1,"msg":"[FC2 DELTA NORM] node 1 round=18 — fc2 delta norm this round: 0.1531"}
{"time":"2026-07-22 15:49:20,677","level":"INFO","node":1,"msg":"Forwarded to http://127.0.0.1:8002"}
{"time":"2026-07-22 15:49:20,754","level":"INFO","node":1,"msg":"Synced weights from master for round 18"}
{"time":"2026-07-22 15:49:20,768","level":"INFO","node":1,"msg":"Sent commit vote to node 2"}
{"time":"2026-07-22 15:49:26,867","level":"INFO","node":1,"msg":"Proposal received: round=19 origin=3 hash=2fb80cc545f9..."}
{"time":"2026-07-22 15:49:26,897","level":"INFO","node":1,"msg":"Consensus vote recorded: node 3 decision=True reason=zkp_ok round=19 new=True satisfied=False"}
{"time":"2026-07-22 15:49:36,532","level":"INFO","node":1,"msg":"Consensus vote recorded: node 0 decision=True reason=zkp_ok round=19 new=True satisfied=False"}
{"time":"2026-07-22 15:49:42,569","level":"INFO","node":1,"msg":"Received update from node 0, round 19"}
{"time":"2026-07-22 15:49:52,333","level":"INFO","node":1,"msg":"ZKP ACCEPTED from node 0"}
{"time":"2026-07-22 15:49:52,333","level":"INFO","node":1,"msg":"fc_in col7 delta self-cosine for node 3: -0.0637 (delta_norm=0.1868)"}
{"time":"2026-07-22 15:49:52,333","level":"INFO","node":1,"msg":"Per-class agreement with node 3: class0=0.982 class1=0.958 gap=0.024"}
{"time":"2026-07-22 15:49:52,333","level":"INFO","node":1,"msg":"Per-class rolling gap for node 3: mean=0.027 over last 4 round(s)"}
{"time":"2026-07-22 15:49:52,345","level":"INFO","node":1,"msg":"Trust score for node 3: S=0.850 (Z=1.00 A=0.97 P=0.55 R=1.00) advisory only"}
{"time":"2026-07-22 15:49:52,355","level":"INFO","node":1,"msg":"Sent consensus vote to node 0"}
{"time":"2026-07-22 15:49:52,379","level":"INFO","node":1,"msg":"Sent consensus vote to node 2"}
{"time":"2026-07-22 15:49:52,407","level":"INFO","node":1,"msg":"Sent consensus vote to node 3"}
{"time":"2026-07-22 15:49:52,511","level":"INFO","node":1,"msg":"[FC2 DELTA NORM] node 1 round=19 — fc2 delta norm this round: 0.1404"}
{"time":"2026-07-22 15:49:52,511","level":"WARNING","node":1,"msg":"ZKP norm violation (clipping applied): slack=-252053, retry=0"}
{"time":"2026-07-22 15:49:58,631","level":"INFO","node":1,"msg":"Forwarded to http://127.0.0.1:8002"}
{"time":"2026-07-22 15:50:08,250","level":"INFO","node":1,"msg":"Prediction agreement with node 2 round=19: A=0.949"}
{"time":"2026-07-22 15:50:08,250","level":"INFO","node":1,"msg":"Consensus vote recorded: node 2 decision=True reason=zkp_ok round=19 new=True satisfied=True"}
{"time":"2026-07-22 15:50:14,358","level":"INFO","node":1,"msg":"Synced weights from master for round 19"}
{"time":"2026-07-22 15:50:14,360","level":"INFO","node":1,"msg":"Training complete after 20 rounds"}
{"time":"2026-07-22 15:50:14,379","level":"INFO","node":1,"msg":"Sent commit vote to node 3"}
{"time":"2026-07-22 15:51:12,535","level":"INFO","node":1,"msg":"Watchdog fired but training already complete — ignoring, not excluding node 2."}
{"time":"2026-07-22 15:54:49,989","level":"INFO","node":1,"msg":"Watchdog fired but training already complete — ignoring, not excluding node 2."}
{"time":"2026-07-22 16:11:41,900","level":"INFO","node":1,"msg":"Starting node 1: Suburban Medical Clinic"}
{"time":"2026-07-22 16:11:41,900","level":"INFO","node":1,"msg":"[CONFIG DEBUG] attack_simulation loaded: enabled=True target_node=2 type=backdoor config_path=config_dev.json"}
{"time":"2026-07-22 16:11:42,010","level":"WARNING","node":1,"msg":"DEV MODE: running without TLS"}
{"time":"2026-07-22 16:11:42,012","level":"INFO","node":1,"msg":"Listening on 127.0.0.1:8001 | TLS=False"}
{"time":"2026-07-22 16:11:47,035","level":"INFO","node":1,"msg":"Sent public key to node 0"}
{"time":"2026-07-22 16:11:47,035","level":"INFO","node":1,"msg":"Sent consensus pubkey to node 0"}
{"time":"2026-07-22 16:11:47,035","level":"INFO","node":1,"msg":"Sent public key to node 2"}
{"time":"2026-07-22 16:11:47,043","level":"INFO","node":1,"msg":"Sent consensus pubkey to node 2"}
{"time":"2026-07-22 16:11:47,559","level":"INFO","node":1,"msg":"Sent consensus pubkey to node 3"}
{"time":"2026-07-22 16:11:47,563","level":"INFO","node":1,"msg":"Sent public key to node 3"}
{"time":"2026-07-22 16:11:50,415","level":"INFO","node":1,"msg":"Key exchange complete with node 2"}
{"time":"2026-07-22 16:11:50,420","level":"INFO","node":1,"msg":"Consensus pubkey received from node 2"}
{"time":"2026-07-22 16:11:52,420","level":"INFO","node":1,"msg":"Key exchange complete with node 3"}
{"time":"2026-07-22 16:11:52,420","level":"INFO","node":1,"msg":"Consensus pubkey received from node 3"}
{"time":"2026-07-22 16:11:58,079","level":"INFO","node":1,"msg":"Key exchange complete with node 0"}
{"time":"2026-07-22 16:11:58,116","level":"INFO","node":1,"msg":"Consensus pubkey received from node 0"}
{"time":"2026-07-22 16:12:05,317","level":"INFO","node":1,"msg":"Proposal received: round=0 origin=0 hash=ccb282068516..."}
{"time":"2026-07-22 16:12:05,342","level":"INFO","node":1,"msg":"Consensus vote recorded: node 0 decision=True reason=zkp_ok round=0 new=True satisfied=False"}
{"time":"2026-07-22 16:12:05,369","level":"INFO","node":1,"msg":"Received update from node 0, round 0"}
{"time":"2026-07-22 16:12:15,002","level":"INFO","node":1,"msg":"ZKP ACCEPTED from node 0"}
{"time":"2026-07-22 16:12:15,023","level":"INFO","node":1,"msg":"Trust score for node 0: S=0.429 (Z=1.00 A=0.50 P=0.50 R=1.00) advisory only"}
{"time":"2026-07-22 16:12:15,033","level":"INFO","node":1,"msg":"Sent consensus vote to node 0"}
{"time":"2026-07-22 16:12:15,052","level":"INFO","node":1,"msg":"Sent consensus vote to node 2"}
{"time":"2026-07-22 16:12:15,058","level":"INFO","node":1,"msg":"Sent consensus vote to node 3"}
{"time":"2026-07-22 16:12:16,267","level":"INFO","node":1,"msg":"[FC2 DELTA NORM] node 1 round=0 — fc2 delta norm this round: 0.2036"}
{"time":"2026-07-22 16:12:16,281","level":"WARNING","node":1,"msg":"ZKP norm violation (clipping applied): slack=-568564, retry=0"}
{"time":"2026-07-22 16:12:22,219","level":"INFO","node":1,"msg":"Forwarded to http://127.0.0.1:8002"}
{"time":"2026-07-22 16:12:31,968","level":"INFO","node":1,"msg":"Prediction agreement with node 2 round=0: A=0.453"}
{"time":"2026-07-22 16:12:31,968","level":"INFO","node":1,"msg":"Consensus vote recorded: node 2 decision=True reason=zkp_ok round=0 new=True satisfied=True"}
{"time":"2026-07-22 16:12:49,058","level":"INFO","node":1,"msg":"Prediction agreement with node 3 round=0: A=0.652"}
{"time":"2026-07-22 16:12:49,058","level":"INFO","node":1,"msg":"Consensus vote recorded: node 3 decision=True reason=zkp_ok round=0 new=True satisfied=True"}
{"time":"2026-07-22 16:12:56,360","level":"INFO","node":1,"msg":"Synced weights from master for round 0"}
{"time":"2026-07-22 16:12:56,384","level":"INFO","node":1,"msg":"Sent commit vote to node 0"}
{"time":"2026-07-22 16:12:56,456","level":"INFO","node":1,"msg":"My turn — starting round 2 as proposer."}
{"time":"2026-07-22 16:12:56,460","level":"INFO","node":1,"msg":"Starting round 2"}
{"time":"2026-07-22 16:12:56,590","level":"INFO","node":1,"msg":"[FC2 DELTA NORM] node 1 round=1 — fc2 delta norm this round: 0.3336"}
{"time":"2026-07-22 16:13:02,746","level":"INFO","node":1,"msg":"Sent proposal to node 0"}
{"time":"2026-07-22 16:13:02,746","level":"INFO","node":1,"msg":"Sent proposal to node 2"}
{"time":"2026-07-22 16:13:02,761","level":"INFO","node":1,"msg":"Sent proposal to node 3"}
{"time":"2026-07-22 16:13:02,767","level":"INFO","node":1,"msg":"Sent consensus vote to node 0"}
{"time":"2026-07-22 16:13:02,770","level":"INFO","node":1,"msg":"Sent consensus vote to node 2"}
{"time":"2026-07-22 16:13:02,773","level":"INFO","node":1,"msg":"Sent consensus vote to node 3"}
{"time":"2026-07-22 16:13:02,776","level":"INFO","node":1,"msg":"Forwarded to http://127.0.0.1:8002"}
{"time":"2026-07-22 16:13:15,760","level":"INFO","node":1,"msg":"Consensus vote recorded: node 2 decision=True reason=zkp_ok round=1 new=True satisfied=False"}
{"time":"2026-07-22 16:14:09,355","level":"INFO","node":1,"msg":"Consensus vote recorded: node 3 decision=True reason=zkp_ok round=1 new=True satisfied=True"}
{"time":"2026-07-22 16:15:02,162","level":"INFO","node":1,"msg":"Consensus vote recorded: node 0 decision=True reason=zkp_ok round=1 new=True satisfied=True"}
{"time":"2026-07-22 16:15:23,461","level":"INFO","node":1,"msg":"Received update from node 0, round 1"}
{"time":"2026-07-22 16:15:23,461","level":"INFO","node":1,"msg":"Round 2 complete — aggregating"}
{"time":"2026-07-22 16:15:23,489","level":"INFO","node":1,"msg":"Round 2 accuracy gate skipped (warm-up period, candidate_acc=0.6818)"}
{"time":"2026-07-22 16:15:23,537","level":"INFO","node":1,"msg":"Commit vote recorded: node 0 decision=True round=1 satisfied=False"}
{"time":"2026-07-22 16:15:23,537","level":"INFO","node":1,"msg":"Broadcast weights to node 0"}
{"time":"2026-07-22 16:15:23,574","level":"INFO","node":1,"msg":"Commit vote recorded: node 2 decision=True round=1 satisfied=True"}
{"time":"2026-07-22 16:15:23,574","level":"INFO","node":1,"msg":"Round 2 COMMITTED — model hash agreed by [1, 0, 2]"}
{"time":"2026-07-22 16:15:23,574","level":"INFO","node":1,"msg":"Commit certificate saved to C:\Users\mousu\OneDrive\Desktop\Set A\securefedhe\dashboard\certificates\round_1.json"}
{"time":"2026-07-22 16:15:23,585","level":"INFO","node":1,"msg":"Broadcast weights to node 2"}
{"time":"2026-07-22 16:15:23,622","level":"INFO","node":1,"msg":"Commit vote recorded: node 3 decision=True round=1 satisfied=True"}
{"time":"2026-07-22 16:15:23,622","level":"INFO","node":1,"msg":"Broadcast weights to node 3"}
{"time":"2026-07-22 16:15:23,640","level":"INFO","node":1,"msg":"Checkpoint saved to C:\Users\mousu\OneDrive\Desktop\Set A\securefedhe\dashboard\model_latest.pt"}
{"time":"2026-07-22 16:15:23,640","level":"INFO","node":1,"msg":"Round 2 complete | accuracy=0.6818 | duration=147.18s"}
{"time":"2026-07-22 16:15:23,640","level":"INFO","node":1,"msg":"Round 3 belongs to node 2 — waiting for their proposal."}
{"time":"2026-07-22 16:15:23,656","level":"INFO","node":1,"msg":"Notified next proposer to node 2"}
{"time":"2026-07-22 16:15:23,661","level":"INFO","node":1,"msg":"[WATCHDOG SPAWNED] round=2 expected_proposer=2 timeout_s=600 spawned_at=16:15:23"}
{"time":"2026-07-22 16:15:44,903","level":"INFO","node":1,"msg":"Proposal received: round=2 origin=2 hash=223ab5ec336a..."}
{"time":"2026-07-22 16:15:44,945","level":"INFO","node":1,"msg":"Consensus vote recorded: node 2 decision=True reason=zkp_ok round=2 new=True satisfied=False"}
{"time":"2026-07-22 16:16:16,611","level":"INFO","node":1,"msg":"Consensus vote recorded: node 3 decision=True reason=zkp_ok round=2 new=True satisfied=False"}
{"time":"2026-07-22 16:17:09,081","level":"INFO","node":1,"msg":"Consensus vote recorded: node 0 decision=True reason=zkp_ok round=2 new=True satisfied=True"}
{"time":"2026-07-22 16:17:30,386","level":"INFO","node":1,"msg":"Received update from node 0, round 2"}
{"time":"2026-07-22 16:18:01,053","level":"INFO","node":1,"msg":"ZKP ACCEPTED from node 0"}
{"time":"2026-07-22 16:18:01,072","level":"INFO","node":1,"msg":"Trust score for node 2: S=0.434 (Z=1.00 A=0.50 P=0.54 R=1.00) advisory only"}
{"time":"2026-07-22 16:18:01,094","level":"INFO","node":1,"msg":"Sent consensus vote to node 0"}
{"time":"2026-07-22 16:18:01,119","level":"INFO","node":1,"msg":"Sent consensus vote to node 2"}
{"time":"2026-07-22 16:18:01,144","level":"INFO","node":1,"msg":"Sent consensus vote to node 3"}
{"time":"2026-07-22 16:18:01,253","level":"INFO","node":1,"msg":"[FC2 DELTA NORM] node 1 round=2 — fc2 delta norm this round: 0.2528"}
{"time":"2026-07-22 16:18:07,295","level":"INFO","node":1,"msg":"Forwarded to http://127.0.0.1:8002"}
{"time":"2026-07-22 16:18:07,368","level":"INFO","node":1,"msg":"Synced weights from master for round 2"}
{"time":"2026-07-22 16:18:07,384","level":"INFO","node":1,"msg":"Sent commit vote to node 2"}
{"time":"2026-07-22 16:18:13,955","level":"INFO","node":1,"msg":"Proposal received: round=3 origin=3 hash=d9ecefdf90e7..."}
{"time":"2026-07-22 16:18:13,995","level":"INFO","node":1,"msg":"Consensus vote recorded: node 3 decision=True reason=zkp_ok round=3 new=True satisfied=False"}
{"time":"2026-07-22 16:18:23,690","level":"INFO","node":1,"msg":"Consensus vote recorded: node 0 decision=True reason=zkp_ok round=3 new=True satisfied=False"}
{"time":"2026-07-22 16:18:29,854","level":"INFO","node":1,"msg":"Received update from node 0, round 3"}
{"time":"2026-07-22 16:18:39,549","level":"INFO","node":1,"msg":"ZKP ACCEPTED from node 0"}
{"time":"2026-07-22 16:18:39,555","level":"INFO","node":1,"msg":"Trust score for node 3: S=0.439 (Z=1.00 A=0.50 P=0.57 R=1.00) advisory only"}
{"time":"2026-07-22 16:18:39,578","level":"INFO","node":1,"msg":"Sent consensus vote to node 0"}
{"time":"2026-07-22 16:18:39,585","level":"INFO","node":1,"msg":"Sent consensus vote to node 2"}
{"time":"2026-07-22 16:18:39,610","level":"INFO","node":1,"msg":"Sent consensus vote to node 3"}
{"time":"2026-07-22 16:18:39,717","level":"INFO","node":1,"msg":"[FC2 DELTA NORM] node 1 round=3 — fc2 delta norm this round: 0.2038"}
{"time":"2026-07-22 16:18:45,765","level":"INFO","node":1,"msg":"Forwarded to http://127.0.0.1:8002"}
{"time":"2026-07-22 16:18:55,624","level":"INFO","node":1,"msg":"Prediction agreement with node 2 round=3: A=0.958"}
{"time":"2026-07-22 16:18:55,624","level":"INFO","node":1,"msg":"Consensus vote recorded: node 2 decision=True reason=zkp_ok round=3 new=True satisfied=True"}
{"time":"2026-07-22 16:19:01,874","level":"INFO","node":1,"msg":"Synced weights from master for round 3"}
{"time":"2026-07-22 16:19:01,889","level":"INFO","node":1,"msg":"Sent commit vote to node 3"}
{"time":"2026-07-22 16:19:07,984","level":"INFO","node":1,"msg":"Proposal received: round=4 origin=0 hash=a1b32ea084a0..."}
{"time":"2026-07-22 16:19:08,031","level":"INFO","node":1,"msg":"Consensus vote recorded: node 0 decision=True reason=zkp_ok round=4 new=True satisfied=False"}
{"time":"2026-07-22 16:19:08,049","level":"INFO","node":1,"msg":"Received update from node 0, round 4"}
{"time":"2026-07-22 16:19:17,756","level":"INFO","node":1,"msg":"ZKP ACCEPTED from node 0"}
{"time":"2026-07-22 16:19:17,776","level":"INFO","node":1,"msg":"Per-class agreement with node 0: class0=0.440 class1=0.503 gap=0.063"}
{"time":"2026-07-22 16:19:17,776","level":"INFO","node":1,"msg":"Per-class rolling gap for node 0: mean=0.063 over last 1 round(s)"}
{"time":"2026-07-22 16:19:17,778","level":"INFO","node":1,"msg":"Trust score for node 0: S=0.409 (Z=1.00 A=0.46 P=0.61 R=1.00) advisory only"}
{"time":"2026-07-22 16:19:17,788","level":"INFO","node":1,"msg":"Sent consensus vote to node 0"}
{"time":"2026-07-22 16:19:17,811","level":"INFO","node":1,"msg":"Sent consensus vote to node 2"}
{"time":"2026-07-22 16:19:17,836","level":"INFO","node":1,"msg":"Sent consensus vote to node 3"}
{"time":"2026-07-22 16:19:17,941","level":"INFO","node":1,"msg":"[FC2 DELTA NORM] node 1 round=4 — fc2 delta norm this round: 0.1653"}
{"time":"2026-07-22 16:19:17,943","level":"WARNING","node":1,"msg":"ZKP norm violation (clipping applied): slack=-595247, retry=0"}
{"time":"2026-07-22 16:19:23,953","level":"INFO","node":1,"msg":"Forwarded to http://127.0.0.1:8002"}
{"time":"2026-07-22 16:19:33,776","level":"INFO","node":1,"msg":"Prediction agreement with node 2 round=4: A=0.929"}
{"time":"2026-07-22 16:19:33,777","level":"INFO","node":1,"msg":"Consensus vote recorded: node 2 decision=True reason=zkp_ok round=4 new=True satisfied=True"}
{"time":"2026-07-22 16:19:49,617","level":"INFO","node":1,"msg":"Prediction agreement with node 3 round=4: A=0.960"}
{"time":"2026-07-22 16:19:49,617","level":"INFO","node":1,"msg":"Consensus vote recorded: node 3 decision=True reason=zkp_ok round=4 new=True satisfied=True"}
{"time":"2026-07-22 16:19:55,642","level":"INFO","node":1,"msg":"Synced weights from master for round 4"}
{"time":"2026-07-22 16:19:55,661","level":"INFO","node":1,"msg":"Sent commit vote to node 0"}
{"time":"2026-07-22 16:19:55,724","level":"INFO","node":1,"msg":"My turn — starting round 6 as proposer."}
{"time":"2026-07-22 16:19:55,725","level":"INFO","node":1,"msg":"Starting round 6"}
{"time":"2026-07-22 16:19:55,876","level":"INFO","node":1,"msg":"[FC2 DELTA NORM] node 1 round=5 — fc2 delta norm this round: 0.1664"}
{"time":"2026-07-22 16:20:02,054","level":"INFO","node":1,"msg":"Sent proposal to node 0"}
{"time":"2026-07-22 16:20:02,058","level":"INFO","node":1,"msg":"Sent proposal to node 2"}
{"time":"2026-07-22 16:20:02,071","level":"INFO","node":1,"msg":"Sent proposal to node 3"}
{"time":"2026-07-22 16:20:02,080","level":"INFO","node":1,"msg":"Sent consensus vote to node 0"}
{"time":"2026-07-22 16:20:02,083","level":"INFO","node":1,"msg":"Sent consensus vote to node 2"}
{"time":"2026-07-22 16:20:02,087","level":"INFO","node":1,"msg":"Sent consensus vote to node 3"}
{"time":"2026-07-22 16:20:02,091","level":"INFO","node":1,"msg":"Forwarded to http://127.0.0.1:8002"}
{"time":"2026-07-22 16:20:11,954","level":"INFO","node":1,"msg":"Consensus vote recorded: node 2 decision=True reason=zkp_ok round=5 new=True satisfied=False"}
{"time":"2026-07-22 16:20:27,939","level":"INFO","node":1,"msg":"Consensus vote recorded: node 3 decision=True reason=zkp_ok round=5 new=True satisfied=True"}
{"time":"2026-07-22 16:20:43,791","level":"INFO","node":1,"msg":"Consensus vote recorded: node 0 decision=True reason=zkp_ok round=5 new=True satisfied=True"}
{"time":"2026-07-22 16:20:49,950","level":"INFO","node":1,"msg":"Received update from node 0, round 5"}
{"time":"2026-07-22 16:20:49,950","level":"INFO","node":1,"msg":"Round 6 complete — aggregating"}
{"time":"2026-07-22 16:20:49,979","level":"WARNING","node":1,"msg":"[BACKDOOR PROBE] Round 6 SUSPICIOUS: feature=1 value=8.0 forces class=1 flip_rate=0.933 jump=0.806 (thresholds: flip>0.7, jump>0.3)"}
{"time":"2026-07-22 16:20:49,995","level":"INFO","node":1,"msg":"Commit vote recorded: node 0 decision=True round=5 satisfied=False"}
{"time":"2026-07-22 16:20:49,997","level":"INFO","node":1,"msg":"Broadcast weights to node 0"}
{"time":"2026-07-22 16:20:50,028","level":"INFO","node":1,"msg":"Commit vote recorded: node 2 decision=True round=5 satisfied=True"}
{"time":"2026-07-22 16:20:50,029","level":"INFO","node":1,"msg":"Round 6 COMMITTED — model hash agreed by [1, 0, 2]"}
{"time":"2026-07-22 16:20:50,030","level":"INFO","node":1,"msg":"Commit certificate saved to C:\Users\mousu\OneDrive\Desktop\Set A\securefedhe\dashboard\certificates\round_5.json"}
{"time":"2026-07-22 16:20:50,032","level":"INFO","node":1,"msg":"Broadcast weights to node 2"}
{"time":"2026-07-22 16:20:50,056","level":"INFO","node":1,"msg":"Commit vote recorded: node 3 decision=True round=5 satisfied=True"}
{"time":"2026-07-22 16:20:50,058","level":"INFO","node":1,"msg":"Broadcast weights to node 3"}
{"time":"2026-07-22 16:20:50,060","level":"INFO","node":1,"msg":"Checkpoint saved to C:\Users\mousu\OneDrive\Desktop\Set A\securefedhe\dashboard\model_latest.pt"}
{"time":"2026-07-22 16:20:50,060","level":"INFO","node":1,"msg":"Round 6 complete | accuracy=0.7727 | duration=54.34s"}
{"time":"2026-07-22 16:20:50,060","level":"INFO","node":1,"msg":"Round 7 belongs to node 2 — waiting for their proposal."}
{"time":"2026-07-22 16:20:50,064","level":"INFO","node":1,"msg":"Notified next proposer to node 2"}
{"time":"2026-07-22 16:20:50,064","level":"INFO","node":1,"msg":"[WATCHDOG SPAWNED] round=6 expected_proposer=2 timeout_s=600 spawned_at=16:20:50"}
{"time":"2026-07-22 16:20:56,337","level":"INFO","node":1,"msg":"Proposal received: round=6 origin=2 hash=353b1de75da7..."}
{"time":"2026-07-22 16:20:56,360","level":"INFO","node":1,"msg":"Consensus vote recorded: node 2 decision=True reason=zkp_ok round=6 new=True satisfied=False"}
{"time":"2026-07-22 16:21:06,240","level":"INFO","node":1,"msg":"Consensus vote recorded: node 3 decision=True reason=zkp_ok round=6 new=True satisfied=False"}
{"time":"2026-07-22 16:21:21,929","level":"INFO","node":1,"msg":"Consensus vote recorded: node 0 decision=True reason=zkp_ok round=6 new=True satisfied=True"}
{"time":"2026-07-22 16:21:27,999","level":"INFO","node":1,"msg":"Received update from node 0, round 6"}
{"time":"2026-07-22 16:21:37,618","level":"INFO","node":1,"msg":"ZKP ACCEPTED from node 0"}
{"time":"2026-07-22 16:21:37,634","level":"INFO","node":1,"msg":"Per-class agreement with node 2: class0=0.804 class1=0.937 gap=0.133"}
{"time":"2026-07-22 16:21:37,634","level":"INFO","node":1,"msg":"Per-class rolling gap for node 2: mean=0.133 over last 1 round(s)"}
{"time":"2026-07-22 16:21:37,634","level":"INFO","node":1,"msg":"Trust score for node 2: S=0.734 (Z=1.00 A=0.85 P=0.54 R=1.00) advisory only"}
{"time":"2026-07-22 16:21:37,676","level":"INFO","node":1,"msg":"Sent consensus vote to node 0"}
{"time":"2026-07-22 16:21:37,693","level":"INFO","node":1,"msg":"Sent consensus vote to node 2"}
{"time":"2026-07-22 16:21:37,712","level":"INFO","node":1,"msg":"Sent consensus vote to node 3"}
{"time":"2026-07-22 16:21:37,819","level":"INFO","node":1,"msg":"[FC2 DELTA NORM] node 1 round=6 — fc2 delta norm this round: 0.1344"}
{"time":"2026-07-22 16:21:43,901","level":"INFO","node":1,"msg":"Forwarded to http://127.0.0.1:8002"}
{"time":"2026-07-22 16:21:43,998","level":"INFO","node":1,"msg":"Synced weights from master for round 6"}
{"time":"2026-07-22 16:21:44,005","level":"INFO","node":1,"msg":"Sent commit vote to node 2"}
{"time":"2026-07-22 16:21:50,293","level":"INFO","node":1,"msg":"Proposal received: round=7 origin=3 hash=8574bea7dc21..."}
{"time":"2026-07-22 16:21:50,330","level":"INFO","node":1,"msg":"Consensus vote recorded: node 3 decision=True reason=zkp_ok round=7 new=True satisfied=False"}
{"time":"2026-07-22 16:22:00,068","level":"INFO","node":1,"msg":"Consensus vote recorded: node 0 decision=True reason=zkp_ok round=7 new=True satisfied=False"}
{"time":"2026-07-22 16:22:06,348","level":"INFO","node":1,"msg":"Received update from node 0, round 7"}
{"time":"2026-07-22 16:22:16,002","level":"INFO","node":1,"msg":"ZKP ACCEPTED from node 0"}
{"time":"2026-07-22 16:22:16,018","level":"INFO","node":1,"msg":"Per-class agreement with node 3: class0=0.886 class1=0.932 gap=0.046"}
{"time":"2026-07-22 16:22:16,018","level":"INFO","node":1,"msg":"Per-class rolling gap for node 3: mean=0.046 over last 1 round(s)"}
{"time":"2026-07-22 16:22:16,018","level":"INFO","node":1,"msg":"Trust score for node 3: S=0.795 (Z=1.00 A=0.90 P=0.59 R=1.00) advisory only"}
{"time":"2026-07-22 16:22:16,029","level":"INFO","node":1,"msg":"Sent consensus vote to node 0"}
{"time":"2026-07-22 16:22:16,039","level":"INFO","node":1,"msg":"Sent consensus vote to node 2"}
{"time":"2026-07-22 16:22:16,052","level":"INFO","node":1,"msg":"Sent consensus vote to node 3"}
{"time":"2026-07-22 16:22:16,168","level":"INFO","node":1,"msg":"[FC2 DELTA NORM] node 1 round=7 — fc2 delta norm this round: 0.1573"}
{"time":"2026-07-22 16:22:16,170","level":"WARNING","node":1,"msg":"ZKP norm violation (clipping applied): slack=-82391, retry=0"}
{"time":"2026-07-22 16:22:22,243","level":"INFO","node":1,"msg":"Forwarded to http://127.0.0.1:8002"}
{"time":"2026-07-22 16:22:31,962","level":"INFO","node":1,"msg":"Prediction agreement with node 2 round=7: A=0.946"}
{"time":"2026-07-22 16:22:31,963","level":"INFO","node":1,"msg":"Consensus vote recorded: node 2 decision=True reason=zkp_ok round=7 new=True satisfied=True"}
{"time":"2026-07-22 16:22:38,269","level":"INFO","node":1,"msg":"Synced weights from master for round 7"}
{"time":"2026-07-22 16:22:38,302","level":"INFO","node":1,"msg":"Sent commit vote to node 3"}
{"time":"2026-07-22 16:22:44,525","level":"INFO","node":1,"msg":"Proposal received: round=8 origin=0 hash=96c98168f455..."}
{"time":"2026-07-22 16:22:44,543","level":"INFO","node":1,"msg":"Consensus vote recorded: node 0 decision=True reason=zkp_ok round=8 new=True satisfied=False"}
{"time":"2026-07-22 16:22:44,567","level":"INFO","node":1,"msg":"Received update from node 0, round 8"}
{"time":"2026-07-22 16:22:54,339","level":"INFO","node":1,"msg":"ZKP ACCEPTED from node 0"}
{"time":"2026-07-22 16:22:54,339","level":"INFO","node":1,"msg":"fc_in col7 delta self-cosine for node 0: -0.0089 (delta_norm=0.2366)"}
{"time":"2026-07-22 16:22:54,341","level":"INFO","node":1,"msg":"Per-class agreement with node 0: class0=0.935 class1=0.924 gap=0.012"}
{"time":"2026-07-22 16:22:54,341","level":"INFO","node":1,"msg":"Per-class rolling gap for node 0: mean=0.037 over last 2 round(s)"}
{"time":"2026-07-22 16:22:54,345","level":"INFO","node":1,"msg":"Trust score for node 0: S=0.818 (Z=1.00 A=0.93 P=0.57 R=1.00) advisory only"}
{"time":"2026-07-22 16:22:54,359","level":"INFO","node":1,"msg":"Sent consensus vote to node 0"}
{"time":"2026-07-22 16:22:54,373","level":"INFO","node":1,"msg":"Sent consensus vote to node 2"}
{"time":"2026-07-22 16:22:54,389","level":"INFO","node":1,"msg":"Sent consensus vote to node 3"}
{"time":"2026-07-22 16:22:54,507","level":"INFO","node":1,"msg":"[FC2 DELTA NORM] node 1 round=8 — fc2 delta norm this round: 0.1758"}
{"time":"2026-07-22 16:23:00,517","level":"INFO","node":1,"msg":"Forwarded to http://127.0.0.1:8002"}
{"time":"2026-07-22 16:23:10,387","level":"INFO","node":1,"msg":"Prediction agreement with node 2 round=8: A=0.931"}
{"time":"2026-07-22 16:23:10,387","level":"INFO","node":1,"msg":"Consensus vote recorded: node 2 decision=True reason=zkp_ok round=8 new=True satisfied=True"}
{"time":"2026-07-22 16:23:26,466","level":"INFO","node":1,"msg":"Prediction agreement with node 3 round=8: A=0.964"}
{"time":"2026-07-22 16:23:26,467","level":"INFO","node":1,"msg":"Consensus vote recorded: node 3 decision=True reason=zkp_ok round=8 new=True satisfied=True"}
{"time":"2026-07-22 16:23:32,691","level":"INFO","node":1,"msg":"Synced weights from master for round 8"}
{"time":"2026-07-22 16:23:32,713","level":"INFO","node":1,"msg":"Sent commit vote to node 0"}
{"time":"2026-07-22 16:23:32,790","level":"INFO","node":1,"msg":"My turn — starting round 10 as proposer."}
{"time":"2026-07-22 16:23:32,791","level":"INFO","node":1,"msg":"Starting round 10"}
{"time":"2026-07-22 16:23:32,925","level":"INFO","node":1,"msg":"[FC2 DELTA NORM] node 1 round=9 — fc2 delta norm this round: 0.1571"}
{"time":"2026-07-22 16:23:32,926","level":"WARNING","node":1,"msg":"ZKP norm violation (clipping applied): slack=-197610, retry=0"}
{"time":"2026-07-22 16:23:39,080","level":"INFO","node":1,"msg":"Sent proposal to node 0"}
{"time":"2026-07-22 16:23:39,080","level":"INFO","node":1,"msg":"Sent proposal to node 2"}
{"time":"2026-07-22 16:23:39,080","level":"INFO","node":1,"msg":"Sent proposal to node 3"}
{"time":"2026-07-22 16:23:39,104","level":"INFO","node":1,"msg":"Sent consensus vote to node 0"}
{"time":"2026-07-22 16:23:39,109","level":"INFO","node":1,"msg":"Sent consensus vote to node 2"}
{"time":"2026-07-22 16:23:39,113","level":"INFO","node":1,"msg":"Sent consensus vote to node 3"}
{"time":"2026-07-22 16:23:39,122","level":"INFO","node":1,"msg":"Forwarded to http://127.0.0.1:8002"}
{"time":"2026-07-22 16:23:48,986","level":"INFO","node":1,"msg":"Consensus vote recorded: node 2 decision=True reason=zkp_ok round=9 new=True satisfied=False"}
{"time":"2026-07-22 16:24:04,986","level":"INFO","node":1,"msg":"Consensus vote recorded: node 3 decision=True reason=zkp_ok round=9 new=True satisfied=True"}
{"time":"2026-07-22 16:24:20,827","level":"INFO","node":1,"msg":"Consensus vote recorded: node 0 decision=True reason=zkp_ok round=9 new=True satisfied=True"}
{"time":"2026-07-22 16:24:27,056","level":"INFO","node":1,"msg":"Received update from node 0, round 9"}
{"time":"2026-07-22 16:24:27,056","level":"INFO","node":1,"msg":"Round 10 complete — aggregating"}
{"time":"2026-07-22 16:24:27,085","level":"WARNING","node":1,"msg":"[BACKDOOR PROBE] Round 10 SUSPICIOUS: feature=5 value=7.0 forces class=1 flip_rate=1.000 jump=0.773 (thresholds: flip>0.7, jump>0.3)"}
{"time":"2026-07-22 16:24:27,101","level":"INFO","node":1,"msg":"Commit vote recorded: node 0 decision=True round=9 satisfied=False"}
{"time":"2026-07-22 16:24:27,103","level":"INFO","node":1,"msg":"Broadcast weights to node 0"}
{"time":"2026-07-22 16:24:27,144","level":"INFO","node":1,"msg":"Commit vote recorded: node 2 decision=True round=9 satisfied=True"}
{"time":"2026-07-22 16:24:27,145","level":"INFO","node":1,"msg":"Round 10 COMMITTED — model hash agreed by [1, 0, 2]"}
{"time":"2026-07-22 16:24:27,146","level":"INFO","node":1,"msg":"Commit certificate saved to C:\Users\mousu\OneDrive\Desktop\Set A\securefedhe\dashboard\certificates\round_9.json"}
{"time":"2026-07-22 16:24:27,146","level":"INFO","node":1,"msg":"Broadcast weights to node 2"}
{"time":"2026-07-22 16:24:27,174","level":"INFO","node":1,"msg":"Commit vote recorded: node 3 decision=True round=9 satisfied=True"}
{"time":"2026-07-22 16:24:27,176","level":"INFO","node":1,"msg":"Broadcast weights to node 3"}
{"time":"2026-07-22 16:24:27,179","level":"INFO","node":1,"msg":"Checkpoint saved to C:\Users\mousu\OneDrive\Desktop\Set A\securefedhe\dashboard\model_latest.pt"}
{"time":"2026-07-22 16:24:27,179","level":"INFO","node":1,"msg":"Round 10 complete | accuracy=0.8182 | duration=54.39s"}
{"time":"2026-07-22 16:24:27,179","level":"INFO","node":1,"msg":"Round 11 belongs to node 2 — waiting for their proposal."}
{"time":"2026-07-22 16:24:27,183","level":"INFO","node":1,"msg":"Notified next proposer to node 2"}
{"time":"2026-07-22 16:24:27,183","level":"INFO","node":1,"msg":"[WATCHDOG SPAWNED] round=10 expected_proposer=2 timeout_s=600 spawned_at=16:24:27"}
{"time":"2026-07-22 16:24:33,536","level":"INFO","node":1,"msg":"Proposal received: round=10 origin=2 hash=31b553a257f5..."}
{"time":"2026-07-22 16:24:33,558","level":"INFO","node":1,"msg":"Consensus vote recorded: node 2 decision=True reason=zkp_ok round=10 new=True satisfied=False"}
{"time":"2026-07-22 16:24:43,338","level":"INFO","node":1,"msg":"Consensus vote recorded: node 3 decision=True reason=zkp_ok round=10 new=True satisfied=False"}
{"time":"2026-07-22 16:24:59,273","level":"INFO","node":1,"msg":"Consensus vote recorded: node 0 decision=True reason=zkp_ok round=10 new=True satisfied=True"}
{"time":"2026-07-22 16:25:05,360","level":"INFO","node":1,"msg":"Received update from node 0, round 10"}
{"time":"2026-07-22 16:25:15,053","level":"INFO","node":1,"msg":"ZKP ACCEPTED from node 0"}
{"time":"2026-07-22 16:25:15,053","level":"INFO","node":1,"msg":"fc_in col7 delta self-cosine for node 2: 0.2399 (delta_norm=0.1903)"}
{"time":"2026-07-22 16:25:15,053","level":"INFO","node":1,"msg":"Per-class agreement with node 2: class0=0.965 class1=0.928 gap=0.037"}
{"time":"2026-07-22 16:25:15,053","level":"INFO","node":1,"msg":"Per-class rolling gap for node 2: mean=0.085 over last 2 round(s)"}
{"time":"2026-07-22 16:25:15,063","level":"INFO","node":1,"msg":"Trust score for node 2: S=0.817 (Z=1.00 A=0.95 P=0.50 R=1.00) advisory only"}
{"time":"2026-07-22 16:25:15,092","level":"INFO","node":1,"msg":"Sent consensus vote to node 0"}
{"time":"2026-07-22 16:25:15,116","level":"INFO","node":1,"msg":"Sent consensus vote to node 2"}
{"time":"2026-07-22 16:25:15,126","level":"INFO","node":1,"msg":"Sent consensus vote to node 3"}
{"time":"2026-07-22 16:25:15,232","level":"INFO","node":1,"msg":"[FC2 DELTA NORM] node 1 round=10 — fc2 delta norm this round: 0.1653"}
{"time":"2026-07-22 16:25:15,233","level":"WARNING","node":1,"msg":"ZKP norm violation (clipping applied): slack=-97013, retry=0"}
{"time":"2026-07-22 16:25:21,287","level":"INFO","node":1,"msg":"Forwarded to http://127.0.0.1:8002"}
{"time":"2026-07-22 16:25:21,378","level":"INFO","node":1,"msg":"Synced weights from master for round 10"}
{"time":"2026-07-22 16:25:21,389","level":"INFO","node":1,"msg":"Sent commit vote to node 2"}
{"time":"2026-07-22 16:25:27,677","level":"INFO","node":1,"msg":"Proposal received: round=11 origin=3 hash=9c1fb678daad..."}
{"time":"2026-07-22 16:25:27,698","level":"INFO","node":1,"msg":"Consensus vote recorded: node 3 decision=True reason=zkp_ok round=11 new=True satisfied=False"}
{"time":"2026-07-22 16:25:37,288","level":"INFO","node":1,"msg":"Consensus vote recorded: node 0 decision=True reason=zkp_ok round=11 new=True satisfied=False"}
{"time":"2026-07-22 16:25:43,447","level":"INFO","node":1,"msg":"Received update from node 0, round 11"}
{"time":"2026-07-22 16:25:53,139","level":"INFO","node":1,"msg":"ZKP ACCEPTED from node 0"}
{"time":"2026-07-22 16:25:53,139","level":"INFO","node":1,"msg":"fc_in col7 delta self-cosine for node 3: -0.0695 (delta_norm=0.2220)"}
{"time":"2026-07-22 16:25:53,139","level":"INFO","node":1,"msg":"Per-class agreement with node 3: class0=0.969 class1=0.915 gap=0.054"}
{"time":"2026-07-22 16:25:53,139","level":"INFO","node":1,"msg":"Per-class rolling gap for node 3: mean=0.050 over last 2 round(s)"}
{"time":"2026-07-22 16:25:53,147","level":"INFO","node":1,"msg":"Trust score for node 3: S=0.825 (Z=1.00 A=0.95 P=0.54 R=1.00) advisory only"}
{"time":"2026-07-22 16:25:53,178","level":"INFO","node":1,"msg":"Sent consensus vote to node 0"}
{"time":"2026-07-22 16:25:53,200","level":"INFO","node":1,"msg":"Sent consensus vote to node 2"}
{"time":"2026-07-22 16:25:53,226","level":"INFO","node":1,"msg":"Sent consensus vote to node 3"}
{"time":"2026-07-22 16:25:53,327","level":"INFO","node":1,"msg":"[FC2 DELTA NORM] node 1 round=11 — fc2 delta norm this round: 0.1484"}
{"time":"2026-07-22 16:25:59,369","level":"INFO","node":1,"msg":"Forwarded to http://127.0.0.1:8002"}
{"time":"2026-07-22 16:26:09,203","level":"INFO","node":1,"msg":"Prediction agreement with node 2 round=11: A=0.955"}
{"time":"2026-07-22 16:26:09,203","level":"INFO","node":1,"msg":"Consensus vote recorded: node 2 decision=True reason=zkp_ok round=11 new=True satisfied=True"}
{"time":"2026-07-22 16:26:15,461","level":"INFO","node":1,"msg":"Synced weights from master for round 11"}
{"time":"2026-07-22 16:26:15,473","level":"INFO","node":1,"msg":"Sent commit vote to node 3"}
{"time":"2026-07-22 16:26:21,679","level":"INFO","node":1,"msg":"Proposal received: round=12 origin=0 hash=136d8ef69f5f..."}
{"time":"2026-07-22 16:26:21,714","level":"INFO","node":1,"msg":"Consensus vote recorded: node 0 decision=True reason=zkp_ok round=12 new=True satisfied=False"}
{"time":"2026-07-22 16:26:21,733","level":"INFO","node":1,"msg":"Received update from node 0, round 12"}
{"time":"2026-07-22 16:26:31,349","level":"INFO","node":1,"msg":"ZKP ACCEPTED from node 0"}
{"time":"2026-07-22 16:26:31,349","level":"INFO","node":1,"msg":"fc_in col7 delta self-cosine for node 0: -0.1251 (delta_norm=0.2662)"}
{"time":"2026-07-22 16:26:31,349","level":"INFO","node":1,"msg":"Per-class agreement with node 0: class0=0.969 class1=0.908 gap=0.060"}
{"time":"2026-07-22 16:26:31,349","level":"INFO","node":1,"msg":"Per-class rolling gap for node 0: mean=0.045 over last 3 round(s)"}
{"time":"2026-07-22 16:26:31,364","level":"INFO","node":1,"msg":"Trust score for node 0: S=0.829 (Z=1.00 A=0.95 P=0.55 R=1.00) advisory only"}
{"time":"2026-07-22 16:26:31,375","level":"INFO","node":1,"msg":"Sent consensus vote to node 0"}
{"time":"2026-07-22 16:26:31,393","level":"INFO","node":1,"msg":"Sent consensus vote to node 2"}
{"time":"2026-07-22 16:26:31,404","level":"INFO","node":1,"msg":"Sent consensus vote to node 3"}
{"time":"2026-07-22 16:26:31,512","level":"INFO","node":1,"msg":"[FC2 DELTA NORM] node 1 round=12 — fc2 delta norm this round: 0.1372"}
{"time":"2026-07-22 16:26:37,605","level":"INFO","node":1,"msg":"Forwarded to http://127.0.0.1:8002"}
{"time":"2026-07-22 16:26:47,395","level":"INFO","node":1,"msg":"Prediction agreement with node 2 round=12: A=0.892"}
{"time":"2026-07-22 16:26:47,395","level":"INFO","node":1,"msg":"Consensus vote recorded: node 2 decision=True reason=zkp_ok round=12 new=True satisfied=True"}
{"time":"2026-07-22 16:27:03,391","level":"INFO","node":1,"msg":"Prediction agreement with node 3 round=12: A=0.938"}
{"time":"2026-07-22 16:27:03,394","level":"INFO","node":1,"msg":"Consensus vote recorded: node 3 decision=True reason=zkp_ok round=12 new=True satisfied=True"}
{"time":"2026-07-22 16:27:09,660","level":"INFO","node":1,"msg":"Synced weights from master for round 12"}
{"time":"2026-07-22 16:27:09,671","level":"INFO","node":1,"msg":"Sent commit vote to node 0"}
{"time":"2026-07-22 16:27:09,758","level":"INFO","node":1,"msg":"My turn — starting round 14 as proposer."}
{"time":"2026-07-22 16:27:09,759","level":"INFO","node":1,"msg":"Starting round 14"}
{"time":"2026-07-22 16:27:09,898","level":"INFO","node":1,"msg":"[FC2 DELTA NORM] node 1 round=13 — fc2 delta norm this round: 0.1472"}
{"time":"2026-07-22 16:27:09,898","level":"WARNING","node":1,"msg":"ZKP norm violation (clipping applied): slack=-656680, retry=0"}
{"time":"2026-07-22 16:27:16,063","level":"INFO","node":1,"msg":"Sent proposal to node 0"}
{"time":"2026-07-22 16:27:16,078","level":"INFO","node":1,"msg":"Sent proposal to node 2"}
{"time":"2026-07-22 16:27:16,097","level":"INFO","node":1,"msg":"Sent proposal to node 3"}
{"time":"2026-07-22 16:27:16,108","level":"INFO","node":1,"msg":"Sent consensus vote to node 0"}
{"time":"2026-07-22 16:27:16,113","level":"INFO","node":1,"msg":"Sent consensus vote to node 2"}
{"time":"2026-07-22 16:27:16,119","level":"INFO","node":1,"msg":"Sent consensus vote to node 3"}
{"time":"2026-07-22 16:27:16,130","level":"INFO","node":1,"msg":"Forwarded to http://127.0.0.1:8002"}
{"time":"2026-07-22 16:27:26,026","level":"INFO","node":1,"msg":"Consensus vote recorded: node 2 decision=True reason=zkp_ok round=13 new=True satisfied=False"}
{"time":"2026-07-22 16:27:41,900","level":"INFO","node":1,"msg":"Consensus vote recorded: node 3 decision=True reason=zkp_ok round=13 new=True satisfied=True"}
{"time":"2026-07-22 16:27:57,802","level":"INFO","node":1,"msg":"Consensus vote recorded: node 0 decision=True reason=zkp_ok round=13 new=True satisfied=True"}
{"time":"2026-07-22 16:28:03,922","level":"INFO","node":1,"msg":"Received update from node 0, round 13"}
{"time":"2026-07-22 16:28:03,922","level":"INFO","node":1,"msg":"Round 14 complete — aggregating"}
{"time":"2026-07-22 16:28:03,965","level":"WARNING","node":1,"msg":"[BACKDOOR PROBE] Round 14 SUSPICIOUS: feature=5 value=7.0 forces class=1 flip_rate=1.000 jump=0.773 (thresholds: flip>0.7, jump>0.3)"}
{"time":"2026-07-22 16:28:04,000","level":"INFO","node":1,"msg":"Commit vote recorded: node 0 decision=True round=13 satisfied=False"}
{"time":"2026-07-22 16:28:04,005","level":"INFO","node":1,"msg":"Broadcast weights to node 0"}
{"time":"2026-07-22 16:28:04,045","level":"INFO","node":1,"msg":"Commit vote recorded: node 2 decision=True round=13 satisfied=True"}
{"time":"2026-07-22 16:28:04,045","level":"INFO","node":1,"msg":"Round 14 COMMITTED — model hash agreed by [1, 0, 2]"}
{"time":"2026-07-22 16:28:04,047","level":"INFO","node":1,"msg":"Commit certificate saved to C:\Users\mousu\OneDrive\Desktop\Set A\securefedhe\dashboard\certificates\round_13.json"}
{"time":"2026-07-22 16:28:04,049","level":"INFO","node":1,"msg":"Broadcast weights to node 2"}
{"time":"2026-07-22 16:28:04,091","level":"INFO","node":1,"msg":"Commit vote recorded: node 3 decision=True round=13 satisfied=True"}
{"time":"2026-07-22 16:28:04,094","level":"INFO","node":1,"msg":"Broadcast weights to node 3"}
{"time":"2026-07-22 16:28:04,099","level":"INFO","node":1,"msg":"Checkpoint saved to C:\Users\mousu\OneDrive\Desktop\Set A\securefedhe\dashboard\model_latest.pt"}
{"time":"2026-07-22 16:28:04,099","level":"INFO","node":1,"msg":"Round 14 complete | accuracy=0.8182 | duration=54.34s"}
{"time":"2026-07-22 16:28:04,100","level":"INFO","node":1,"msg":"Round 15 belongs to node 2 — waiting for their proposal."}
{"time":"2026-07-22 16:28:04,107","level":"INFO","node":1,"msg":"Notified next proposer to node 2"}
{"time":"2026-07-22 16:28:04,108","level":"INFO","node":1,"msg":"[WATCHDOG SPAWNED] round=14 expected_proposer=2 timeout_s=600 spawned_at=16:28:04"}
{"time":"2026-07-22 16:28:10,509","level":"INFO","node":1,"msg":"Proposal received: round=14 origin=2 hash=768040f123ce..."}
{"time":"2026-07-22 16:28:10,534","level":"INFO","node":1,"msg":"Consensus vote recorded: node 2 decision=True reason=zkp_ok round=14 new=True satisfied=False"}
{"time":"2026-07-22 16:28:20,276","level":"INFO","node":1,"msg":"Consensus vote recorded: node 3 decision=True reason=zkp_ok round=14 new=True satisfied=False"}
{"time":"2026-07-22 16:28:36,206","level":"INFO","node":1,"msg":"Consensus vote recorded: node 0 decision=True reason=zkp_ok round=14 new=True satisfied=True"}
{"time":"2026-07-22 16:28:42,424","level":"INFO","node":1,"msg":"Received update from node 0, round 14"}
{"time":"2026-07-22 16:28:51,969","level":"INFO","node":1,"msg":"ZKP ACCEPTED from node 0"}
{"time":"2026-07-22 16:28:51,969","level":"INFO","node":1,"msg":"fc_in col7 delta self-cosine for node 2: 0.0413 (delta_norm=0.1939)"}
{"time":"2026-07-22 16:28:51,969","level":"INFO","node":1,"msg":"Per-class agreement with node 2: class0=0.979 class1=0.940 gap=0.039"}
{"time":"2026-07-22 16:28:51,969","level":"INFO","node":1,"msg":"Per-class rolling gap for node 2: mean=0.070 over last 3 round(s)"}
{"time":"2026-07-22 16:28:51,969","level":"INFO","node":1,"msg":"Trust score for node 2: S=0.844 (Z=1.00 A=0.97 P=0.55 R=1.00) advisory only"}
{"time":"2026-07-22 16:28:51,998","level":"INFO","node":1,"msg":"Sent consensus vote to node 0"}
{"time":"2026-07-22 16:28:52,020","level":"INFO","node":1,"msg":"Sent consensus vote to node 2"}
{"time":"2026-07-22 16:28:52,048","level":"INFO","node":1,"msg":"Sent consensus vote to node 3"}
{"time":"2026-07-22 16:28:52,156","level":"INFO","node":1,"msg":"[FC2 DELTA NORM] node 1 round=14 — fc2 delta norm this round: 0.1348"}
{"time":"2026-07-22 16:28:58,247","level":"INFO","node":1,"msg":"Forwarded to http://127.0.0.1:8002"}
{"time":"2026-07-22 16:28:58,329","level":"INFO","node":1,"msg":"Synced weights from master for round 14"}
{"time":"2026-07-22 16:28:58,343","level":"INFO","node":1,"msg":"Sent commit vote to node 2"}
{"time":"2026-07-22 16:29:04,688","level":"INFO","node":1,"msg":"Proposal received: round=15 origin=3 hash=63f2d37f5535..."}
{"time":"2026-07-22 16:29:04,714","level":"INFO","node":1,"msg":"Consensus vote recorded: node 3 decision=True reason=zkp_ok round=15 new=True satisfied=False"}
{"time":"2026-07-22 16:29:14,519","level":"INFO","node":1,"msg":"Consensus vote recorded: node 0 decision=True reason=zkp_ok round=15 new=True satisfied=False"}
{"time":"2026-07-22 16:29:20,564","level":"INFO","node":1,"msg":"Received update from node 0, round 15"}
{"time":"2026-07-22 16:29:30,564","level":"INFO","node":1,"msg":"ZKP ACCEPTED from node 0"}
{"time":"2026-07-22 16:29:30,564","level":"INFO","node":1,"msg":"fc_in col7 delta self-cosine for node 3: -0.0133 (delta_norm=0.2245)"}
{"time":"2026-07-22 16:29:30,564","level":"INFO","node":1,"msg":"Per-class agreement with node 3: class0=0.972 class1=0.941 gap=0.031"}
{"time":"2026-07-22 16:29:30,578","level":"INFO","node":1,"msg":"Per-class rolling gap for node 3: mean=0.043 over last 3 round(s)"}
{"time":"2026-07-22 16:29:30,578","level":"INFO","node":1,"msg":"Trust score for node 3: S=0.830 (Z=1.00 A=0.96 P=0.52 R=1.00) advisory only"}
{"time":"2026-07-22 16:29:30,587","level":"INFO","node":1,"msg":"Sent consensus vote to node 0"}
{"time":"2026-07-22 16:29:30,610","level":"INFO","node":1,"msg":"Sent consensus vote to node 2"}
{"time":"2026-07-22 16:29:30,638","level":"INFO","node":1,"msg":"Sent consensus vote to node 3"}
{"time":"2026-07-22 16:29:30,761","level":"INFO","node":1,"msg":"[FC2 DELTA NORM] node 1 round=15 — fc2 delta norm this round: 0.1330"}
{"time":"2026-07-22 16:29:36,823","level":"INFO","node":1,"msg":"Forwarded to http://127.0.0.1:8002"}
{"time":"2026-07-22 16:29:46,629","level":"INFO","node":1,"msg":"Prediction agreement with node 2 round=15: A=0.952"}
{"time":"2026-07-22 16:29:46,629","level":"INFO","node":1,"msg":"Consensus vote recorded: node 2 decision=True reason=zkp_ok round=15 new=True satisfied=True"}
{"time":"2026-07-22 16:29:52,871","level":"INFO","node":1,"msg":"Synced weights from master for round 15"}
{"time":"2026-07-22 16:29:52,898","level":"INFO","node":1,"msg":"Sent commit vote to node 3"}
{"time":"2026-07-22 16:29:59,144","level":"INFO","node":1,"msg":"Proposal received: round=16 origin=0 hash=f19f0b24251a..."}
{"time":"2026-07-22 16:29:59,192","level":"INFO","node":1,"msg":"Consensus vote recorded: node 0 decision=True reason=zkp_ok round=16 new=True satisfied=False"}
{"time":"2026-07-22 16:29:59,207","level":"INFO","node":1,"msg":"Received update from node 0, round 16"}
{"time":"2026-07-22 16:30:08,774","level":"INFO","node":1,"msg":"ZKP ACCEPTED from node 0"}
{"time":"2026-07-22 16:30:08,776","level":"INFO","node":1,"msg":"fc_in col7 delta self-cosine for node 0: -0.2315 (delta_norm=0.2514)"}
{"time":"2026-07-22 16:30:08,780","level":"INFO","node":1,"msg":"Per-class agreement with node 0: class0=0.938 class1=0.918 gap=0.020"}
{"time":"2026-07-22 16:30:08,780","level":"INFO","node":1,"msg":"Per-class rolling gap for node 0: mean=0.039 over last 4 round(s)"}
{"time":"2026-07-22 16:30:08,782","level":"INFO","node":1,"msg":"Trust score for node 0: S=0.798 (Z=1.00 A=0.93 P=0.50 R=1.00) advisory only"}
{"time":"2026-07-22 16:30:08,792","level":"INFO","node":1,"msg":"Sent consensus vote to node 0"}
{"time":"2026-07-22 16:30:08,806","level":"INFO","node":1,"msg":"Sent consensus vote to node 2"}
{"time":"2026-07-22 16:30:08,834","level":"INFO","node":1,"msg":"Sent consensus vote to node 3"}
{"time":"2026-07-22 16:30:08,981","level":"INFO","node":1,"msg":"[FC2 DELTA NORM] node 1 round=16 — fc2 delta norm this round: 0.1256"}
{"time":"2026-07-22 16:30:08,981","level":"WARNING","node":1,"msg":"ZKP norm violation (clipping applied): slack=-166236, retry=0"}
{"time":"2026-07-22 16:30:15,097","level":"INFO","node":1,"msg":"Forwarded to http://127.0.0.1:8002"}
{"time":"2026-07-22 16:30:25,155","level":"INFO","node":1,"msg":"Prediction agreement with node 2 round=16: A=0.927"}
{"time":"2026-07-22 16:30:25,156","level":"INFO","node":1,"msg":"Consensus vote recorded: node 2 decision=True reason=zkp_ok round=16 new=True satisfied=True"}
{"time":"2026-07-22 16:30:41,161","level":"INFO","node":1,"msg":"Prediction agreement with node 3 round=16: A=0.961"}
{"time":"2026-07-22 16:30:41,162","level":"INFO","node":1,"msg":"Consensus vote recorded: node 3 decision=False reason=per_class_agreement_gap round=16 new=True satisfied=True"}
{"time":"2026-07-22 16:30:47,338","level":"INFO","node":1,"msg":"Synced weights from master for round 16"}
{"time":"2026-07-22 16:30:47,365","level":"INFO","node":1,"msg":"Sent commit vote to node 0"}
{"time":"2026-07-22 16:30:47,431","level":"INFO","node":1,"msg":"My turn — starting round 18 as proposer."}
{"time":"2026-07-22 16:30:47,432","level":"INFO","node":1,"msg":"Starting round 18"}
{"time":"2026-07-22 16:30:47,595","level":"INFO","node":1,"msg":"[FC2 DELTA NORM] node 1 round=17 — fc2 delta norm this round: 0.1413"}
{"time":"2026-07-22 16:30:53,769","level":"INFO","node":1,"msg":"Sent proposal to node 0"}
{"time":"2026-07-22 16:30:53,769","level":"INFO","node":1,"msg":"Sent proposal to node 2"}
{"time":"2026-07-22 16:30:53,781","level":"INFO","node":1,"msg":"Sent proposal to node 3"}
{"time":"2026-07-22 16:30:53,788","level":"INFO","node":1,"msg":"Sent consensus vote to node 0"}
{"time":"2026-07-22 16:30:53,791","level":"INFO","node":1,"msg":"Sent consensus vote to node 2"}
{"time":"2026-07-22 16:30:53,795","level":"INFO","node":1,"msg":"Sent consensus vote to node 3"}
{"time":"2026-07-22 16:30:53,798","level":"INFO","node":1,"msg":"Forwarded to http://127.0.0.1:8002"}
{"time":"2026-07-22 16:31:04,165","level":"INFO","node":1,"msg":"Consensus vote recorded: node 2 decision=False reason=per_class_agreement_gap round=17 new=True satisfied=False"}
{"time":"2026-07-22 16:31:20,363","level":"INFO","node":1,"msg":"Consensus vote recorded: node 3 decision=False reason=per_class_agreement_gap round=17 new=True satisfied=False"}
{"time":"2026-07-22 16:31:36,359","level":"INFO","node":1,"msg":"Consensus vote recorded: node 0 decision=False reason=per_class_agreement_gap round=17 new=True satisfied=False"}
{"time":"2026-07-22 16:31:42,688","level":"INFO","node":1,"msg":"Received update from node 0, round 17"}
{"time":"2026-07-22 16:31:42,688","level":"INFO","node":1,"msg":"Round 18 complete — aggregating"}
{"time":"2026-07-22 16:31:42,690","level":"WARNING","node":1,"msg":"Round 18 REJECTED — quorum not satisfied (attempt 1/3). Retrying round."}
{"time":"2026-07-22 16:31:43,193","level":"INFO","node":1,"msg":"Starting round 18"}
{"time":"2026-07-22 16:31:43,309","level":"INFO","node":1,"msg":"[FC2 DELTA NORM] node 1 round=17 — fc2 delta norm this round: 0.0323"}
{"time":"2026-07-22 16:31:43,311","level":"WARNING","node":1,"msg":"ZKP norm violation (clipping applied): slack=-120460, retry=0"}
{"time":"2026-07-22 16:31:49,526","level":"INFO","node":1,"msg":"Sent proposal to node 0"}
{"time":"2026-07-22 16:31:49,547","level":"INFO","node":1,"msg":"Sent proposal to node 2"}
{"time":"2026-07-22 16:31:49,564","level":"INFO","node":1,"msg":"Sent proposal to node 3"}
{"time":"2026-07-22 16:31:49,575","level":"INFO","node":1,"msg":"Sent consensus vote to node 0"}
{"time":"2026-07-22 16:31:49,582","level":"INFO","node":1,"msg":"Sent consensus vote to node 2"}
{"time":"2026-07-22 16:31:49,588","level":"INFO","node":1,"msg":"Sent consensus vote to node 3"}
{"time":"2026-07-22 16:31:49,598","level":"INFO","node":1,"msg":"Forwarded to http://127.0.0.1:8002"}
{"time":"2026-07-22 16:31:59,344","level":"INFO","node":1,"msg":"Consensus vote recorded: node 2 decision=False reason=per_class_agreement_gap round=17 new=True satisfied=False"}
{"time":"2026-07-22 16:32:15,438","level":"INFO","node":1,"msg":"Consensus vote recorded: node 3 decision=True reason=zkp_ok round=17 new=True satisfied=False"}
{"time":"2026-07-22 16:32:31,233","level":"INFO","node":1,"msg":"Consensus vote recorded: node 0 decision=True reason=zkp_ok round=17 new=True satisfied=True"}
{"time":"2026-07-22 16:32:37,407","level":"INFO","node":1,"msg":"Received update from node 0, round 17"}
{"time":"2026-07-22 16:32:37,409","level":"INFO","node":1,"msg":"Round 18 complete — aggregating"}
{"time":"2026-07-22 16:32:37,445","level":"WARNING","node":1,"msg":"[BACKDOOR PROBE] Round 18 SUSPICIOUS: feature=1 value=7.0 forces class=1 flip_rate=1.000 jump=0.700 (thresholds: flip>0.7, jump>0.3)"}
{"time":"2026-07-22 16:32:37,474","level":"INFO","node":1,"msg":"Commit vote recorded: node 0 decision=True round=17 satisfied=False"}
{"time":"2026-07-22 16:32:37,479","level":"INFO","node":1,"msg":"Broadcast weights to node 0"}
{"time":"2026-07-22 16:32:37,504","level":"INFO","node":1,"msg":"Commit vote recorded: node 2 decision=True round=17 satisfied=True"}
{"time":"2026-07-22 16:32:37,505","level":"INFO","node":1,"msg":"Round 18 COMMITTED — model hash agreed by [1, 0, 2]"}
{"time":"2026-07-22 16:32:37,506","level":"INFO","node":1,"msg":"Commit certificate saved to C:\Users\mousu\OneDrive\Desktop\Set A\securefedhe\dashboard\certificates\round_17.json"}
{"time":"2026-07-22 16:32:37,508","level":"INFO","node":1,"msg":"Broadcast weights to node 2"}
{"time":"2026-07-22 16:32:37,519","level":"INFO","node":1,"msg":"Commit vote recorded: node 3 decision=True round=17 satisfied=True"}
{"time":"2026-07-22 16:32:37,523","level":"INFO","node":1,"msg":"Broadcast weights to node 3"}
{"time":"2026-07-22 16:32:37,525","level":"INFO","node":1,"msg":"Checkpoint saved to C:\Users\mousu\OneDrive\Desktop\Set A\securefedhe\dashboard\model_latest.pt"}
{"time":"2026-07-22 16:32:37,525","level":"INFO","node":1,"msg":"Round 18 complete | accuracy=0.8545 | duration=54.33s"}
{"time":"2026-07-22 16:32:37,525","level":"INFO","node":1,"msg":"Round 19 belongs to node 2 — waiting for their proposal."}
{"time":"2026-07-22 16:32:37,530","level":"INFO","node":1,"msg":"Notified next proposer to node 2"}
{"time":"2026-07-22 16:32:37,531","level":"INFO","node":1,"msg":"[WATCHDOG SPAWNED] round=18 expected_proposer=2 timeout_s=600 spawned_at=16:32:37"}
{"time":"2026-07-22 16:32:43,909","level":"INFO","node":1,"msg":"Proposal received: round=18 origin=2 hash=64897d3f6332..."}
{"time":"2026-07-22 16:32:43,941","level":"INFO","node":1,"msg":"Consensus vote recorded: node 2 decision=True reason=zkp_ok round=18 new=True satisfied=False"}
{"time":"2026-07-22 16:32:53,656","level":"INFO","node":1,"msg":"Consensus vote recorded: node 3 decision=True reason=zkp_ok round=18 new=True satisfied=False"}
{"time":"2026-07-22 16:33:09,749","level":"INFO","node":1,"msg":"Consensus vote recorded: node 0 decision=True reason=zkp_ok round=18 new=True satisfied=True"}
{"time":"2026-07-22 16:33:15,901","level":"INFO","node":1,"msg":"Received update from node 0, round 18"}
{"time":"2026-07-22 16:33:25,615","level":"INFO","node":1,"msg":"ZKP ACCEPTED from node 0"}
{"time":"2026-07-22 16:33:25,615","level":"INFO","node":1,"msg":"fc_in col7 delta self-cosine for node 2: 0.2925 (delta_norm=0.1944)"}
{"time":"2026-07-22 16:33:25,620","level":"INFO","node":1,"msg":"Per-class agreement with node 2: class0=0.954 class1=0.928 gap=0.026"}
{"time":"2026-07-22 16:33:25,620","level":"INFO","node":1,"msg":"Per-class rolling gap for node 2: mean=0.059 over last 4 round(s)"}
{"time":"2026-07-22 16:33:25,624","level":"INFO","node":1,"msg":"Trust score for node 2: S=0.811 (Z=1.00 A=0.95 P=0.50 R=1.00) advisory only"}
{"time":"2026-07-22 16:33:25,647","level":"INFO","node":1,"msg":"Sent consensus vote to node 0"}
{"time":"2026-07-22 16:33:25,687","level":"INFO","node":1,"msg":"Sent consensus vote to node 2"}
{"time":"2026-07-22 16:33:25,708","level":"INFO","node":1,"msg":"Sent consensus vote to node 3"}
{"time":"2026-07-22 16:33:25,842","level":"INFO","node":1,"msg":"[FC2 DELTA NORM] node 1 round=18 — fc2 delta norm this round: 0.1652"}
{"time":"2026-07-22 16:33:31,991","level":"INFO","node":1,"msg":"Forwarded to http://127.0.0.1:8002"}
{"time":"2026-07-22 16:33:32,072","level":"INFO","node":1,"msg":"Synced weights from master for round 18"}
{"time":"2026-07-22 16:33:32,079","level":"INFO","node":1,"msg":"Sent commit vote to node 2"}
{"time":"2026-07-22 16:33:38,327","level":"INFO","node":1,"msg":"Proposal received: round=19 origin=3 hash=4347cad03be9..."}
{"time":"2026-07-22 16:33:38,346","level":"INFO","node":1,"msg":"Consensus vote recorded: node 3 decision=True reason=zkp_ok round=19 new=True satisfied=False"}
{"time":"2026-07-22 16:33:47,951","level":"INFO","node":1,"msg":"Consensus vote recorded: node 0 decision=True reason=zkp_ok round=19 new=True satisfied=False"}
{"time":"2026-07-22 16:33:54,122","level":"INFO","node":1,"msg":"Received update from node 0, round 19"}
{"time":"2026-07-22 16:34:03,795","level":"INFO","node":1,"msg":"ZKP ACCEPTED from node 0"}
{"time":"2026-07-22 16:34:03,797","level":"INFO","node":1,"msg":"fc_in col7 delta self-cosine for node 3: 0.0880 (delta_norm=0.1891)"}
{"time":"2026-07-22 16:34:03,801","level":"INFO","node":1,"msg":"Per-class agreement with node 3: class0=0.976 class1=0.957 gap=0.019"}
{"time":"2026-07-22 16:34:03,801","level":"INFO","node":1,"msg":"Per-class rolling gap for node 3: mean=0.037 over last 4 round(s)"}
{"time":"2026-07-22 16:34:03,803","level":"INFO","node":1,"msg":"Trust score for node 3: S=0.826 (Z=1.00 A=0.97 P=0.48 R=1.00) advisory only"}
{"time":"2026-07-22 16:34:03,813","level":"INFO","node":1,"msg":"Sent consensus vote to node 0"}
{"time":"2026-07-22 16:34:03,839","level":"INFO","node":1,"msg":"Sent consensus vote to node 2"}
{"time":"2026-07-22 16:34:03,864","level":"INFO","node":1,"msg":"Sent consensus vote to node 3"}
{"time":"2026-07-22 16:34:03,977","level":"INFO","node":1,"msg":"[FC2 DELTA NORM] node 1 round=19 — fc2 delta norm this round: 0.1336"}
{"time":"2026-07-22 16:34:10,106","level":"INFO","node":1,"msg":"Forwarded to http://127.0.0.1:8002"}
{"time":"2026-07-22 16:34:19,981","level":"INFO","node":1,"msg":"Prediction agreement with node 2 round=19: A=0.941"}
{"time":"2026-07-22 16:34:19,981","level":"INFO","node":1,"msg":"Consensus vote recorded: node 2 decision=True reason=zkp_ok round=19 new=True satisfied=True"}
{"time":"2026-07-22 16:34:26,149","level":"INFO","node":1,"msg":"Synced weights from master for round 19"}
{"time":"2026-07-22 16:34:26,149","level":"INFO","node":1,"msg":"Training complete after 20 rounds"}
{"time":"2026-07-22 16:34:26,170","level":"INFO","node":1,"msg":"Sent commit vote to node 3"}
{"time":"2026-07-22 16:34:27,195","level":"INFO","node":1,"msg":"Watchdog fired but training already complete — ignoring, not excluding node 2."}
{"time":"2026-07-22 16:50:21,082","level":"INFO","node":1,"msg":"Starting node 1: Suburban Medical Clinic"}
{"time":"2026-07-22 16:50:21,082","level":"INFO","node":1,"msg":"[CONFIG DEBUG] attack_simulation loaded: enabled=True target_node=2 type=gradient_norm config_path=config_dev.json"}
{"time":"2026-07-22 16:50:21,174","level":"WARNING","node":1,"msg":"DEV MODE: running without TLS"}
{"time":"2026-07-22 16:50:21,174","level":"INFO","node":1,"msg":"Listening on 127.0.0.1:8001 | TLS=False"}
{"time":"2026-07-22 16:50:26,204","level":"INFO","node":1,"msg":"Sent consensus pubkey to node 0"}
{"time":"2026-07-22 16:50:26,212","level":"INFO","node":1,"msg":"Sent public key to node 0"}
{"time":"2026-07-22 16:50:26,228","level":"INFO","node":1,"msg":"Sent consensus pubkey to node 2"}
{"time":"2026-07-22 16:50:26,236","level":"INFO","node":1,"msg":"Sent public key to node 2"}
{"time":"2026-07-22 16:50:27,266","level":"INFO","node":1,"msg":"Sent consensus pubkey to node 3"}
{"time":"2026-07-22 16:50:27,269","level":"INFO","node":1,"msg":"Sent public key to node 3"}
{"time":"2026-07-22 16:50:28,566","level":"INFO","node":1,"msg":"Key exchange complete with node 2"}
{"time":"2026-07-22 16:50:28,582","level":"INFO","node":1,"msg":"Consensus pubkey received from node 2"}
{"time":"2026-07-22 16:50:32,142","level":"INFO","node":1,"msg":"Key exchange complete with node 3"}
{"time":"2026-07-22 16:50:32,147","level":"INFO","node":1,"msg":"Consensus pubkey received from node 3"}
{"time":"2026-07-22 16:50:37,374","level":"INFO","node":1,"msg":"Key exchange complete with node 0"}
{"time":"2026-07-22 16:50:37,426","level":"INFO","node":1,"msg":"Consensus pubkey received from node 0"}
{"time":"2026-07-22 16:50:44,766","level":"INFO","node":1,"msg":"Proposal received: round=0 origin=0 hash=933034c19319..."}
{"time":"2026-07-22 16:50:44,787","level":"INFO","node":1,"msg":"Consensus vote recorded: node 0 decision=True reason=zkp_ok round=0 new=True satisfied=False"}
{"time":"2026-07-22 16:50:44,826","level":"INFO","node":1,"msg":"Received update from node 0, round 0"}
{"time":"2026-07-22 16:50:54,404","level":"INFO","node":1,"msg":"ZKP ACCEPTED from node 0"}
{"time":"2026-07-22 16:50:54,414","level":"INFO","node":1,"msg":"Trust score for node 0: S=0.429 (Z=1.00 A=0.50 P=0.50 R=1.00) advisory only"}
{"time":"2026-07-22 16:50:54,427","level":"INFO","node":1,"msg":"Sent consensus vote to node 0"}
{"time":"2026-07-22 16:50:54,449","level":"INFO","node":1,"msg":"Sent consensus vote to node 2"}
{"time":"2026-07-22 16:50:54,462","level":"INFO","node":1,"msg":"Sent consensus vote to node 3"}
{"time":"2026-07-22 16:50:55,900","level":"INFO","node":1,"msg":"[FC2 DELTA NORM] node 1 round=0 — fc2 delta norm this round: 0.1520"}
{"time":"2026-07-22 16:50:55,904","level":"WARNING","node":1,"msg":"ZKP norm violation (clipping applied): slack=-229556, retry=0"}
{"time":"2026-07-22 16:51:02,144","level":"INFO","node":1,"msg":"Forwarded to http://127.0.0.1:8002"}
{"time":"2026-07-22 16:51:11,873","level":"INFO","node":1,"msg":"Prediction agreement with node 2 round=0: A=0.740"}
{"time":"2026-07-22 16:51:11,873","level":"INFO","node":1,"msg":"Consensus vote recorded: node 2 decision=True reason=zkp_ok round=0 new=True satisfied=True"}
{"time":"2026-07-22 16:51:28,844","level":"INFO","node":1,"msg":"Prediction agreement with node 3 round=0: A=0.712"}
{"time":"2026-07-22 16:51:28,846","level":"INFO","node":1,"msg":"Consensus vote recorded: node 3 decision=True reason=zkp_ok round=0 new=True satisfied=True"}
{"time":"2026-07-22 16:51:36,151","level":"INFO","node":1,"msg":"Synced weights from master for round 0"}
{"time":"2026-07-22 16:51:36,177","level":"INFO","node":1,"msg":"Sent commit vote to node 0"}
{"time":"2026-07-22 16:51:36,259","level":"INFO","node":1,"msg":"My turn — starting round 2 as proposer."}
{"time":"2026-07-22 16:51:36,260","level":"INFO","node":1,"msg":"Starting round 2"}
{"time":"2026-07-22 16:51:36,391","level":"INFO","node":1,"msg":"[FC2 DELTA NORM] node 1 round=1 — fc2 delta norm this round: 0.3359"}
{"time":"2026-07-22 16:51:42,633","level":"INFO","node":1,"msg":"Sent proposal to node 0"}
{"time":"2026-07-22 16:51:42,651","level":"INFO","node":1,"msg":"Sent proposal to node 2"}
{"time":"2026-07-22 16:51:42,657","level":"INFO","node":1,"msg":"Sent proposal to node 3"}
{"time":"2026-07-22 16:51:42,665","level":"INFO","node":1,"msg":"Sent consensus vote to node 0"}
{"time":"2026-07-22 16:51:42,669","level":"INFO","node":1,"msg":"Sent consensus vote to node 2"}
{"time":"2026-07-22 16:51:42,672","level":"INFO","node":1,"msg":"Sent consensus vote to node 3"}
{"time":"2026-07-22 16:51:42,675","level":"INFO","node":1,"msg":"Forwarded to http://127.0.0.1:8002"}
{"time":"2026-07-22 16:52:30,449","level":"INFO","node":1,"msg":"Received update from node 0, round 1"}
{"time":"2026-07-22 16:52:30,449","level":"INFO","node":1,"msg":"Round 2 complete — aggregating"}
{"time":"2026-07-22 16:52:30,449","level":"WARNING","node":1,"msg":"Round 2 REJECTED — quorum not satisfied (attempt 1/3). Retrying round."}
{"time":"2026-07-22 16:52:30,968","level":"INFO","node":1,"msg":"Starting round 2"}
{"time":"2026-07-22 16:52:31,076","level":"INFO","node":1,"msg":"[FC2 DELTA NORM] node 1 round=1 — fc2 delta norm this round: 0.1046"}
{"time":"2026-07-22 16:52:31,076","level":"WARNING","node":1,"msg":"ZKP norm violation (clipping applied): slack=-62221, retry=0"}
{"time":"2026-07-22 16:52:37,467","level":"INFO","node":1,"msg":"Sent proposal to node 0"}
{"time":"2026-07-22 16:52:37,475","level":"INFO","node":1,"msg":"Sent proposal to node 2"}
{"time":"2026-07-22 16:52:37,480","level":"INFO","node":1,"msg":"Sent proposal to node 3"}
{"time":"2026-07-22 16:52:37,491","level":"INFO","node":1,"msg":"Sent consensus vote to node 0"}
{"time":"2026-07-22 16:52:37,494","level":"INFO","node":1,"msg":"Sent consensus vote to node 2"}
{"time":"2026-07-22 16:52:37,497","level":"INFO","node":1,"msg":"Sent consensus vote to node 3"}
{"time":"2026-07-22 16:52:37,501","level":"INFO","node":1,"msg":"Forwarded to http://127.0.0.1:8002"}
{"time":"2026-07-22 16:53:25,451","level":"INFO","node":1,"msg":"Received update from node 0, round 1"}
{"time":"2026-07-22 16:53:25,451","level":"INFO","node":1,"msg":"Round 2 complete — aggregating"}
{"time":"2026-07-22 16:53:25,451","level":"WARNING","node":1,"msg":"Round 2 REJECTED — quorum not satisfied (attempt 2/3). Retrying round."}
{"time":"2026-07-22 16:53:25,962","level":"INFO","node":1,"msg":"Starting round 2"}
{"time":"2026-07-22 16:53:26,078","level":"INFO","node":1,"msg":"[FC2 DELTA NORM] node 1 round=1 — fc2 delta norm this round: 0.0997"}
{"time":"2026-07-22 16:53:32,223","level":"INFO","node":1,"msg":"Sent proposal to node 0"}
{"time":"2026-07-22 16:53:32,241","level":"INFO","node":1,"msg":"Sent proposal to node 2"}
{"time":"2026-07-22 16:53:32,248","level":"INFO","node":1,"msg":"Sent proposal to node 3"}
{"time":"2026-07-22 16:53:32,253","level":"INFO","node":1,"msg":"Sent consensus vote to node 0"}
{"time":"2026-07-22 16:53:32,256","level":"INFO","node":1,"msg":"Sent consensus vote to node 2"}
{"time":"2026-07-22 16:53:32,259","level":"INFO","node":1,"msg":"Sent consensus vote to node 3"}
{"time":"2026-07-22 16:53:32,262","level":"INFO","node":1,"msg":"Forwarded to http://127.0.0.1:8002"}
{"time":"2026-07-22 16:53:41,967","level":"INFO","node":1,"msg":"Consensus vote recorded: node 2 decision=True reason=zkp_ok round=1 new=True satisfied=False"}
{"time":"2026-07-22 16:53:57,774","level":"INFO","node":1,"msg":"Consensus vote recorded: node 3 decision=True reason=zkp_ok round=1 new=True satisfied=True"}
{"time":"2026-07-22 16:54:13,621","level":"ERROR","node":1,"msg":"Node 2 EXCLUDED from proposing and quorum. Quorum requirement adjusted to 3 of 3 remaining trusted nodes."}
{"time":"2026-07-22 16:54:13,635","level":"ERROR","node":1,"msg":"Node 3 EXCLUDED from proposing and quorum. Quorum requirement adjusted to 2 of 2 remaining trusted nodes."}
{"time":"2026-07-22 16:54:19,815","level":"INFO","node":1,"msg":"Received update from node 0, round 1"}
{"time":"2026-07-22 16:54:19,815","level":"INFO","node":1,"msg":"Round 2 complete — aggregating"}
{"time":"2026-07-22 16:54:19,815","level":"WARNING","node":1,"msg":"Round 2 REJECTED — quorum not satisfied (attempt 3/3). Retrying round."}
{"time":"2026-07-22 16:54:20,327","level":"INFO","node":1,"msg":"Starting round 2"}
{"time":"2026-07-22 16:54:20,433","level":"INFO","node":1,"msg":"[FC2 DELTA NORM] node 1 round=1 — fc2 delta norm this round: 0.0418"}
{"time":"2026-07-22 16:54:20,433","level":"WARNING","node":1,"msg":"ZKP norm violation (clipping applied): slack=-600613, retry=0"}
{"time":"2026-07-22 16:54:26,589","level":"INFO","node":1,"msg":"Sent proposal to node 0"}
{"time":"2026-07-22 16:54:26,589","level":"INFO","node":1,"msg":"Sent consensus vote to node 0"}
{"time":"2026-07-22 16:54:26,599","level":"INFO","node":1,"msg":"Forwarded to http://127.0.0.1:8000"}
{"time":"2026-07-22 16:54:42,373","level":"INFO","node":1,"msg":"Received update from node 0, round 1"}
{"time":"2026-07-22 16:54:42,373","level":"INFO","node":1,"msg":"Round 2 complete — aggregating"}
{"time":"2026-07-22 16:54:42,373","level":"ERROR","node":1,"msg":"Round 2 REJECTED — quorum not satisfied after 3 retries. Skipping round, model NOT updated."}
{"time":"2026-07-22 16:54:42,386","level":"INFO","node":1,"msg":"Sent skip notice to node 0"}
{"time":"2026-07-22 16:54:42,390","level":"INFO","node":1,"msg":"Notified next proposer to node 0"}
{"time":"2026-07-22 16:54:42,391","level":"INFO","node":1,"msg":"[WATCHDOG SPAWNED] round=2 expected_proposer=0 timeout_s=600 spawned_at=16:54:42"}
{"time":"2026-07-22 16:54:48,566","level":"INFO","node":1,"msg":"Received update from node 0, round 2"}
{"time":"2026-07-22 16:54:58,151","level":"INFO","node":1,"msg":"ZKP ACCEPTED from node 0"}
{"time":"2026-07-22 16:54:59,413","level":"WARNING","node":1,"msg":"No stored proposal for round=2 origin=0 — voting using fallback hash, may not match other peers"}
{"time":"2026-07-22 16:54:59,424","level":"INFO","node":1,"msg":"Per-class agreement with node 0: class0=0.686 class1=0.536 gap=0.150"}
{"time":"2026-07-22 16:54:59,424","level":"INFO","node":1,"msg":"Per-class rolling gap for node 0: mean=0.150 over last 1 round(s)"}
{"time":"2026-07-22 16:54:59,426","level":"INFO","node":1,"msg":"Trust score for node 0: S=0.547 (Z=1.00 A=0.64 P=0.50 R=1.00) advisory only"}
{"time":"2026-07-22 16:54:59,450","level":"INFO","node":1,"msg":"Sent consensus vote to node 0"}
{"time":"2026-07-22 16:54:59,593","level":"INFO","node":1,"msg":"[FC2 DELTA NORM] node 1 round=2 — fc2 delta norm this round: 0.0403"}
{"time":"2026-07-22 16:55:05,741","level":"INFO","node":1,"msg":"Forwarded to http://127.0.0.1:8000"}
{"time":"2026-07-22 16:55:12,522","level":"INFO","node":1,"msg":"Received update from node 0, round 3"}
{"time":"2026-07-22 16:55:22,207","level":"INFO","node":1,"msg":"ZKP ACCEPTED from node 0"}
{"time":"2026-07-22 16:55:23,467","level":"WARNING","node":1,"msg":"No stored proposal for round=3 origin=0 — voting using fallback hash, may not match other peers"}
{"time":"2026-07-22 16:55:23,469","level":"INFO","node":1,"msg":"fc_in col7 delta self-cosine for node 0: 0.0624 (delta_norm=0.3786)"}
{"time":"2026-07-22 16:55:23,482","level":"INFO","node":1,"msg":"Per-class agreement with node 0: class0=0.805 class1=0.874 gap=0.069"}
{"time":"2026-07-22 16:55:23,482","level":"INFO","node":1,"msg":"Per-class rolling gap for node 0: mean=0.109 over last 2 round(s)"}
{"time":"2026-07-22 16:55:23,482","level":"INFO","node":1,"msg":"Trust score for node 0: S=0.709 (Z=1.00 A=0.83 P=0.50 R=1.00) advisory only"}
{"time":"2026-07-22 16:55:23,495","level":"INFO","node":1,"msg":"Sent consensus vote to node 0"}
{"time":"2026-07-22 16:55:23,599","level":"INFO","node":1,"msg":"[FC2 DELTA NORM] node 1 round=3 — fc2 delta norm this round: 0.0271"}
{"time":"2026-07-22 16:55:23,599","level":"WARNING","node":1,"msg":"ZKP norm violation (clipping applied): slack=-270029, retry=0"}
{"time":"2026-07-22 16:55:29,762","level":"INFO","node":1,"msg":"Forwarded to http://127.0.0.1:8000"}
{"time":"2026-07-22 16:55:36,543","level":"INFO","node":1,"msg":"Received update from node 0, round 4"}
{"time":"2026-07-22 16:55:46,133","level":"INFO","node":1,"msg":"ZKP ACCEPTED from node 0"}
{"time":"2026-07-22 16:55:47,402","level":"WARNING","node":1,"msg":"No stored proposal for round=4 origin=0 — voting using fallback hash, may not match other peers"}
{"time":"2026-07-22 16:55:47,405","level":"INFO","node":1,"msg":"fc_in col7 delta self-cosine for node 0: -0.0172 (delta_norm=0.2271)"}
{"time":"2026-07-22 16:55:47,415","level":"INFO","node":1,"msg":"Per-class agreement with node 0: class0=0.939 class1=0.961 gap=0.022"}
{"time":"2026-07-22 16:55:47,415","level":"INFO","node":1,"msg":"Per-class rolling gap for node 0: mean=0.080 over last 3 round(s)"}
{"time":"2026-07-22 16:55:47,415","level":"INFO","node":1,"msg":"Trust score for node 0: S=0.811 (Z=1.00 A=0.95 P=0.50 R=1.00) advisory only"}
{"time":"2026-07-22 16:55:47,448","level":"INFO","node":1,"msg":"Sent consensus vote to node 0"}
{"time":"2026-07-22 16:55:47,557","level":"INFO","node":1,"msg":"[FC2 DELTA NORM] node 1 round=4 — fc2 delta norm this round: 0.0214"}
{"time":"2026-07-22 16:55:47,557","level":"WARNING","node":1,"msg":"ZKP norm violation (clipping applied): slack=-8902, retry=0"}
{"time":"2026-07-22 16:55:53,712","level":"INFO","node":1,"msg":"Forwarded to http://127.0.0.1:8000"}
{"time":"2026-07-22 16:56:00,401","level":"INFO","node":1,"msg":"Received update from node 0, round 5"}
{"time":"2026-07-22 16:56:10,064","level":"INFO","node":1,"msg":"ZKP ACCEPTED from node 0"}
{"time":"2026-07-22 16:56:11,327","level":"WARNING","node":1,"msg":"No stored proposal for round=5 origin=0 — voting using fallback hash, may not match other peers"}
{"time":"2026-07-22 16:56:11,327","level":"INFO","node":1,"msg":"fc_in col7 delta self-cosine for node 0: -0.4761 (delta_norm=0.2275)"}
{"time":"2026-07-22 16:56:11,336","level":"INFO","node":1,"msg":"Per-class agreement with node 0: class0=0.978 class1=0.974 gap=0.004"}
{"time":"2026-07-22 16:56:11,338","level":"INFO","node":1,"msg":"Per-class rolling gap for node 0: mean=0.061 over last 4 round(s)"}
{"time":"2026-07-22 16:56:11,338","level":"WARNING","node":1,"msg":"[PER-CLASS AGREEMENT CHECK] node 1 observed node 0: SUSTAINED class agreement gap, rolling mean=0.061 over 4 rounds — possible asymmetric/label_flip-style corruption"}
{"time":"2026-07-22 16:56:11,338","level":"INFO","node":1,"msg":"Trust score for node 0: S=0.837 (Z=1.00 A=0.98 P=0.50 R=1.00) advisory only"}
{"time":"2026-07-22 16:56:11,366","level":"INFO","node":1,"msg":"Sent consensus vote to node 0"}
{"time":"2026-07-22 16:56:11,479","level":"INFO","node":1,"msg":"[FC2 DELTA NORM] node 1 round=5 — fc2 delta norm this round: 0.0441"}
{"time":"2026-07-22 16:56:17,623","level":"INFO","node":1,"msg":"Forwarded to http://127.0.0.1:8000"}
{"time":"2026-07-22 16:56:24,356","level":"INFO","node":1,"msg":"Received update from node 0, round 6"}
{"time":"2026-07-22 16:56:34,024","level":"INFO","node":1,"msg":"ZKP ACCEPTED from node 0"}
{"time":"2026-07-22 16:56:35,302","level":"WARNING","node":1,"msg":"No stored proposal for round=6 origin=0 — voting using fallback hash, may not match other peers"}
{"time":"2026-07-22 16:56:35,302","level":"INFO","node":1,"msg":"fc_in col7 delta self-cosine for node 0: -0.1120 (delta_norm=0.2091)"}
{"time":"2026-07-22 16:56:35,312","level":"INFO","node":1,"msg":"Per-class agreement with node 0: class0=0.971 class1=0.968 gap=0.003"}
{"time":"2026-07-22 16:56:35,312","level":"INFO","node":1,"msg":"Per-class rolling gap for node 0: mean=0.024 over last 4 round(s)"}
{"time":"2026-07-22 16:56:35,312","level":"INFO","node":1,"msg":"Trust score for node 0: S=0.831 (Z=1.00 A=0.97 P=0.50 R=1.00) advisory only"}
{"time":"2026-07-22 16:56:35,335","level":"INFO","node":1,"msg":"Sent consensus vote to node 0"}
{"time":"2026-07-22 16:56:35,491","level":"INFO","node":1,"msg":"[FC2 DELTA NORM] node 1 round=6 — fc2 delta norm this round: 0.0368"}
{"time":"2026-07-22 16:56:41,489","level":"INFO","node":1,"msg":"Forwarded to http://127.0.0.1:8000"}
{"time":"2026-07-22 16:56:48,267","level":"INFO","node":1,"msg":"Received update from node 0, round 7"}
{"time":"2026-07-22 16:56:57,986","level":"INFO","node":1,"msg":"ZKP ACCEPTED from node 0"}
{"time":"2026-07-22 16:56:59,239","level":"WARNING","node":1,"msg":"No stored proposal for round=7 origin=0 — voting using fallback hash, may not match other peers"}
{"time":"2026-07-22 16:56:59,239","level":"INFO","node":1,"msg":"fc_in col7 delta self-cosine for node 0: -0.3640 (delta_norm=0.2058)"}
{"time":"2026-07-22 16:56:59,252","level":"INFO","node":1,"msg":"Per-class agreement with node 0: class0=0.974 class1=0.969 gap=0.005"}
{"time":"2026-07-22 16:56:59,252","level":"INFO","node":1,"msg":"Per-class rolling gap for node 0: mean=0.008 over last 4 round(s)"}
{"time":"2026-07-22 16:56:59,252","level":"INFO","node":1,"msg":"Trust score for node 0: S=0.833 (Z=1.00 A=0.97 P=0.50 R=1.00) advisory only"}
{"time":"2026-07-22 16:56:59,263","level":"INFO","node":1,"msg":"Sent consensus vote to node 0"}
{"time":"2026-07-22 16:56:59,377","level":"INFO","node":1,"msg":"[FC2 DELTA NORM] node 1 round=7 — fc2 delta norm this round: 0.0276"}
{"time":"2026-07-22 16:56:59,377","level":"WARNING","node":1,"msg":"ZKP norm violation (clipping applied): slack=-49931, retry=0"}
{"time":"2026-07-22 16:57:05,445","level":"INFO","node":1,"msg":"Forwarded to http://127.0.0.1:8000"}
{"time":"2026-07-22 16:57:12,088","level":"INFO","node":1,"msg":"Received update from node 0, round 8"}
{"time":"2026-07-22 16:57:21,724","level":"INFO","node":1,"msg":"ZKP ACCEPTED from node 0"}
{"time":"2026-07-22 16:57:22,980","level":"WARNING","node":1,"msg":"No stored proposal for round=8 origin=0 — voting using fallback hash, may not match other peers"}
{"time":"2026-07-22 16:57:22,982","level":"INFO","node":1,"msg":"fc_in col7 delta self-cosine for node 0: -0.0955 (delta_norm=0.2173)"}
{"time":"2026-07-22 16:57:22,988","level":"INFO","node":1,"msg":"Per-class agreement with node 0: class0=0.970 class1=0.942 gap=0.028"}
{"time":"2026-07-22 16:57:22,988","level":"INFO","node":1,"msg":"Per-class rolling gap for node 0: mean=0.010 over last 4 round(s)"}
{"time":"2026-07-22 16:57:22,988","level":"INFO","node":1,"msg":"Trust score for node 0: S=0.823 (Z=1.00 A=0.96 P=0.50 R=1.00) advisory only"}
{"time":"2026-07-22 16:57:23,019","level":"INFO","node":1,"msg":"Sent consensus vote to node 0"}
{"time":"2026-07-22 16:57:23,158","level":"INFO","node":1,"msg":"[FC2 DELTA NORM] node 1 round=8 — fc2 delta norm this round: 0.0342"}
{"time":"2026-07-22 16:57:23,160","level":"WARNING","node":1,"msg":"ZKP norm violation (clipping applied): slack=-705795, retry=0"}
{"time":"2026-07-22 16:57:29,195","level":"INFO","node":1,"msg":"Forwarded to http://127.0.0.1:8000"}
{"time":"2026-07-22 16:57:35,924","level":"INFO","node":1,"msg":"Received update from node 0, round 9"}
{"time":"2026-07-22 16:57:45,643","level":"INFO","node":1,"msg":"ZKP ACCEPTED from node 0"}
{"time":"2026-07-22 16:57:46,901","level":"WARNING","node":1,"msg":"No stored proposal for round=9 origin=0 — voting using fallback hash, may not match other peers"}
{"time":"2026-07-22 16:57:46,901","level":"INFO","node":1,"msg":"fc_in col7 delta self-cosine for node 0: -0.3587 (delta_norm=0.2523)"}
{"time":"2026-07-22 16:57:46,910","level":"INFO","node":1,"msg":"Per-class agreement with node 0: class0=0.958 class1=0.924 gap=0.034"}
{"time":"2026-07-22 16:57:46,910","level":"INFO","node":1,"msg":"Per-class rolling gap for node 0: mean=0.017 over last 4 round(s)"}
{"time":"2026-07-22 16:57:46,910","level":"INFO","node":1,"msg":"Trust score for node 0: S=0.812 (Z=1.00 A=0.95 P=0.50 R=1.00) advisory only"}
{"time":"2026-07-22 16:57:46,936","level":"INFO","node":1,"msg":"Sent consensus vote to node 0"}
{"time":"2026-07-22 16:57:47,036","level":"INFO","node":1,"msg":"[FC2 DELTA NORM] node 1 round=9 — fc2 delta norm this round: 0.0325"}
{"time":"2026-07-22 16:57:47,036","level":"WARNING","node":1,"msg":"ZKP norm violation (clipping applied): slack=-279776, retry=0"}
{"time":"2026-07-22 16:57:53,022","level":"INFO","node":1,"msg":"Forwarded to http://127.0.0.1:8000"}
{"time":"2026-07-22 16:57:59,716","level":"INFO","node":1,"msg":"Received update from node 0, round 10"}
{"time":"2026-07-22 16:58:09,412","level":"INFO","node":1,"msg":"ZKP ACCEPTED from node 0"}
{"time":"2026-07-22 16:58:10,676","level":"WARNING","node":1,"msg":"No stored proposal for round=10 origin=0 — voting using fallback hash, may not match other peers"}
{"time":"2026-07-22 16:58:10,676","level":"INFO","node":1,"msg":"fc_in col7 delta self-cosine for node 0: -0.3469 (delta_norm=0.2340)"}
{"time":"2026-07-22 16:58:10,685","level":"INFO","node":1,"msg":"Per-class agreement with node 0: class0=0.962 class1=0.949 gap=0.014"}
{"time":"2026-07-22 16:58:10,687","level":"INFO","node":1,"msg":"Per-class rolling gap for node 0: mean=0.020 over last 4 round(s)"}
{"time":"2026-07-22 16:58:10,687","level":"INFO","node":1,"msg":"Trust score for node 0: S=0.821 (Z=1.00 A=0.96 P=0.50 R=1.00) advisory only"}
{"time":"2026-07-22 16:58:10,725","level":"INFO","node":1,"msg":"Sent consensus vote to node 0"}
{"time":"2026-07-22 16:58:10,873","level":"INFO","node":1,"msg":"[FC2 DELTA NORM] node 1 round=10 — fc2 delta norm this round: 0.0321"}
{"time":"2026-07-22 16:58:10,873","level":"WARNING","node":1,"msg":"ZKP norm violation (clipping applied): slack=-131811, retry=0"}
{"time":"2026-07-22 16:58:17,278","level":"INFO","node":1,"msg":"Forwarded to http://127.0.0.1:8000"}
{"time":"2026-07-22 16:58:24,321","level":"INFO","node":1,"msg":"Received update from node 0, round 11"}
{"time":"2026-07-22 16:58:34,049","level":"INFO","node":1,"msg":"ZKP ACCEPTED from node 0"}
{"time":"2026-07-22 16:58:35,330","level":"WARNING","node":1,"msg":"No stored proposal for round=11 origin=0 — voting using fallback hash, may not match other peers"}
{"time":"2026-07-22 16:58:35,330","level":"INFO","node":1,"msg":"fc_in col7 delta self-cosine for node 0: -0.2440 (delta_norm=0.2137)"}
{"time":"2026-07-22 16:58:35,341","level":"INFO","node":1,"msg":"Per-class agreement with node 0: class0=0.950 class1=0.935 gap=0.015"}
{"time":"2026-07-22 16:58:35,341","level":"INFO","node":1,"msg":"Per-class rolling gap for node 0: mean=0.023 over last 4 round(s)"}
{"time":"2026-07-22 16:58:35,341","level":"INFO","node":1,"msg":"Trust score for node 0: S=0.810 (Z=1.00 A=0.95 P=0.50 R=1.00) advisory only"}
{"time":"2026-07-22 16:58:35,355","level":"INFO","node":1,"msg":"Sent consensus vote to node 0"}
{"time":"2026-07-22 16:58:35,464","level":"INFO","node":1,"msg":"[FC2 DELTA NORM] node 1 round=11 — fc2 delta norm this round: 0.0206"}
{"time":"2026-07-22 16:58:35,464","level":"WARNING","node":1,"msg":"ZKP norm violation (clipping applied): slack=-225376, retry=0"}
{"time":"2026-07-22 16:58:41,551","level":"INFO","node":1,"msg":"Forwarded to http://127.0.0.1:8000"}
{"time":"2026-07-22 16:58:48,319","level":"INFO","node":1,"msg":"Received update from node 0, round 12"}
{"time":"2026-07-22 16:58:57,962","level":"INFO","node":1,"msg":"ZKP ACCEPTED from node 0"}
{"time":"2026-07-22 16:58:59,197","level":"WARNING","node":1,"msg":"No stored proposal for round=12 origin=0 — voting using fallback hash, may not match other peers"}
{"time":"2026-07-22 16:58:59,197","level":"INFO","node":1,"msg":"fc_in col7 delta self-cosine for node 0: -0.3592 (delta_norm=0.2195)"}
{"time":"2026-07-22 16:58:59,208","level":"INFO","node":1,"msg":"Per-class agreement with node 0: class0=0.952 class1=0.925 gap=0.028"}
{"time":"2026-07-22 16:58:59,208","level":"INFO","node":1,"msg":"Per-class rolling gap for node 0: mean=0.023 over last 4 round(s)"}
{"time":"2026-07-22 16:58:59,208","level":"INFO","node":1,"msg":"Trust score for node 0: S=0.809 (Z=1.00 A=0.94 P=0.50 R=1.00) advisory only"}
{"time":"2026-07-22 16:58:59,237","level":"INFO","node":1,"msg":"Sent consensus vote to node 0"}
{"time":"2026-07-22 16:58:59,344","level":"INFO","node":1,"msg":"[FC2 DELTA NORM] node 1 round=12 — fc2 delta norm this round: 0.0251"}
{"time":"2026-07-22 16:59:05,378","level":"INFO","node":1,"msg":"Forwarded to http://127.0.0.1:8000"}
{"time":"2026-07-22 16:59:12,127","level":"INFO","node":1,"msg":"Received update from node 0, round 13"}
{"time":"2026-07-22 16:59:21,861","level":"INFO","node":1,"msg":"ZKP ACCEPTED from node 0"}
{"time":"2026-07-22 16:59:23,130","level":"WARNING","node":1,"msg":"No stored proposal for round=13 origin=0 — voting using fallback hash, may not match other peers"}
{"time":"2026-07-22 16:59:23,131","level":"INFO","node":1,"msg":"fc_in col7 delta self-cosine for node 0: -0.3858 (delta_norm=0.1920)"}
{"time":"2026-07-22 16:59:23,140","level":"INFO","node":1,"msg":"Per-class agreement with node 0: class0=0.960 class1=0.922 gap=0.037"}
{"time":"2026-07-22 16:59:23,142","level":"INFO","node":1,"msg":"Per-class rolling gap for node 0: mean=0.023 over last 4 round(s)"}
{"time":"2026-07-22 16:59:23,142","level":"INFO","node":1,"msg":"Trust score for node 0: S=0.812 (Z=1.00 A=0.95 P=0.50 R=1.00) advisory only"}
{"time":"2026-07-22 16:59:23,155","level":"INFO","node":1,"msg":"Sent consensus vote to node 0"}
{"time":"2026-07-22 16:59:23,265","level":"INFO","node":1,"msg":"[FC2 DELTA NORM] node 1 round=13 — fc2 delta norm this round: 0.0447"}
{"time":"2026-07-22 16:59:29,376","level":"INFO","node":1,"msg":"Forwarded to http://127.0.0.1:8000"}
{"time":"2026-07-22 16:59:36,186","level":"INFO","node":1,"msg":"Received update from node 0, round 14"}
{"time":"2026-07-22 16:59:45,936","level":"INFO","node":1,"msg":"ZKP ACCEPTED from node 0"}
{"time":"2026-07-22 16:59:47,211","level":"WARNING","node":1,"msg":"No stored proposal for round=14 origin=0 — voting using fallback hash, may not match other peers"}
{"time":"2026-07-22 16:59:47,211","level":"INFO","node":1,"msg":"fc_in col7 delta self-cosine for node 0: -0.3978 (delta_norm=0.2266)"}
{"time":"2026-07-22 16:59:47,220","level":"INFO","node":1,"msg":"Per-class agreement with node 0: class0=0.959 class1=0.946 gap=0.013"}
{"time":"2026-07-22 16:59:47,222","level":"INFO","node":1,"msg":"Per-class rolling gap for node 0: mean=0.023 over last 4 round(s)"}
{"time":"2026-07-22 16:59:47,222","level":"INFO","node":1,"msg":"Trust score for node 0: S=0.818 (Z=1.00 A=0.95 P=0.50 R=1.00) advisory only"}
{"time":"2026-07-22 16:59:47,264","level":"INFO","node":1,"msg":"Sent consensus vote to node 0"}
{"time":"2026-07-22 16:59:47,404","level":"INFO","node":1,"msg":"[FC2 DELTA NORM] node 1 round=14 — fc2 delta norm this round: 0.0282"}
{"time":"2026-07-22 16:59:53,510","level":"INFO","node":1,"msg":"Forwarded to http://127.0.0.1:8000"}
{"time":"2026-07-22 17:00:00,588","level":"INFO","node":1,"msg":"Received update from node 0, round 15"}
{"time":"2026-07-22 17:00:10,410","level":"INFO","node":1,"msg":"ZKP ACCEPTED from node 0"}
{"time":"2026-07-22 17:00:11,672","level":"WARNING","node":1,"msg":"No stored proposal for round=15 origin=0 — voting using fallback hash, may not match other peers"}
{"time":"2026-07-22 17:00:11,672","level":"INFO","node":1,"msg":"fc_in col7 delta self-cosine for node 0: -0.3518 (delta_norm=0.2249)"}
{"time":"2026-07-22 17:00:11,682","level":"INFO","node":1,"msg":"Per-class agreement with node 0: class0=0.976 class1=0.957 gap=0.019"}
{"time":"2026-07-22 17:00:11,682","level":"INFO","node":1,"msg":"Per-class rolling gap for node 0: mean=0.024 over last 4 round(s)"}
{"time":"2026-07-22 17:00:11,682","level":"INFO","node":1,"msg":"Trust score for node 0: S=0.831 (Z=1.00 A=0.97 P=0.50 R=1.00) advisory only"}
{"time":"2026-07-22 17:00:11,703","level":"INFO","node":1,"msg":"Sent consensus vote to node 0"}
{"time":"2026-07-22 17:00:11,851","level":"INFO","node":1,"msg":"[FC2 DELTA NORM] node 1 round=15 — fc2 delta norm this round: 0.0269"}
{"time":"2026-07-22 17:00:18,076","level":"INFO","node":1,"msg":"Forwarded to http://127.0.0.1:8000"}
{"time":"2026-07-22 17:00:24,853","level":"INFO","node":1,"msg":"Received update from node 0, round 16"}
{"time":"2026-07-22 17:00:34,631","level":"INFO","node":1,"msg":"ZKP ACCEPTED from node 0"}
{"time":"2026-07-22 17:00:35,878","level":"WARNING","node":1,"msg":"No stored proposal for round=16 origin=0 — voting using fallback hash, may not match other peers"}
{"time":"2026-07-22 17:00:35,878","level":"INFO","node":1,"msg":"fc_in col7 delta self-cosine for node 0: -0.5059 (delta_norm=0.2246)"}
{"time":"2026-07-22 17:00:35,888","level":"INFO","node":1,"msg":"Per-class agreement with node 0: class0=0.957 class1=0.938 gap=0.018"}
{"time":"2026-07-22 17:00:35,888","level":"INFO","node":1,"msg":"Per-class rolling gap for node 0: mean=0.022 over last 4 round(s)"}
{"time":"2026-07-22 17:00:35,888","level":"INFO","node":1,"msg":"Trust score for node 0: S=0.815 (Z=1.00 A=0.95 P=0.50 R=1.00) advisory only"}
{"time":"2026-07-22 17:00:35,916","level":"INFO","node":1,"msg":"Sent consensus vote to node 0"}
{"time":"2026-07-22 17:00:36,035","level":"INFO","node":1,"msg":"[FC2 DELTA NORM] node 1 round=16 — fc2 delta norm this round: 0.0274"}
{"time":"2026-07-22 17:00:36,035","level":"WARNING","node":1,"msg":"ZKP norm violation (clipping applied): slack=-194578, retry=0"}
{"time":"2026-07-22 17:00:44,150","level":"INFO","node":1,"msg":"Forwarded to http://127.0.0.1:8000"}
{"time":"2026-07-22 17:00:51,066","level":"INFO","node":1,"msg":"Received update from node 0, round 17"}
{"time":"2026-07-22 17:01:00,700","level":"INFO","node":1,"msg":"ZKP ACCEPTED from node 0"}
{"time":"2026-07-22 17:01:01,965","level":"WARNING","node":1,"msg":"No stored proposal for round=17 origin=0 — voting using fallback hash, may not match other peers"}
{"time":"2026-07-22 17:01:01,965","level":"INFO","node":1,"msg":"fc_in col7 delta self-cosine for node 0: -0.2470 (delta_norm=0.2232)"}
{"time":"2026-07-22 17:01:01,975","level":"INFO","node":1,"msg":"Per-class agreement with node 0: class0=0.972 class1=0.952 gap=0.021"}
{"time":"2026-07-22 17:01:01,975","level":"INFO","node":1,"msg":"Per-class rolling gap for node 0: mean=0.018 over last 4 round(s)"}
{"time":"2026-07-22 17:01:01,975","level":"INFO","node":1,"msg":"Trust score for node 0: S=0.828 (Z=1.00 A=0.97 P=0.50 R=1.00) advisory only"}
{"time":"2026-07-22 17:01:02,004","level":"INFO","node":1,"msg":"Sent consensus vote to node 0"}
{"time":"2026-07-22 17:01:02,156","level":"INFO","node":1,"msg":"[FC2 DELTA NORM] node 1 round=17 — fc2 delta norm this round: 0.0421"}
{"time":"2026-07-22 17:01:02,158","level":"WARNING","node":1,"msg":"ZKP norm violation (clipping applied): slack=-97348, retry=0"}
{"time":"2026-07-22 17:01:08,269","level":"INFO","node":1,"msg":"Forwarded to http://127.0.0.1:8000"}
{"time":"2026-07-22 17:01:15,022","level":"INFO","node":1,"msg":"Received update from node 0, round 18"}
{"time":"2026-07-22 17:01:24,692","level":"INFO","node":1,"msg":"ZKP ACCEPTED from node 0"}
{"time":"2026-07-22 17:01:25,971","level":"WARNING","node":1,"msg":"No stored proposal for round=18 origin=0 — voting using fallback hash, may not match other peers"}
{"time":"2026-07-22 17:01:25,972","level":"INFO","node":1,"msg":"fc_in col7 delta self-cosine for node 0: -0.3359 (delta_norm=0.2305)"}
{"time":"2026-07-22 17:01:25,978","level":"INFO","node":1,"msg":"Per-class agreement with node 0: class0=0.963 class1=0.938 gap=0.025"}
{"time":"2026-07-22 17:01:25,978","level":"INFO","node":1,"msg":"Per-class rolling gap for node 0: mean=0.021 over last 4 round(s)"}
{"time":"2026-07-22 17:01:25,978","level":"INFO","node":1,"msg":"Trust score for node 0: S=0.819 (Z=1.00 A=0.95 P=0.50 R=1.00) advisory only"}
{"time":"2026-07-22 17:01:25,992","level":"INFO","node":1,"msg":"Sent consensus vote to node 0"}
{"time":"2026-07-22 17:01:26,104","level":"INFO","node":1,"msg":"[FC2 DELTA NORM] node 1 round=18 — fc2 delta norm this round: 0.0294"}
{"time":"2026-07-22 17:01:26,104","level":"WARNING","node":1,"msg":"ZKP norm violation (clipping applied): slack=-19298, retry=0"}
{"time":"2026-07-22 17:01:32,173","level":"INFO","node":1,"msg":"Forwarded to http://127.0.0.1:8000"}
{"time":"2026-07-22 17:01:38,915","level":"INFO","node":1,"msg":"Received update from node 0, round 19"}
{"time":"2026-07-22 17:01:48,588","level":"INFO","node":1,"msg":"ZKP ACCEPTED from node 0"}
{"time":"2026-07-22 17:01:49,849","level":"WARNING","node":1,"msg":"No stored proposal for round=19 origin=0 — voting using fallback hash, may not match other peers"}
{"time":"2026-07-22 17:01:49,849","level":"INFO","node":1,"msg":"fc_in col7 delta self-cosine for node 0: -0.3141 (delta_norm=0.1969)"}
{"time":"2026-07-22 17:01:49,858","level":"INFO","node":1,"msg":"Per-class agreement with node 0: class0=0.962 class1=0.942 gap=0.020"}
{"time":"2026-07-22 17:01:49,858","level":"INFO","node":1,"msg":"Per-class rolling gap for node 0: mean=0.021 over last 4 round(s)"}
{"time":"2026-07-22 17:01:49,858","level":"INFO","node":1,"msg":"Trust score for node 0: S=0.819 (Z=1.00 A=0.96 P=0.50 R=1.00) advisory only"}
{"time":"2026-07-22 17:01:49,887","level":"INFO","node":1,"msg":"Sent consensus vote to node 0"}
{"time":"2026-07-22 17:01:50,003","level":"INFO","node":1,"msg":"[FC2 DELTA NORM] node 1 round=19 — fc2 delta norm this round: 0.0296"}
{"time":"2026-07-22 17:01:56,412","level":"INFO","node":1,"msg":"Forwarded to http://127.0.0.1:8000"}
{"time":"2026-07-22 17:04:42,402","level":"WARNING","node":1,"msg":"[WATCHDOG FIRING] No proposal received from node 0 for round 2 after 600s — treating as unreachable/stalled. fired_at=17:04:42"}
{"time":"2026-07-22 17:04:42,403","level":"ERROR","node":1,"msg":"Node 0 EXCLUDED from proposing and quorum. Quorum requirement adjusted to 1 of 1 remaining trusted nodes."}
{"time":"2026-07-22 17:04:42,415","level":"INFO","node":1,"msg":"Sent exclusion notice for node 0 to node 2"}
{"time":"2026-07-22 17:04:42,427","level":"INFO","node":1,"msg":"Sent exclusion notice for node 0 to node 3"}
{"time":"2026-07-22 17:04:42,428","level":"INFO","node":1,"msg":"Taking over as proposer for round 2 after watchdog timeout."}
{"time":"2026-07-22 17:04:42,431","level":"INFO","node":1,"msg":"Starting round 3"}
{"time":"2026-07-22 17:04:43,016","level":"INFO","node":1,"msg":"[FC2 DELTA NORM] node 1 round=2 — fc2 delta norm this round: 0.0329"}
{"time":"2026-07-22 17:05:05,525","level":"INFO","node":1,"msg":"Forwarded to http://127.0.0.1:8002"}
{"time":"2026-07-22 17:07:06,718","level":"INFO","node":1,"msg":"Starting node 1: Suburban Medical Clinic"}
{"time":"2026-07-22 17:07:06,718","level":"INFO","node":1,"msg":"[CONFIG DEBUG] attack_simulation loaded: enabled=True target_node=2 type=gradient_norm config_path=config_dev.json"}
{"time":"2026-07-22 17:07:06,759","level":"WARNING","node":1,"msg":"DEV MODE: running without TLS"}
{"time":"2026-07-22 17:07:06,759","level":"INFO","node":1,"msg":"Listening on 127.0.0.1:8001 | TLS=False"}
{"time":"2026-07-22 17:07:11,772","level":"INFO","node":1,"msg":"Sent public key to node 0"}
{"time":"2026-07-22 17:07:11,806","level":"INFO","node":1,"msg":"Sent consensus pubkey to node 0"}
{"time":"2026-07-22 17:07:11,807","level":"INFO","node":1,"msg":"Sent public key to node 2"}
{"time":"2026-07-22 17:07:11,823","level":"INFO","node":1,"msg":"Sent consensus pubkey to node 2"}
{"time":"2026-07-22 17:07:11,826","level":"INFO","node":1,"msg":"Sent public key to node 3"}
{"time":"2026-07-22 17:07:11,834","level":"INFO","node":1,"msg":"Sent consensus pubkey to node 3"}
{"time":"2026-07-22 17:07:14,135","level":"INFO","node":1,"msg":"Consensus pubkey received from node 2"}
{"time":"2026-07-22 17:07:14,135","level":"INFO","node":1,"msg":"Key exchange complete with node 2"}
{"time":"2026-07-22 17:07:16,419","level":"INFO","node":1,"msg":"Consensus pubkey received from node 3"}
{"time":"2026-07-22 17:07:16,426","level":"INFO","node":1,"msg":"Key exchange complete with node 3"}
{"time":"2026-07-22 17:07:22,573","level":"INFO","node":1,"msg":"Key exchange complete with node 0"}
{"time":"2026-07-22 17:07:22,594","level":"INFO","node":1,"msg":"Consensus pubkey received from node 0"}
{"time":"2026-07-22 17:07:29,884","level":"INFO","node":1,"msg":"Proposal received: round=0 origin=0 hash=3d8c5a5766c2..."}
{"time":"2026-07-22 17:07:29,937","level":"INFO","node":1,"msg":"Consensus vote recorded: node 0 decision=True reason=zkp_ok round=0 new=True satisfied=False"}
{"time":"2026-07-22 17:07:29,957","level":"INFO","node":1,"msg":"Received update from node 0, round 0"}
{"time":"2026-07-22 17:07:39,581","level":"INFO","node":1,"msg":"ZKP ACCEPTED from node 0"}
{"time":"2026-07-22 17:07:39,587","level":"INFO","node":1,"msg":"Trust score for node 0: S=0.429 (Z=1.00 A=0.50 P=0.50 R=1.00) advisory only"}
{"time":"2026-07-22 17:07:39,599","level":"INFO","node":1,"msg":"Sent consensus vote to node 0"}
{"time":"2026-07-22 17:07:39,603","level":"INFO","node":1,"msg":"Sent consensus vote to node 2"}
{"time":"2026-07-22 17:07:39,608","level":"INFO","node":1,"msg":"Sent consensus vote to node 3"}
{"time":"2026-07-22 17:07:40,820","level":"INFO","node":1,"msg":"[FC2 DELTA NORM] node 1 round=0 — fc2 delta norm this round: 0.1974"}
{"time":"2026-07-22 17:07:46,803","level":"INFO","node":1,"msg":"Forwarded to http://127.0.0.1:8002"}
{"time":"2026-07-22 17:07:56,409","level":"INFO","node":1,"msg":"Prediction agreement with node 2 round=0: A=0.290"}
{"time":"2026-07-22 17:07:56,409","level":"INFO","node":1,"msg":"Consensus vote recorded: node 2 decision=True reason=zkp_ok round=0 new=True satisfied=True"}
{"time":"2026-07-22 17:08:13,492","level":"INFO","node":1,"msg":"Prediction agreement with node 3 round=0: A=0.515"}
{"time":"2026-07-22 17:08:13,492","level":"INFO","node":1,"msg":"Consensus vote recorded: node 3 decision=True reason=zkp_ok round=0 new=True satisfied=True"}
{"time":"2026-07-22 17:08:20,777","level":"INFO","node":1,"msg":"Synced weights from master for round 0"}
{"time":"2026-07-22 17:08:20,799","level":"INFO","node":1,"msg":"Sent commit vote to node 0"}
{"time":"2026-07-22 17:08:20,900","level":"INFO","node":1,"msg":"My turn — starting round 2 as proposer."}
{"time":"2026-07-22 17:08:20,901","level":"INFO","node":1,"msg":"Starting round 2"}
{"time":"2026-07-22 17:08:21,038","level":"INFO","node":1,"msg":"[FC2 DELTA NORM] node 1 round=1 — fc2 delta norm this round: 0.3405"}
{"time":"2026-07-22 17:08:21,040","level":"WARNING","node":1,"msg":"ZKP norm violation (clipping applied): slack=-2967, retry=0"}
{"time":"2026-07-22 17:08:27,215","level":"INFO","node":1,"msg":"Sent proposal to node 0"}
{"time":"2026-07-22 17:08:27,234","level":"INFO","node":1,"msg":"Sent proposal to node 2"}
{"time":"2026-07-22 17:08:27,247","level":"INFO","node":1,"msg":"Sent proposal to node 3"}
{"time":"2026-07-22 17:08:27,255","level":"INFO","node":1,"msg":"Sent consensus vote to node 0"}
{"time":"2026-07-22 17:08:27,259","level":"INFO","node":1,"msg":"Sent consensus vote to node 2"}
{"time":"2026-07-22 17:08:27,264","level":"INFO","node":1,"msg":"Sent consensus vote to node 3"}
{"time":"2026-07-22 17:08:27,269","level":"INFO","node":1,"msg":"Forwarded to http://127.0.0.1:8002"}
{"time":"2026-07-22 17:09:14,696","level":"INFO","node":1,"msg":"Received update from node 0, round 1"}
{"time":"2026-07-22 17:09:14,696","level":"INFO","node":1,"msg":"Round 2 complete — aggregating"}
{"time":"2026-07-22 17:09:14,696","level":"WARNING","node":1,"msg":"Round 2 REJECTED — quorum not satisfied (attempt 1/3). Retrying round."}
{"time":"2026-07-22 17:09:15,206","level":"INFO","node":1,"msg":"Starting round 2"}
{"time":"2026-07-22 17:09:15,310","level":"INFO","node":1,"msg":"[FC2 DELTA NORM] node 1 round=1 — fc2 delta norm this round: 0.0968"}
{"time":"2026-07-22 17:09:15,312","level":"WARNING","node":1,"msg":"ZKP norm violation (clipping applied): slack=-207794, retry=0"}
{"time":"2026-07-22 17:09:21,344","level":"INFO","node":1,"msg":"Sent proposal to node 0"}
{"time":"2026-07-22 17:09:21,344","level":"INFO","node":1,"msg":"Sent proposal to node 2"}
{"time":"2026-07-22 17:09:21,375","level":"INFO","node":1,"msg":"Sent proposal to node 3"}
{"time":"2026-07-22 17:09:21,380","level":"INFO","node":1,"msg":"Sent consensus vote to node 0"}
{"time":"2026-07-22 17:09:21,383","level":"INFO","node":1,"msg":"Sent consensus vote to node 2"}
{"time":"2026-07-22 17:09:21,386","level":"INFO","node":1,"msg":"Sent consensus vote to node 3"}
{"time":"2026-07-22 17:09:21,389","level":"INFO","node":1,"msg":"Forwarded to http://127.0.0.1:8002"}
{"time":"2026-07-22 17:10:08,494","level":"INFO","node":1,"msg":"Received update from node 0, round 1"}
{"time":"2026-07-22 17:10:08,494","level":"INFO","node":1,"msg":"Round 2 complete — aggregating"}
{"time":"2026-07-22 17:10:08,494","level":"WARNING","node":1,"msg":"Round 2 REJECTED — quorum not satisfied (attempt 2/3). Retrying round."}
{"time":"2026-07-22 17:10:09,001","level":"INFO","node":1,"msg":"Starting round 2"}
{"time":"2026-07-22 17:10:09,103","level":"INFO","node":1,"msg":"[FC2 DELTA NORM] node 1 round=1 — fc2 delta norm this round: 0.0421"}
{"time":"2026-07-22 17:10:09,103","level":"WARNING","node":1,"msg":"ZKP norm violation (clipping applied): slack=-91891, retry=0"}
{"time":"2026-07-22 17:10:15,025","level":"INFO","node":1,"msg":"Sent proposal to node 0"}
{"time":"2026-07-22 17:10:15,042","level":"INFO","node":1,"msg":"Sent proposal to node 2"}
{"time":"2026-07-22 17:10:15,051","level":"INFO","node":1,"msg":"Sent proposal to node 3"}
{"time":"2026-07-22 17:10:15,053","level":"INFO","node":1,"msg":"Sent consensus vote to node 0"}
{"time":"2026-07-22 17:10:15,061","level":"INFO","node":1,"msg":"Sent consensus vote to node 2"}
{"time":"2026-07-22 17:10:15,065","level":"INFO","node":1,"msg":"Sent consensus vote to node 3"}
{"time":"2026-07-22 17:10:15,067","level":"INFO","node":1,"msg":"Forwarded to http://127.0.0.1:8002"}
{"time":"2026-07-22 17:10:24,808","level":"INFO","node":1,"msg":"Consensus vote recorded: node 2 decision=True reason=zkp_ok round=1 new=True satisfied=False"}
{"time":"2026-07-22 17:10:40,585","level":"INFO","node":1,"msg":"Consensus vote recorded: node 3 decision=True reason=zkp_ok round=1 new=True satisfied=True"}
{"time":"2026-07-22 17:10:56,229","level":"ERROR","node":1,"msg":"Node 2 EXCLUDED from proposing and quorum. Quorum requirement adjusted to 3 of 3 remaining trusted nodes."}
{"time":"2026-07-22 17:10:56,239","level":"ERROR","node":1,"msg":"Node 3 EXCLUDED from proposing and quorum. Quorum requirement adjusted to 2 of 2 remaining trusted nodes."}
{"time":"2026-07-22 17:11:02,580","level":"INFO","node":1,"msg":"Received update from node 0, round 1"}
{"time":"2026-07-22 17:11:02,580","level":"INFO","node":1,"msg":"Round 2 complete — aggregating"}
{"time":"2026-07-22 17:11:02,580","level":"WARNING","node":1,"msg":"Round 2 REJECTED — quorum not satisfied (attempt 3/3). Retrying round."}
{"time":"2026-07-22 17:11:03,084","level":"INFO","node":1,"msg":"Starting round 2"}
{"time":"2026-07-22 17:11:03,193","level":"INFO","node":1,"msg":"[FC2 DELTA NORM] node 1 round=1 — fc2 delta norm this round: 0.0336"}
{"time":"2026-07-22 17:11:09,438","level":"INFO","node":1,"msg":"Sent proposal to node 0"}
{"time":"2026-07-22 17:11:09,438","level":"INFO","node":1,"msg":"Sent consensus vote to node 0"}
{"time":"2026-07-22 17:11:09,445","level":"INFO","node":1,"msg":"Forwarded to http://127.0.0.1:8000"}
{"time":"2026-07-22 17:11:25,287","level":"INFO","node":1,"msg":"Received update from node 0, round 1"}
{"time":"2026-07-22 17:11:25,287","level":"INFO","node":1,"msg":"Round 2 complete — aggregating"}
{"time":"2026-07-22 17:11:25,287","level":"ERROR","node":1,"msg":"Round 2 REJECTED — quorum not satisfied after 3 retries. Skipping round, model NOT updated."}
{"time":"2026-07-22 17:11:25,303","level":"INFO","node":1,"msg":"Sent skip notice to node 0"}
{"time":"2026-07-22 17:11:25,309","level":"INFO","node":1,"msg":"Notified next proposer to node 0"}
{"time":"2026-07-22 17:11:25,311","level":"INFO","node":1,"msg":"[WATCHDOG SPAWNED] round=2 expected_proposer=0 timeout_s=600 spawned_at=17:11:25"}
{"time":"2026-07-22 17:11:31,513","level":"INFO","node":1,"msg":"Received update from node 0, round 2"}
{"time":"2026-07-22 17:11:41,275","level":"INFO","node":1,"msg":"ZKP ACCEPTED from node 0"}
{"time":"2026-07-22 17:11:42,551","level":"WARNING","node":1,"msg":"No stored proposal for round=2 origin=0 — voting using fallback hash, may not match other peers"}
{"time":"2026-07-22 17:11:42,561","level":"INFO","node":1,"msg":"Per-class agreement with node 0: class0=0.430 class1=0.489 gap=0.059"}
{"time":"2026-07-22 17:11:42,561","level":"INFO","node":1,"msg":"Per-class rolling gap for node 0: mean=0.059 over last 1 round(s)"}
{"time":"2026-07-22 17:11:42,561","level":"INFO","node":1,"msg":"Trust score for node 0: S=0.385 (Z=1.00 A=0.45 P=0.50 R=1.00) advisory only"}
{"time":"2026-07-22 17:11:42,588","level":"INFO","node":1,"msg":"Sent consensus vote to node 0"}
{"time":"2026-07-22 17:11:42,699","level":"INFO","node":1,"msg":"[FC2 DELTA NORM] node 1 round=2 — fc2 delta norm this round: 0.0462"}
{"time":"2026-07-22 17:11:42,701","level":"WARNING","node":1,"msg":"ZKP norm violation (clipping applied): slack=-301754, retry=0"}
{"time":"2026-07-22 17:11:48,767","level":"INFO","node":1,"msg":"Forwarded to http://127.0.0.1:8000"}
{"time":"2026-07-22 17:11:55,486","level":"INFO","node":1,"msg":"Received update from node 0, round 3"}
{"time":"2026-07-22 17:12:05,114","level":"INFO","node":1,"msg":"ZKP ACCEPTED from node 0"}
{"time":"2026-07-22 17:12:06,371","level":"WARNING","node":1,"msg":"No stored proposal for round=3 origin=0 — voting using fallback hash, may not match other peers"}
{"time":"2026-07-22 17:12:06,373","level":"INFO","node":1,"msg":"fc_in col7 delta self-cosine for node 0: -0.0962 (delta_norm=0.2820)"}
{"time":"2026-07-22 17:12:06,382","level":"INFO","node":1,"msg":"Per-class agreement with node 0: class0=0.859 class1=0.910 gap=0.051"}
{"time":"2026-07-22 17:12:06,382","level":"INFO","node":1,"msg":"Per-class rolling gap for node 0: mean=0.055 over last 2 round(s)"}
{"time":"2026-07-22 17:12:06,384","level":"INFO","node":1,"msg":"Trust score for node 0: S=0.750 (Z=1.00 A=0.87 P=0.50 R=1.00) advisory only"}
{"time":"2026-07-22 17:12:06,402","level":"INFO","node":1,"msg":"Sent consensus vote to node 0"}
{"time":"2026-07-22 17:12:06,541","level":"INFO","node":1,"msg":"[FC2 DELTA NORM] node 1 round=3 — fc2 delta norm this round: 0.0251"}
{"time":"2026-07-22 17:12:12,635","level":"INFO","node":1,"msg":"Forwarded to http://127.0.0.1:8000"}
{"time":"2026-07-22 17:12:19,371","level":"INFO","node":1,"msg":"Received update from node 0, round 4"}
{"time":"2026-07-22 17:12:29,104","level":"INFO","node":1,"msg":"ZKP ACCEPTED from node 0"}
{"time":"2026-07-22 17:12:30,372","level":"WARNING","node":1,"msg":"No stored proposal for round=4 origin=0 — voting using fallback hash, may not match other peers"}
{"time":"2026-07-22 17:12:30,372","level":"INFO","node":1,"msg":"fc_in col7 delta self-cosine for node 0: 0.0362 (delta_norm=0.2374)"}
{"time":"2026-07-22 17:12:30,384","level":"INFO","node":1,"msg":"Per-class agreement with node 0: class0=0.964 class1=0.975 gap=0.010"}
{"time":"2026-07-22 17:12:30,386","level":"INFO","node":1,"msg":"Per-class rolling gap for node 0: mean=0.040 over last 3 round(s)"}
{"time":"2026-07-22 17:12:30,386","level":"INFO","node":1,"msg":"Trust score for node 0: S=0.829 (Z=1.00 A=0.97 P=0.50 R=1.00) advisory only"}
{"time":"2026-07-22 17:12:30,409","level":"INFO","node":1,"msg":"Sent consensus vote to node 0"}
{"time":"2026-07-22 17:12:30,518","level":"INFO","node":1,"msg":"[FC2 DELTA NORM] node 1 round=4 — fc2 delta norm this round: 0.0431"}
{"time":"2026-07-22 17:12:30,520","level":"WARNING","node":1,"msg":"ZKP norm violation (clipping applied): slack=-24648, retry=0"}
{"time":"2026-07-22 17:12:36,531","level":"INFO","node":1,"msg":"Forwarded to http://127.0.0.1:8000"}
{"time":"2026-07-22 17:12:43,139","level":"INFO","node":1,"msg":"Received update from node 0, round 5"}
{"time":"2026-07-22 17:12:52,762","level":"INFO","node":1,"msg":"ZKP ACCEPTED from node 0"}
{"time":"2026-07-22 17:12:54,042","level":"WARNING","node":1,"msg":"No stored proposal for round=5 origin=0 — voting using fallback hash, may not match other peers"}
{"time":"2026-07-22 17:12:54,044","level":"INFO","node":1,"msg":"fc_in col7 delta self-cosine for node 0: -0.2007 (delta_norm=0.2344)"}
{"time":"2026-07-22 17:12:54,052","level":"INFO","node":1,"msg":"Per-class agreement with node 0: class0=0.975 class1=0.978 gap=0.003"}
{"time":"2026-07-22 17:12:54,052","level":"INFO","node":1,"msg":"Per-class rolling gap for node 0: mean=0.031 over last 4 round(s)"}
{"time":"2026-07-22 17:12:54,054","level":"INFO","node":1,"msg":"Trust score for node 0: S=0.836 (Z=1.00 A=0.98 P=0.50 R=1.00) advisory only"}
{"time":"2026-07-22 17:12:54,083","level":"INFO","node":1,"msg":"Sent consensus vote to node 0"}
{"time":"2026-07-22 17:12:54,193","level":"INFO","node":1,"msg":"[FC2 DELTA NORM] node 1 round=5 — fc2 delta norm this round: 0.0365"}
{"time":"2026-07-22 17:12:54,195","level":"WARNING","node":1,"msg":"ZKP norm violation (clipping applied): slack=-69362, retry=0"}
{"time":"2026-07-22 17:13:00,155","level":"INFO","node":1,"msg":"Forwarded to http://127.0.0.1:8000"}
{"time":"2026-07-22 17:13:06,971","level":"INFO","node":1,"msg":"Received update from node 0, round 6"}
{"time":"2026-07-22 17:13:16,738","level":"INFO","node":1,"msg":"ZKP ACCEPTED from node 0"}
{"time":"2026-07-22 17:13:17,999","level":"WARNING","node":1,"msg":"No stored proposal for round=6 origin=0 — voting using fallback hash, may not match other peers"}
{"time":"2026-07-22 17:13:17,999","level":"INFO","node":1,"msg":"fc_in col7 delta self-cosine for node 0: -0.1665 (delta_norm=0.2343)"}
{"time":"2026-07-22 17:13:18,009","level":"INFO","node":1,"msg":"Per-class agreement with node 0: class0=0.977 class1=0.972 gap=0.006"}
{"time":"2026-07-22 17:13:18,009","level":"INFO","node":1,"msg":"Per-class rolling gap for node 0: mean=0.017 over last 4 round(s)"}
{"time":"2026-07-22 17:13:18,009","level":"INFO","node":1,"msg":"Trust score for node 0: S=0.836 (Z=1.00 A=0.98 P=0.50 R=1.00) advisory only"}
{"time":"2026-07-22 17:13:18,021","level":"INFO","node":1,"msg":"Sent consensus vote to node 0"}
{"time":"2026-07-22 17:13:18,112","level":"INFO","node":1,"msg":"[FC2 DELTA NORM] node 1 round=6 — fc2 delta norm this round: 0.0242"}
{"time":"2026-07-22 17:13:24,197","level":"INFO","node":1,"msg":"Forwarded to http://127.0.0.1:8000"}
{"time":"2026-07-22 17:13:31,115","level":"INFO","node":1,"msg":"Received update from node 0, round 7"}
{"time":"2026-07-22 17:13:40,727","level":"INFO","node":1,"msg":"ZKP ACCEPTED from node 0"}
{"time":"2026-07-22 17:13:41,985","level":"WARNING","node":1,"msg":"No stored proposal for round=7 origin=0 — voting using fallback hash, may not match other peers"}
{"time":"2026-07-22 17:13:41,986","level":"INFO","node":1,"msg":"fc_in col7 delta self-cosine for node 0: -0.3075 (delta_norm=0.2250)"}
{"time":"2026-07-22 17:13:41,994","level":"INFO","node":1,"msg":"Per-class agreement with node 0: class0=0.972 class1=0.979 gap=0.007"}
{"time":"2026-07-22 17:13:41,994","level":"INFO","node":1,"msg":"Per-class rolling gap for node 0: mean=0.006 over last 4 round(s)"}
{"time":"2026-07-22 17:13:41,994","level":"INFO","node":1,"msg":"Trust score for node 0: S=0.835 (Z=1.00 A=0.97 P=0.50 R=1.00) advisory only"}
{"time":"2026-07-22 17:13:42,010","level":"INFO","node":1,"msg":"Sent consensus vote to node 0"}
{"time":"2026-07-22 17:13:42,146","level":"INFO","node":1,"msg":"[FC2 DELTA NORM] node 1 round=7 — fc2 delta norm this round: 0.0397"}
{"time":"2026-07-22 17:13:42,148","level":"WARNING","node":1,"msg":"ZKP norm violation (clipping applied): slack=-77899, retry=0"}
{"time":"2026-07-22 17:13:48,127","level":"INFO","node":1,"msg":"Forwarded to http://127.0.0.1:8000"}
{"time":"2026-07-22 17:13:54,840","level":"INFO","node":1,"msg":"Received update from node 0, round 8"}
{"time":"2026-07-22 17:14:04,495","level":"INFO","node":1,"msg":"ZKP ACCEPTED from node 0"}
{"time":"2026-07-22 17:14:05,767","level":"WARNING","node":1,"msg":"No stored proposal for round=8 origin=0 — voting using fallback hash, may not match other peers"}
{"time":"2026-07-22 17:14:05,769","level":"INFO","node":1,"msg":"fc_in col7 delta self-cosine for node 0: -0.3195 (delta_norm=0.2467)"}
{"time":"2026-07-22 17:14:05,785","level":"INFO","node":1,"msg":"Per-class agreement with node 0: class0=0.977 class1=0.968 gap=0.009"}
{"time":"2026-07-22 17:14:05,786","level":"INFO","node":1,"msg":"Per-class rolling gap for node 0: mean=0.006 over last 4 round(s)"}
{"time":"2026-07-22 17:14:05,786","level":"INFO","node":1,"msg":"Trust score for node 0: S=0.835 (Z=1.00 A=0.97 P=0.50 R=1.00) advisory only"}
{"time":"2026-07-22 17:14:05,819","level":"INFO","node":1,"msg":"Sent consensus vote to node 0"}
{"time":"2026-07-22 17:14:05,933","level":"INFO","node":1,"msg":"[FC2 DELTA NORM] node 1 round=8 — fc2 delta norm this round: 0.0303"}
{"time":"2026-07-22 17:14:11,788","level":"INFO","node":1,"msg":"Forwarded to http://127.0.0.1:8000"}
{"time":"2026-07-22 17:14:18,441","level":"INFO","node":1,"msg":"Received update from node 0, round 9"}
{"time":"2026-07-22 17:14:28,148","level":"INFO","node":1,"msg":"ZKP ACCEPTED from node 0"}
{"time":"2026-07-22 17:14:29,399","level":"WARNING","node":1,"msg":"No stored proposal for round=9 origin=0 — voting using fallback hash, may not match other peers"}
{"time":"2026-07-22 17:14:29,400","level":"INFO","node":1,"msg":"fc_in col7 delta self-cosine for node 0: -0.4245 (delta_norm=0.2578)"}
{"time":"2026-07-22 17:14:29,408","level":"INFO","node":1,"msg":"Per-class agreement with node 0: class0=0.969 class1=0.974 gap=0.005"}
{"time":"2026-07-22 17:14:29,410","level":"INFO","node":1,"msg":"Per-class rolling gap for node 0: mean=0.007 over last 4 round(s)"}
{"time":"2026-07-22 17:14:29,410","level":"INFO","node":1,"msg":"Trust score for node 0: S=0.832 (Z=1.00 A=0.97 P=0.50 R=1.00) advisory only"}
{"time":"2026-07-22 17:14:29,423","level":"INFO","node":1,"msg":"Sent consensus vote to node 0"}
{"time":"2026-07-22 17:14:29,537","level":"INFO","node":1,"msg":"[FC2 DELTA NORM] node 1 round=9 — fc2 delta norm this round: 0.0361"}
{"time":"2026-07-22 17:14:35,610","level":"INFO","node":1,"msg":"Forwarded to http://127.0.0.1:8000"}
{"time":"2026-07-22 17:14:42,328","level":"INFO","node":1,"msg":"Received update from node 0, round 10"}
{"time":"2026-07-22 17:14:51,941","level":"INFO","node":1,"msg":"ZKP ACCEPTED from node 0"}
{"time":"2026-07-22 17:14:53,210","level":"WARNING","node":1,"msg":"No stored proposal for round=10 origin=0 — voting using fallback hash, may not match other peers"}
{"time":"2026-07-22 17:14:53,210","level":"INFO","node":1,"msg":"fc_in col7 delta self-cosine for node 0: -0.4141 (delta_norm=0.2441)"}
{"time":"2026-07-22 17:14:53,219","level":"INFO","node":1,"msg":"Per-class agreement with node 0: class0=0.970 class1=0.977 gap=0.007"}
{"time":"2026-07-22 17:14:53,221","level":"INFO","node":1,"msg":"Per-class rolling gap for node 0: mean=0.007 over last 4 round(s)"}
{"time":"2026-07-22 17:14:53,221","level":"INFO","node":1,"msg":"Trust score for node 0: S=0.833 (Z=1.00 A=0.97 P=0.50 R=1.00) advisory only"}
{"time":"2026-07-22 17:14:53,241","level":"INFO","node":1,"msg":"Sent consensus vote to node 0"}
{"time":"2026-07-22 17:14:53,356","level":"INFO","node":1,"msg":"[FC2 DELTA NORM] node 1 round=10 — fc2 delta norm this round: 0.0407"}
{"time":"2026-07-22 17:14:53,356","level":"WARNING","node":1,"msg":"ZKP norm violation (clipping applied): slack=-453741, retry=0"}
{"time":"2026-07-22 17:14:59,388","level":"INFO","node":1,"msg":"Forwarded to http://127.0.0.1:8000"}
{"time":"2026-07-22 17:15:06,133","level":"INFO","node":1,"msg":"Received update from node 0, round 11"}
{"time":"2026-07-22 17:15:15,844","level":"INFO","node":1,"msg":"ZKP ACCEPTED from node 0"}
{"time":"2026-07-22 17:15:17,100","level":"WARNING","node":1,"msg":"No stored proposal for round=11 origin=0 — voting using fallback hash, may not match other peers"}
{"time":"2026-07-22 17:15:17,100","level":"INFO","node":1,"msg":"fc_in col7 delta self-cosine for node 0: -0.4215 (delta_norm=0.2253)"}
{"time":"2026-07-22 17:15:17,111","level":"INFO","node":1,"msg":"Per-class agreement with node 0: class0=0.970 class1=0.967 gap=0.002"}
{"time":"2026-07-22 17:15:17,111","level":"INFO","node":1,"msg":"Per-class rolling gap for node 0: mean=0.006 over last 4 round(s)"}
{"time":"2026-07-22 17:15:17,111","level":"INFO","node":1,"msg":"Trust score for node 0: S=0.831 (Z=1.00 A=0.97 P=0.50 R=1.00) advisory only"}
{"time":"2026-07-22 17:15:17,151","level":"INFO","node":1,"msg":"Sent consensus vote to node 0"}
{"time":"2026-07-22 17:15:17,291","level":"INFO","node":1,"msg":"[FC2 DELTA NORM] node 1 round=11 — fc2 delta norm this round: 0.0529"}
{"time":"2026-07-22 17:15:23,470","level":"INFO","node":1,"msg":"Forwarded to http://127.0.0.1:8000"}
{"time":"2026-07-22 17:15:30,209","level":"INFO","node":1,"msg":"Received update from node 0, round 12"}
{"time":"2026-07-22 17:15:39,872","level":"INFO","node":1,"msg":"ZKP ACCEPTED from node 0"}
{"time":"2026-07-22 17:15:41,138","level":"WARNING","node":1,"msg":"No stored proposal for round=12 origin=0 — voting using fallback hash, may not match other peers"}
{"time":"2026-07-22 17:15:41,140","level":"INFO","node":1,"msg":"fc_in col7 delta self-cosine for node 0: -0.2549 (delta_norm=0.2246)"}
{"time":"2026-07-22 17:15:41,150","level":"INFO","node":1,"msg":"Per-class agreement with node 0: class0=0.964 class1=0.964 gap=0.000"}
{"time":"2026-07-22 17:15:41,150","level":"INFO","node":1,"msg":"Per-class rolling gap for node 0: mean=0.004 over last 4 round(s)"}
{"time":"2026-07-22 17:15:41,150","level":"INFO","node":1,"msg":"Trust score for node 0: S=0.826 (Z=1.00 A=0.96 P=0.50 R=1.00) advisory only"}
{"time":"2026-07-22 17:15:41,162","level":"INFO","node":1,"msg":"Sent consensus vote to node 0"}
{"time":"2026-07-22 17:15:41,264","level":"INFO","node":1,"msg":"[FC2 DELTA NORM] node 1 round=12 — fc2 delta norm this round: 0.0231"}
{"time":"2026-07-22 17:15:47,257","level":"INFO","node":1,"msg":"Forwarded to http://127.0.0.1:8000"}
{"time":"2026-07-22 17:15:54,390","level":"INFO","node":1,"msg":"Received update from node 0, round 13"}
{"time":"2026-07-22 17:16:04,661","level":"INFO","node":1,"msg":"ZKP ACCEPTED from node 0"}
{"time":"2026-07-22 17:16:05,937","level":"WARNING","node":1,"msg":"No stored proposal for round=13 origin=0 — voting using fallback hash, may not match other peers"}
{"time":"2026-07-22 17:16:05,937","level":"INFO","node":1,"msg":"fc_in col7 delta self-cosine for node 0: -0.3982 (delta_norm=0.2118)"}
{"time":"2026-07-22 17:16:05,948","level":"INFO","node":1,"msg":"Per-class agreement with node 0: class0=0.967 class1=0.977 gap=0.010"}
{"time":"2026-07-22 17:16:05,948","level":"INFO","node":1,"msg":"Per-class rolling gap for node 0: mean=0.005 over last 4 round(s)"}
{"time":"2026-07-22 17:16:05,950","level":"INFO","node":1,"msg":"Trust score for node 0: S=0.832 (Z=1.00 A=0.97 P=0.50 R=1.00) advisory only"}
{"time":"2026-07-22 17:16:05,963","level":"INFO","node":1,"msg":"Sent consensus vote to node 0"}
{"time":"2026-07-22 17:16:06,108","level":"INFO","node":1,"msg":"[FC2 DELTA NORM] node 1 round=13 — fc2 delta norm this round: 0.0362"}
{"time":"2026-07-22 17:16:06,108","level":"WARNING","node":1,"msg":"ZKP norm violation (clipping applied): slack=-172501, retry=0"}
{"time":"2026-07-22 17:16:12,120","level":"INFO","node":1,"msg":"Forwarded to http://127.0.0.1:8000"}
{"time":"2026-07-22 17:16:19,093","level":"INFO","node":1,"msg":"Received update from node 0, round 14"}
{"time":"2026-07-22 17:16:28,786","level":"INFO","node":1,"msg":"ZKP ACCEPTED from node 0"}
{"time":"2026-07-22 17:16:30,057","level":"WARNING","node":1,"msg":"No stored proposal for round=14 origin=0 — voting using fallback hash, may not match other peers"}
{"time":"2026-07-22 17:16:30,058","level":"INFO","node":1,"msg":"fc_in col7 delta self-cosine for node 0: -0.3733 (delta_norm=0.2460)"}
{"time":"2026-07-22 17:16:30,066","level":"INFO","node":1,"msg":"Per-class agreement with node 0: class0=0.955 class1=0.966 gap=0.012"}
{"time":"2026-07-22 17:16:30,066","level":"INFO","node":1,"msg":"Per-class rolling gap for node 0: mean=0.006 over last 4 round(s)"}
{"time":"2026-07-22 17:16:30,066","level":"INFO","node":1,"msg":"Trust score for node 0: S=0.821 (Z=1.00 A=0.96 P=0.50 R=1.00) advisory only"}
{"time":"2026-07-22 17:16:30,090","level":"INFO","node":1,"msg":"Sent consensus vote to node 0"}
{"time":"2026-07-22 17:16:30,245","level":"INFO","node":1,"msg":"[FC2 DELTA NORM] node 1 round=14 — fc2 delta norm this round: 0.0252"}
{"time":"2026-07-22 17:16:36,255","level":"INFO","node":1,"msg":"Forwarded to http://127.0.0.1:8000"}
{"time":"2026-07-22 17:16:42,949","level":"INFO","node":1,"msg":"Received update from node 0, round 15"}
{"time":"2026-07-22 17:16:52,711","level":"INFO","node":1,"msg":"ZKP ACCEPTED from node 0"}
{"time":"2026-07-22 17:16:53,974","level":"WARNING","node":1,"msg":"No stored proposal for round=15 origin=0 — voting using fallback hash, may not match other peers"}
{"time":"2026-07-22 17:16:53,974","level":"INFO","node":1,"msg":"fc_in col7 delta self-cosine for node 0: -0.4825 (delta_norm=0.2189)"}
{"time":"2026-07-22 17:16:53,980","level":"INFO","node":1,"msg":"Per-class agreement with node 0: class0=0.960 class1=0.967 gap=0.007"}
{"time":"2026-07-22 17:16:53,980","level":"INFO","node":1,"msg":"Per-class rolling gap for node 0: mean=0.007 over last 4 round(s)"}
{"time":"2026-07-22 17:16:53,980","level":"INFO","node":1,"msg":"Trust score for node 0: S=0.825 (Z=1.00 A=0.96 P=0.50 R=1.00) advisory only"}
{"time":"2026-07-22 17:16:53,995","level":"INFO","node":1,"msg":"Sent consensus vote to node 0"}
{"time":"2026-07-22 17:16:54,105","level":"INFO","node":1,"msg":"[FC2 DELTA NORM] node 1 round=15 — fc2 delta norm this round: 0.0323"}
{"time":"2026-07-22 17:17:00,066","level":"INFO","node":1,"msg":"Forwarded to http://127.0.0.1:8000"}
{"time":"2026-07-22 17:17:07,053","level":"INFO","node":1,"msg":"Received update from node 0, round 16"}
{"time":"2026-07-22 17:17:16,988","level":"INFO","node":1,"msg":"ZKP ACCEPTED from node 0"}
{"time":"2026-07-22 17:17:18,238","level":"WARNING","node":1,"msg":"No stored proposal for round=16 origin=0 — voting using fallback hash, may not match other peers"}
{"time":"2026-07-22 17:17:18,238","level":"INFO","node":1,"msg":"fc_in col7 delta self-cosine for node 0: -0.1886 (delta_norm=0.2181)"}
{"time":"2026-07-22 17:17:18,247","level":"INFO","node":1,"msg":"Per-class agreement with node 0: class0=0.945 class1=0.946 gap=0.001"}
{"time":"2026-07-22 17:17:18,249","level":"INFO","node":1,"msg":"Per-class rolling gap for node 0: mean=0.007 over last 4 round(s)"}
{"time":"2026-07-22 17:17:18,249","level":"INFO","node":1,"msg":"Trust score for node 0: S=0.811 (Z=1.00 A=0.95 P=0.50 R=1.00) advisory only"}
{"time":"2026-07-22 17:17:18,276","level":"INFO","node":1,"msg":"Sent consensus vote to node 0"}
{"time":"2026-07-22 17:17:18,421","level":"INFO","node":1,"msg":"[FC2 DELTA NORM] node 1 round=16 — fc2 delta norm this round: 0.0356"}
{"time":"2026-07-22 17:17:18,423","level":"WARNING","node":1,"msg":"ZKP norm violation (clipping applied): slack=-370514, retry=0"}
{"time":"2026-07-22 17:17:24,954","level":"INFO","node":1,"msg":"Forwarded to http://127.0.0.1:8000"}
{"time":"2026-07-22 17:17:31,649","level":"INFO","node":1,"msg":"Received update from node 0, round 17"}
{"time":"2026-07-22 17:17:41,329","level":"INFO","node":1,"msg":"ZKP ACCEPTED from node 0"}
{"time":"2026-07-22 17:17:42,592","level":"WARNING","node":1,"msg":"No stored proposal for round=17 origin=0 — voting using fallback hash, may not match other peers"}
{"time":"2026-07-22 17:17:42,592","level":"INFO","node":1,"msg":"fc_in col7 delta self-cosine for node 0: -0.4984 (delta_norm=0.2366)"}
{"time":"2026-07-22 17:17:42,601","level":"INFO","node":1,"msg":"Per-class agreement with node 0: class0=0.947 class1=0.947 gap=0.001"}
{"time":"2026-07-22 17:17:42,601","level":"INFO","node":1,"msg":"Per-class rolling gap for node 0: mean=0.005 over last 4 round(s)"}
{"time":"2026-07-22 17:17:42,601","level":"INFO","node":1,"msg":"Trust score for node 0: S=0.812 (Z=1.00 A=0.95 P=0.50 R=1.00) advisory only"}
{"time":"2026-07-22 17:17:42,633","level":"INFO","node":1,"msg":"Sent consensus vote to node 0"}
{"time":"2026-07-22 17:17:42,743","level":"INFO","node":1,"msg":"[FC2 DELTA NORM] node 1 round=17 — fc2 delta norm this round: 0.0339"}
{"time":"2026-07-22 17:17:42,745","level":"WARNING","node":1,"msg":"ZKP norm violation (clipping applied): slack=-410168, retry=0"}
{"time":"2026-07-22 17:17:48,589","level":"INFO","node":1,"msg":"Forwarded to http://127.0.0.1:8000"}
{"time":"2026-07-22 17:17:55,137","level":"INFO","node":1,"msg":"Received update from node 0, round 18"}
{"time":"2026-07-22 17:18:05,153","level":"INFO","node":1,"msg":"ZKP ACCEPTED from node 0"}
{"time":"2026-07-22 17:18:06,403","level":"WARNING","node":1,"msg":"No stored proposal for round=18 origin=0 — voting using fallback hash, may not match other peers"}
{"time":"2026-07-22 17:18:06,403","level":"INFO","node":1,"msg":"fc_in col7 delta self-cosine for node 0: -0.2196 (delta_norm=0.1955)"}
{"time":"2026-07-22 17:18:06,411","level":"INFO","node":1,"msg":"Per-class agreement with node 0: class0=0.964 class1=0.984 gap=0.019"}
{"time":"2026-07-22 17:18:06,411","level":"INFO","node":1,"msg":"Per-class rolling gap for node 0: mean=0.007 over last 4 round(s)"}
{"time":"2026-07-22 17:18:06,411","level":"INFO","node":1,"msg":"Trust score for node 0: S=0.832 (Z=1.00 A=0.97 P=0.50 R=1.00) advisory only"}
{"time":"2026-07-22 17:18:06,433","level":"INFO","node":1,"msg":"Sent consensus vote to node 0"}
{"time":"2026-07-22 17:18:06,579","level":"INFO","node":1,"msg":"[FC2 DELTA NORM] node 1 round=18 — fc2 delta norm this round: 0.0319"}
{"time":"2026-07-22 17:18:06,580","level":"WARNING","node":1,"msg":"ZKP norm violation (clipping applied): slack=-54065, retry=0"}
{"time":"2026-07-22 17:18:12,806","level":"INFO","node":1,"msg":"Forwarded to http://127.0.0.1:8000"}
{"time":"2026-07-22 17:18:19,562","level":"INFO","node":1,"msg":"Received update from node 0, round 19"}
{"time":"2026-07-22 17:18:29,244","level":"INFO","node":1,"msg":"ZKP ACCEPTED from node 0"}
{"time":"2026-07-22 17:18:30,491","level":"WARNING","node":1,"msg":"No stored proposal for round=19 origin=0 — voting using fallback hash, may not match other peers"}
{"time":"2026-07-22 17:18:30,491","level":"INFO","node":1,"msg":"fc_in col7 delta self-cosine for node 0: -0.3543 (delta_norm=0.2261)"}
{"time":"2026-07-22 17:18:30,501","level":"INFO","node":1,"msg":"Per-class agreement with node 0: class0=0.960 class1=0.965 gap=0.005"}
{"time":"2026-07-22 17:18:30,501","level":"INFO","node":1,"msg":"Per-class rolling gap for node 0: mean=0.007 over last 4 round(s)"}
{"time":"2026-07-22 17:18:30,501","level":"INFO","node":1,"msg":"Trust score for node 0: S=0.824 (Z=1.00 A=0.96 P=0.50 R=1.00) advisory only"}
{"time":"2026-07-22 17:18:30,527","level":"INFO","node":1,"msg":"Sent consensus vote to node 0"}
{"time":"2026-07-22 17:18:30,640","level":"INFO","node":1,"msg":"[FC2 DELTA NORM] node 1 round=19 — fc2 delta norm this round: 0.0483"}
{"time":"2026-07-22 17:18:40,476","level":"INFO","node":1,"msg":"Forwarded to http://127.0.0.1:8000"}
{"time":"2026-07-22 17:24:51,853","level":"INFO","node":1,"msg":"Starting node 1: Suburban Medical Clinic"}
{"time":"2026-07-22 17:24:51,853","level":"INFO","node":1,"msg":"[CONFIG DEBUG] attack_simulation loaded: enabled=True target_node=2 type=gradient_norm config_path=config_dev.json"}
{"time":"2026-07-22 17:24:51,914","level":"WARNING","node":1,"msg":"DEV MODE: running without TLS"}
{"time":"2026-07-22 17:24:51,914","level":"INFO","node":1,"msg":"Listening on 127.0.0.1:8001 | TLS=False"}
{"time":"2026-07-22 17:24:56,939","level":"INFO","node":1,"msg":"Sent public key to node 0"}
{"time":"2026-07-22 17:24:56,944","level":"INFO","node":1,"msg":"Sent consensus pubkey to node 0"}
{"time":"2026-07-22 17:24:56,964","level":"INFO","node":1,"msg":"Sent consensus pubkey to node 2"}
{"time":"2026-07-22 17:24:56,965","level":"INFO","node":1,"msg":"Sent public key to node 2"}
{"time":"2026-07-22 17:24:56,972","level":"INFO","node":1,"msg":"Sent public key to node 3"}
{"time":"2026-07-22 17:24:56,974","level":"INFO","node":1,"msg":"Sent consensus pubkey to node 3"}
{"time":"2026-07-22 17:25:00,044","level":"INFO","node":1,"msg":"Consensus pubkey received from node 2"}
{"time":"2026-07-22 17:25:00,048","level":"INFO","node":1,"msg":"Key exchange complete with node 2"}
{"time":"2026-07-22 17:25:01,628","level":"INFO","node":1,"msg":"Key exchange complete with node 3"}
{"time":"2026-07-22 17:25:01,643","level":"INFO","node":1,"msg":"Consensus pubkey received from node 3"}
{"time":"2026-07-22 17:25:07,601","level":"INFO","node":1,"msg":"Key exchange complete with node 0"}
{"time":"2026-07-22 17:25:07,642","level":"INFO","node":1,"msg":"Consensus pubkey received from node 0"}
{"time":"2026-07-22 17:25:14,903","level":"INFO","node":1,"msg":"Proposal received: round=0 origin=0 hash=7a486776f125..."}
{"time":"2026-07-22 17:25:14,932","level":"INFO","node":1,"msg":"Consensus vote recorded: node 0 decision=True reason=zkp_ok round=0 new=True satisfied=False"}
{"time":"2026-07-22 17:25:14,950","level":"INFO","node":1,"msg":"Received update from node 0, round 0"}
{"time":"2026-07-22 17:25:24,650","level":"INFO","node":1,"msg":"ZKP ACCEPTED from node 0"}
{"time":"2026-07-22 17:25:24,657","level":"INFO","node":1,"msg":"Trust score for node 0: S=0.429 (Z=1.00 A=0.50 P=0.50 R=1.00) advisory only"}
{"time":"2026-07-22 17:25:24,665","level":"INFO","node":1,"msg":"Sent consensus vote to node 0"}
{"time":"2026-07-22 17:25:24,678","level":"INFO","node":1,"msg":"Sent consensus vote to node 2"}
{"time":"2026-07-22 17:25:24,682","level":"INFO","node":1,"msg":"Sent consensus vote to node 3"}
{"time":"2026-07-22 17:25:25,924","level":"INFO","node":1,"msg":"[FC2 DELTA NORM] node 1 round=0 — fc2 delta norm this round: 0.2360"}
{"time":"2026-07-22 17:25:31,991","level":"INFO","node":1,"msg":"Forwarded to http://127.0.0.1:8002"}
{"time":"2026-07-22 17:25:59,150","level":"INFO","node":1,"msg":"Prediction agreement with node 2 round=0: A=0.648"}
{"time":"2026-07-22 17:25:59,150","level":"INFO","node":1,"msg":"Consensus vote recorded: node 2 decision=True reason=zkp_ok round=0 new=True satisfied=True"}
{"time":"2026-07-22 17:26:54,996","level":"INFO","node":1,"msg":"Prediction agreement with node 3 round=0: A=0.702"}
{"time":"2026-07-22 17:26:54,999","level":"INFO","node":1,"msg":"Consensus vote recorded: node 3 decision=True reason=zkp_ok round=0 new=True satisfied=True"}
{"time":"2026-07-22 17:27:20,156","level":"INFO","node":1,"msg":"Synced weights from master for round 0"}
{"time":"2026-07-22 17:27:20,196","level":"INFO","node":1,"msg":"Sent commit vote to node 0"}
{"time":"2026-07-22 17:27:20,337","level":"INFO","node":1,"msg":"My turn — starting round 2 as proposer."}
{"time":"2026-07-22 17:27:20,338","level":"INFO","node":1,"msg":"Starting round 2"}
{"time":"2026-07-22 17:27:20,886","level":"INFO","node":1,"msg":"[FC2 DELTA NORM] node 1 round=1 — fc2 delta norm this round: 0.2869"}
{"time":"2026-07-22 17:27:42,129","level":"INFO","node":1,"msg":"Sent proposal to node 0"}
{"time":"2026-07-22 17:27:42,137","level":"INFO","node":1,"msg":"Sent proposal to node 2"}
{"time":"2026-07-22 17:27:42,159","level":"INFO","node":1,"msg":"Sent proposal to node 3"}
{"time":"2026-07-22 17:27:42,170","level":"INFO","node":1,"msg":"Sent consensus vote to node 0"}
{"time":"2026-07-22 17:27:42,183","level":"INFO","node":1,"msg":"Sent consensus vote to node 2"}
{"time":"2026-07-22 17:27:42,201","level":"INFO","node":1,"msg":"Sent consensus vote to node 3"}
{"time":"2026-07-22 17:27:42,213","level":"INFO","node":1,"msg":"Forwarded to http://127.0.0.1:8002"}
{"time":"2026-07-22 17:30:21,365","level":"INFO","node":1,"msg":"Received update from node 0, round 1"}
{"time":"2026-07-22 17:30:21,365","level":"INFO","node":1,"msg":"Round 2 complete — aggregating"}
{"time":"2026-07-22 17:30:21,365","level":"WARNING","node":1,"msg":"Round 2 REJECTED — quorum not satisfied (attempt 1/3). Retrying round."}
{"time":"2026-07-22 17:30:21,872","level":"INFO","node":1,"msg":"Starting round 2"}
{"time":"2026-07-22 17:30:22,497","level":"INFO","node":1,"msg":"[FC2 DELTA NORM] node 1 round=1 — fc2 delta norm this round: 0.1275"}
{"time":"2026-07-22 17:30:22,503","level":"WARNING","node":1,"msg":"ZKP norm violation (clipping applied): slack=-54713, retry=0"}
{"time":"2026-07-22 17:30:41,954","level":"INFO","node":1,"msg":"Sent proposal to node 0"}
{"time":"2026-07-22 17:30:41,961","level":"INFO","node":1,"msg":"Sent proposal to node 2"}
{"time":"2026-07-22 17:30:41,969","level":"INFO","node":1,"msg":"Sent proposal to node 3"}
{"time":"2026-07-22 17:30:41,980","level":"INFO","node":1,"msg":"Sent consensus vote to node 0"}
{"time":"2026-07-22 17:30:41,997","level":"INFO","node":1,"msg":"Sent consensus vote to node 2"}
{"time":"2026-07-22 17:30:42,007","level":"INFO","node":1,"msg":"Sent consensus vote to node 3"}
{"time":"2026-07-22 17:30:42,014","level":"INFO","node":1,"msg":"Forwarded to http://127.0.0.1:8002"}
{"time":"2026-07-22 17:32:58,430","level":"INFO","node":1,"msg":"Received update from node 0, round 1"}
{"time":"2026-07-22 17:32:58,430","level":"INFO","node":1,"msg":"Round 2 complete — aggregating"}
{"time":"2026-07-22 17:32:58,434","level":"WARNING","node":1,"msg":"Round 2 REJECTED — quorum not satisfied (attempt 2/3). Retrying round."}
{"time":"2026-07-22 17:32:58,937","level":"INFO","node":1,"msg":"Starting round 2"}
{"time":"2026-07-22 17:32:59,507","level":"INFO","node":1,"msg":"[FC2 DELTA NORM] node 1 round=1 — fc2 delta norm this round: 0.1024"}
{"time":"2026-07-22 17:33:21,138","level":"INFO","node":1,"msg":"Sent proposal to node 0"}
{"time":"2026-07-22 17:33:21,152","level":"INFO","node":1,"msg":"Sent proposal to node 2"}
{"time":"2026-07-22 17:33:21,173","level":"INFO","node":1,"msg":"Sent proposal to node 3"}
{"time":"2026-07-22 17:33:21,190","level":"INFO","node":1,"msg":"Sent consensus vote to node 0"}
{"time":"2026-07-22 17:33:21,197","level":"INFO","node":1,"msg":"Sent consensus vote to node 2"}
{"time":"2026-07-22 17:33:21,206","level":"INFO","node":1,"msg":"Sent consensus vote to node 3"}
{"time":"2026-07-22 17:33:21,232","level":"INFO","node":1,"msg":"Forwarded to http://127.0.0.1:8002"}
{"time":"2026-07-22 17:33:54,368","level":"INFO","node":1,"msg":"Consensus vote recorded: node 2 decision=True reason=zkp_ok round=1 new=True satisfied=False"}
{"time":"2026-07-22 17:34:48,331","level":"INFO","node":1,"msg":"Consensus vote recorded: node 3 decision=True reason=zkp_ok round=1 new=True satisfied=True"}
{"time":"2026-07-22 17:35:10,752","level":"ERROR","node":1,"msg":"Node 2 EXCLUDED from proposing and quorum. Quorum requirement adjusted to 3 of 3 remaining trusted nodes."}
{"time":"2026-07-22 17:35:10,777","level":"ERROR","node":1,"msg":"Node 3 EXCLUDED from proposing and quorum. Quorum requirement adjusted to 2 of 2 remaining trusted nodes."}
{"time":"2026-07-22 17:35:16,855","level":"INFO","node":1,"msg":"Received update from node 0, round 1"}
{"time":"2026-07-22 17:35:16,855","level":"INFO","node":1,"msg":"Round 2 complete — aggregating"}
{"time":"2026-07-22 17:35:16,855","level":"WARNING","node":1,"msg":"Round 2 REJECTED — quorum not satisfied (attempt 3/3). Retrying round."}
{"time":"2026-07-22 17:35:17,362","level":"INFO","node":1,"msg":"Starting round 2"}
{"time":"2026-07-22 17:35:17,466","level":"INFO","node":1,"msg":"[FC2 DELTA NORM] node 1 round=1 — fc2 delta norm this round: 0.0638"}
{"time":"2026-07-22 17:35:23,490","level":"INFO","node":1,"msg":"Sent proposal to node 0"}
{"time":"2026-07-22 17:35:23,490","level":"INFO","node":1,"msg":"Sent consensus vote to node 0"}
{"time":"2026-07-22 17:35:23,500","level":"INFO","node":1,"msg":"Forwarded to http://127.0.0.1:8000"}
{"time":"2026-07-22 17:35:39,270","level":"INFO","node":1,"msg":"Received update from node 0, round 1"}
{"time":"2026-07-22 17:35:39,270","level":"INFO","node":1,"msg":"Round 2 complete — aggregating"}
{"time":"2026-07-22 17:35:39,270","level":"ERROR","node":1,"msg":"Round 2 REJECTED — quorum not satisfied after 3 retries. Skipping round, model NOT updated."}
{"time":"2026-07-22 17:35:39,288","level":"INFO","node":1,"msg":"Sent skip notice to node 0"}
{"time":"2026-07-22 17:35:39,292","level":"INFO","node":1,"msg":"Notified next proposer to node 0"}
{"time":"2026-07-22 17:35:39,292","level":"INFO","node":1,"msg":"[WATCHDOG SPAWNED] round=2 expected_proposer=0 timeout_s=600 spawned_at=17:35:39"}
{"time":"2026-07-22 17:35:45,371","level":"INFO","node":1,"msg":"Received update from node 0, round 2"}
{"time":"2026-07-22 17:35:55,383","level":"INFO","node":1,"msg":"ZKP ACCEPTED from node 0"}
{"time":"2026-07-22 17:35:56,667","level":"WARNING","node":1,"msg":"No stored proposal for round=2 origin=0 — voting using fallback hash, may not match other peers"}
{"time":"2026-07-22 17:35:56,675","level":"INFO","node":1,"msg":"Per-class agreement with node 0: class0=0.708 class1=0.726 gap=0.018"}
{"time":"2026-07-22 17:35:56,677","level":"INFO","node":1,"msg":"Per-class rolling gap for node 0: mean=0.018 over last 1 round(s)"}
{"time":"2026-07-22 17:35:56,677","level":"INFO","node":1,"msg":"Trust score for node 0: S=0.612 (Z=1.00 A=0.71 P=0.50 R=1.00) advisory only"}
{"time":"2026-07-22 17:35:56,690","level":"INFO","node":1,"msg":"Sent consensus vote to node 0"}
{"time":"2026-07-22 17:35:56,795","level":"INFO","node":1,"msg":"[FC2 DELTA NORM] node 1 round=2 — fc2 delta norm this round: 0.0531"}
{"time":"2026-07-22 17:36:02,847","level":"INFO","node":1,"msg":"Forwarded to http://127.0.0.1:8000"}
{"time":"2026-07-22 17:36:09,419","level":"INFO","node":1,"msg":"Received update from node 0, round 3"}
{"time":"2026-07-22 17:36:19,086","level":"INFO","node":1,"msg":"ZKP ACCEPTED from node 0"}
{"time":"2026-07-22 17:36:20,358","level":"WARNING","node":1,"msg":"No stored proposal for round=3 origin=0 — voting using fallback hash, may not match other peers"}
{"time":"2026-07-22 17:36:20,358","level":"INFO","node":1,"msg":"fc_in col7 delta self-cosine for node 0: 0.0765 (delta_norm=0.3941)"}
{"time":"2026-07-22 17:36:20,368","level":"INFO","node":1,"msg":"Per-class agreement with node 0: class0=0.735 class1=0.810 gap=0.075"}
{"time":"2026-07-22 17:36:20,370","level":"INFO","node":1,"msg":"Per-class rolling gap for node 0: mean=0.046 over last 2 round(s)"}
{"time":"2026-07-22 17:36:20,370","level":"INFO","node":1,"msg":"Trust score for node 0: S=0.650 (Z=1.00 A=0.76 P=0.50 R=1.00) advisory only"}
{"time":"2026-07-22 17:36:20,400","level":"INFO","node":1,"msg":"Sent consensus vote to node 0"}
{"time":"2026-07-22 17:36:20,503","level":"INFO","node":1,"msg":"[FC2 DELTA NORM] node 1 round=3 — fc2 delta norm this round: 0.0336"}
{"time":"2026-07-22 17:36:20,505","level":"WARNING","node":1,"msg":"ZKP norm violation (clipping applied): slack=-155047, retry=0"}
{"time":"2026-07-22 17:36:26,548","level":"INFO","node":1,"msg":"Forwarded to http://127.0.0.1:8000"}
{"time":"2026-07-22 17:36:33,112","level":"INFO","node":1,"msg":"Received update from node 0, round 4"}
{"time":"2026-07-22 17:36:42,938","level":"INFO","node":1,"msg":"ZKP ACCEPTED from node 0"}
{"time":"2026-07-22 17:36:44,214","level":"WARNING","node":1,"msg":"No stored proposal for round=4 origin=0 — voting using fallback hash, may not match other peers"}
{"time":"2026-07-22 17:36:44,214","level":"INFO","node":1,"msg":"fc_in col7 delta self-cosine for node 0: 0.1584 (delta_norm=0.2287)"}
{"time":"2026-07-22 17:36:44,223","level":"INFO","node":1,"msg":"Per-class agreement with node 0: class0=0.950 class1=0.949 gap=0.001"}
{"time":"2026-07-22 17:36:44,223","level":"INFO","node":1,"msg":"Per-class rolling gap for node 0: mean=0.031 over last 3 round(s)"}
{"time":"2026-07-22 17:36:44,223","level":"INFO","node":1,"msg":"Trust score for node 0: S=0.814 (Z=1.00 A=0.95 P=0.50 R=1.00) advisory only"}
{"time":"2026-07-22 17:36:44,236","level":"INFO","node":1,"msg":"Sent consensus vote to node 0"}
{"time":"2026-07-22 17:36:44,354","level":"INFO","node":1,"msg":"[FC2 DELTA NORM] node 1 round=4 — fc2 delta norm this round: 0.0361"}
{"time":"2026-07-22 17:36:44,356","level":"WARNING","node":1,"msg":"ZKP norm violation (clipping applied): slack=-392891, retry=0"}
{"time":"2026-07-22 17:36:50,316","level":"INFO","node":1,"msg":"Forwarded to http://127.0.0.1:8000"}
{"time":"2026-07-22 17:36:57,000","level":"INFO","node":1,"msg":"Received update from node 0, round 5"}
{"time":"2026-07-22 17:37:06,877","level":"INFO","node":1,"msg":"ZKP ACCEPTED from node 0"}
{"time":"2026-07-22 17:37:08,141","level":"WARNING","node":1,"msg":"No stored proposal for round=5 origin=0 — voting using fallback hash, may not match other peers"}
{"time":"2026-07-22 17:37:08,141","level":"INFO","node":1,"msg":"fc_in col7 delta self-cosine for node 0: -0.2566 (delta_norm=0.2304)"}
{"time":"2026-07-22 17:37:08,150","level":"INFO","node":1,"msg":"Per-class agreement with node 0: class0=0.969 class1=0.955 gap=0.014"}
{"time":"2026-07-22 17:37:08,152","level":"INFO","node":1,"msg":"Per-class rolling gap for node 0: mean=0.027 over last 4 round(s)"}
{"time":"2026-07-22 17:37:08,152","level":"INFO","node":1,"msg":"Trust score for node 0: S=0.827 (Z=1.00 A=0.96 P=0.50 R=1.00) advisory only"}
{"time":"2026-07-22 17:37:08,173","level":"INFO","node":1,"msg":"Sent consensus vote to node 0"}
{"time":"2026-07-22 17:37:08,284","level":"INFO","node":1,"msg":"[FC2 DELTA NORM] node 1 round=5 — fc2 delta norm this round: 0.0472"}
{"time":"2026-07-22 17:37:14,394","level":"INFO","node":1,"msg":"Forwarded to http://127.0.0.1:8000"}
{"time":"2026-07-22 17:37:21,038","level":"INFO","node":1,"msg":"Received update from node 0, round 6"}
{"time":"2026-07-22 17:37:30,691","level":"INFO","node":1,"msg":"ZKP ACCEPTED from node 0"}
{"time":"2026-07-22 17:37:31,966","level":"WARNING","node":1,"msg":"No stored proposal for round=6 origin=0 — voting using fallback hash, may not match other peers"}
{"time":"2026-07-22 17:37:31,966","level":"INFO","node":1,"msg":"fc_in col7 delta self-cosine for node 0: -0.2232 (delta_norm=0.1937)"}
{"time":"2026-07-22 17:37:31,976","level":"INFO","node":1,"msg":"Per-class agreement with node 0: class0=0.964 class1=0.966 gap=0.002"}
{"time":"2026-07-22 17:37:31,976","level":"INFO","node":1,"msg":"Per-class rolling gap for node 0: mean=0.023 over last 4 round(s)"}
{"time":"2026-07-22 17:37:31,976","level":"INFO","node":1,"msg":"Trust score for node 0: S=0.827 (Z=1.00 A=0.96 P=0.50 R=1.00) advisory only"}
{"time":"2026-07-22 17:37:32,008","level":"INFO","node":1,"msg":"Sent consensus vote to node 0"}
{"time":"2026-07-22 17:37:32,147","level":"INFO","node":1,"msg":"[FC2 DELTA NORM] node 1 round=6 — fc2 delta norm this round: 0.0531"}
{"time":"2026-07-22 17:37:38,174","level":"INFO","node":1,"msg":"Forwarded to http://127.0.0.1:8000"}
{"time":"2026-07-22 17:37:44,898","level":"INFO","node":1,"msg":"Received update from node 0, round 7"}
{"time":"2026-07-22 17:37:54,747","level":"INFO","node":1,"msg":"ZKP ACCEPTED from node 0"}
{"time":"2026-07-22 17:37:56,011","level":"WARNING","node":1,"msg":"No stored proposal for round=7 origin=0 — voting using fallback hash, may not match other peers"}
{"time":"2026-07-22 17:37:56,011","level":"INFO","node":1,"msg":"fc_in col7 delta self-cosine for node 0: -0.3142 (delta_norm=0.2388)"}
{"time":"2026-07-22 17:37:56,021","level":"INFO","node":1,"msg":"Per-class agreement with node 0: class0=0.970 class1=0.958 gap=0.012"}
{"time":"2026-07-22 17:37:56,021","level":"INFO","node":1,"msg":"Per-class rolling gap for node 0: mean=0.007 over last 4 round(s)"}
{"time":"2026-07-22 17:37:56,021","level":"INFO","node":1,"msg":"Trust score for node 0: S=0.828 (Z=1.00 A=0.97 P=0.50 R=1.00) advisory only"}
{"time":"2026-07-22 17:37:56,032","level":"INFO","node":1,"msg":"Sent consensus vote to node 0"}
{"time":"2026-07-22 17:37:56,142","level":"INFO","node":1,"msg":"[FC2 DELTA NORM] node 1 round=7 — fc2 delta norm this round: 0.0434"}
{"time":"2026-07-22 17:37:56,142","level":"WARNING","node":1,"msg":"ZKP norm violation (clipping applied): slack=-601917, retry=0"}
{"time":"2026-07-22 17:38:02,151","level":"INFO","node":1,"msg":"Forwarded to http://127.0.0.1:8000"}
{"time":"2026-07-22 17:38:08,761","level":"INFO","node":1,"msg":"Received update from node 0, round 8"}
{"time":"2026-07-22 17:38:18,443","level":"INFO","node":1,"msg":"ZKP ACCEPTED from node 0"}
{"time":"2026-07-22 17:38:19,707","level":"WARNING","node":1,"msg":"No stored proposal for round=8 origin=0 — voting using fallback hash, may not match other peers"}
{"time":"2026-07-22 17:38:19,707","level":"INFO","node":1,"msg":"fc_in col7 delta self-cosine for node 0: -0.2176 (delta_norm=0.2429)"}
{"time":"2026-07-22 17:38:19,716","level":"INFO","node":1,"msg":"Per-class agreement with node 0: class0=0.956 class1=0.938 gap=0.018"}
{"time":"2026-07-22 17:38:19,716","level":"INFO","node":1,"msg":"Per-class rolling gap for node 0: mean=0.011 over last 4 round(s)"}
{"time":"2026-07-22 17:38:19,718","level":"INFO","node":1,"msg":"Trust score for node 0: S=0.815 (Z=1.00 A=0.95 P=0.50 R=1.00) advisory only"}
{"time":"2026-07-22 17:38:19,743","level":"INFO","node":1,"msg":"Sent consensus vote to node 0"}
{"time":"2026-07-22 17:38:19,856","level":"INFO","node":1,"msg":"[FC2 DELTA NORM] node 1 round=8 — fc2 delta norm this round: 0.0266"}
{"time":"2026-07-22 17:38:26,095","level":"INFO","node":1,"msg":"Forwarded to http://127.0.0.1:8000"}
{"time":"2026-07-22 17:38:32,796","level":"INFO","node":1,"msg":"Received update from node 0, round 9"}
{"time":"2026-07-22 17:38:42,672","level":"INFO","node":1,"msg":"ZKP ACCEPTED from node 0"}
{"time":"2026-07-22 17:38:43,935","level":"WARNING","node":1,"msg":"No stored proposal for round=9 origin=0 — voting using fallback hash, may not match other peers"}
{"time":"2026-07-22 17:38:43,938","level":"INFO","node":1,"msg":"fc_in col7 delta self-cosine for node 0: -0.4494 (delta_norm=0.2467)"}
{"time":"2026-07-22 17:38:43,953","level":"INFO","node":1,"msg":"Per-class agreement with node 0: class0=0.948 class1=0.920 gap=0.027"}
{"time":"2026-07-22 17:38:43,953","level":"INFO","node":1,"msg":"Per-class rolling gap for node 0: mean=0.015 over last 4 round(s)"}
{"time":"2026-07-22 17:38:43,953","level":"INFO","node":1,"msg":"Trust score for node 0: S=0.805 (Z=1.00 A=0.94 P=0.50 R=1.00) advisory only"}
{"time":"2026-07-22 17:38:43,965","level":"INFO","node":1,"msg":"Sent consensus vote to node 0"}
{"time":"2026-07-22 17:38:44,123","level":"INFO","node":1,"msg":"[FC2 DELTA NORM] node 1 round=9 — fc2 delta norm this round: 0.0444"}
{"time":"2026-07-22 17:38:44,125","level":"WARNING","node":1,"msg":"ZKP norm violation (clipping applied): slack=-253575, retry=0"}
{"time":"2026-07-22 17:38:50,134","level":"INFO","node":1,"msg":"Forwarded to http://127.0.0.1:8000"}
{"time":"2026-07-22 17:38:56,777","level":"INFO","node":1,"msg":"Received update from node 0, round 10"}
{"time":"2026-07-22 17:39:06,585","level":"INFO","node":1,"msg":"ZKP ACCEPTED from node 0"}
{"time":"2026-07-22 17:39:07,864","level":"WARNING","node":1,"msg":"No stored proposal for round=10 origin=0 — voting using fallback hash, may not match other peers"}
{"time":"2026-07-22 17:39:07,864","level":"INFO","node":1,"msg":"fc_in col7 delta self-cosine for node 0: -0.3194 (delta_norm=0.2305)"}
{"time":"2026-07-22 17:39:07,873","level":"INFO","node":1,"msg":"Per-class agreement with node 0: class0=0.971 class1=0.944 gap=0.028"}
{"time":"2026-07-22 17:39:07,873","level":"INFO","node":1,"msg":"Per-class rolling gap for node 0: mean=0.021 over last 4 round(s)"}
{"time":"2026-07-22 17:39:07,875","level":"INFO","node":1,"msg":"Trust score for node 0: S=0.825 (Z=1.00 A=0.96 P=0.50 R=1.00) advisory only"}
{"time":"2026-07-22 17:39:07,910","level":"INFO","node":1,"msg":"Sent consensus vote to node 0"}
{"time":"2026-07-22 17:39:08,009","level":"INFO","node":1,"msg":"[FC2 DELTA NORM] node 1 round=10 — fc2 delta norm this round: 0.0274"}
{"time":"2026-07-22 17:39:08,011","level":"WARNING","node":1,"msg":"ZKP norm violation (clipping applied): slack=-143115, retry=0"}
{"time":"2026-07-22 17:39:13,951","level":"INFO","node":1,"msg":"Forwarded to http://127.0.0.1:8000"}
{"time":"2026-07-22 17:39:20,662","level":"INFO","node":1,"msg":"Received update from node 0, round 11"}
{"time":"2026-07-22 17:39:30,484","level":"INFO","node":1,"msg":"ZKP ACCEPTED from node 0"}
{"time":"2026-07-22 17:39:31,757","level":"WARNING","node":1,"msg":"No stored proposal for round=11 origin=0 — voting using fallback hash, may not match other peers"}
{"time":"2026-07-22 17:39:31,758","level":"INFO","node":1,"msg":"fc_in col7 delta self-cosine for node 0: -0.2902 (delta_norm=0.2247)"}
{"time":"2026-07-22 17:39:31,767","level":"INFO","node":1,"msg":"Per-class agreement with node 0: class0=0.966 class1=0.951 gap=0.016"}
{"time":"2026-07-22 17:39:31,767","level":"INFO","node":1,"msg":"Per-class rolling gap for node 0: mean=0.022 over last 4 round(s)"}
{"time":"2026-07-22 17:39:31,767","level":"INFO","node":1,"msg":"Trust score for node 0: S=0.824 (Z=1.00 A=0.96 P=0.50 R=1.00) advisory only"}
{"time":"2026-07-22 17:39:31,783","level":"INFO","node":1,"msg":"Sent consensus vote to node 0"}
{"time":"2026-07-22 17:39:31,894","level":"INFO","node":1,"msg":"[FC2 DELTA NORM] node 1 round=11 — fc2 delta norm this round: 0.0439"}
{"time":"2026-07-22 17:39:31,894","level":"WARNING","node":1,"msg":"ZKP norm violation (clipping applied): slack=-74133, retry=0"}
{"time":"2026-07-22 17:39:37,820","level":"INFO","node":1,"msg":"Forwarded to http://127.0.0.1:8000"}
{"time":"2026-07-22 17:39:44,553","level":"INFO","node":1,"msg":"Received update from node 0, round 12"}
{"time":"2026-07-22 17:39:54,401","level":"INFO","node":1,"msg":"ZKP ACCEPTED from node 0"}
{"time":"2026-07-22 17:39:55,666","level":"WARNING","node":1,"msg":"No stored proposal for round=12 origin=0 — voting using fallback hash, may not match other peers"}
{"time":"2026-07-22 17:39:55,666","level":"INFO","node":1,"msg":"fc_in col7 delta self-cosine for node 0: -0.4028 (delta_norm=0.2311)"}
{"time":"2026-07-22 17:39:55,676","level":"INFO","node":1,"msg":"Per-class agreement with node 0: class0=0.949 class1=0.947 gap=0.002"}
{"time":"2026-07-22 17:39:55,676","level":"INFO","node":1,"msg":"Per-class rolling gap for node 0: mean=0.018 over last 4 round(s)"}
{"time":"2026-07-22 17:39:55,676","level":"INFO","node":1,"msg":"Trust score for node 0: S=0.813 (Z=1.00 A=0.95 P=0.50 R=1.00) advisory only"}
{"time":"2026-07-22 17:39:55,689","level":"INFO","node":1,"msg":"Sent consensus vote to node 0"}
{"time":"2026-07-22 17:39:55,803","level":"INFO","node":1,"msg":"[FC2 DELTA NORM] node 1 round=12 — fc2 delta norm this round: 0.0576"}
{"time":"2026-07-22 17:40:01,819","level":"INFO","node":1,"msg":"Forwarded to http://127.0.0.1:8000"}
{"time":"2026-07-22 17:40:08,479","level":"INFO","node":1,"msg":"Received update from node 0, round 13"}
{"time":"2026-07-22 17:40:18,266","level":"INFO","node":1,"msg":"ZKP ACCEPTED from node 0"}
{"time":"2026-07-22 17:40:19,545","level":"WARNING","node":1,"msg":"No stored proposal for round=13 origin=0 — voting using fallback hash, may not match other peers"}
{"time":"2026-07-22 17:40:19,547","level":"INFO","node":1,"msg":"fc_in col7 delta self-cosine for node 0: -0.5181 (delta_norm=0.2312)"}
{"time":"2026-07-22 17:40:19,547","level":"INFO","node":1,"msg":"Per-class agreement with node 0: class0=0.970 class1=0.908 gap=0.063"}
{"time":"2026-07-22 17:40:19,547","level":"INFO","node":1,"msg":"Per-class rolling gap for node 0: mean=0.027 over last 4 round(s)"}
{"time":"2026-07-22 17:40:19,547","level":"INFO","node":1,"msg":"Trust score for node 0: S=0.814 (Z=1.00 A=0.95 P=0.50 R=1.00) advisory only"}
{"time":"2026-07-22 17:40:19,564","level":"INFO","node":1,"msg":"Sent consensus vote to node 0"}
{"time":"2026-07-22 17:40:19,678","level":"INFO","node":1,"msg":"[FC2 DELTA NORM] node 1 round=13 — fc2 delta norm this round: 0.0372"}
{"time":"2026-07-22 17:40:19,678","level":"WARNING","node":1,"msg":"ZKP norm violation (clipping applied): slack=-43621, retry=0"}
{"time":"2026-07-22 17:40:25,582","level":"INFO","node":1,"msg":"Forwarded to http://127.0.0.1:8000"}
{"time":"2026-07-22 17:40:32,305","level":"INFO","node":1,"msg":"Received update from node 0, round 14"}
{"time":"2026-07-22 17:40:42,105","level":"INFO","node":1,"msg":"ZKP ACCEPTED from node 0"}
{"time":"2026-07-22 17:40:43,369","level":"WARNING","node":1,"msg":"No stored proposal for round=14 origin=0 — voting using fallback hash, may not match other peers"}
{"time":"2026-07-22 17:40:43,369","level":"INFO","node":1,"msg":"fc_in col7 delta self-cosine for node 0: -0.3072 (delta_norm=0.2441)"}
{"time":"2026-07-22 17:40:43,376","level":"INFO","node":1,"msg":"Per-class agreement with node 0: class0=0.950 class1=0.932 gap=0.018"}
{"time":"2026-07-22 17:40:43,376","level":"INFO","node":1,"msg":"Per-class rolling gap for node 0: mean=0.025 over last 4 round(s)"}
{"time":"2026-07-22 17:40:43,376","level":"INFO","node":1,"msg":"Trust score for node 0: S=0.810 (Z=1.00 A=0.94 P=0.50 R=1.00) advisory only"}
{"time":"2026-07-22 17:40:43,396","level":"INFO","node":1,"msg":"Sent consensus vote to node 0"}
{"time":"2026-07-22 17:40:43,501","level":"INFO","node":1,"msg":"[FC2 DELTA NORM] node 1 round=14 — fc2 delta norm this round: 0.0413"}
{"time":"2026-07-22 17:40:43,503","level":"WARNING","node":1,"msg":"ZKP norm violation (clipping applied): slack=-243028, retry=0"}
{"time":"2026-07-22 17:40:49,468","level":"INFO","node":1,"msg":"Forwarded to http://127.0.0.1:8000"}
{"time":"2026-07-22 17:40:56,165","level":"INFO","node":1,"msg":"Received update from node 0, round 15"}
{"time":"2026-07-22 17:41:05,964","level":"INFO","node":1,"msg":"ZKP ACCEPTED from node 0"}
{"time":"2026-07-22 17:41:07,239","level":"WARNING","node":1,"msg":"No stored proposal for round=15 origin=0 — voting using fallback hash, may not match other peers"}
{"time":"2026-07-22 17:41:07,241","level":"INFO","node":1,"msg":"fc_in col7 delta self-cosine for node 0: -0.4492 (delta_norm=0.2548)"}
{"time":"2026-07-22 17:41:07,251","level":"INFO","node":1,"msg":"Per-class agreement with node 0: class0=0.965 class1=0.898 gap=0.066"}
{"time":"2026-07-22 17:41:07,253","level":"INFO","node":1,"msg":"Per-class rolling gap for node 0: mean=0.037 over last 4 round(s)"}
{"time":"2026-07-22 17:41:07,253","level":"INFO","node":1,"msg":"Trust score for node 0: S=0.809 (Z=1.00 A=0.94 P=0.50 R=1.00) advisory only"}
{"time":"2026-07-22 17:41:07,268","level":"INFO","node":1,"msg":"Sent consensus vote to node 0"}
{"time":"2026-07-22 17:41:07,378","level":"INFO","node":1,"msg":"[FC2 DELTA NORM] node 1 round=15 — fc2 delta norm this round: 0.0321"}
{"time":"2026-07-22 17:41:07,378","level":"WARNING","node":1,"msg":"ZKP norm violation (clipping applied): slack=-119737, retry=0"}
{"time":"2026-07-22 17:41:13,263","level":"INFO","node":1,"msg":"Forwarded to http://127.0.0.1:8000"}
{"time":"2026-07-22 17:41:19,934","level":"INFO","node":1,"msg":"Received update from node 0, round 16"}
{"time":"2026-07-22 17:41:29,793","level":"INFO","node":1,"msg":"ZKP ACCEPTED from node 0"}
{"time":"2026-07-22 17:41:31,067","level":"WARNING","node":1,"msg":"No stored proposal for round=16 origin=0 — voting using fallback hash, may not match other peers"}
{"time":"2026-07-22 17:41:31,069","level":"INFO","node":1,"msg":"fc_in col7 delta self-cosine for node 0: -0.5212 (delta_norm=0.2513)"}
{"time":"2026-07-22 17:41:31,079","level":"INFO","node":1,"msg":"Per-class agreement with node 0: class0=0.960 class1=0.938 gap=0.023"}
{"time":"2026-07-22 17:41:31,079","level":"INFO","node":1,"msg":"Per-class rolling gap for node 0: mean=0.043 over last 4 round(s)"}
{"time":"2026-07-22 17:41:31,079","level":"INFO","node":1,"msg":"Trust score for node 0: S=0.817 (Z=1.00 A=0.95 P=0.50 R=1.00) advisory only"}
{"time":"2026-07-22 17:41:31,092","level":"INFO","node":1,"msg":"Sent consensus vote to node 0"}
{"time":"2026-07-22 17:41:31,218","level":"INFO","node":1,"msg":"[FC2 DELTA NORM] node 1 round=16 — fc2 delta norm this round: 0.0218"}
{"time":"2026-07-22 17:41:37,208","level":"INFO","node":1,"msg":"Forwarded to http://127.0.0.1:8000"}
{"time":"2026-07-22 17:41:43,929","level":"INFO","node":1,"msg":"Received update from node 0, round 17"}
{"time":"2026-07-22 17:41:53,571","level":"INFO","node":1,"msg":"ZKP ACCEPTED from node 0"}
{"time":"2026-07-22 17:41:54,839","level":"WARNING","node":1,"msg":"No stored proposal for round=17 origin=0 — voting using fallback hash, may not match other peers"}
{"time":"2026-07-22 17:41:54,841","level":"INFO","node":1,"msg":"fc_in col7 delta self-cosine for node 0: -0.3184 (delta_norm=0.2234)"}
{"time":"2026-07-22 17:41:54,851","level":"INFO","node":1,"msg":"Per-class agreement with node 0: class0=0.941 class1=0.933 gap=0.009"}
{"time":"2026-07-22 17:41:54,851","level":"INFO","node":1,"msg":"Per-class rolling gap for node 0: mean=0.029 over last 4 round(s)"}
{"time":"2026-07-22 17:41:54,851","level":"INFO","node":1,"msg":"Trust score for node 0: S=0.805 (Z=1.00 A=0.94 P=0.50 R=1.00) advisory only"}
{"time":"2026-07-22 17:41:54,875","level":"INFO","node":1,"msg":"Sent consensus vote to node 0"}
{"time":"2026-07-22 17:41:54,979","level":"INFO","node":1,"msg":"[FC2 DELTA NORM] node 1 round=17 — fc2 delta norm this round: 0.0370"}
{"time":"2026-07-22 17:41:54,980","level":"WARNING","node":1,"msg":"ZKP norm violation (clipping applied): slack=-96076, retry=0"}
{"time":"2026-07-22 17:42:01,038","level":"INFO","node":1,"msg":"Forwarded to http://127.0.0.1:8000"}
{"time":"2026-07-22 17:42:07,548","level":"INFO","node":1,"msg":"Received update from node 0, round 18"}
{"time":"2026-07-22 17:42:17,410","level":"INFO","node":1,"msg":"ZKP ACCEPTED from node 0"}
{"time":"2026-07-22 17:42:18,675","level":"WARNING","node":1,"msg":"No stored proposal for round=18 origin=0 — voting using fallback hash, may not match other peers"}
{"time":"2026-07-22 17:42:18,677","level":"INFO","node":1,"msg":"fc_in col7 delta self-cosine for node 0: -0.3601 (delta_norm=0.2347)"}
{"time":"2026-07-22 17:42:18,684","level":"INFO","node":1,"msg":"Per-class agreement with node 0: class0=0.947 class1=0.909 gap=0.038"}
{"time":"2026-07-22 17:42:18,684","level":"INFO","node":1,"msg":"Per-class rolling gap for node 0: mean=0.034 over last 4 round(s)"}
{"time":"2026-07-22 17:42:18,686","level":"INFO","node":1,"msg":"Trust score for node 0: S=0.801 (Z=1.00 A=0.93 P=0.50 R=1.00) advisory only"}
{"time":"2026-07-22 17:42:18,711","level":"INFO","node":1,"msg":"Sent consensus vote to node 0"}
{"time":"2026-07-22 17:42:18,870","level":"INFO","node":1,"msg":"[FC2 DELTA NORM] node 1 round=18 — fc2 delta norm this round: 0.0336"}
{"time":"2026-07-22 17:42:18,873","level":"WARNING","node":1,"msg":"ZKP norm violation (clipping applied): slack=-56030, retry=0"}
{"time":"2026-07-22 17:42:24,822","level":"INFO","node":1,"msg":"Forwarded to http://127.0.0.1:8000"}
{"time":"2026-07-22 17:42:31,526","level":"INFO","node":1,"msg":"Received update from node 0, round 19"}
{"time":"2026-07-22 17:42:41,180","level":"INFO","node":1,"msg":"ZKP ACCEPTED from node 0"}
{"time":"2026-07-22 17:42:42,467","level":"WARNING","node":1,"msg":"No stored proposal for round=19 origin=0 — voting using fallback hash, may not match other peers"}
{"time":"2026-07-22 17:42:42,470","level":"INFO","node":1,"msg":"fc_in col7 delta self-cosine for node 0: -0.2733 (delta_norm=0.2340)"}
{"time":"2026-07-22 17:42:42,478","level":"INFO","node":1,"msg":"Per-class agreement with node 0: class0=0.952 class1=0.913 gap=0.038"}
{"time":"2026-07-22 17:42:42,478","level":"INFO","node":1,"msg":"Per-class rolling gap for node 0: mean=0.027 over last 4 round(s)"}
{"time":"2026-07-22 17:42:42,480","level":"INFO","node":1,"msg":"Trust score for node 0: S=0.805 (Z=1.00 A=0.94 P=0.50 R=1.00) advisory only"}
{"time":"2026-07-22 17:42:42,515","level":"INFO","node":1,"msg":"Sent consensus vote to node 0"}
{"time":"2026-07-22 17:42:42,627","level":"INFO","node":1,"msg":"[FC2 DELTA NORM] node 1 round=19 — fc2 delta norm this round: 0.0370"}
{"time":"2026-07-22 17:42:48,653","level":"INFO","node":1,"msg":"Forwarded to http://127.0.0.1:8000"}
{"time":"2026-07-23 01:38:55,891","level":"INFO","node":1,"msg":"Starting node 1: Suburban Medical Clinic"}
{"time":"2026-07-23 01:38:55,891","level":"INFO","node":1,"msg":"[CONFIG DEBUG] attack_simulation loaded: enabled=True target_node=2 type=gradient_norm config_path=config_dev.json"}
{"time":"2026-07-23 01:38:56,207","level":"WARNING","node":1,"msg":"DEV MODE: running without TLS"}
{"time":"2026-07-23 01:38:56,207","level":"INFO","node":1,"msg":"Listening on 127.0.0.1:8001 | TLS=False"}
{"time":"2026-07-23 01:39:01,233","level":"INFO","node":1,"msg":"Sent public key to node 0"}
{"time":"2026-07-23 01:39:01,233","level":"INFO","node":1,"msg":"Sent consensus pubkey to node 0"}
{"time":"2026-07-23 01:39:01,243","level":"INFO","node":1,"msg":"Key exchange complete with node 3"}
{"time":"2026-07-23 01:39:01,255","level":"INFO","node":1,"msg":"Consensus pubkey received from node 3"}
{"time":"2026-07-23 01:39:01,256","level":"INFO","node":1,"msg":"Sent consensus pubkey to node 2"}
{"time":"2026-07-23 01:39:01,257","level":"INFO","node":1,"msg":"Sent public key to node 2"}
{"time":"2026-07-23 01:39:01,276","level":"INFO","node":1,"msg":"Key exchange complete with node 2"}
{"time":"2026-07-23 01:39:01,277","level":"INFO","node":1,"msg":"Sent consensus pubkey to node 3"}
{"time":"2026-07-23 01:39:01,282","level":"INFO","node":1,"msg":"Consensus pubkey received from node 2"}
{"time":"2026-07-23 01:39:01,288","level":"INFO","node":1,"msg":"Sent public key to node 3"}
{"time":"2026-07-23 01:39:12,907","level":"INFO","node":1,"msg":"Key exchange complete with node 0"}
{"time":"2026-07-23 01:39:12,960","level":"INFO","node":1,"msg":"Consensus pubkey received from node 0"}
{"time":"2026-07-23 01:39:21,065","level":"INFO","node":1,"msg":"Proposal received: round=0 origin=0 hash=e7feeb38cc58..."}
{"time":"2026-07-23 01:39:21,117","level":"INFO","node":1,"msg":"Consensus vote recorded: node 0 decision=True reason=zkp_ok round=0 new=True satisfied=False"}
{"time":"2026-07-23 01:39:21,126","level":"INFO","node":1,"msg":"Received update from node 0, round 0"}
{"time":"2026-07-23 01:39:30,781","level":"INFO","node":1,"msg":"ZKP ACCEPTED from node 0"}
{"time":"2026-07-23 01:39:30,802","level":"INFO","node":1,"msg":"Trust score for node 0: S=0.429 (Z=1.00 A=0.50 P=0.50 R=1.00) advisory only"}
{"time":"2026-07-23 01:39:30,813","level":"INFO","node":1,"msg":"Sent consensus vote to node 2"}
{"time":"2026-07-23 01:39:30,814","level":"INFO","node":1,"msg":"Sent consensus vote to node 0"}
{"time":"2026-07-23 01:39:30,831","level":"INFO","node":1,"msg":"Sent consensus vote to node 3"}
{"time":"2026-07-23 01:39:32,099","level":"INFO","node":1,"msg":"[FC2 DELTA NORM] node 1 round=0 — fc2 delta norm this round: 0.2958"}
{"time":"2026-07-23 01:39:32,102","level":"WARNING","node":1,"msg":"ZKP norm violation (clipping applied): slack=-56698, retry=0"}
{"time":"2026-07-23 01:39:38,199","level":"INFO","node":1,"msg":"Forwarded to http://127.0.0.1:8002"}
{"time":"2026-07-23 01:39:47,996","level":"INFO","node":1,"msg":"Prediction agreement with node 2 round=0: A=0.328"}
{"time":"2026-07-23 01:39:47,996","level":"INFO","node":1,"msg":"Consensus vote recorded: node 2 decision=True reason=zkp_ok round=0 new=True satisfied=True"}
{"time":"2026-07-23 01:40:04,708","level":"INFO","node":1,"msg":"Prediction agreement with node 3 round=0: A=0.730"}
{"time":"2026-07-23 01:40:04,708","level":"INFO","node":1,"msg":"Consensus vote recorded: node 3 decision=True reason=zkp_ok round=0 new=True satisfied=True"}
{"time":"2026-07-23 01:40:11,961","level":"INFO","node":1,"msg":"Synced weights from master for round 0"}
{"time":"2026-07-23 01:40:11,973","level":"INFO","node":1,"msg":"Sent commit vote to node 0"}
{"time":"2026-07-23 01:40:12,085","level":"INFO","node":1,"msg":"My turn — starting round 2 as proposer."}
{"time":"2026-07-23 01:40:12,085","level":"INFO","node":1,"msg":"Starting round 2"}
{"time":"2026-07-23 01:40:12,236","level":"INFO","node":1,"msg":"[FC2 DELTA NORM] node 1 round=1 — fc2 delta norm this round: 0.3051"}
{"time":"2026-07-23 01:40:18,295","level":"INFO","node":1,"msg":"Sent proposal to node 0"}
{"time":"2026-07-23 01:40:18,314","level":"INFO","node":1,"msg":"Sent proposal to node 2"}
{"time":"2026-07-23 01:40:18,320","level":"INFO","node":1,"msg":"Sent proposal to node 3"}
{"time":"2026-07-23 01:40:18,335","level":"INFO","node":1,"msg":"Sent consensus vote to node 0"}
{"time":"2026-07-23 01:40:18,336","level":"INFO","node":1,"msg":"Sent consensus vote to node 2"}
{"time":"2026-07-23 01:40:18,337","level":"INFO","node":1,"msg":"Sent consensus vote to node 3"}
{"time":"2026-07-23 01:40:18,341","level":"INFO","node":1,"msg":"Forwarded to http://127.0.0.1:8002"}
{"time":"2026-07-23 01:41:05,865","level":"INFO","node":1,"msg":"Received update from node 0, round 1"}
{"time":"2026-07-23 01:41:05,865","level":"INFO","node":1,"msg":"Round 2 complete — aggregating"}
{"time":"2026-07-23 01:41:05,865","level":"WARNING","node":1,"msg":"Round 2 REJECTED — quorum not satisfied (attempt 1/3). Retrying round."}
{"time":"2026-07-23 01:41:06,381","level":"INFO","node":1,"msg":"Starting round 2"}
{"time":"2026-07-23 01:41:06,495","level":"INFO","node":1,"msg":"[FC2 DELTA NORM] node 1 round=1 — fc2 delta norm this round: 0.0948"}
{"time":"2026-07-23 01:41:12,430","level":"INFO","node":1,"msg":"Sent proposal to node 0"}
{"time":"2026-07-23 01:41:12,441","level":"INFO","node":1,"msg":"Sent proposal to node 2"}
{"time":"2026-07-23 01:41:12,455","level":"INFO","node":1,"msg":"Sent proposal to node 3"}
{"time":"2026-07-23 01:41:12,461","level":"INFO","node":1,"msg":"Sent consensus vote to node 0"}
{"time":"2026-07-23 01:41:12,463","level":"INFO","node":1,"msg":"Sent consensus vote to node 3"}
{"time":"2026-07-23 01:41:12,463","level":"INFO","node":1,"msg":"Sent consensus vote to node 2"}
{"time":"2026-07-23 01:41:12,466","level":"INFO","node":1,"msg":"Forwarded to http://127.0.0.1:8002"}
{"time":"2026-07-23 01:41:59,839","level":"INFO","node":1,"msg":"Received update from node 0, round 1"}
{"time":"2026-07-23 01:41:59,839","level":"INFO","node":1,"msg":"Round 2 complete — aggregating"}
{"time":"2026-07-23 01:41:59,839","level":"WARNING","node":1,"msg":"Round 2 REJECTED — quorum not satisfied (attempt 2/3). Retrying round."}
{"time":"2026-07-23 01:42:00,351","level":"INFO","node":1,"msg":"Starting round 2"}
{"time":"2026-07-23 01:42:00,518","level":"INFO","node":1,"msg":"[FC2 DELTA NORM] node 1 round=1 — fc2 delta norm this round: 0.0720"}
{"time":"2026-07-23 01:42:06,450","level":"INFO","node":1,"msg":"Sent proposal to node 0"}
{"time":"2026-07-23 01:42:06,450","level":"INFO","node":1,"msg":"Sent proposal to node 2"}
{"time":"2026-07-23 01:42:06,466","level":"INFO","node":1,"msg":"Sent proposal to node 3"}
{"time":"2026-07-23 01:42:06,477","level":"INFO","node":1,"msg":"Sent consensus vote to node 0"}
{"time":"2026-07-23 01:42:06,482","level":"INFO","node":1,"msg":"Sent consensus vote to node 3"}
{"time":"2026-07-23 01:42:06,482","level":"INFO","node":1,"msg":"Sent consensus vote to node 2"}
{"time":"2026-07-23 01:42:06,488","level":"INFO","node":1,"msg":"Forwarded to http://127.0.0.1:8002"}
{"time":"2026-07-23 01:42:16,233","level":"INFO","node":1,"msg":"Consensus vote recorded: node 2 decision=True reason=zkp_ok round=1 new=True satisfied=False"}
{"time":"2026-07-23 01:42:32,173","level":"INFO","node":1,"msg":"Consensus vote recorded: node 3 decision=True reason=zkp_ok round=1 new=True satisfied=True"}
{"time":"2026-07-23 01:42:48,043","level":"ERROR","node":1,"msg":"Node 3 EXCLUDED from proposing and quorum. Quorum requirement adjusted to 3 of 3 remaining trusted nodes."}
{"time":"2026-07-23 01:42:48,045","level":"ERROR","node":1,"msg":"Node 2 EXCLUDED from proposing and quorum. Quorum requirement adjusted to 2 of 2 remaining trusted nodes."}
{"time":"2026-07-23 01:42:53,943","level":"INFO","node":1,"msg":"Received update from node 0, round 1"}
{"time":"2026-07-23 01:42:53,943","level":"INFO","node":1,"msg":"Round 2 complete — aggregating"}
{"time":"2026-07-23 01:42:53,943","level":"WARNING","node":1,"msg":"Round 2 REJECTED — quorum not satisfied (attempt 3/3). Retrying round."}
{"time":"2026-07-23 01:42:54,455","level":"INFO","node":1,"msg":"Starting round 2"}
{"time":"2026-07-23 01:42:54,570","level":"INFO","node":1,"msg":"[FC2 DELTA NORM] node 1 round=1 — fc2 delta norm this round: 0.0915"}
{"time":"2026-07-23 01:43:00,579","level":"INFO","node":1,"msg":"Sent proposal to node 0"}
{"time":"2026-07-23 01:43:00,579","level":"INFO","node":1,"msg":"Sent consensus vote to node 0"}
{"time":"2026-07-23 01:43:00,588","level":"INFO","node":1,"msg":"Forwarded to http://127.0.0.1:8000"}
{"time":"2026-07-23 01:43:16,588","level":"INFO","node":1,"msg":"Received update from node 0, round 1"}
{"time":"2026-07-23 01:43:16,588","level":"INFO","node":1,"msg":"Round 2 complete — aggregating"}
{"time":"2026-07-23 01:43:16,588","level":"ERROR","node":1,"msg":"Round 2 REJECTED — quorum not satisfied after 3 retries. Skipping round, model NOT updated."}
{"time":"2026-07-23 01:43:16,591","level":"INFO","node":1,"msg":"Sent skip notice to node 0"}
{"time":"2026-07-23 01:43:16,598","level":"INFO","node":1,"msg":"Notified next proposer to node 0"}
{"time":"2026-07-23 01:43:16,598","level":"INFO","node":1,"msg":"[WATCHDOG SPAWNED] round=2 expected_proposer=0 timeout_s=600 spawned_at=01:43:16"}
{"time":"2026-07-23 01:43:22,502","level":"INFO","node":1,"msg":"Received update from node 0, round 2"}
{"time":"2026-07-23 01:43:32,286","level":"INFO","node":1,"msg":"ZKP ACCEPTED from node 0"}
{"time":"2026-07-23 01:43:33,558","level":"WARNING","node":1,"msg":"No stored proposal for round=2 origin=0 — voting using fallback hash, may not match other peers"}
{"time":"2026-07-23 01:43:33,558","level":"INFO","node":1,"msg":"Per-class agreement with node 0: class0=0.513 class1=0.349 gap=0.163"}
{"time":"2026-07-23 01:43:33,567","level":"INFO","node":1,"msg":"Per-class rolling gap for node 0: mean=0.163 over last 1 round(s)"}
{"time":"2026-07-23 01:43:33,567","level":"INFO","node":1,"msg":"Trust score for node 0: S=0.395 (Z=1.00 A=0.46 P=0.50 R=1.00) advisory only"}
{"time":"2026-07-23 01:43:33,592","level":"INFO","node":1,"msg":"Sent consensus vote to node 0"}
{"time":"2026-07-23 01:43:33,691","level":"INFO","node":1,"msg":"[FC2 DELTA NORM] node 1 round=2 — fc2 delta norm this round: 0.0532"}
{"time":"2026-07-23 01:43:33,691","level":"WARNING","node":1,"msg":"ZKP norm violation (clipping applied): slack=-296321, retry=0"}
{"time":"2026-07-23 01:43:39,732","level":"INFO","node":1,"msg":"Forwarded to http://127.0.0.1:8000"}
{"time":"2026-07-23 01:43:46,462","level":"INFO","node":1,"msg":"Received update from node 0, round 3"}
{"time":"2026-07-23 01:43:56,255","level":"INFO","node":1,"msg":"ZKP ACCEPTED from node 0"}
{"time":"2026-07-23 01:43:57,519","level":"WARNING","node":1,"msg":"No stored proposal for round=3 origin=0 — voting using fallback hash, may not match other peers"}
{"time":"2026-07-23 01:43:57,519","level":"INFO","node":1,"msg":"fc_in col7 delta self-cosine for node 0: 0.0809 (delta_norm=0.4000)"}
{"time":"2026-07-23 01:43:57,529","level":"INFO","node":1,"msg":"Per-class agreement with node 0: class0=0.820 class1=0.731 gap=0.089"}
{"time":"2026-07-23 01:43:57,529","level":"INFO","node":1,"msg":"Per-class rolling gap for node 0: mean=0.126 over last 2 round(s)"}
{"time":"2026-07-23 01:43:57,529","level":"INFO","node":1,"msg":"Trust score for node 0: S=0.679 (Z=1.00 A=0.79 P=0.50 R=1.00) advisory only"}
{"time":"2026-07-23 01:43:57,541","level":"INFO","node":1,"msg":"Sent consensus vote to node 0"}
{"time":"2026-07-23 01:43:57,655","level":"INFO","node":1,"msg":"[FC2 DELTA NORM] node 1 round=3 — fc2 delta norm this round: 0.0618"}
{"time":"2026-07-23 01:44:03,604","level":"INFO","node":1,"msg":"Forwarded to http://127.0.0.1:8000"}
{"time":"2026-07-23 01:44:10,255","level":"INFO","node":1,"msg":"Received update from node 0, round 4"}
{"time":"2026-07-23 01:44:20,134","level":"INFO","node":1,"msg":"ZKP ACCEPTED from node 0"}
{"time":"2026-07-23 01:44:21,388","level":"WARNING","node":1,"msg":"No stored proposal for round=4 origin=0 — voting using fallback hash, may not match other peers"}
{"time":"2026-07-23 01:44:21,391","level":"INFO","node":1,"msg":"fc_in col7 delta self-cosine for node 0: 0.0085 (delta_norm=0.2323)"}
{"time":"2026-07-23 01:44:21,410","level":"INFO","node":1,"msg":"Per-class agreement with node 0: class0=0.959 class1=0.879 gap=0.080"}
{"time":"2026-07-23 01:44:21,411","level":"INFO","node":1,"msg":"Per-class rolling gap for node 0: mean=0.111 over last 3 round(s)"}
{"time":"2026-07-23 01:44:21,412","level":"INFO","node":1,"msg":"Trust score for node 0: S=0.800 (Z=1.00 A=0.93 P=0.50 R=1.00) advisory only"}
{"time":"2026-07-23 01:44:21,445","level":"INFO","node":1,"msg":"Sent consensus vote to node 0"}
{"time":"2026-07-23 01:44:22,091","level":"INFO","node":1,"msg":"[FC2 DELTA NORM] node 1 round=4 — fc2 delta norm this round: 0.0521"}
{"time":"2026-07-23 01:44:22,091","level":"WARNING","node":1,"msg":"ZKP norm violation (clipping applied): slack=-130495, retry=0"}
{"time":"2026-07-23 01:44:43,132","level":"INFO","node":1,"msg":"Forwarded to http://127.0.0.1:8000"}
{"time":"2026-07-23 01:45:05,376","level":"INFO","node":1,"msg":"Received update from node 0, round 5"}
{"time":"2026-07-23 01:45:37,677","level":"INFO","node":1,"msg":"ZKP ACCEPTED from node 0"}
{"time":"2026-07-23 01:45:38,769","level":"WARNING","node":1,"msg":"No stored proposal for round=5 origin=0 — voting using fallback hash, may not match other peers"}
{"time":"2026-07-23 01:45:38,770","level":"INFO","node":1,"msg":"fc_in col7 delta self-cosine for node 0: -0.2846 (delta_norm=0.2331)"}
{"time":"2026-07-23 01:45:38,783","level":"INFO","node":1,"msg":"Per-class agreement with node 0: class0=0.960 class1=0.958 gap=0.002"}
{"time":"2026-07-23 01:45:38,784","level":"INFO","node":1,"msg":"Per-class rolling gap for node 0: mean=0.084 over last 4 round(s)"}
{"time":"2026-07-23 01:45:38,784","level":"WARNING","node":1,"msg":"[PER-CLASS AGREEMENT CHECK] node 1 observed node 0: SUSTAINED class agreement gap, rolling mean=0.084 over 4 rounds — possible asymmetric/label_flip-style corruption"}
{"time":"2026-07-23 01:45:38,784","level":"INFO","node":1,"msg":"Trust score for node 0: S=0.822 (Z=1.00 A=0.96 P=0.50 R=1.00) advisory only"}
{"time":"2026-07-23 01:45:38,831","level":"INFO","node":1,"msg":"Sent consensus vote to node 0"}
{"time":"2026-07-23 01:45:39,432","level":"INFO","node":1,"msg":"[FC2 DELTA NORM] node 1 round=5 — fc2 delta norm this round: 0.0414"}
{"time":"2026-07-23 01:46:00,604","level":"INFO","node":1,"msg":"Forwarded to http://127.0.0.1:8000"}
{"time":"2026-07-23 01:46:22,076","level":"INFO","node":1,"msg":"Received update from node 0, round 6"}
{"time":"2026-07-23 01:46:54,327","level":"INFO","node":1,"msg":"ZKP ACCEPTED from node 0"}
{"time":"2026-07-23 01:46:55,417","level":"WARNING","node":1,"msg":"No stored proposal for round=6 origin=0 — voting using fallback hash, may not match other peers"}
{"time":"2026-07-23 01:46:55,417","level":"INFO","node":1,"msg":"fc_in col7 delta self-cosine for node 0: -0.3227 (delta_norm=0.2221)"}
{"time":"2026-07-23 01:46:55,438","level":"INFO","node":1,"msg":"Per-class agreement with node 0: class0=0.972 class1=0.957 gap=0.015"}
{"time":"2026-07-23 01:46:55,439","level":"INFO","node":1,"msg":"Per-class rolling gap for node 0: mean=0.047 over last 4 round(s)"}
{"time":"2026-07-23 01:46:55,439","level":"INFO","node":1,"msg":"Trust score for node 0: S=0.829 (Z=1.00 A=0.97 P=0.50 R=1.00) advisory only"}
{"time":"2026-07-23 01:46:55,466","level":"INFO","node":1,"msg":"Sent consensus vote to node 0"}
{"time":"2026-07-23 01:46:56,007","level":"INFO","node":1,"msg":"[FC2 DELTA NORM] node 1 round=6 — fc2 delta norm this round: 0.0338"}
{"time":"2026-07-23 01:46:56,007","level":"WARNING","node":1,"msg":"ZKP norm violation (clipping applied): slack=-76272, retry=0"}
{"time":"2026-07-23 01:47:17,545","level":"INFO","node":1,"msg":"Forwarded to http://127.0.0.1:8000"}
{"time":"2026-07-23 01:47:39,569","level":"INFO","node":1,"msg":"Received update from node 0, round 7"}
{"time":"2026-07-23 01:48:11,376","level":"INFO","node":1,"msg":"ZKP ACCEPTED from node 0"}
{"time":"2026-07-23 01:48:12,473","level":"WARNING","node":1,"msg":"No stored proposal for round=7 origin=0 — voting using fallback hash, may not match other peers"}
{"time":"2026-07-23 01:48:12,478","level":"INFO","node":1,"msg":"fc_in col7 delta self-cosine for node 0: -0.3705 (delta_norm=0.2106)"}
{"time":"2026-07-23 01:48:12,495","level":"INFO","node":1,"msg":"Per-class agreement with node 0: class0=0.946 class1=0.950 gap=0.004"}
{"time":"2026-07-23 01:48:12,495","level":"INFO","node":1,"msg":"Per-class rolling gap for node 0: mean=0.025 over last 4 round(s)"}
{"time":"2026-07-23 01:48:12,495","level":"INFO","node":1,"msg":"Trust score for node 0: S=0.812 (Z=1.00 A=0.95 P=0.50 R=1.00) advisory only"}
{"time":"2026-07-23 01:48:12,517","level":"INFO","node":1,"msg":"Sent consensus vote to node 0"}
{"time":"2026-07-23 01:48:13,034","level":"INFO","node":1,"msg":"[FC2 DELTA NORM] node 1 round=7 — fc2 delta norm this round: 0.0330"}
{"time":"2026-07-23 01:48:13,035","level":"WARNING","node":1,"msg":"ZKP norm violation (clipping applied): slack=-235227, retry=0"}
{"time":"2026-07-23 01:48:32,890","level":"INFO","node":1,"msg":"Forwarded to http://127.0.0.1:8000"}
{"time":"2026-07-23 01:48:53,966","level":"INFO","node":1,"msg":"Received update from node 0, round 8"}
{"time":"2026-07-23 01:49:25,647","level":"INFO","node":1,"msg":"ZKP ACCEPTED from node 0"}
{"time":"2026-07-23 01:49:26,750","level":"WARNING","node":1,"msg":"No stored proposal for round=8 origin=0 — voting using fallback hash, may not match other peers"}
{"time":"2026-07-23 01:49:26,750","level":"INFO","node":1,"msg":"fc_in col7 delta self-cosine for node 0: -0.5297 (delta_norm=0.2207)"}
{"time":"2026-07-23 01:49:26,764","level":"INFO","node":1,"msg":"Per-class agreement with node 0: class0=0.976 class1=0.974 gap=0.001"}
{"time":"2026-07-23 01:49:26,764","level":"INFO","node":1,"msg":"Per-class rolling gap for node 0: mean=0.005 over last 4 round(s)"}
{"time":"2026-07-23 01:49:26,764","level":"INFO","node":1,"msg":"Trust score for node 0: S=0.836 (Z=1.00 A=0.98 P=0.50 R=1.00) advisory only"}
{"time":"2026-07-23 01:49:26,792","level":"INFO","node":1,"msg":"Sent consensus vote to node 0"}
{"time":"2026-07-23 01:49:27,355","level":"INFO","node":1,"msg":"[FC2 DELTA NORM] node 1 round=8 — fc2 delta norm this round: 0.0338"}
{"time":"2026-07-23 01:49:47,480","level":"INFO","node":1,"msg":"Forwarded to http://127.0.0.1:8000"}
{"time":"2026-07-23 01:50:09,271","level":"INFO","node":1,"msg":"Received update from node 0, round 9"}
{"time":"2026-07-23 01:50:41,104","level":"INFO","node":1,"msg":"ZKP ACCEPTED from node 0"}
{"time":"2026-07-23 01:50:42,181","level":"WARNING","node":1,"msg":"No stored proposal for round=9 origin=0 — voting using fallback hash, may not match other peers"}
{"time":"2026-07-23 01:50:42,181","level":"INFO","node":1,"msg":"fc_in col7 delta self-cosine for node 0: -0.4117 (delta_norm=0.2107)"}
{"time":"2026-07-23 01:50:42,200","level":"INFO","node":1,"msg":"Per-class agreement with node 0: class0=0.963 class1=0.944 gap=0.019"}
{"time":"2026-07-23 01:50:42,200","level":"INFO","node":1,"msg":"Per-class rolling gap for node 0: mean=0.010 over last 4 round(s)"}
{"time":"2026-07-23 01:50:42,201","level":"INFO","node":1,"msg":"Trust score for node 0: S=0.820 (Z=1.00 A=0.96 P=0.50 R=1.00) advisory only"}
{"time":"2026-07-23 01:50:42,228","level":"INFO","node":1,"msg":"Sent consensus vote to node 0"}
{"time":"2026-07-23 01:50:42,744","level":"INFO","node":1,"msg":"[FC2 DELTA NORM] node 1 round=9 — fc2 delta norm this round: 0.0342"}
{"time":"2026-07-23 01:50:57,161","level":"INFO","node":1,"msg":"Forwarded to http://127.0.0.1:8000"}
{"time":"2026-07-23 01:51:04,136","level":"INFO","node":1,"msg":"Received update from node 0, round 10"}
{"time":"2026-07-23 01:51:14,329","level":"INFO","node":1,"msg":"ZKP ACCEPTED from node 0"}
{"time":"2026-07-23 01:51:15,529","level":"WARNING","node":1,"msg":"No stored proposal for round=10 origin=0 — voting using fallback hash, may not match other peers"}
{"time":"2026-07-23 01:51:15,530","level":"INFO","node":1,"msg":"fc_in col7 delta self-cosine for node 0: -0.2779 (delta_norm=0.1963)"}
{"time":"2026-07-23 01:51:15,539","level":"INFO","node":1,"msg":"Per-class agreement with node 0: class0=0.964 class1=0.937 gap=0.027"}
{"time":"2026-07-23 01:51:15,539","level":"INFO","node":1,"msg":"Per-class rolling gap for node 0: mean=0.013 over last 4 round(s)"}
{"time":"2026-07-23 01:51:15,539","level":"INFO","node":1,"msg":"Trust score for node 0: S=0.819 (Z=1.00 A=0.96 P=0.50 R=1.00) advisory only"}
{"time":"2026-07-23 01:51:15,554","level":"INFO","node":1,"msg":"Sent consensus vote to node 0"}
{"time":"2026-07-23 01:51:15,707","level":"INFO","node":1,"msg":"[FC2 DELTA NORM] node 1 round=10 — fc2 delta norm this round: 0.0391"}
{"time":"2026-07-23 01:51:15,707","level":"WARNING","node":1,"msg":"ZKP norm violation (clipping applied): slack=-267749, retry=0"}
{"time":"2026-07-23 16:54:02,713","level":"INFO","node":1,"msg":"Starting node 1: Suburban Medical Clinic"}
{"time":"2026-07-23 16:54:02,713","level":"INFO","node":1,"msg":"[CONFIG DEBUG] attack_simulation loaded: enabled=True target_node=2 type=gradient_norm config_path=config_dev.json"}
{"time":"2026-07-23 16:54:03,027","level":"WARNING","node":1,"msg":"DEV MODE: running without TLS"}
{"time":"2026-07-23 16:54:03,027","level":"INFO","node":1,"msg":"Listening on 127.0.0.1:8001 | TLS=False"}
{"time":"2026-07-23 16:54:08,101","level":"INFO","node":1,"msg":"Sent consensus pubkey to node 0"}
{"time":"2026-07-23 16:54:08,117","level":"INFO","node":1,"msg":"Sent public key to node 0"}
{"time":"2026-07-23 16:54:08,155","level":"INFO","node":1,"msg":"Sent consensus pubkey to node 2"}
{"time":"2026-07-23 16:54:08,178","level":"INFO","node":1,"msg":"Sent public key to node 2"}
{"time":"2026-07-23 16:54:08,195","level":"INFO","node":1,"msg":"Sent consensus pubkey to node 3"}
{"time":"2026-07-23 16:54:08,213","level":"INFO","node":1,"msg":"Sent public key to node 3"}
{"time":"2026-07-23 16:54:08,761","level":"INFO","node":1,"msg":"Key exchange complete with node 2"}
{"time":"2026-07-23 16:54:08,765","level":"INFO","node":1,"msg":"Consensus pubkey received from node 2"}
{"time":"2026-07-23 16:54:10,310","level":"INFO","node":1,"msg":"Key exchange complete with node 3"}
{"time":"2026-07-23 16:54:10,317","level":"INFO","node":1,"msg":"Consensus pubkey received from node 3"}
{"time":"2026-07-23 16:54:19,492","level":"INFO","node":1,"msg":"Key exchange complete with node 0"}
{"time":"2026-07-23 16:54:19,550","level":"INFO","node":1,"msg":"Consensus pubkey received from node 0"}
{"time":"2026-07-23 16:55:10,963","level":"INFO","node":1,"msg":"Proposal received: round=0 origin=0 hash=12d8c2ebc91a..."}
{"time":"2026-07-23 16:55:11,157","level":"INFO","node":1,"msg":"Consensus vote recorded: node 0 decision=True reason=zkp_ok round=0 new=True satisfied=False"}
{"time":"2026-07-23 16:55:11,194","level":"INFO","node":1,"msg":"Received update from node 0, round 0"}
{"time":"2026-07-23 16:56:10,157","level":"INFO","node":1,"msg":"ZKP ACCEPTED from node 0"}
{"time":"2026-07-23 16:56:10,290","level":"INFO","node":1,"msg":"Trust score for node 0: S=0.429 (Z=1.00 A=0.50 P=0.50 R=1.00) advisory only"}
{"time":"2026-07-23 16:56:10,338","level":"INFO","node":1,"msg":"Sent consensus vote to node 2"}
{"time":"2026-07-23 16:56:10,338","level":"INFO","node":1,"msg":"Sent consensus vote to node 3"}
{"time":"2026-07-23 16:56:10,352","level":"INFO","node":1,"msg":"Sent consensus vote to node 0"}
{"time":"2026-07-23 16:56:21,166","level":"INFO","node":1,"msg":"[FC2 DELTA NORM] node 1 round=0 — fc2 delta norm this round: 0.2083"}
{"time":"2026-07-23 16:56:57,971","level":"INFO","node":1,"msg":"Forwarded to http://127.0.0.1:8002"}
{"time":"2026-07-23 16:58:03,310","level":"INFO","node":1,"msg":"Starting node 1: Suburban Medical Clinic"}
{"time":"2026-07-23 16:58:03,310","level":"INFO","node":1,"msg":"[CONFIG DEBUG] attack_simulation loaded: enabled=True target_node=2 type=gradient_norm config_path=config_dev.json"}
{"time":"2026-07-23 16:58:03,418","level":"WARNING","node":1,"msg":"DEV MODE: running without TLS"}
{"time":"2026-07-23 16:58:03,418","level":"INFO","node":1,"msg":"Listening on 127.0.0.1:8001 | TLS=False"}
{"time":"2026-07-23 16:58:08,472","level":"INFO","node":1,"msg":"Sent public key to node 0"}
{"time":"2026-07-23 16:58:08,472","level":"INFO","node":1,"msg":"Sent consensus pubkey to node 0"}
{"time":"2026-07-23 16:58:08,502","level":"INFO","node":1,"msg":"Sent consensus pubkey to node 2"}
{"time":"2026-07-23 16:58:08,507","level":"INFO","node":1,"msg":"Sent public key to node 2"}
{"time":"2026-07-23 16:58:08,507","level":"INFO","node":1,"msg":"Sent consensus pubkey to node 3"}
{"time":"2026-07-23 16:58:08,526","level":"INFO","node":1,"msg":"Sent public key to node 3"}
{"time":"2026-07-23 16:58:10,076","level":"INFO","node":1,"msg":"Key exchange complete with node 2"}
{"time":"2026-07-23 16:58:10,099","level":"INFO","node":1,"msg":"Consensus pubkey received from node 2"}
{"time":"2026-07-23 16:58:11,226","level":"INFO","node":1,"msg":"Consensus pubkey received from node 3"}
{"time":"2026-07-23 16:58:11,229","level":"INFO","node":1,"msg":"Key exchange complete with node 3"}
{"time":"2026-07-23 16:58:17,330","level":"INFO","node":1,"msg":"Key exchange complete with node 0"}
{"time":"2026-07-23 16:58:17,381","level":"INFO","node":1,"msg":"Consensus pubkey received from node 0"}
{"time":"2026-07-23 16:58:29,637","level":"INFO","node":1,"msg":"Proposal received: round=0 origin=0 hash=48144036c007..."}
{"time":"2026-07-23 16:58:29,699","level":"INFO","node":1,"msg":"Consensus vote recorded: node 0 decision=True reason=zkp_ok round=0 new=True satisfied=False"}
{"time":"2026-07-23 16:58:29,724","level":"INFO","node":1,"msg":"Received update from node 0, round 0"}
{"time":"2026-07-23 16:58:45,069","level":"INFO","node":1,"msg":"ZKP ACCEPTED from node 0"}
{"time":"2026-07-23 16:58:45,086","level":"INFO","node":1,"msg":"Trust score for node 0: S=0.429 (Z=1.00 A=0.50 P=0.50 R=1.00) advisory only"}
{"time":"2026-07-23 16:58:45,098","level":"INFO","node":1,"msg":"Sent consensus vote to node 3"}
{"time":"2026-07-23 16:58:45,098","level":"INFO","node":1,"msg":"Sent consensus vote to node 2"}
{"time":"2026-07-23 16:58:45,101","level":"INFO","node":1,"msg":"Sent consensus vote to node 0"}
{"time":"2026-07-23 16:58:47,337","level":"INFO","node":1,"msg":"[FC2 DELTA NORM] node 1 round=0 — fc2 delta norm this round: 0.2586"}
{"time":"2026-07-23 16:58:47,337","level":"WARNING","node":1,"msg":"ZKP norm violation (clipping applied): slack=-151950, retry=0"}
{"time":"2026-07-23 16:58:57,267","level":"INFO","node":1,"msg":"Forwarded to http://127.0.0.1:8002"}
{"time":"2026-07-23 16:59:12,759","level":"INFO","node":1,"msg":"Prediction agreement with node 2 round=0: A=0.635"}
{"time":"2026-07-23 16:59:12,759","level":"INFO","node":1,"msg":"Consensus vote recorded: node 2 decision=True reason=zkp_ok round=0 new=True satisfied=True"}
{"time":"2026-07-23 16:59:39,313","level":"INFO","node":1,"msg":"Prediction agreement with node 3 round=0: A=0.680"}
{"time":"2026-07-23 16:59:39,313","level":"INFO","node":1,"msg":"Consensus vote recorded: node 3 decision=True reason=zkp_ok round=0 new=True satisfied=True"}
{"time":"2026-07-23 16:59:51,281","level":"INFO","node":1,"msg":"Synced weights from master for round 0"}
{"time":"2026-07-23 16:59:51,315","level":"INFO","node":1,"msg":"Sent commit vote to node 0"}
{"time":"2026-07-23 16:59:51,459","level":"INFO","node":1,"msg":"My turn — starting round 2 as proposer."}
{"time":"2026-07-23 16:59:51,459","level":"INFO","node":1,"msg":"Starting round 2"}
{"time":"2026-07-23 16:59:51,660","level":"INFO","node":1,"msg":"[FC2 DELTA NORM] node 1 round=1 — fc2 delta norm this round: 0.2959"}
{"time":"2026-07-23 17:00:01,698","level":"INFO","node":1,"msg":"Sent proposal to node 0"}
{"time":"2026-07-23 17:00:01,715","level":"INFO","node":1,"msg":"Sent proposal to node 2"}
{"time":"2026-07-23 17:00:01,732","level":"INFO","node":1,"msg":"Sent proposal to node 3"}
{"time":"2026-07-23 17:00:01,740","level":"INFO","node":1,"msg":"Sent consensus vote to node 3"}
{"time":"2026-07-23 17:00:01,740","level":"INFO","node":1,"msg":"Sent consensus vote to node 2"}
{"time":"2026-07-23 17:00:01,748","level":"INFO","node":1,"msg":"Sent consensus vote to node 0"}
{"time":"2026-07-23 17:00:01,753","level":"INFO","node":1,"msg":"Forwarded to http://127.0.0.1:8002"}
{"time":"2026-07-23 17:01:17,999","level":"INFO","node":1,"msg":"Received update from node 0, round 1"}
{"time":"2026-07-23 17:01:17,999","level":"INFO","node":1,"msg":"Round 2 complete — aggregating"}
{"time":"2026-07-23 17:01:17,999","level":"WARNING","node":1,"msg":"Round 2 REJECTED — quorum not satisfied (attempt 1/3). Retrying round."}
{"time":"2026-07-23 17:01:18,507","level":"INFO","node":1,"msg":"Starting round 2"}
{"time":"2026-07-23 17:01:18,719","level":"INFO","node":1,"msg":"[FC2 DELTA NORM] node 1 round=1 — fc2 delta norm this round: 0.0784"}
{"time":"2026-07-23 17:01:28,752","level":"INFO","node":1,"msg":"Sent proposal to node 0"}
{"time":"2026-07-23 17:01:28,759","level":"INFO","node":1,"msg":"Sent proposal to node 2"}
{"time":"2026-07-23 17:01:28,784","level":"INFO","node":1,"msg":"Sent proposal to node 3"}
{"time":"2026-07-23 17:01:28,793","level":"INFO","node":1,"msg":"Sent consensus vote to node 0"}
{"time":"2026-07-23 17:01:28,793","level":"INFO","node":1,"msg":"Sent consensus vote to node 3"}
{"time":"2026-07-23 17:01:28,798","level":"INFO","node":1,"msg":"Sent consensus vote to node 2"}
{"time":"2026-07-23 17:01:28,805","level":"INFO","node":1,"msg":"Forwarded to http://127.0.0.1:8002"}
{"time":"2026-07-23 17:02:44,394","level":"INFO","node":1,"msg":"Received update from node 0, round 1"}
{"time":"2026-07-23 17:02:44,394","level":"INFO","node":1,"msg":"Round 2 complete — aggregating"}
{"time":"2026-07-23 17:02:44,394","level":"WARNING","node":1,"msg":"Round 2 REJECTED — quorum not satisfied (attempt 2/3). Retrying round."}
{"time":"2026-07-23 17:02:44,905","level":"INFO","node":1,"msg":"Starting round 2"}
{"time":"2026-07-23 17:02:45,110","level":"INFO","node":1,"msg":"[FC2 DELTA NORM] node 1 round=1 — fc2 delta norm this round: 0.0831"}
{"time":"2026-07-23 17:02:55,084","level":"INFO","node":1,"msg":"Sent proposal to node 0"}
{"time":"2026-07-23 17:02:55,108","level":"INFO","node":1,"msg":"Sent proposal to node 2"}
{"time":"2026-07-23 17:02:55,131","level":"INFO","node":1,"msg":"Sent proposal to node 3"}
{"time":"2026-07-23 17:02:55,147","level":"INFO","node":1,"msg":"Sent consensus vote to node 0"}
{"time":"2026-07-23 17:02:55,156","level":"INFO","node":1,"msg":"Sent consensus vote to node 3"}
{"time":"2026-07-23 17:02:55,156","level":"INFO","node":1,"msg":"Sent consensus vote to node 2"}
{"time":"2026-07-23 17:02:55,164","level":"INFO","node":1,"msg":"Forwarded to http://127.0.0.1:8002"}
{"time":"2026-07-23 17:03:10,780","level":"INFO","node":1,"msg":"Consensus vote recorded: node 2 decision=True reason=zkp_ok round=1 new=True satisfied=False"}
{"time":"2026-07-23 17:03:35,844","level":"INFO","node":1,"msg":"Consensus vote recorded: node 3 decision=True reason=zkp_ok round=1 new=True satisfied=True"}
{"time":"2026-07-23 17:04:01,005","level":"ERROR","node":1,"msg":"Node 3 EXCLUDED from proposing and quorum. Quorum requirement adjusted to 3 of 3 remaining trusted nodes."}
{"time":"2026-07-23 17:04:01,009","level":"ERROR","node":1,"msg":"Node 2 EXCLUDED from proposing and quorum. Quorum requirement adjusted to 2 of 2 remaining trusted nodes."}
{"time":"2026-07-23 17:04:10,712","level":"INFO","node":1,"msg":"Received update from node 0, round 1"}
{"time":"2026-07-23 17:04:10,712","level":"INFO","node":1,"msg":"Round 2 complete — aggregating"}
{"time":"2026-07-23 17:04:10,712","level":"WARNING","node":1,"msg":"Round 2 REJECTED — quorum not satisfied (attempt 3/3). Retrying round."}
{"time":"2026-07-23 17:04:11,223","level":"INFO","node":1,"msg":"Starting round 2"}
{"time":"2026-07-23 17:04:11,469","level":"INFO","node":1,"msg":"[FC2 DELTA NORM] node 1 round=1 — fc2 delta norm this round: 0.0448"}
{"time":"2026-07-23 17:04:11,471","level":"WARNING","node":1,"msg":"ZKP norm violation (clipping applied): slack=-38938, retry=0"}
{"time":"2026-07-23 17:04:21,379","level":"INFO","node":1,"msg":"Sent proposal to node 0"}
{"time":"2026-07-23 17:04:21,387","level":"INFO","node":1,"msg":"Sent consensus vote to node 0"}
{"time":"2026-07-23 17:04:21,395","level":"INFO","node":1,"msg":"Forwarded to http://127.0.0.1:8000"}
{"time":"2026-07-23 17:04:46,552","level":"INFO","node":1,"msg":"Received update from node 0, round 1"}
{"time":"2026-07-23 17:04:46,552","level":"INFO","node":1,"msg":"Round 2 complete — aggregating"}
{"time":"2026-07-23 17:04:46,552","level":"ERROR","node":1,"msg":"Round 2 REJECTED — quorum not satisfied after 3 retries. Skipping round, model NOT updated."}
{"time":"2026-07-23 17:04:46,568","level":"INFO","node":1,"msg":"Sent skip notice to node 0"}
{"time":"2026-07-23 17:04:46,576","level":"INFO","node":1,"msg":"Notified next proposer to node 0"}
{"time":"2026-07-23 17:04:46,576","level":"INFO","node":1,"msg":"[WATCHDOG SPAWNED] round=2 expected_proposer=0 timeout_s=600 spawned_at=17:04:46"}
{"time":"2026-07-23 17:04:56,634","level":"INFO","node":1,"msg":"Received update from node 0, round 2"}
{"time":"2026-07-23 17:05:11,976","level":"INFO","node":1,"msg":"ZKP ACCEPTED from node 0"}
{"time":"2026-07-23 17:05:13,236","level":"WARNING","node":1,"msg":"No stored proposal for round=2 origin=0 — voting using fallback hash, may not match other peers"}
{"time":"2026-07-23 17:05:13,248","level":"INFO","node":1,"msg":"Per-class agreement with node 0: class0=0.756 class1=0.710 gap=0.046"}
{"time":"2026-07-23 17:05:13,250","level":"INFO","node":1,"msg":"Per-class rolling gap for node 0: mean=0.046 over last 1 round(s)"}
{"time":"2026-07-23 17:05:13,250","level":"INFO","node":1,"msg":"Trust score for node 0: S=0.636 (Z=1.00 A=0.74 P=0.50 R=1.00) advisory only"}
{"time":"2026-07-23 17:05:13,280","level":"INFO","node":1,"msg":"Sent consensus vote to node 0"}
{"time":"2026-07-23 17:05:13,466","level":"INFO","node":1,"msg":"[FC2 DELTA NORM] node 1 round=2 — fc2 delta norm this round: 0.0442"}
{"time":"2026-07-23 17:05:23,060","level":"INFO","node":1,"msg":"Forwarded to http://127.0.0.1:8000"}
{"time":"2026-07-23 17:05:33,614","level":"INFO","node":1,"msg":"Received update from node 0, round 3"}
{"time":"2026-07-23 17:05:48,685","level":"INFO","node":1,"msg":"ZKP ACCEPTED from node 0"}
{"time":"2026-07-23 17:05:49,968","level":"WARNING","node":1,"msg":"No stored proposal for round=3 origin=0 — voting using fallback hash, may not match other peers"}
{"time":"2026-07-23 17:05:49,968","level":"INFO","node":1,"msg":"fc_in col7 delta self-cosine for node 0: -0.0883 (delta_norm=0.3333)"}
{"time":"2026-07-23 17:05:49,974","level":"INFO","node":1,"msg":"Per-class agreement with node 0: class0=0.767 class1=0.881 gap=0.113"}
{"time":"2026-07-23 17:05:49,974","level":"INFO","node":1,"msg":"Per-class rolling gap for node 0: mean=0.080 over last 2 round(s)"}
{"time":"2026-07-23 17:05:49,974","level":"INFO","node":1,"msg":"Trust score for node 0: S=0.689 (Z=1.00 A=0.80 P=0.50 R=1.00) advisory only"}
{"time":"2026-07-23 17:05:49,991","level":"INFO","node":1,"msg":"Sent consensus vote to node 0"}
{"time":"2026-07-23 17:05:50,260","level":"INFO","node":1,"msg":"[FC2 DELTA NORM] node 1 round=3 — fc2 delta norm this round: 0.0265"}
{"time":"2026-07-23 17:05:50,260","level":"WARNING","node":1,"msg":"ZKP norm violation (clipping applied): slack=-258212, retry=0"}
{"time":"2026-07-23 17:06:00,070","level":"INFO","node":1,"msg":"Forwarded to http://127.0.0.1:8000"}
{"time":"2026-07-23 17:06:10,672","level":"INFO","node":1,"msg":"Received update from node 0, round 4"}
{"time":"2026-07-23 17:06:26,960","level":"INFO","node":1,"msg":"ZKP ACCEPTED from node 0"}
{"time":"2026-07-23 17:06:28,233","level":"WARNING","node":1,"msg":"No stored proposal for round=4 origin=0 — voting using fallback hash, may not match other peers"}
{"time":"2026-07-23 17:06:28,233","level":"INFO","node":1,"msg":"fc_in col7 delta self-cosine for node 0: -0.0238 (delta_norm=0.2364)"}
{"time":"2026-07-23 17:06:28,243","level":"INFO","node":1,"msg":"Per-class agreement with node 0: class0=0.963 class1=0.952 gap=0.011"}
{"time":"2026-07-23 17:06:28,243","level":"INFO","node":1,"msg":"Per-class rolling gap for node 0: mean=0.057 over last 3 round(s)"}
{"time":"2026-07-23 17:06:28,245","level":"INFO","node":1,"msg":"Trust score for node 0: S=0.822 (Z=1.00 A=0.96 P=0.50 R=1.00) advisory only"}
{"time":"2026-07-23 17:06:28,262","level":"INFO","node":1,"msg":"Sent consensus vote to node 0"}
{"time":"2026-07-23 17:06:28,468","level":"INFO","node":1,"msg":"[FC2 DELTA NORM] node 1 round=4 — fc2 delta norm this round: 0.0356"}
{"time":"2026-07-23 17:06:28,468","level":"WARNING","node":1,"msg":"ZKP norm violation (clipping applied): slack=-51548, retry=0"}
{"time":"2026-07-23 17:06:38,249","level":"INFO","node":1,"msg":"Forwarded to http://127.0.0.1:8000"}
{"time":"2026-07-23 17:06:48,869","level":"INFO","node":1,"msg":"Received update from node 0, round 5"}
{"time":"2026-07-23 17:07:04,270","level":"INFO","node":1,"msg":"ZKP ACCEPTED from node 0"}
{"time":"2026-07-23 17:07:05,542","level":"WARNING","node":1,"msg":"No stored proposal for round=5 origin=0 — voting using fallback hash, may not match other peers"}
{"time":"2026-07-23 17:07:05,542","level":"INFO","node":1,"msg":"fc_in col7 delta self-cosine for node 0: -0.3436 (delta_norm=0.2039)"}
{"time":"2026-07-23 17:07:05,551","level":"INFO","node":1,"msg":"Per-class agreement with node 0: class0=0.954 class1=0.953 gap=0.001"}
{"time":"2026-07-23 17:07:05,551","level":"INFO","node":1,"msg":"Per-class rolling gap for node 0: mean=0.043 over last 4 round(s)"}
{"time":"2026-07-23 17:07:05,551","level":"INFO","node":1,"msg":"Trust score for node 0: S=0.817 (Z=1.00 A=0.95 P=0.50 R=1.00) advisory only"}
{"time":"2026-07-23 17:07:05,569","level":"INFO","node":1,"msg":"Sent consensus vote to node 0"}
{"time":"2026-07-23 17:07:05,873","level":"INFO","node":1,"msg":"[FC2 DELTA NORM] node 1 round=5 — fc2 delta norm this round: 0.0406"}
{"time":"2026-07-23 17:07:16,018","level":"INFO","node":1,"msg":"Forwarded to http://127.0.0.1:8000"}
{"time":"2026-07-23 17:07:26,904","level":"INFO","node":1,"msg":"Received update from node 0, round 6"}
{"time":"2026-07-23 17:07:41,907","level":"INFO","node":1,"msg":"ZKP ACCEPTED from node 0"}
{"time":"2026-07-23 17:07:43,198","level":"WARNING","node":1,"msg":"No stored proposal for round=6 origin=0 — voting using fallback hash, may not match other peers"}
{"time":"2026-07-23 17:07:43,198","level":"INFO","node":1,"msg":"fc_in col7 delta self-cosine for node 0: -0.5502 (delta_norm=0.2013)"}
{"time":"2026-07-23 17:07:43,210","level":"INFO","node":1,"msg":"Per-class agreement with node 0: class0=0.958 class1=0.962 gap=0.004"}
{"time":"2026-07-23 17:07:43,210","level":"INFO","node":1,"msg":"Per-class rolling gap for node 0: mean=0.032 over last 4 round(s)"}
{"time":"2026-07-23 17:07:43,210","level":"INFO","node":1,"msg":"Trust score for node 0: S=0.822 (Z=1.00 A=0.96 P=0.50 R=1.00) advisory only"}
{"time":"2026-07-23 17:07:43,244","level":"INFO","node":1,"msg":"Sent consensus vote to node 0"}
{"time":"2026-07-23 17:07:43,499","level":"INFO","node":1,"msg":"[FC2 DELTA NORM] node 1 round=6 — fc2 delta norm this round: 0.0207"}
{"time":"2026-07-23 17:07:43,501","level":"WARNING","node":1,"msg":"ZKP norm violation (clipping applied): slack=-237228, retry=0"}
{"time":"2026-07-23 17:07:53,183","level":"INFO","node":1,"msg":"Forwarded to http://127.0.0.1:8000"}
{"time":"2026-07-23 17:08:03,901","level":"INFO","node":1,"msg":"Received update from node 0, round 7"}
{"time":"2026-07-23 17:08:19,016","level":"INFO","node":1,"msg":"ZKP ACCEPTED from node 0"}
{"time":"2026-07-23 17:08:20,261","level":"WARNING","node":1,"msg":"No stored proposal for round=7 origin=0 — voting using fallback hash, may not match other peers"}
{"time":"2026-07-23 17:08:20,263","level":"INFO","node":1,"msg":"fc_in col7 delta self-cosine for node 0: -0.2441 (delta_norm=0.2461)"}
{"time":"2026-07-23 17:08:20,278","level":"INFO","node":1,"msg":"Per-class agreement with node 0: class0=0.970 class1=0.974 gap=0.004"}
{"time":"2026-07-23 17:08:20,279","level":"INFO","node":1,"msg":"Per-class rolling gap for node 0: mean=0.005 over last 4 round(s)"}
{"time":"2026-07-23 17:08:20,279","level":"INFO","node":1,"msg":"Trust score for node 0: S=0.833 (Z=1.00 A=0.97 P=0.50 R=1.00) advisory only"}
{"time":"2026-07-23 17:08:20,306","level":"INFO","node":1,"msg":"Sent consensus vote to node 0"}
{"time":"2026-07-23 17:08:20,491","level":"INFO","node":1,"msg":"[FC2 DELTA NORM] node 1 round=7 — fc2 delta norm this round: 0.0302"}
{"time":"2026-07-23 17:08:20,491","level":"WARNING","node":1,"msg":"ZKP norm violation (clipping applied): slack=-26715, retry=0"}
{"time":"2026-07-23 17:08:30,320","level":"INFO","node":1,"msg":"Forwarded to http://127.0.0.1:8000"}
{"time":"2026-07-23 17:08:41,229","level":"INFO","node":1,"msg":"Received update from node 0, round 8"}
{"time":"2026-07-23 17:08:56,348","level":"INFO","node":1,"msg":"ZKP ACCEPTED from node 0"}
{"time":"2026-07-23 17:08:57,601","level":"WARNING","node":1,"msg":"No stored proposal for round=8 origin=0 — voting using fallback hash, may not match other peers"}
{"time":"2026-07-23 17:08:57,601","level":"INFO","node":1,"msg":"fc_in col7 delta self-cosine for node 0: -0.3747 (delta_norm=0.2331)"}
{"time":"2026-07-23 17:08:57,613","level":"INFO","node":1,"msg":"Per-class agreement with node 0: class0=0.961 class1=0.950 gap=0.011"}
{"time":"2026-07-23 17:08:57,613","level":"INFO","node":1,"msg":"Per-class rolling gap for node 0: mean=0.005 over last 4 round(s)"}
{"time":"2026-07-23 17:08:57,613","level":"INFO","node":1,"msg":"Trust score for node 0: S=0.821 (Z=1.00 A=0.96 P=0.50 R=1.00) advisory only"}
{"time":"2026-07-23 17:08:57,652","level":"INFO","node":1,"msg":"Sent consensus vote to node 0"}
{"time":"2026-07-23 17:08:57,837","level":"INFO","node":1,"msg":"[FC2 DELTA NORM] node 1 round=8 — fc2 delta norm this round: 0.0409"}
{"time":"2026-07-23 17:08:57,839","level":"WARNING","node":1,"msg":"ZKP norm violation (clipping applied): slack=-119534, retry=0"}
{"time":"2026-07-23 17:09:07,702","level":"INFO","node":1,"msg":"Forwarded to http://127.0.0.1:8000"}
{"time":"2026-07-23 17:09:18,577","level":"INFO","node":1,"msg":"Received update from node 0, round 9"}
{"time":"2026-07-23 17:09:33,935","level":"INFO","node":1,"msg":"ZKP ACCEPTED from node 0"}
{"time":"2026-07-23 17:09:35,202","level":"WARNING","node":1,"msg":"No stored proposal for round=9 origin=0 — voting using fallback hash, may not match other peers"}
{"time":"2026-07-23 17:09:35,202","level":"INFO","node":1,"msg":"fc_in col7 delta self-cosine for node 0: -0.2952 (delta_norm=0.2029)"}
{"time":"2026-07-23 17:09:35,218","level":"INFO","node":1,"msg":"Per-class agreement with node 0: class0=0.965 class1=0.942 gap=0.023"}
{"time":"2026-07-23 17:09:35,218","level":"INFO","node":1,"msg":"Per-class rolling gap for node 0: mean=0.011 over last 4 round(s)"}
{"time":"2026-07-23 17:09:35,218","level":"INFO","node":1,"msg":"Trust score for node 0: S=0.821 (Z=1.00 A=0.96 P=0.50 R=1.00) advisory only"}
{"time":"2026-07-23 17:09:35,253","level":"INFO","node":1,"msg":"Sent consensus vote to node 0"}
{"time":"2026-07-23 17:09:35,446","level":"INFO","node":1,"msg":"[FC2 DELTA NORM] node 1 round=9 — fc2 delta norm this round: 0.0351"}
{"time":"2026-07-23 17:09:44,964","level":"INFO","node":1,"msg":"Forwarded to http://127.0.0.1:8000"}
{"time":"2026-07-23 17:09:55,507","level":"INFO","node":1,"msg":"Received update from node 0, round 10"}
{"time":"2026-07-23 17:10:10,734","level":"INFO","node":1,"msg":"ZKP ACCEPTED from node 0"}
{"time":"2026-07-23 17:10:11,994","level":"WARNING","node":1,"msg":"No stored proposal for round=10 origin=0 — voting using fallback hash, may not match other peers"}
{"time":"2026-07-23 17:10:11,994","level":"INFO","node":1,"msg":"fc_in col7 delta self-cosine for node 0: -0.2676 (delta_norm=0.1966)"}
{"time":"2026-07-23 17:10:12,005","level":"INFO","node":1,"msg":"Per-class agreement with node 0: class0=0.955 class1=0.923 gap=0.032"}
{"time":"2026-07-23 17:10:12,005","level":"INFO","node":1,"msg":"Per-class rolling gap for node 0: mean=0.017 over last 4 round(s)"}
{"time":"2026-07-23 17:10:12,005","level":"INFO","node":1,"msg":"Trust score for node 0: S=0.810 (Z=1.00 A=0.94 P=0.50 R=1.00) advisory only"}
{"time":"2026-07-23 17:10:12,023","level":"INFO","node":1,"msg":"Sent consensus vote to node 0"}
{"time":"2026-07-23 17:10:12,211","level":"INFO","node":1,"msg":"[FC2 DELTA NORM] node 1 round=10 — fc2 delta norm this round: 0.0155"}
{"time":"2026-07-23 17:10:21,973","level":"INFO","node":1,"msg":"Forwarded to http://127.0.0.1:8000"}
{"time":"2026-07-23 17:10:32,477","level":"INFO","node":1,"msg":"Received update from node 0, round 11"}
{"time":"2026-07-23 17:10:47,751","level":"INFO","node":1,"msg":"ZKP ACCEPTED from node 0"}
{"time":"2026-07-23 17:10:49,008","level":"WARNING","node":1,"msg":"No stored proposal for round=11 origin=0 — voting using fallback hash, may not match other peers"}
{"time":"2026-07-23 17:10:49,015","level":"INFO","node":1,"msg":"fc_in col7 delta self-cosine for node 0: -0.2305 (delta_norm=0.2444)"}
{"time":"2026-07-23 17:10:49,029","level":"INFO","node":1,"msg":"Per-class agreement with node 0: class0=0.962 class1=0.948 gap=0.015"}
{"time":"2026-07-23 17:10:49,029","level":"INFO","node":1,"msg":"Per-class rolling gap for node 0: mean=0.020 over last 4 round(s)"}
{"time":"2026-07-23 17:10:49,031","level":"INFO","node":1,"msg":"Trust score for node 0: S=0.821 (Z=1.00 A=0.96 P=0.50 R=1.00) advisory only"}
{"time":"2026-07-23 17:10:49,049","level":"INFO","node":1,"msg":"Sent consensus vote to node 0"}
{"time":"2026-07-23 17:10:49,249","level":"INFO","node":1,"msg":"[FC2 DELTA NORM] node 1 round=11 — fc2 delta norm this round: 0.0462"}
{"time":"2026-07-23 17:10:49,251","level":"WARNING","node":1,"msg":"ZKP norm violation (clipping applied): slack=-500754, retry=0"}
{"time":"2026-07-23 17:10:58,948","level":"INFO","node":1,"msg":"Forwarded to http://127.0.0.1:8000"}
{"time":"2026-07-23 17:11:09,624","level":"INFO","node":1,"msg":"Received update from node 0, round 12"}
{"time":"2026-07-23 17:11:24,854","level":"INFO","node":1,"msg":"ZKP ACCEPTED from node 0"}
{"time":"2026-07-23 17:11:26,122","level":"WARNING","node":1,"msg":"No stored proposal for round=12 origin=0 — voting using fallback hash, may not match other peers"}
{"time":"2026-07-23 17:11:26,124","level":"INFO","node":1,"msg":"fc_in col7 delta self-cosine for node 0: -0.4458 (delta_norm=0.2218)"}
{"time":"2026-07-23 17:11:26,133","level":"INFO","node":1,"msg":"Per-class agreement with node 0: class0=0.975 class1=0.947 gap=0.029"}
{"time":"2026-07-23 17:11:26,135","level":"INFO","node":1,"msg":"Per-class rolling gap for node 0: mean=0.025 over last 4 round(s)"}
{"time":"2026-07-23 17:11:26,135","level":"INFO","node":1,"msg":"Trust score for node 0: S=0.828 (Z=1.00 A=0.97 P=0.50 R=1.00) advisory only"}
{"time":"2026-07-23 17:11:26,152","level":"INFO","node":1,"msg":"Sent consensus vote to node 0"}
{"time":"2026-07-23 17:11:26,382","level":"INFO","node":1,"msg":"[FC2 DELTA NORM] node 1 round=12 — fc2 delta norm this round: 0.0416"}
{"time":"2026-07-23 17:11:26,382","level":"WARNING","node":1,"msg":"ZKP norm violation (clipping applied): slack=-607614, retry=0"}
{"time":"2026-07-23 17:11:36,115","level":"INFO","node":1,"msg":"Forwarded to http://127.0.0.1:8000"}
{"time":"2026-07-23 17:11:46,887","level":"INFO","node":1,"msg":"Received update from node 0, round 13"}
{"time":"2026-07-23 17:12:02,127","level":"INFO","node":1,"msg":"ZKP ACCEPTED from node 0"}
{"time":"2026-07-23 17:12:03,387","level":"WARNING","node":1,"msg":"No stored proposal for round=13 origin=0 — voting using fallback hash, may not match other peers"}
{"time":"2026-07-23 17:12:03,389","level":"INFO","node":1,"msg":"fc_in col7 delta self-cosine for node 0: -0.2560 (delta_norm=0.2310)"}
{"time":"2026-07-23 17:12:03,400","level":"INFO","node":1,"msg":"Per-class agreement with node 0: class0=0.961 class1=0.931 gap=0.030"}
{"time":"2026-07-23 17:12:03,400","level":"INFO","node":1,"msg":"Per-class rolling gap for node 0: mean=0.026 over last 4 round(s)"}
{"time":"2026-07-23 17:12:03,400","level":"INFO","node":1,"msg":"Trust score for node 0: S=0.816 (Z=1.00 A=0.95 P=0.50 R=1.00) advisory only"}
{"time":"2026-07-23 17:12:03,417","level":"INFO","node":1,"msg":"Sent consensus vote to node 0"}
{"time":"2026-07-23 17:12:03,603","level":"INFO","node":1,"msg":"[FC2 DELTA NORM] node 1 round=13 — fc2 delta norm this round: 0.0461"}
{"time":"2026-07-23 17:12:13,413","level":"INFO","node":1,"msg":"Forwarded to http://127.0.0.1:8000"}
{"time":"2026-07-23 17:12:24,090","level":"INFO","node":1,"msg":"Received update from node 0, round 14"}
{"time":"2026-07-23 17:12:39,301","level":"INFO","node":1,"msg":"ZKP ACCEPTED from node 0"}
{"time":"2026-07-23 17:12:40,570","level":"WARNING","node":1,"msg":"No stored proposal for round=14 origin=0 — voting using fallback hash, may not match other peers"}
{"time":"2026-07-23 17:12:40,573","level":"INFO","node":1,"msg":"fc_in col7 delta self-cosine for node 0: -0.4369 (delta_norm=0.2240)"}
{"time":"2026-07-23 17:12:40,582","level":"INFO","node":1,"msg":"Per-class agreement with node 0: class0=0.968 class1=0.970 gap=0.002"}
{"time":"2026-07-23 17:12:40,582","level":"INFO","node":1,"msg":"Per-class rolling gap for node 0: mean=0.019 over last 4 round(s)"}
{"time":"2026-07-23 17:12:40,584","level":"INFO","node":1,"msg":"Trust score for node 0: S=0.830 (Z=1.00 A=0.97 P=0.50 R=1.00) advisory only"}
{"time":"2026-07-23 17:12:40,601","level":"INFO","node":1,"msg":"Sent consensus vote to node 0"}
{"time":"2026-07-23 17:12:40,797","level":"INFO","node":1,"msg":"[FC2 DELTA NORM] node 1 round=14 — fc2 delta norm this round: 0.0286"}
{"time":"2026-07-23 17:12:40,797","level":"WARNING","node":1,"msg":"ZKP norm violation (clipping applied): slack=-4732, retry=0"}
{"time":"2026-07-23 17:12:50,746","level":"INFO","node":1,"msg":"Forwarded to http://127.0.0.1:8000"}
{"time":"2026-07-23 17:13:01,526","level":"INFO","node":1,"msg":"Received update from node 0, round 15"}
{"time":"2026-07-23 17:13:17,056","level":"INFO","node":1,"msg":"ZKP ACCEPTED from node 0"}
{"time":"2026-07-23 17:13:18,292","level":"WARNING","node":1,"msg":"No stored proposal for round=15 origin=0 — voting using fallback hash, may not match other peers"}
{"time":"2026-07-23 17:13:18,294","level":"INFO","node":1,"msg":"fc_in col7 delta self-cosine for node 0: -0.2840 (delta_norm=0.2513)"}
{"time":"2026-07-23 17:13:18,304","level":"INFO","node":1,"msg":"Per-class agreement with node 0: class0=0.971 class1=0.966 gap=0.005"}
{"time":"2026-07-23 17:13:18,304","level":"INFO","node":1,"msg":"Per-class rolling gap for node 0: mean=0.016 over last 4 round(s)"}
{"time":"2026-07-23 17:13:18,304","level":"INFO","node":1,"msg":"Trust score for node 0: S=0.831 (Z=1.00 A=0.97 P=0.50 R=1.00) advisory only"}
{"time":"2026-07-23 17:13:18,333","level":"INFO","node":1,"msg":"Sent consensus vote to node 0"}
{"time":"2026-07-23 17:13:18,627","level":"INFO","node":1,"msg":"[FC2 DELTA NORM] node 1 round=15 — fc2 delta norm this round: 0.0395"}
{"time":"2026-07-23 17:13:28,616","level":"INFO","node":1,"msg":"Forwarded to http://127.0.0.1:8000"}
{"time":"2026-07-23 17:13:39,268","level":"INFO","node":1,"msg":"Received update from node 0, round 16"}
{"time":"2026-07-23 17:13:54,620","level":"INFO","node":1,"msg":"ZKP ACCEPTED from node 0"}
{"time":"2026-07-23 17:13:55,890","level":"WARNING","node":1,"msg":"No stored proposal for round=16 origin=0 — voting using fallback hash, may not match other peers"}
{"time":"2026-07-23 17:13:55,892","level":"INFO","node":1,"msg":"fc_in col7 delta self-cosine for node 0: -0.4067 (delta_norm=0.2110)"}
{"time":"2026-07-23 17:13:55,901","level":"INFO","node":1,"msg":"Per-class agreement with node 0: class0=0.974 class1=0.962 gap=0.012"}
{"time":"2026-07-23 17:13:55,901","level":"INFO","node":1,"msg":"Per-class rolling gap for node 0: mean=0.012 over last 4 round(s)"}
{"time":"2026-07-23 17:13:55,901","level":"INFO","node":1,"msg":"Trust score for node 0: S=0.831 (Z=1.00 A=0.97 P=0.50 R=1.00) advisory only"}
{"time":"2026-07-23 17:13:55,921","level":"INFO","node":1,"msg":"Sent consensus vote to node 0"}
{"time":"2026-07-23 17:13:56,114","level":"INFO","node":1,"msg":"[FC2 DELTA NORM] node 1 round=16 — fc2 delta norm this round: 0.0388"}
{"time":"2026-07-23 17:14:05,742","level":"INFO","node":1,"msg":"Forwarded to http://127.0.0.1:8000"}
{"time":"2026-07-23 17:14:16,382","level":"INFO","node":1,"msg":"Received update from node 0, round 17"}
{"time":"2026-07-23 17:14:31,546","level":"INFO","node":1,"msg":"ZKP ACCEPTED from node 0"}
{"time":"2026-07-23 17:14:32,796","level":"WARNING","node":1,"msg":"No stored proposal for round=17 origin=0 — voting using fallback hash, may not match other peers"}
{"time":"2026-07-23 17:14:32,797","level":"INFO","node":1,"msg":"fc_in col7 delta self-cosine for node 0: -0.2799 (delta_norm=0.2165)"}
{"time":"2026-07-23 17:14:32,803","level":"INFO","node":1,"msg":"Per-class agreement with node 0: class0=0.969 class1=0.962 gap=0.007"}
{"time":"2026-07-23 17:14:32,803","level":"INFO","node":1,"msg":"Per-class rolling gap for node 0: mean=0.006 over last 4 round(s)"}
{"time":"2026-07-23 17:14:32,803","level":"INFO","node":1,"msg":"Trust score for node 0: S=0.828 (Z=1.00 A=0.97 P=0.50 R=1.00) advisory only"}
{"time":"2026-07-23 17:14:32,819","level":"INFO","node":1,"msg":"Sent consensus vote to node 0"}
{"time":"2026-07-23 17:14:33,012","level":"INFO","node":1,"msg":"[FC2 DELTA NORM] node 1 round=17 — fc2 delta norm this round: 0.0203"}
{"time":"2026-07-23 17:14:33,014","level":"WARNING","node":1,"msg":"ZKP norm violation (clipping applied): slack=-336713, retry=0"}
{"time":"2026-07-23 17:14:42,949","level":"INFO","node":1,"msg":"Forwarded to http://127.0.0.1:8000"}
{"time":"2026-07-23 17:14:46,582","level":"WARNING","node":1,"msg":"[WATCHDOG FIRING] No proposal received from node 0 for round 2 after 600s — treating as unreachable/stalled. fired_at=17:14:46"}
{"time":"2026-07-23 17:14:46,582","level":"ERROR","node":1,"msg":"Node 0 EXCLUDED from proposing and quorum. Quorum requirement adjusted to 1 of 1 remaining trusted nodes."}
{"time":"2026-07-23 17:14:46,599","level":"INFO","node":1,"msg":"Sent exclusion notice for node 0 to node 2"}
{"time":"2026-07-23 17:14:46,623","level":"INFO","node":1,"msg":"Sent exclusion notice for node 0 to node 3"}
{"time":"2026-07-23 17:14:46,623","level":"INFO","node":1,"msg":"Taking over as proposer for round 2 after watchdog timeout."}
{"time":"2026-07-23 17:14:46,626","level":"INFO","node":1,"msg":"Starting round 3"}
{"time":"2026-07-23 17:14:46,796","level":"INFO","node":1,"msg":"[FC2 DELTA NORM] node 1 round=2 — fc2 delta norm this round: 0.0209"}
{"time":"2026-07-23 17:14:46,796","level":"WARNING","node":1,"msg":"ZKP norm violation (clipping applied): slack=-60208, retry=0"}
{"time":"2026-07-23 17:14:53,436","level":"INFO","node":1,"msg":"Received update from node 0, round 18"}
{"time":"2026-07-23 17:14:59,937","level":"INFO","node":1,"msg":"Forwarded to http://127.0.0.1:8002"}
{"time":"2026-07-23 17:15:12,020","level":"INFO","node":1,"msg":"ZKP ACCEPTED from node 0"}
{"time":"2026-07-23 17:15:13,264","level":"WARNING","node":1,"msg":"No stored proposal for round=18 origin=0 — voting using fallback hash, may not match other peers"}
{"time":"2026-07-23 17:15:13,264","level":"INFO","node":1,"msg":"fc_in col7 delta self-cosine for node 0: -0.3087 (delta_norm=0.2301)"}
{"time":"2026-07-23 17:15:13,274","level":"INFO","node":1,"msg":"Per-class agreement with node 0: class0=0.956 class1=0.954 gap=0.003"}
{"time":"2026-07-23 17:15:13,274","level":"INFO","node":1,"msg":"Per-class rolling gap for node 0: mean=0.007 over last 4 round(s)"}
{"time":"2026-07-23 17:15:13,274","level":"INFO","node":1,"msg":"Trust score for node 0: S=0.819 (Z=1.00 A=0.96 P=0.50 R=1.00) advisory only"}
{"time":"2026-07-23 17:15:13,502","level":"INFO","node":1,"msg":"[FC2 DELTA NORM] node 1 round=18 — fc2 delta norm this round: 0.0277"}
{"time":"2026-07-23 17:15:23,256","level":"INFO","node":1,"msg":"Forwarded to http://127.0.0.1:8002"}
{"time":"2026-07-23 17:16:26,550","level":"INFO","node":1,"msg":"Received update from node 0, round 2"}
{"time":"2026-07-23 17:16:26,550","level":"INFO","node":1,"msg":"Round 3 complete — aggregating"}
{"time":"2026-07-23 17:16:26,556","level":"INFO","node":1,"msg":"Round 3 accuracy gate skipped (warm-up period, candidate_acc=0.8091)"}
{"time":"2026-07-23 17:16:26,589","level":"INFO","node":1,"msg":"Checkpoint saved to C:\Users\mousu\OneDrive\Desktop\Set A\securefedhe\dashboard\model_latest.pt"}
{"time":"2026-07-23 17:16:26,589","level":"INFO","node":1,"msg":"Round 3 complete | accuracy=0.8091 | duration=99.96s"}
{"time":"2026-07-23 17:16:27,100","level":"INFO","node":1,"msg":"Starting round 4"}
{"time":"2026-07-23 17:16:27,364","level":"INFO","node":1,"msg":"[FC2 DELTA NORM] node 1 round=3 — fc2 delta norm this round: 0.2245"}
{"time":"2026-07-23 17:16:37,102","level":"INFO","node":1,"msg":"Received update from node 0, round 19"}
{"time":"2026-07-23 17:16:37,348","level":"INFO","node":1,"msg":"Forwarded to http://127.0.0.1:8002"}
{"time":"2026-07-23 17:16:52,449","level":"INFO","node":1,"msg":"ZKP ACCEPTED from node 0"}
{"time":"2026-07-23 17:16:53,714","level":"WARNING","node":1,"msg":"No stored proposal for round=19 origin=0 — voting using fallback hash, may not match other peers"}
{"time":"2026-07-23 17:16:53,714","level":"INFO","node":1,"msg":"fc_in col7 delta self-cosine for node 0: -0.3210 (delta_norm=0.3215)"}
{"time":"2026-07-23 17:16:53,724","level":"INFO","node":1,"msg":"Per-class agreement with node 0: class0=0.894 class1=0.887 gap=0.007"}
{"time":"2026-07-23 17:16:53,724","level":"INFO","node":1,"msg":"Per-class rolling gap for node 0: mean=0.007 over last 4 round(s)"}
{"time":"2026-07-23 17:16:53,730","level":"INFO","node":1,"msg":"Trust score for node 0: S=0.778 (Z=1.00 A=0.89 P=0.55 R=1.00) advisory only"}
{"time":"2026-07-23 17:16:53,997","level":"INFO","node":1,"msg":"[FC2 DELTA NORM] node 1 round=19 — fc2 delta norm this round: 0.0673"}
{"time":"2026-07-23 17:17:03,724","level":"INFO","node":1,"msg":"Forwarded to http://127.0.0.1:8002"}
{"time":"2026-07-23 17:17:56,553","level":"INFO","node":1,"msg":"Received update from node 0, round 3"}
{"time":"2026-07-23 17:17:56,553","level":"INFO","node":1,"msg":"Round 4 complete — aggregating"}
{"time":"2026-07-23 17:17:56,563","level":"INFO","node":1,"msg":"Round 4 accuracy gate skipped (warm-up period, candidate_acc=0.7545)"}
{"time":"2026-07-23 17:17:56,573","level":"INFO","node":1,"msg":"Checkpoint saved to C:\Users\mousu\OneDrive\Desktop\Set A\securefedhe\dashboard\model_latest.pt"}
{"time":"2026-07-23 17:17:56,573","level":"INFO","node":1,"msg":"Round 4 complete | accuracy=0.7545 | duration=89.47s"}
{"time":"2026-07-23 17:17:57,091","level":"INFO","node":1,"msg":"Starting round 5"}
{"time":"2026-07-23 17:17:57,348","level":"INFO","node":1,"msg":"[FC2 DELTA NORM] node 1 round=4 — fc2 delta norm this round: 0.2151"}
{"time":"2026-07-23 17:18:08,203","level":"INFO","node":1,"msg":"Forwarded to http://127.0.0.1:8002"}
{"time":"2026-07-23 17:19:29,402","level":"INFO","node":1,"msg":"Received update from node 0, round 4"}
{"time":"2026-07-23 17:19:29,402","level":"INFO","node":1,"msg":"Round 5 complete — aggregating"}
{"time":"2026-07-23 17:19:29,413","level":"INFO","node":1,"msg":"Round 5 accuracy gate skipped (warm-up period, candidate_acc=0.8182)"}
{"time":"2026-07-23 17:19:29,423","level":"INFO","node":1,"msg":"Checkpoint saved to C:\Users\mousu\OneDrive\Desktop\Set A\securefedhe\dashboard\model_latest.pt"}
{"time":"2026-07-23 17:19:29,423","level":"INFO","node":1,"msg":"Round 5 complete | accuracy=0.8182 | duration=92.33s"}
{"time":"2026-07-23 17:19:29,930","level":"INFO","node":1,"msg":"Starting round 6"}
{"time":"2026-07-23 17:19:30,278","level":"INFO","node":1,"msg":"[FC2 DELTA NORM] node 1 round=5 — fc2 delta norm this round: 0.2006"}
{"time":"2026-07-23 17:19:50,499","level":"INFO","node":1,"msg":"Forwarded to http://127.0.0.1:8002"}
{"time":"2026-07-23 17:25:51,325","level":"INFO","node":1,"msg":"Starting node 1: Suburban Medical Clinic"}
{"time":"2026-07-23 17:25:51,325","level":"INFO","node":1,"msg":"[CONFIG DEBUG] attack_simulation loaded: enabled=True target_node=2 type=gradient_norm config_path=config_dev.json"}
{"time":"2026-07-23 17:25:51,404","level":"WARNING","node":1,"msg":"DEV MODE: running without TLS"}
{"time":"2026-07-23 17:25:51,404","level":"INFO","node":1,"msg":"Listening on 127.0.0.1:8001 | TLS=False"}
{"time":"2026-07-23 17:25:56,439","level":"INFO","node":1,"msg":"Sent public key to node 0"}
{"time":"2026-07-23 17:25:56,499","level":"INFO","node":1,"msg":"Sent consensus pubkey to node 0"}
{"time":"2026-07-23 17:25:57,489","level":"INFO","node":1,"msg":"Sent public key to node 2"}
{"time":"2026-07-23 17:25:57,561","level":"INFO","node":1,"msg":"Sent consensus pubkey to node 2"}
{"time":"2026-07-23 17:26:02,244","level":"INFO","node":1,"msg":"Key exchange complete with node 2"}
{"time":"2026-07-23 17:26:02,259","level":"INFO","node":1,"msg":"Consensus pubkey received from node 2"}
{"time":"2026-07-23 17:26:05,610","level":"INFO","node":1,"msg":"Sent public key to node 3"}
{"time":"2026-07-23 17:26:05,689","level":"INFO","node":1,"msg":"Sent consensus pubkey to node 3"}
{"time":"2026-07-23 17:26:06,104","level":"INFO","node":1,"msg":"Key exchange complete with node 0"}
{"time":"2026-07-23 17:26:06,145","level":"INFO","node":1,"msg":"Consensus pubkey received from node 0"}
{"time":"2026-07-23 17:26:08,763","level":"INFO","node":1,"msg":"Consensus pubkey received from node 3"}
{"time":"2026-07-23 17:26:08,785","level":"INFO","node":1,"msg":"Key exchange complete with node 3"}
{"time":"2026-07-23 17:26:31,450","level":"INFO","node":1,"msg":"Proposal received: round=0 origin=0 hash=c944eecca71a..."}
{"time":"2026-07-23 17:26:31,512","level":"INFO","node":1,"msg":"Consensus vote recorded: node 0 decision=True reason=zkp_ok round=0 new=True satisfied=False"}
{"time":"2026-07-23 17:26:31,520","level":"INFO","node":1,"msg":"Received update from node 0, round 0"}
{"time":"2026-07-23 17:27:08,568","level":"INFO","node":1,"msg":"ZKP ACCEPTED from node 0"}
{"time":"2026-07-23 17:27:08,589","level":"INFO","node":1,"msg":"Trust score for node 0: S=0.429 (Z=1.00 A=0.50 P=0.50 R=1.00) advisory only"}
{"time":"2026-07-23 17:27:08,608","level":"INFO","node":1,"msg":"Sent consensus vote to node 2"}
{"time":"2026-07-23 17:27:08,608","level":"INFO","node":1,"msg":"Sent consensus vote to node 3"}
{"time":"2026-07-23 17:27:08,610","level":"INFO","node":1,"msg":"Sent consensus vote to node 0"}
{"time":"2026-07-23 17:27:13,265","level":"INFO","node":1,"msg":"[FC2 DELTA NORM] node 1 round=0 — fc2 delta norm this round: 0.1417"}
{"time":"2026-07-23 17:27:53,602","level":"INFO","node":1,"msg":"Forwarded to http://127.0.0.1:8002"}
{"time":"2026-07-23 17:28:42,888","level":"INFO","node":1,"msg":"Prediction agreement with node 2 round=0: A=0.768"}
{"time":"2026-07-23 17:28:42,890","level":"INFO","node":1,"msg":"Consensus vote recorded: node 2 decision=True reason=zkp_ok round=0 new=True satisfied=True"}
{"time":"2026-07-23 17:30:19,738","level":"INFO","node":1,"msg":"Prediction agreement with node 3 round=0: A=0.601"}
{"time":"2026-07-23 17:30:19,738","level":"INFO","node":1,"msg":"Consensus vote recorded: node 3 decision=True reason=zkp_ok round=0 new=True satisfied=True"}
{"time":"2026-07-23 17:31:01,703","level":"INFO","node":1,"msg":"Synced weights from master for round 0"}
{"time":"2026-07-23 17:31:01,748","level":"INFO","node":1,"msg":"Sent commit vote to node 0"}
{"time":"2026-07-23 17:31:02,007","level":"INFO","node":1,"msg":"My turn — starting round 2 as proposer."}
{"time":"2026-07-23 17:31:02,013","level":"INFO","node":1,"msg":"Starting round 2"}
{"time":"2026-07-23 17:31:03,167","level":"INFO","node":1,"msg":"[FC2 DELTA NORM] node 1 round=1 — fc2 delta norm this round: 0.3356"}
{"time":"2026-07-23 17:31:38,764","level":"INFO","node":1,"msg":"Sent proposal to node 0"}
{"time":"2026-07-23 17:31:38,780","level":"INFO","node":1,"msg":"Sent proposal to node 2"}
{"time":"2026-07-23 17:31:38,795","level":"INFO","node":1,"msg":"Sent proposal to node 3"}
{"time":"2026-07-23 17:31:38,847","level":"INFO","node":1,"msg":"Sent consensus vote to node 0"}
{"time":"2026-07-23 17:31:38,849","level":"INFO","node":1,"msg":"Sent consensus vote to node 2"}
{"time":"2026-07-23 17:31:38,849","level":"INFO","node":1,"msg":"Sent consensus vote to node 3"}
{"time":"2026-07-23 17:31:38,876","level":"INFO","node":1,"msg":"Forwarded to http://127.0.0.1:8002"}
{"time":"2026-07-23 17:33:53,448","level":"INFO","node":1,"msg":"Starting node 1: Suburban Medical Clinic"}
{"time":"2026-07-23 17:33:53,448","level":"INFO","node":1,"msg":"[CONFIG DEBUG] attack_simulation loaded: enabled=True target_node=2 type=gradient_norm config_path=config_dev.json"}
{"time":"2026-07-23 17:33:53,523","level":"WARNING","node":1,"msg":"DEV MODE: running without TLS"}
{"time":"2026-07-23 17:33:53,523","level":"INFO","node":1,"msg":"Listening on 127.0.0.1:8001 | TLS=False"}
{"time":"2026-07-23 17:33:58,562","level":"INFO","node":1,"msg":"Sent consensus pubkey to node 0"}
{"time":"2026-07-23 17:33:58,562","level":"INFO","node":1,"msg":"Sent public key to node 0"}
{"time":"2026-07-23 17:33:58,578","level":"INFO","node":1,"msg":"Sent consensus pubkey to node 2"}
{"time":"2026-07-23 17:33:58,587","level":"INFO","node":1,"msg":"Sent consensus pubkey to node 3"}
{"time":"2026-07-23 17:33:58,591","level":"INFO","node":1,"msg":"Sent public key to node 2"}
{"time":"2026-07-23 17:33:58,604","level":"INFO","node":1,"msg":"Sent public key to node 3"}
{"time":"2026-07-23 17:34:00,391","level":"INFO","node":1,"msg":"Key exchange complete with node 2"}
{"time":"2026-07-23 17:34:00,406","level":"INFO","node":1,"msg":"Consensus pubkey received from node 2"}
{"time":"2026-07-23 17:34:02,185","level":"INFO","node":1,"msg":"Key exchange complete with node 3"}
{"time":"2026-07-23 17:34:02,187","level":"INFO","node":1,"msg":"Consensus pubkey received from node 3"}
{"time":"2026-07-23 17:34:08,552","level":"INFO","node":1,"msg":"Key exchange complete with node 0"}
{"time":"2026-07-23 17:34:08,584","level":"INFO","node":1,"msg":"Consensus pubkey received from node 0"}
{"time":"2026-07-23 17:34:19,476","level":"INFO","node":1,"msg":"Proposal received: round=0 origin=0 hash=04ae5271245a..."}
{"time":"2026-07-23 17:34:19,532","level":"INFO","node":1,"msg":"Consensus vote recorded: node 0 decision=True reason=zkp_ok round=0 new=True satisfied=False"}
{"time":"2026-07-23 17:34:19,545","level":"INFO","node":1,"msg":"Received update from node 0, round 0"}
{"time":"2026-07-23 17:34:34,381","level":"INFO","node":1,"msg":"ZKP ACCEPTED from node 0"}
{"time":"2026-07-23 17:34:34,381","level":"INFO","node":1,"msg":"Trust score for node 0: S=0.429 (Z=1.00 A=0.50 P=0.50 R=1.00) advisory only"}
{"time":"2026-07-23 17:34:34,396","level":"INFO","node":1,"msg":"Sent consensus vote to node 2"}
{"time":"2026-07-23 17:34:34,396","level":"INFO","node":1,"msg":"Sent consensus vote to node 3"}
{"time":"2026-07-23 17:34:34,404","level":"INFO","node":1,"msg":"Sent consensus vote to node 0"}
{"time":"2026-07-23 17:34:36,310","level":"INFO","node":1,"msg":"[FC2 DELTA NORM] node 1 round=0 — fc2 delta norm this round: 0.2110"}
{"time":"2026-07-23 17:34:45,586","level":"INFO","node":1,"msg":"[TIMING] node 1 round=0 ZKP proof generation (voter) took 9.26s"}
{"time":"2026-07-23 17:34:45,586","level":"INFO","node":1,"msg":"[TIMING] node 1 round=0 HE encryption (voter) took 0.00s"}
{"time":"2026-07-23 17:34:45,604","level":"INFO","node":1,"msg":"Forwarded to http://127.0.0.1:8002"}
{"time":"2026-07-23 17:35:00,305","level":"INFO","node":1,"msg":"Prediction agreement with node 2 round=0: A=0.560"}
{"time":"2026-07-23 17:35:00,309","level":"INFO","node":1,"msg":"Consensus vote recorded: node 2 decision=True reason=zkp_ok round=0 new=True satisfied=True"}
{"time":"2026-07-23 17:35:26,020","level":"INFO","node":1,"msg":"Prediction agreement with node 3 round=0: A=0.533"}
{"time":"2026-07-23 17:35:26,020","level":"INFO","node":1,"msg":"Consensus vote recorded: node 3 decision=True reason=zkp_ok round=0 new=True satisfied=True"}
{"time":"2026-07-23 17:35:37,136","level":"INFO","node":1,"msg":"Synced weights from master for round 0"}
{"time":"2026-07-23 17:35:37,150","level":"INFO","node":1,"msg":"Sent commit vote to node 0"}
{"time":"2026-07-23 17:35:37,335","level":"INFO","node":1,"msg":"My turn — starting round 2 as proposer."}
{"time":"2026-07-23 17:35:37,337","level":"INFO","node":1,"msg":"Starting round 2"}
{"time":"2026-07-23 17:35:37,527","level":"INFO","node":1,"msg":"[FC2 DELTA NORM] node 1 round=1 — fc2 delta norm this round: 0.3033"}
{"time":"2026-07-23 17:35:46,922","level":"INFO","node":1,"msg":"[TIMING] node 1 round=1 ZKP proof generation took 9.35s"}
{"time":"2026-07-23 17:35:46,922","level":"INFO","node":1,"msg":"[TIMING] node 1 round=1 HE encryption took 0.00s"}
{"time":"2026-07-23 17:35:46,940","level":"INFO","node":1,"msg":"Sent proposal to node 0"}
{"time":"2026-07-23 17:35:46,971","level":"INFO","node":1,"msg":"Sent proposal to node 2"}
{"time":"2026-07-23 17:35:46,997","level":"INFO","node":1,"msg":"Sent proposal to node 3"}
{"time":"2026-07-23 17:35:47,010","level":"INFO","node":1,"msg":"Sent consensus vote to node 2"}
{"time":"2026-07-23 17:35:47,010","level":"INFO","node":1,"msg":"Sent consensus vote to node 0"}
{"time":"2026-07-23 17:35:47,015","level":"INFO","node":1,"msg":"Sent consensus vote to node 3"}
{"time":"2026-07-23 17:35:47,022","level":"INFO","node":1,"msg":"Forwarded to http://127.0.0.1:8002"}
{"time":"2026-07-23 17:37:00,363","level":"INFO","node":1,"msg":"Received update from node 0, round 1"}
{"time":"2026-07-23 17:37:00,363","level":"INFO","node":1,"msg":"Round 2 complete — aggregating"}
{"time":"2026-07-23 17:37:00,363","level":"WARNING","node":1,"msg":"Round 2 REJECTED — quorum not satisfied (attempt 1/3). Retrying round."}
{"time":"2026-07-23 17:37:00,873","level":"INFO","node":1,"msg":"Starting round 2"}
{"time":"2026-07-23 17:37:01,063","level":"INFO","node":1,"msg":"[FC2 DELTA NORM] node 1 round=1 — fc2 delta norm this round: 0.1553"}
{"time":"2026-07-23 17:37:01,065","level":"WARNING","node":1,"msg":"ZKP norm violation (clipping applied): slack=-253802, retry=0"}
{"time":"2026-07-23 17:37:10,606","level":"INFO","node":1,"msg":"[TIMING] node 1 round=1 ZKP proof generation took 9.54s"}
{"time":"2026-07-23 17:37:10,606","level":"INFO","node":1,"msg":"[TIMING] node 1 round=1 HE encryption took 0.00s"}
{"time":"2026-07-23 17:37:10,623","level":"INFO","node":1,"msg":"Sent proposal to node 0"}
{"time":"2026-07-23 17:37:10,649","level":"INFO","node":1,"msg":"Sent proposal to node 2"}
{"time":"2026-07-23 17:37:10,675","level":"INFO","node":1,"msg":"Sent proposal to node 3"}
{"time":"2026-07-23 17:37:10,693","level":"INFO","node":1,"msg":"Sent consensus vote to node 0"}
{"time":"2026-07-23 17:37:10,702","level":"INFO","node":1,"msg":"Sent consensus vote to node 2"}
{"time":"2026-07-23 17:37:10,702","level":"INFO","node":1,"msg":"Sent consensus vote to node 3"}
{"time":"2026-07-23 17:37:10,713","level":"INFO","node":1,"msg":"Forwarded to http://127.0.0.1:8002"}
{"time":"2026-07-23 17:38:24,016","level":"INFO","node":1,"msg":"Received update from node 0, round 1"}
{"time":"2026-07-23 17:38:24,018","level":"INFO","node":1,"msg":"Round 2 complete — aggregating"}
{"time":"2026-07-23 17:38:24,018","level":"WARNING","node":1,"msg":"Round 2 REJECTED — quorum not satisfied (attempt 2/3). Retrying round."}
{"time":"2026-07-23 17:38:24,529","level":"INFO","node":1,"msg":"Starting round 2"}
{"time":"2026-07-23 17:38:24,702","level":"INFO","node":1,"msg":"[FC2 DELTA NORM] node 1 round=1 — fc2 delta norm this round: 0.0689"}
{"time":"2026-07-23 17:38:24,702","level":"WARNING","node":1,"msg":"ZKP norm violation (clipping applied): slack=-19933, retry=0"}
{"time":"2026-07-23 17:38:34,109","level":"INFO","node":1,"msg":"[TIMING] node 1 round=1 ZKP proof generation took 9.40s"}
{"time":"2026-07-23 17:38:34,109","level":"INFO","node":1,"msg":"[TIMING] node 1 round=1 HE encryption took 0.00s"}
{"time":"2026-07-23 17:38:34,126","level":"INFO","node":1,"msg":"Sent proposal to node 0"}
{"time":"2026-07-23 17:38:34,140","level":"INFO","node":1,"msg":"Sent proposal to node 2"}
{"time":"2026-07-23 17:38:34,161","level":"INFO","node":1,"msg":"Sent proposal to node 3"}
{"time":"2026-07-23 17:38:34,178","level":"INFO","node":1,"msg":"Sent consensus vote to node 0"}
{"time":"2026-07-23 17:38:34,178","level":"INFO","node":1,"msg":"Sent consensus vote to node 2"}
{"time":"2026-07-23 17:38:34,182","level":"INFO","node":1,"msg":"Sent consensus vote to node 3"}
{"time":"2026-07-23 17:38:34,189","level":"INFO","node":1,"msg":"Forwarded to http://127.0.0.1:8002"}
{"time":"2026-07-23 17:38:49,275","level":"INFO","node":1,"msg":"Consensus vote recorded: node 2 decision=True reason=zkp_ok round=1 new=True satisfied=False"}
{"time":"2026-07-23 17:39:13,761","level":"INFO","node":1,"msg":"Consensus vote recorded: node 3 decision=True reason=zkp_ok round=1 new=True satisfied=True"}
{"time":"2026-07-23 17:39:38,140","level":"ERROR","node":1,"msg":"Node 3 EXCLUDED from proposing and quorum. Quorum requirement adjusted to 3 of 3 remaining trusted nodes."}
{"time":"2026-07-23 17:39:38,158","level":"ERROR","node":1,"msg":"Node 2 EXCLUDED from proposing and quorum. Quorum requirement adjusted to 2 of 2 remaining trusted nodes."}
{"time":"2026-07-23 17:39:47,264","level":"INFO","node":1,"msg":"Received update from node 0, round 1"}
{"time":"2026-07-23 17:39:47,264","level":"INFO","node":1,"msg":"Round 2 complete — aggregating"}
{"time":"2026-07-23 17:39:47,264","level":"WARNING","node":1,"msg":"Round 2 REJECTED — quorum not satisfied (attempt 3/3). Retrying round."}
{"time":"2026-07-23 17:39:47,780","level":"INFO","node":1,"msg":"Starting round 2"}
{"time":"2026-07-23 17:39:47,960","level":"INFO","node":1,"msg":"[FC2 DELTA NORM] node 1 round=1 — fc2 delta norm this round: 0.0630"}
{"time":"2026-07-23 17:39:47,960","level":"WARNING","node":1,"msg":"ZKP norm violation (clipping applied): slack=-94899, retry=0"}
{"time":"2026-07-23 17:39:57,392","level":"INFO","node":1,"msg":"[TIMING] node 1 round=1 ZKP proof generation took 9.41s"}
{"time":"2026-07-23 17:39:57,392","level":"INFO","node":1,"msg":"[TIMING] node 1 round=1 HE encryption took 0.00s"}
{"time":"2026-07-23 17:39:57,405","level":"INFO","node":1,"msg":"Sent proposal to node 0"}
{"time":"2026-07-23 17:39:57,406","level":"INFO","node":1,"msg":"Sent consensus vote to node 0"}
{"time":"2026-07-23 17:39:57,415","level":"INFO","node":1,"msg":"Forwarded to http://127.0.0.1:8000"}
{"time":"2026-07-23 17:40:21,472","level":"INFO","node":1,"msg":"Received update from node 0, round 1"}
{"time":"2026-07-23 17:40:21,472","level":"INFO","node":1,"msg":"Round 2 complete — aggregating"}
{"time":"2026-07-23 17:40:21,472","level":"ERROR","node":1,"msg":"Round 2 REJECTED — quorum not satisfied after 3 retries. Skipping round, model NOT updated."}
{"time":"2026-07-23 17:40:21,494","level":"INFO","node":1,"msg":"Sent skip notice to node 0"}
{"time":"2026-07-23 17:40:21,506","level":"INFO","node":1,"msg":"Notified next proposer to node 0"}
{"time":"2026-07-23 17:40:21,509","level":"INFO","node":1,"msg":"[WATCHDOG SPAWNED] round=2 expected_proposer=0 timeout_s=600 spawned_at=17:40:21"}
{"time":"2026-07-23 17:40:30,802","level":"INFO","node":1,"msg":"Received update from node 0, round 2"}
{"time":"2026-07-23 17:40:46,013","level":"INFO","node":1,"msg":"ZKP ACCEPTED from node 0"}
{"time":"2026-07-23 17:40:47,274","level":"WARNING","node":1,"msg":"No stored proposal for round=2 origin=0 — voting using fallback hash, may not match other peers"}
{"time":"2026-07-23 17:40:47,286","level":"INFO","node":1,"msg":"Per-class agreement with node 0: class0=0.508 class1=0.577 gap=0.069"}
{"time":"2026-07-23 17:40:47,286","level":"INFO","node":1,"msg":"Per-class rolling gap for node 0: mean=0.069 over last 1 round(s)"}
{"time":"2026-07-23 17:40:47,286","level":"INFO","node":1,"msg":"Trust score for node 0: S=0.454 (Z=1.00 A=0.53 P=0.50 R=1.00) advisory only"}
{"time":"2026-07-23 17:40:47,302","level":"INFO","node":1,"msg":"Sent consensus vote to node 0"}
{"time":"2026-07-23 17:40:47,478","level":"INFO","node":1,"msg":"[FC2 DELTA NORM] node 1 round=2 — fc2 delta norm this round: 0.0646"}
{"time":"2026-07-23 17:40:47,480","level":"WARNING","node":1,"msg":"ZKP norm violation (clipping applied): slack=-389194, retry=0"}
{"time":"2026-07-23 17:40:56,940","level":"INFO","node":1,"msg":"[TIMING] node 1 round=2 ZKP proof generation (voter) took 9.45s"}
{"time":"2026-07-23 17:40:56,940","level":"INFO","node":1,"msg":"[TIMING] node 1 round=2 HE encryption (voter) took 0.00s"}
{"time":"2026-07-23 17:40:56,949","level":"INFO","node":1,"msg":"Forwarded to http://127.0.0.1:8000"}
{"time":"2026-07-23 17:41:07,059","level":"INFO","node":1,"msg":"Received update from node 0, round 3"}
{"time":"2026-07-23 17:41:22,067","level":"INFO","node":1,"msg":"ZKP ACCEPTED from node 0"}
{"time":"2026-07-23 17:41:23,321","level":"WARNING","node":1,"msg":"No stored proposal for round=3 origin=0 — voting using fallback hash, may not match other peers"}
{"time":"2026-07-23 17:41:23,321","level":"INFO","node":1,"msg":"fc_in col7 delta self-cosine for node 0: -0.0005 (delta_norm=0.3876)"}
{"time":"2026-07-23 17:41:23,330","level":"INFO","node":1,"msg":"Per-class agreement with node 0: class0=0.769 class1=0.837 gap=0.068"}
{"time":"2026-07-23 17:41:23,333","level":"INFO","node":1,"msg":"Per-class rolling gap for node 0: mean=0.069 over last 2 round(s)"}
{"time":"2026-07-23 17:41:23,333","level":"INFO","node":1,"msg":"Trust score for node 0: S=0.678 (Z=1.00 A=0.79 P=0.50 R=1.00) advisory only"}
{"time":"2026-07-23 17:41:23,349","level":"INFO","node":1,"msg":"Sent consensus vote to node 0"}
{"time":"2026-07-23 17:41:23,541","level":"INFO","node":1,"msg":"[FC2 DELTA NORM] node 1 round=3 — fc2 delta norm this round: 0.0254"}
{"time":"2026-07-23 17:41:23,541","level":"WARNING","node":1,"msg":"ZKP norm violation (clipping applied): slack=-514817, retry=0"}
{"time":"2026-07-23 17:41:33,057","level":"INFO","node":1,"msg":"[TIMING] node 1 round=3 ZKP proof generation (voter) took 9.50s"}
{"time":"2026-07-23 17:41:33,057","level":"INFO","node":1,"msg":"[TIMING] node 1 round=3 HE encryption (voter) took 0.00s"}
{"time":"2026-07-23 17:41:33,075","level":"INFO","node":1,"msg":"Forwarded to http://127.0.0.1:8000"}
{"time":"2026-07-23 17:41:43,170","level":"INFO","node":1,"msg":"Received update from node 0, round 4"}
{"time":"2026-07-23 17:41:58,292","level":"INFO","node":1,"msg":"ZKP ACCEPTED from node 0"}
{"time":"2026-07-23 17:41:59,564","level":"WARNING","node":1,"msg":"No stored proposal for round=4 origin=0 — voting using fallback hash, may not match other peers"}
{"time":"2026-07-23 17:41:59,564","level":"INFO","node":1,"msg":"fc_in col7 delta self-cosine for node 0: 0.1468 (delta_norm=0.2111)"}
{"time":"2026-07-23 17:41:59,574","level":"INFO","node":1,"msg":"Per-class agreement with node 0: class0=0.959 class1=0.919 gap=0.041"}
{"time":"2026-07-23 17:41:59,576","level":"INFO","node":1,"msg":"Per-class rolling gap for node 0: mean=0.059 over last 3 round(s)"}
{"time":"2026-07-23 17:41:59,576","level":"INFO","node":1,"msg":"Trust score for node 0: S=0.811 (Z=1.00 A=0.95 P=0.50 R=1.00) advisory only"}
{"time":"2026-07-23 17:41:59,597","level":"INFO","node":1,"msg":"Sent consensus vote to node 0"}
{"time":"2026-07-23 17:41:59,867","level":"INFO","node":1,"msg":"[FC2 DELTA NORM] node 1 round=4 — fc2 delta norm this round: 0.0304"}
{"time":"2026-07-23 17:41:59,869","level":"WARNING","node":1,"msg":"ZKP norm violation (clipping applied): slack=-35283, retry=0"}
{"time":"2026-07-23 17:42:09,606","level":"INFO","node":1,"msg":"[TIMING] node 1 round=4 ZKP proof generation (voter) took 9.73s"}
{"time":"2026-07-23 17:42:09,606","level":"INFO","node":1,"msg":"[TIMING] node 1 round=4 HE encryption (voter) took 0.00s"}
{"time":"2026-07-23 17:42:09,623","level":"INFO","node":1,"msg":"Forwarded to http://127.0.0.1:8000"}
{"time":"2026-07-23 17:42:19,864","level":"INFO","node":1,"msg":"Received update from node 0, round 5"}
{"time":"2026-07-23 17:42:34,577","level":"INFO","node":1,"msg":"ZKP ACCEPTED from node 0"}
{"time":"2026-07-23 17:42:35,846","level":"WARNING","node":1,"msg":"No stored proposal for round=5 origin=0 — voting using fallback hash, may not match other peers"}
{"time":"2026-07-23 17:42:35,846","level":"INFO","node":1,"msg":"fc_in col7 delta self-cosine for node 0: -0.4391 (delta_norm=0.2428)"}
{"time":"2026-07-23 17:42:35,859","level":"INFO","node":1,"msg":"Per-class agreement with node 0: class0=0.964 class1=0.943 gap=0.021"}
{"time":"2026-07-23 17:42:35,859","level":"INFO","node":1,"msg":"Per-class rolling gap for node 0: mean=0.050 over last 4 round(s)"}
{"time":"2026-07-23 17:42:35,859","level":"INFO","node":1,"msg":"Trust score for node 0: S=0.820 (Z=1.00 A=0.96 P=0.50 R=1.00) advisory only"}
{"time":"2026-07-23 17:42:35,908","level":"INFO","node":1,"msg":"Sent consensus vote to node 0"}
{"time":"2026-07-23 17:42:36,103","level":"INFO","node":1,"msg":"[FC2 DELTA NORM] node 1 round=5 — fc2 delta norm this round: 0.0361"}
{"time":"2026-07-23 17:42:36,103","level":"WARNING","node":1,"msg":"ZKP norm violation (clipping applied): slack=-105613, retry=0"}
{"time":"2026-07-23 17:42:45,582","level":"INFO","node":1,"msg":"[TIMING] node 1 round=5 ZKP proof generation (voter) took 9.47s"}
{"time":"2026-07-23 17:42:45,582","level":"INFO","node":1,"msg":"[TIMING] node 1 round=5 HE encryption (voter) took 0.00s"}
{"time":"2026-07-23 17:42:45,589","level":"INFO","node":1,"msg":"Forwarded to http://127.0.0.1:8000"}
{"time":"2026-07-23 17:42:56,662","level":"INFO","node":1,"msg":"Received update from node 0, round 6"}
{"time":"2026-07-23 17:43:11,801","level":"INFO","node":1,"msg":"ZKP ACCEPTED from node 0"}
{"time":"2026-07-23 17:43:13,052","level":"WARNING","node":1,"msg":"No stored proposal for round=6 origin=0 — voting using fallback hash, may not match other peers"}
{"time":"2026-07-23 17:43:13,052","level":"INFO","node":1,"msg":"fc_in col7 delta self-cosine for node 0: -0.5429 (delta_norm=0.2218)"}
{"time":"2026-07-23 17:43:13,061","level":"INFO","node":1,"msg":"Per-class agreement with node 0: class0=0.961 class1=0.929 gap=0.032"}
{"time":"2026-07-23 17:43:13,065","level":"INFO","node":1,"msg":"Per-class rolling gap for node 0: mean=0.041 over last 4 round(s)"}
{"time":"2026-07-23 17:43:13,067","level":"INFO","node":1,"msg":"Trust score for node 0: S=0.815 (Z=1.00 A=0.95 P=0.50 R=1.00) advisory only"}
{"time":"2026-07-23 17:43:13,083","level":"INFO","node":1,"msg":"Sent consensus vote to node 0"}
{"time":"2026-07-23 17:43:13,281","level":"INFO","node":1,"msg":"[FC2 DELTA NORM] node 1 round=6 — fc2 delta norm this round: 0.0606"}
{"time":"2026-07-23 17:43:22,843","level":"INFO","node":1,"msg":"[TIMING] node 1 round=6 ZKP proof generation (voter) took 9.55s"}
{"time":"2026-07-23 17:43:22,843","level":"INFO","node":1,"msg":"[TIMING] node 1 round=6 HE encryption (voter) took 0.00s"}
{"time":"2026-07-23 17:43:22,861","level":"INFO","node":1,"msg":"Forwarded to http://127.0.0.1:8000"}
{"time":"2026-07-23 17:43:33,064","level":"INFO","node":1,"msg":"Received update from node 0, round 7"}
{"time":"2026-07-23 17:43:48,147","level":"INFO","node":1,"msg":"ZKP ACCEPTED from node 0"}
{"time":"2026-07-23 17:43:49,405","level":"WARNING","node":1,"msg":"No stored proposal for round=7 origin=0 — voting using fallback hash, may not match other peers"}
{"time":"2026-07-23 17:43:49,405","level":"INFO","node":1,"msg":"fc_in col7 delta self-cosine for node 0: 0.0870 (delta_norm=0.1930)"}
{"time":"2026-07-23 17:43:49,413","level":"INFO","node":1,"msg":"Per-class agreement with node 0: class0=0.963 class1=0.914 gap=0.049"}
{"time":"2026-07-23 17:43:49,415","level":"INFO","node":1,"msg":"Per-class rolling gap for node 0: mean=0.036 over last 4 round(s)"}
{"time":"2026-07-23 17:43:49,415","level":"INFO","node":1,"msg":"Trust score for node 0: S=0.812 (Z=1.00 A=0.95 P=0.50 R=1.00) advisory only"}
{"time":"2026-07-23 17:43:49,433","level":"INFO","node":1,"msg":"Sent consensus vote to node 0"}
{"time":"2026-07-23 17:43:49,590","level":"INFO","node":1,"msg":"[FC2 DELTA NORM] node 1 round=7 — fc2 delta norm this round: 0.0461"}
{"time":"2026-07-23 17:43:58,863","level":"INFO","node":1,"msg":"[TIMING] node 1 round=7 ZKP proof generation (voter) took 9.26s"}
{"time":"2026-07-23 17:43:58,863","level":"INFO","node":1,"msg":"[TIMING] node 1 round=7 HE encryption (voter) took 0.00s"}
{"time":"2026-07-23 17:43:58,895","level":"INFO","node":1,"msg":"Forwarded to http://127.0.0.1:8000"}
{"time":"2026-07-23 17:44:08,914","level":"INFO","node":1,"msg":"Received update from node 0, round 8"}
{"time":"2026-07-23 17:44:23,857","level":"INFO","node":1,"msg":"ZKP ACCEPTED from node 0"}
{"time":"2026-07-23 17:44:25,120","level":"WARNING","node":1,"msg":"No stored proposal for round=8 origin=0 — voting using fallback hash, may not match other peers"}
{"time":"2026-07-23 17:44:25,120","level":"INFO","node":1,"msg":"fc_in col7 delta self-cosine for node 0: -0.2605 (delta_norm=0.2398)"}
{"time":"2026-07-23 17:44:25,130","level":"INFO","node":1,"msg":"Per-class agreement with node 0: class0=0.958 class1=0.903 gap=0.055"}
{"time":"2026-07-23 17:44:25,130","level":"INFO","node":1,"msg":"Per-class rolling gap for node 0: mean=0.039 over last 4 round(s)"}
{"time":"2026-07-23 17:44:25,132","level":"INFO","node":1,"msg":"Trust score for node 0: S=0.806 (Z=1.00 A=0.94 P=0.50 R=1.00) advisory only"}
{"time":"2026-07-23 17:44:25,159","level":"INFO","node":1,"msg":"Sent consensus vote to node 0"}
{"time":"2026-07-23 17:44:25,358","level":"INFO","node":1,"msg":"[FC2 DELTA NORM] node 1 round=8 — fc2 delta norm this round: 0.0356"}
{"time":"2026-07-23 17:44:34,624","level":"INFO","node":1,"msg":"[TIMING] node 1 round=8 ZKP proof generation (voter) took 9.26s"}
{"time":"2026-07-23 17:44:34,624","level":"INFO","node":1,"msg":"[TIMING] node 1 round=8 HE encryption (voter) took 0.00s"}
{"time":"2026-07-23 17:44:34,637","level":"INFO","node":1,"msg":"Forwarded to http://127.0.0.1:8000"}
{"time":"2026-07-23 17:44:44,820","level":"INFO","node":1,"msg":"Received update from node 0, round 9"}
{"time":"2026-07-23 17:44:59,792","level":"INFO","node":1,"msg":"ZKP ACCEPTED from node 0"}
{"time":"2026-07-23 17:45:01,062","level":"WARNING","node":1,"msg":"No stored proposal for round=9 origin=0 — voting using fallback hash, may not match other peers"}
{"time":"2026-07-23 17:45:01,062","level":"INFO","node":1,"msg":"fc_in col7 delta self-cosine for node 0: -0.5675 (delta_norm=0.2387)"}
{"time":"2026-07-23 17:45:01,069","level":"INFO","node":1,"msg":"Per-class agreement with node 0: class0=0.956 class1=0.944 gap=0.012"}
{"time":"2026-07-23 17:45:01,069","level":"INFO","node":1,"msg":"Per-class rolling gap for node 0: mean=0.037 over last 4 round(s)"}
{"time":"2026-07-23 17:45:01,069","level":"INFO","node":1,"msg":"Trust score for node 0: S=0.816 (Z=1.00 A=0.95 P=0.50 R=1.00) advisory only"}
{"time":"2026-07-23 17:45:01,085","level":"INFO","node":1,"msg":"Sent consensus vote to node 0"}
{"time":"2026-07-23 17:45:01,281","level":"INFO","node":1,"msg":"[FC2 DELTA NORM] node 1 round=9 — fc2 delta norm this round: 0.0316"}
{"time":"2026-07-23 17:45:10,818","level":"INFO","node":1,"msg":"[TIMING] node 1 round=9 ZKP proof generation (voter) took 9.52s"}
{"time":"2026-07-23 17:45:10,818","level":"INFO","node":1,"msg":"[TIMING] node 1 round=9 HE encryption (voter) took 0.00s"}
{"time":"2026-07-23 17:45:10,834","level":"INFO","node":1,"msg":"Forwarded to http://127.0.0.1:8000"}
{"time":"2026-07-23 17:45:20,902","level":"INFO","node":1,"msg":"Received update from node 0, round 10"}
{"time":"2026-07-23 17:45:35,718","level":"INFO","node":1,"msg":"ZKP ACCEPTED from node 0"}
{"time":"2026-07-23 17:45:36,976","level":"WARNING","node":1,"msg":"No stored proposal for round=10 origin=0 — voting using fallback hash, may not match other peers"}
{"time":"2026-07-23 17:45:36,976","level":"INFO","node":1,"msg":"fc_in col7 delta self-cosine for node 0: -0.2646 (delta_norm=0.1754)"}
{"time":"2026-07-23 17:45:36,989","level":"INFO","node":1,"msg":"Per-class agreement with node 0: class0=0.976 class1=0.956 gap=0.020"}
{"time":"2026-07-23 17:45:36,990","level":"INFO","node":1,"msg":"Per-class rolling gap for node 0: mean=0.034 over last 4 round(s)"}
{"time":"2026-07-23 17:45:36,990","level":"INFO","node":1,"msg":"Trust score for node 0: S=0.831 (Z=1.00 A=0.97 P=0.50 R=1.00) advisory only"}
{"time":"2026-07-23 17:45:37,008","level":"INFO","node":1,"msg":"Sent consensus vote to node 0"}
{"time":"2026-07-23 17:45:37,183","level":"INFO","node":1,"msg":"[FC2 DELTA NORM] node 1 round=10 — fc2 delta norm this round: 0.0367"}
{"time":"2026-07-23 17:45:37,183","level":"WARNING","node":1,"msg":"ZKP norm violation (clipping applied): slack=-424938, retry=0"}
{"time":"2026-07-23 17:45:46,621","level":"INFO","node":1,"msg":"[TIMING] node 1 round=10 ZKP proof generation (voter) took 9.42s"}
{"time":"2026-07-23 17:45:46,621","level":"INFO","node":1,"msg":"[TIMING] node 1 round=10 HE encryption (voter) took 0.00s"}
{"time":"2026-07-23 17:45:46,638","level":"INFO","node":1,"msg":"Forwarded to http://127.0.0.1:8000"}
{"time":"2026-07-23 17:45:56,840","level":"INFO","node":1,"msg":"Received update from node 0, round 11"}
{"time":"2026-07-23 17:46:11,957","level":"INFO","node":1,"msg":"ZKP ACCEPTED from node 0"}
{"time":"2026-07-23 17:46:13,223","level":"WARNING","node":1,"msg":"No stored proposal for round=11 origin=0 — voting using fallback hash, may not match other peers"}
{"time":"2026-07-23 17:46:13,223","level":"INFO","node":1,"msg":"fc_in col7 delta self-cosine for node 0: -0.2161 (delta_norm=0.2471)"}
{"time":"2026-07-23 17:46:13,233","level":"INFO","node":1,"msg":"Per-class agreement with node 0: class0=0.952 class1=0.930 gap=0.022"}
{"time":"2026-07-23 17:46:13,233","level":"INFO","node":1,"msg":"Per-class rolling gap for node 0: mean=0.027 over last 4 round(s)"}
{"time":"2026-07-23 17:46:13,233","level":"INFO","node":1,"msg":"Trust score for node 0: S=0.810 (Z=1.00 A=0.94 P=0.50 R=1.00) advisory only"}
{"time":"2026-07-23 17:46:13,251","level":"INFO","node":1,"msg":"Sent consensus vote to node 0"}
{"time":"2026-07-23 17:46:13,426","level":"INFO","node":1,"msg":"[FC2 DELTA NORM] node 1 round=11 — fc2 delta norm this round: 0.0376"}
{"time":"2026-07-23 17:46:13,428","level":"WARNING","node":1,"msg":"ZKP norm violation (clipping applied): slack=-86830, retry=0"}
{"time":"2026-07-23 17:46:22,535","level":"INFO","node":1,"msg":"[TIMING] node 1 round=11 ZKP proof generation (voter) took 9.09s"}
{"time":"2026-07-23 17:46:22,535","level":"INFO","node":1,"msg":"[TIMING] node 1 round=11 HE encryption (voter) took 0.00s"}
{"time":"2026-07-23 17:46:22,551","level":"INFO","node":1,"msg":"Forwarded to http://127.0.0.1:8000"}
{"time":"2026-07-23 17:46:32,481","level":"INFO","node":1,"msg":"Received update from node 0, round 12"}
{"time":"2026-07-23 17:46:47,443","level":"INFO","node":1,"msg":"ZKP ACCEPTED from node 0"}
{"time":"2026-07-23 17:46:48,689","level":"WARNING","node":1,"msg":"No stored proposal for round=12 origin=0 — voting using fallback hash, may not match other peers"}
{"time":"2026-07-23 17:46:48,689","level":"INFO","node":1,"msg":"fc_in col7 delta self-cosine for node 0: -0.5194 (delta_norm=0.2468)"}
{"time":"2026-07-23 17:46:48,698","level":"INFO","node":1,"msg":"Per-class agreement with node 0: class0=0.953 class1=0.959 gap=0.005"}
{"time":"2026-07-23 17:46:48,700","level":"INFO","node":1,"msg":"Per-class rolling gap for node 0: mean=0.015 over last 4 round(s)"}
{"time":"2026-07-23 17:46:48,700","level":"INFO","node":1,"msg":"Trust score for node 0: S=0.818 (Z=1.00 A=0.95 P=0.50 R=1.00) advisory only"}
{"time":"2026-07-23 17:46:48,717","level":"INFO","node":1,"msg":"Sent consensus vote to node 0"}
{"time":"2026-07-23 17:46:48,892","level":"INFO","node":1,"msg":"[FC2 DELTA NORM] node 1 round=12 — fc2 delta norm this round: 0.0320"}
{"time":"2026-07-23 17:46:58,411","level":"INFO","node":1,"msg":"[TIMING] node 1 round=12 ZKP proof generation (voter) took 9.51s"}
{"time":"2026-07-23 17:46:58,411","level":"INFO","node":1,"msg":"[TIMING] node 1 round=12 HE encryption (voter) took 0.00s"}
{"time":"2026-07-23 17:46:58,446","level":"INFO","node":1,"msg":"Forwarded to http://127.0.0.1:8000"}
{"time":"2026-07-23 17:47:08,517","level":"INFO","node":1,"msg":"Received update from node 0, round 13"}
{"time":"2026-07-23 17:47:23,572","level":"INFO","node":1,"msg":"ZKP ACCEPTED from node 0"}
{"time":"2026-07-23 17:47:24,820","level":"WARNING","node":1,"msg":"No stored proposal for round=13 origin=0 — voting using fallback hash, may not match other peers"}
{"time":"2026-07-23 17:47:24,822","level":"INFO","node":1,"msg":"fc_in col7 delta self-cosine for node 0: -0.4969 (delta_norm=0.2381)"}
{"time":"2026-07-23 17:47:24,832","level":"INFO","node":1,"msg":"Per-class agreement with node 0: class0=0.959 class1=0.948 gap=0.011"}
{"time":"2026-07-23 17:47:24,834","level":"INFO","node":1,"msg":"Per-class rolling gap for node 0: mean=0.015 over last 4 round(s)"}
{"time":"2026-07-23 17:47:24,834","level":"INFO","node":1,"msg":"Trust score for node 0: S=0.819 (Z=1.00 A=0.96 P=0.50 R=1.00) advisory only"}
{"time":"2026-07-23 17:47:24,850","level":"INFO","node":1,"msg":"Sent consensus vote to node 0"}
{"time":"2026-07-23 17:47:25,025","level":"INFO","node":1,"msg":"[FC2 DELTA NORM] node 1 round=13 — fc2 delta norm this round: 0.0519"}
{"time":"2026-07-23 17:47:25,027","level":"WARNING","node":1,"msg":"ZKP norm violation (clipping applied): slack=-104458, retry=0"}
{"time":"2026-07-23 17:47:34,277","level":"INFO","node":1,"msg":"[TIMING] node 1 round=13 ZKP proof generation (voter) took 9.24s"}
{"time":"2026-07-23 17:47:34,277","level":"INFO","node":1,"msg":"[TIMING] node 1 round=13 HE encryption (voter) took 0.00s"}
{"time":"2026-07-23 17:47:34,293","level":"INFO","node":1,"msg":"Forwarded to http://127.0.0.1:8000"}
{"time":"2026-07-23 17:47:44,360","level":"INFO","node":1,"msg":"Received update from node 0, round 14"}
{"time":"2026-07-23 17:47:59,357","level":"INFO","node":1,"msg":"ZKP ACCEPTED from node 0"}
{"time":"2026-07-23 17:48:00,607","level":"WARNING","node":1,"msg":"No stored proposal for round=14 origin=0 — voting using fallback hash, may not match other peers"}
{"time":"2026-07-23 17:48:00,607","level":"INFO","node":1,"msg":"fc_in col7 delta self-cosine for node 0: -0.4311 (delta_norm=0.1935)"}
{"time":"2026-07-23 17:48:00,618","level":"INFO","node":1,"msg":"Per-class agreement with node 0: class0=0.957 class1=0.948 gap=0.010"}
{"time":"2026-07-23 17:48:00,618","level":"INFO","node":1,"msg":"Per-class rolling gap for node 0: mean=0.012 over last 4 round(s)"}
{"time":"2026-07-23 17:48:00,618","level":"INFO","node":1,"msg":"Trust score for node 0: S=0.818 (Z=1.00 A=0.95 P=0.50 R=1.00) advisory only"}
{"time":"2026-07-23 17:48:00,634","level":"INFO","node":1,"msg":"Sent consensus vote to node 0"}
{"time":"2026-07-23 17:48:00,786","level":"INFO","node":1,"msg":"[FC2 DELTA NORM] node 1 round=14 — fc2 delta norm this round: 0.0251"}
{"time":"2026-07-23 17:48:09,924","level":"INFO","node":1,"msg":"[TIMING] node 1 round=14 ZKP proof generation (voter) took 9.13s"}
{"time":"2026-07-23 17:48:09,924","level":"INFO","node":1,"msg":"[TIMING] node 1 round=14 HE encryption (voter) took 0.00s"}
{"time":"2026-07-23 17:48:09,924","level":"INFO","node":1,"msg":"Forwarded to http://127.0.0.1:8000"}
{"time":"2026-07-23 17:48:20,408","level":"INFO","node":1,"msg":"Received update from node 0, round 15"}
{"time":"2026-07-23 17:48:46,912","level":"INFO","node":1,"msg":"ZKP ACCEPTED from node 0"}
{"time":"2026-07-23 17:48:48,179","level":"WARNING","node":1,"msg":"No stored proposal for round=15 origin=0 — voting using fallback hash, may not match other peers"}
{"time":"2026-07-23 17:48:48,179","level":"INFO","node":1,"msg":"fc_in col7 delta self-cosine for node 0: -0.2330 (delta_norm=0.1687)"}
{"time":"2026-07-23 17:48:48,186","level":"INFO","node":1,"msg":"Per-class agreement with node 0: class0=0.962 class1=0.950 gap=0.011"}
{"time":"2026-07-23 17:48:48,186","level":"INFO","node":1,"msg":"Per-class rolling gap for node 0: mean=0.009 over last 4 round(s)"}
{"time":"2026-07-23 17:48:48,186","level":"INFO","node":1,"msg":"Trust score for node 0: S=0.821 (Z=1.00 A=0.96 P=0.50 R=1.00) advisory only"}
{"time":"2026-07-23 17:48:48,211","level":"INFO","node":1,"msg":"Sent consensus vote to node 0"}
{"time":"2026-07-23 17:48:48,330","level":"INFO","node":1,"msg":"[FC2 DELTA NORM] node 1 round=15 — fc2 delta norm this round: 0.0209"}
{"time":"2026-07-23 17:48:48,330","level":"WARNING","node":1,"msg":"ZKP norm violation (clipping applied): slack=-394953, retry=0"}
{"time":"2026-07-23 17:48:54,397","level":"INFO","node":1,"msg":"[TIMING] node 1 round=15 ZKP proof generation (voter) took 6.05s"}
{"time":"2026-07-23 17:48:54,397","level":"INFO","node":1,"msg":"[TIMING] node 1 round=15 HE encryption (voter) took 0.00s"}
{"time":"2026-07-23 17:48:54,414","level":"INFO","node":1,"msg":"Forwarded to http://127.0.0.1:8000"}
{"time":"2026-07-23 17:49:00,962","level":"INFO","node":1,"msg":"Received update from node 0, round 16"}
{"time":"2026-07-23 17:49:10,559","level":"INFO","node":1,"msg":"ZKP ACCEPTED from node 0"}
{"time":"2026-07-23 17:49:11,831","level":"WARNING","node":1,"msg":"No stored proposal for round=16 origin=0 — voting using fallback hash, may not match other peers"}
{"time":"2026-07-23 17:49:11,833","level":"INFO","node":1,"msg":"fc_in col7 delta self-cosine for node 0: -0.3668 (delta_norm=0.2371)"}
{"time":"2026-07-23 17:49:11,842","level":"INFO","node":1,"msg":"Per-class agreement with node 0: class0=0.972 class1=0.956 gap=0.015"}
{"time":"2026-07-23 17:49:11,842","level":"INFO","node":1,"msg":"Per-class rolling gap for node 0: mean=0.012 over last 4 round(s)"}
{"time":"2026-07-23 17:49:11,842","level":"INFO","node":1,"msg":"Trust score for node 0: S=0.829 (Z=1.00 A=0.97 P=0.50 R=1.00) advisory only"}
{"time":"2026-07-23 17:49:11,872","level":"INFO","node":1,"msg":"Sent consensus vote to node 0"}
{"time":"2026-07-23 17:49:11,985","level":"INFO","node":1,"msg":"[FC2 DELTA NORM] node 1 round=16 — fc2 delta norm this round: 0.0426"}
{"time":"2026-07-23 17:49:18,011","level":"INFO","node":1,"msg":"[TIMING] node 1 round=16 ZKP proof generation (voter) took 6.01s"}
{"time":"2026-07-23 17:49:18,011","level":"INFO","node":1,"msg":"[TIMING] node 1 round=16 HE encryption (voter) took 0.00s"}
{"time":"2026-07-23 17:49:18,028","level":"INFO","node":1,"msg":"Forwarded to http://127.0.0.1:8000"}
{"time":"2026-07-23 17:49:24,661","level":"INFO","node":1,"msg":"Received update from node 0, round 17"}
{"time":"2026-07-23 17:49:34,493","level":"INFO","node":1,"msg":"ZKP ACCEPTED from node 0"}
{"time":"2026-07-23 17:49:35,762","level":"WARNING","node":1,"msg":"No stored proposal for round=17 origin=0 — voting using fallback hash, may not match other peers"}
{"time":"2026-07-23 17:49:35,762","level":"INFO","node":1,"msg":"fc_in col7 delta self-cosine for node 0: -0.4390 (delta_norm=0.2254)"}
{"time":"2026-07-23 17:49:35,769","level":"INFO","node":1,"msg":"Per-class agreement with node 0: class0=0.972 class1=0.952 gap=0.020"}
{"time":"2026-07-23 17:49:35,769","level":"INFO","node":1,"msg":"Per-class rolling gap for node 0: mean=0.014 over last 4 round(s)"}
{"time":"2026-07-23 17:49:35,769","level":"INFO","node":1,"msg":"Trust score for node 0: S=0.828 (Z=1.00 A=0.97 P=0.50 R=1.00) advisory only"}
{"time":"2026-07-23 17:49:35,781","level":"INFO","node":1,"msg":"Sent consensus vote to node 0"}
{"time":"2026-07-23 17:49:35,892","level":"INFO","node":1,"msg":"[FC2 DELTA NORM] node 1 round=17 — fc2 delta norm this round: 0.0242"}
{"time":"2026-07-23 17:49:41,921","level":"INFO","node":1,"msg":"[TIMING] node 1 round=17 ZKP proof generation (voter) took 6.02s"}
{"time":"2026-07-23 17:49:41,921","level":"INFO","node":1,"msg":"[TIMING] node 1 round=17 HE encryption (voter) took 0.00s"}
{"time":"2026-07-23 17:49:41,955","level":"INFO","node":1,"msg":"Forwarded to http://127.0.0.1:8000"}
{"time":"2026-07-23 17:49:48,586","level":"INFO","node":1,"msg":"Received update from node 0, round 18"}
{"time":"2026-07-23 17:49:58,264","level":"INFO","node":1,"msg":"ZKP ACCEPTED from node 0"}
{"time":"2026-07-23 17:49:59,521","level":"WARNING","node":1,"msg":"No stored proposal for round=18 origin=0 — voting using fallback hash, may not match other peers"}
{"time":"2026-07-23 17:49:59,521","level":"INFO","node":1,"msg":"fc_in col7 delta self-cosine for node 0: -0.1272 (delta_norm=0.2249)"}
{"time":"2026-07-23 17:49:59,530","level":"INFO","node":1,"msg":"Per-class agreement with node 0: class0=0.962 class1=0.940 gap=0.022"}
{"time":"2026-07-23 17:49:59,532","level":"INFO","node":1,"msg":"Per-class rolling gap for node 0: mean=0.017 over last 4 round(s)"}
{"time":"2026-07-23 17:49:59,532","level":"INFO","node":1,"msg":"Trust score for node 0: S=0.818 (Z=1.00 A=0.95 P=0.50 R=1.00) advisory only"}
{"time":"2026-07-23 17:49:59,558","level":"INFO","node":1,"msg":"Sent consensus vote to node 0"}
{"time":"2026-07-23 17:49:59,702","level":"INFO","node":1,"msg":"[FC2 DELTA NORM] node 1 round=18 — fc2 delta norm this round: 0.0423"}
{"time":"2026-07-23 17:49:59,704","level":"WARNING","node":1,"msg":"ZKP norm violation (clipping applied): slack=-58265, retry=0"}
{"time":"2026-07-23 17:50:05,734","level":"INFO","node":1,"msg":"[TIMING] node 1 round=18 ZKP proof generation (voter) took 6.02s"}
{"time":"2026-07-23 17:50:05,734","level":"INFO","node":1,"msg":"[TIMING] node 1 round=18 HE encryption (voter) took 0.00s"}
{"time":"2026-07-23 17:50:05,753","level":"INFO","node":1,"msg":"Forwarded to http://127.0.0.1:8000"}
{"time":"2026-07-23 17:50:12,496","level":"INFO","node":1,"msg":"Received update from node 0, round 19"}
{"time":"2026-07-23 17:50:21,543","level":"WARNING","node":1,"msg":"[WATCHDOG FIRING] No proposal received from node 0 for round 2 after 600s — treating as unreachable/stalled. fired_at=17:50:21"}
{"time":"2026-07-23 17:50:21,559","level":"ERROR","node":1,"msg":"Node 0 EXCLUDED from proposing and quorum. Quorum requirement adjusted to 1 of 1 remaining trusted nodes."}
{"time":"2026-07-23 17:50:21,739","level":"INFO","node":1,"msg":"Sent exclusion notice for node 0 to node 2"}
{"time":"2026-07-23 17:50:21,912","level":"INFO","node":1,"msg":"Sent exclusion notice for node 0 to node 3"}
{"time":"2026-07-23 17:50:21,938","level":"INFO","node":1,"msg":"Taking over as proposer for round 2 after watchdog timeout."}
{"time":"2026-07-23 17:50:21,995","level":"INFO","node":1,"msg":"Starting round 3"}
{"time":"2026-07-23 17:50:22,364","level":"INFO","node":1,"msg":"ZKP ACCEPTED from node 0"}
{"time":"2026-07-23 17:50:22,464","level":"INFO","node":1,"msg":"[FC2 DELTA NORM] node 1 round=2 — fc2 delta norm this round: 0.0422"}
{"time":"2026-07-23 17:50:24,054","level":"WARNING","node":1,"msg":"No stored proposal for round=19 origin=0 — voting using fallback hash, may not match other peers"}
{"time":"2026-07-23 17:50:24,087","level":"INFO","node":1,"msg":"fc_in col7 delta self-cosine for node 0: -0.2868 (delta_norm=0.2121)"}
{"time":"2026-07-23 17:50:25,878","level":"INFO","node":1,"msg":"Per-class agreement with node 0: class0=0.941 class1=0.892 gap=0.049"}
{"time":"2026-07-23 17:50:25,972","level":"INFO","node":1,"msg":"Per-class rolling gap for node 0: mean=0.027 over last 4 round(s)"}
{"time":"2026-07-23 17:50:25,988","level":"INFO","node":1,"msg":"Trust score for node 0: S=0.793 (Z=1.00 A=0.93 P=0.50 R=1.00) advisory only"}
{"time":"2026-07-23 17:50:29,150","level":"INFO","node":1,"msg":"[TIMING] node 1 round=2 ZKP proof generation took 6.64s"}
{"time":"2026-07-23 17:50:29,151","level":"INFO","node":1,"msg":"[TIMING] node 1 round=2 HE encryption took 0.00s"}
{"time":"2026-07-23 17:50:29,168","level":"INFO","node":1,"msg":"Forwarded to http://127.0.0.1:8002"}
{"time":"2026-07-23 17:50:29,249","level":"INFO","node":1,"msg":"[FC2 DELTA NORM] node 1 round=19 — fc2 delta norm this round: 0.0220"}
{"time":"2026-07-23 17:50:29,249","level":"WARNING","node":1,"msg":"ZKP norm violation (clipping applied): slack=-632050, retry=0"}
{"time":"2026-07-23 17:50:35,485","level":"INFO","node":1,"msg":"[TIMING] node 1 round=19 ZKP proof generation (voter) took 6.21s"}
{"time":"2026-07-23 17:50:35,485","level":"INFO","node":1,"msg":"[TIMING] node 1 round=19 HE encryption (voter) took 0.00s"}
{"time":"2026-07-23 17:50:35,555","level":"INFO","node":1,"msg":"Forwarded to http://127.0.0.1:8002"}
{"time":"2026-07-23 17:51:43,285","level":"INFO","node":1,"msg":"Received update from node 0, round 2"}
{"time":"2026-07-23 17:51:43,288","level":"INFO","node":1,"msg":"Round 3 complete — aggregating"}
{"time":"2026-07-23 17:51:43,301","level":"INFO","node":1,"msg":"Round 3 accuracy gate skipped (warm-up period, candidate_acc=0.7909)"}
{"time":"2026-07-23 17:51:43,348","level":"INFO","node":1,"msg":"Checkpoint saved to C:\Users\mousu\OneDrive\Desktop\Set A\securefedhe\dashboard\model_latest.pt"}
{"time":"2026-07-23 17:51:43,348","level":"INFO","node":1,"msg":"Round 3 complete | accuracy=0.7909 | duration=81.32s"}
{"time":"2026-07-23 17:51:43,861","level":"INFO","node":1,"msg":"Starting round 4"}
{"time":"2026-07-23 17:51:44,011","level":"INFO","node":1,"msg":"[FC2 DELTA NORM] node 1 round=3 — fc2 delta norm this round: 0.2489"}
{"time":"2026-07-23 17:51:50,308","level":"INFO","node":1,"msg":"[TIMING] node 1 round=3 ZKP proof generation took 6.28s"}
{"time":"2026-07-23 17:51:50,308","level":"INFO","node":1,"msg":"[TIMING] node 1 round=3 HE encryption took 0.00s"}
{"time":"2026-07-23 17:51:50,342","level":"INFO","node":1,"msg":"Forwarded to http://127.0.0.1:8002"}
{"time":"2026-07-23 17:52:42,473","level":"INFO","node":1,"msg":"Received update from node 0, round 3"}
{"time":"2026-07-23 17:52:42,473","level":"INFO","node":1,"msg":"Round 4 complete — aggregating"}
{"time":"2026-07-23 17:52:42,481","level":"INFO","node":1,"msg":"Round 4 accuracy gate skipped (warm-up period, candidate_acc=0.7909)"}
{"time":"2026-07-23 17:52:42,488","level":"INFO","node":1,"msg":"Checkpoint saved to C:\Users\mousu\OneDrive\Desktop\Set A\securefedhe\dashboard\model_latest.pt"}
{"time":"2026-07-23 17:52:42,488","level":"INFO","node":1,"msg":"Round 4 complete | accuracy=0.7909 | duration=58.63s"}
{"time":"2026-07-23 17:52:43,002","level":"INFO","node":1,"msg":"Starting round 5"}
{"time":"2026-07-23 17:52:43,108","level":"INFO","node":1,"msg":"[FC2 DELTA NORM] node 1 round=4 — fc2 delta norm this round: 0.2167"}
{"time":"2026-07-23 17:52:49,430","level":"INFO","node":1,"msg":"[TIMING] node 1 round=4 ZKP proof generation took 6.31s"}
{"time":"2026-07-23 17:52:49,430","level":"INFO","node":1,"msg":"[TIMING] node 1 round=4 HE encryption took 0.00s"}
{"time":"2026-07-23 17:52:49,449","level":"INFO","node":1,"msg":"Forwarded to http://127.0.0.1:8002"}
{"time":"2026-07-23 17:53:41,428","level":"INFO","node":1,"msg":"Received update from node 0, round 4"}
{"time":"2026-07-23 17:53:41,430","level":"INFO","node":1,"msg":"Round 5 complete — aggregating"}
{"time":"2026-07-23 17:53:41,439","level":"INFO","node":1,"msg":"Round 5 accuracy gate skipped (warm-up period, candidate_acc=0.7727)"}
{"time":"2026-07-23 17:53:41,454","level":"INFO","node":1,"msg":"Checkpoint saved to C:\Users\mousu\OneDrive\Desktop\Set A\securefedhe\dashboard\model_latest.pt"}
{"time":"2026-07-23 17:53:41,454","level":"INFO","node":1,"msg":"Round 5 complete | accuracy=0.7727 | duration=58.45s"}
{"time":"2026-07-23 17:53:41,969","level":"INFO","node":1,"msg":"Starting round 6"}
{"time":"2026-07-23 17:53:42,094","level":"INFO","node":1,"msg":"[FC2 DELTA NORM] node 1 round=5 — fc2 delta norm this round: 0.2161"}
{"time":"2026-07-23 17:53:48,467","level":"INFO","node":1,"msg":"[TIMING] node 1 round=5 ZKP proof generation took 6.36s"}
{"time":"2026-07-23 17:53:48,467","level":"INFO","node":1,"msg":"[TIMING] node 1 round=5 HE encryption took 0.00s"}
{"time":"2026-07-23 17:53:48,473","level":"INFO","node":1,"msg":"Forwarded to http://127.0.0.1:8002"}
{"time":"2026-07-23 17:54:40,161","level":"INFO","node":1,"msg":"Received update from node 0, round 5"}
{"time":"2026-07-23 17:54:40,161","level":"INFO","node":1,"msg":"Round 6 complete — aggregating"}
{"time":"2026-07-23 17:54:40,239","level":"WARNING","node":1,"msg":"[BACKDOOR PROBE] Round 6 SUSPICIOUS: feature=0 value=4.0 forces class=1 flip_rate=1.000 jump=0.509 (thresholds: flip>0.7, jump>0.3)"}
{"time":"2026-07-23 17:54:40,245","level":"INFO","node":1,"msg":"Checkpoint saved to C:\Users\mousu\OneDrive\Desktop\Set A\securefedhe\dashboard\model_latest.pt"}
{"time":"2026-07-23 17:54:40,245","level":"INFO","node":1,"msg":"Round 6 complete | accuracy=0.7909 | duration=58.28s"}
{"time":"2026-07-23 17:54:40,753","level":"INFO","node":1,"msg":"Starting round 7"}
{"time":"2026-07-23 17:54:40,915","level":"INFO","node":1,"msg":"[FC2 DELTA NORM] node 1 round=6 — fc2 delta norm this round: 0.2172"}
{"time":"2026-07-23 17:54:46,978","level":"INFO","node":1,"msg":"[TIMING] node 1 round=6 ZKP proof generation took 6.05s"}
{"time":"2026-07-23 17:54:46,978","level":"INFO","node":1,"msg":"[TIMING] node 1 round=6 HE encryption took 0.00s"}
{"time":"2026-07-23 17:54:46,999","level":"INFO","node":1,"msg":"Forwarded to http://127.0.0.1:8002"}
{"time":"2026-07-23 17:55:38,555","level":"INFO","node":1,"msg":"Received update from node 0, round 6"}
{"time":"2026-07-23 17:55:38,555","level":"INFO","node":1,"msg":"Round 7 complete — aggregating"}
{"time":"2026-07-23 17:55:38,610","level":"WARNING","node":1,"msg":"[BACKDOOR PROBE] Round 7 SUSPICIOUS: feature=0 value=4.0 forces class=1 flip_rate=1.000 jump=0.500 (thresholds: flip>0.7, jump>0.3)"}
{"time":"2026-07-23 17:55:38,619","level":"INFO","node":1,"msg":"Checkpoint saved to C:\Users\mousu\OneDrive\Desktop\Set A\securefedhe\dashboard\model_latest.pt"}
{"time":"2026-07-23 17:55:38,619","level":"INFO","node":1,"msg":"Round 7 complete | accuracy=0.7818 | duration=57.87s"}
{"time":"2026-07-23 17:55:39,127","level":"INFO","node":1,"msg":"Starting round 8"}
{"time":"2026-07-23 17:55:39,297","level":"INFO","node":1,"msg":"[FC2 DELTA NORM] node 1 round=7 — fc2 delta norm this round: 0.2118"}
{"time":"2026-07-23 17:55:45,407","level":"INFO","node":1,"msg":"[TIMING] node 1 round=7 ZKP proof generation took 6.10s"}
{"time":"2026-07-23 17:55:45,407","level":"INFO","node":1,"msg":"[TIMING] node 1 round=7 HE encryption took 0.00s"}
{"time":"2026-07-23 17:55:45,424","level":"INFO","node":1,"msg":"Forwarded to http://127.0.0.1:8002"}
{"time":"2026-07-23 17:56:37,481","level":"INFO","node":1,"msg":"Received update from node 0, round 7"}
{"time":"2026-07-23 17:56:37,481","level":"INFO","node":1,"msg":"Round 8 complete — aggregating"}
{"time":"2026-07-23 17:56:37,558","level":"WARNING","node":1,"msg":"[BACKDOOR PROBE] Round 8 SUSPICIOUS: feature=0 value=4.0 forces class=1 flip_rate=1.000 jump=0.482 (thresholds: flip>0.7, jump>0.3)"}
{"time":"2026-07-23 17:56:37,564","level":"INFO","node":1,"msg":"Checkpoint saved to C:\Users\mousu\OneDrive\Desktop\Set A\securefedhe\dashboard\model_latest.pt"}
{"time":"2026-07-23 17:56:37,564","level":"INFO","node":1,"msg":"Round 8 complete | accuracy=0.7636 | duration=58.44s"}
{"time":"2026-07-23 17:56:38,072","level":"INFO","node":1,"msg":"Starting round 9"}
{"time":"2026-07-23 17:56:38,192","level":"INFO","node":1,"msg":"[FC2 DELTA NORM] node 1 round=8 — fc2 delta norm this round: 0.2284"}
{"time":"2026-07-23 17:56:44,356","level":"INFO","node":1,"msg":"[TIMING] node 1 round=8 ZKP proof generation took 6.16s"}
{"time":"2026-07-23 17:56:44,356","level":"INFO","node":1,"msg":"[TIMING] node 1 round=8 HE encryption took 0.00s"}
{"time":"2026-07-23 17:56:44,371","level":"INFO","node":1,"msg":"Forwarded to http://127.0.0.1:8002"}
{"time":"2026-07-23 17:57:38,266","level":"INFO","node":1,"msg":"Received update from node 0, round 8"}
{"time":"2026-07-23 17:57:38,268","level":"INFO","node":1,"msg":"Round 9 complete — aggregating"}
{"time":"2026-07-23 17:57:38,309","level":"WARNING","node":1,"msg":"[BACKDOOR PROBE] Round 9 SUSPICIOUS: feature=0 value=4.0 forces class=1 flip_rate=1.000 jump=0.482 (thresholds: flip>0.7, jump>0.3)"}
{"time":"2026-07-23 17:57:38,314","level":"INFO","node":1,"msg":"Checkpoint saved to C:\Users\mousu\OneDrive\Desktop\Set A\securefedhe\dashboard\model_latest.pt"}
{"time":"2026-07-23 17:57:38,314","level":"INFO","node":1,"msg":"Round 9 complete | accuracy=0.7636 | duration=60.24s"}
{"time":"2026-07-23 17:57:38,830","level":"INFO","node":1,"msg":"Starting round 10"}
{"time":"2026-07-23 17:57:38,950","level":"INFO","node":1,"msg":"[FC2 DELTA NORM] node 1 round=9 — fc2 delta norm this round: 0.2127"}
{"time":"2026-07-23 19:43:29,234","level":"INFO","node":1,"msg":"Starting node 1: Suburban Medical Clinic"}
{"time":"2026-07-23 19:43:29,234","level":"INFO","node":1,"msg":"[CONFIG DEBUG] attack_simulation loaded: enabled=True target_node=2 type=gradient_norm config_path=config_dev.json"}
{"time":"2026-07-23 19:43:29,597","level":"WARNING","node":1,"msg":"DEV MODE: running without TLS"}
{"time":"2026-07-23 19:43:29,597","level":"INFO","node":1,"msg":"Listening on 127.0.0.1:8001 | TLS=False"}
{"time":"2026-07-23 19:43:34,636","level":"INFO","node":1,"msg":"Sent public key to node 0"}
{"time":"2026-07-23 19:43:34,638","level":"INFO","node":1,"msg":"Sent consensus pubkey to node 0"}
{"time":"2026-07-23 19:43:34,652","level":"INFO","node":1,"msg":"Key exchange complete with node 2"}
{"time":"2026-07-23 19:43:34,653","level":"INFO","node":1,"msg":"Sent public key to node 2"}
{"time":"2026-07-23 19:43:34,658","level":"INFO","node":1,"msg":"Consensus pubkey received from node 2"}
{"time":"2026-07-23 19:43:34,662","level":"INFO","node":1,"msg":"Sent consensus pubkey to node 2"}
{"time":"2026-07-23 19:43:34,667","level":"INFO","node":1,"msg":"Consensus pubkey received from node 3"}
{"time":"2026-07-23 19:43:34,667","level":"INFO","node":1,"msg":"Sent public key to node 3"}
{"time":"2026-07-23 19:43:34,680","level":"INFO","node":1,"msg":"Key exchange complete with node 3"}
{"time":"2026-07-23 19:43:34,697","level":"INFO","node":1,"msg":"Sent consensus pubkey to node 3"}
{"time":"2026-07-23 19:43:46,183","level":"INFO","node":1,"msg":"Key exchange complete with node 0"}
{"time":"2026-07-23 19:43:46,230","level":"INFO","node":1,"msg":"Consensus pubkey received from node 0"}
{"time":"2026-07-23 19:43:54,514","level":"INFO","node":1,"msg":"Proposal received: round=0 origin=0 hash=08d514a348f6..."}
{"time":"2026-07-23 19:43:54,530","level":"INFO","node":1,"msg":"Consensus vote recorded: node 0 decision=True reason=zkp_ok round=0 new=True satisfied=False"}
{"time":"2026-07-23 19:43:54,537","level":"INFO","node":1,"msg":"Received update from node 0, round 0"}
{"time":"2026-07-23 19:44:21,742","level":"INFO","node":1,"msg":"ZKP ACCEPTED from node 0"}
{"time":"2026-07-23 19:44:21,786","level":"INFO","node":1,"msg":"Trust score for node 0: S=0.429 (Z=1.00 A=0.50 P=0.50 R=1.00) advisory only"}
{"time":"2026-07-23 19:44:21,813","level":"INFO","node":1,"msg":"Sent consensus vote to node 2"}
{"time":"2026-07-23 19:44:21,814","level":"INFO","node":1,"msg":"Sent consensus vote to node 3"}
{"time":"2026-07-23 19:44:21,814","level":"INFO","node":1,"msg":"Sent consensus vote to node 0"}
{"time":"2026-07-23 19:44:26,674","level":"INFO","node":1,"msg":"[FC2 DELTA NORM] node 1 round=0 — fc2 delta norm this round: 0.2008"}
{"time":"2026-07-23 19:44:26,682","level":"WARNING","node":1,"msg":"ZKP norm violation (clipping applied): slack=-286415, retry=0"}
{"time":"2026-07-23 19:44:47,334","level":"INFO","node":1,"msg":"[TIMING] node 1 round=0 ZKP proof generation (voter) took 20.64s"}
{"time":"2026-07-23 19:44:47,335","level":"INFO","node":1,"msg":"[TIMING] node 1 round=0 HE encryption (voter) took 0.00s"}
{"time":"2026-07-23 19:44:47,353","level":"INFO","node":1,"msg":"Forwarded to http://127.0.0.1:8002"}
{"time":"2026-07-23 19:44:57,833","level":"INFO","node":1,"msg":"Prediction agreement with node 2 round=0: A=0.781"}
{"time":"2026-07-23 19:44:57,835","level":"INFO","node":1,"msg":"Consensus vote recorded: node 2 decision=True reason=zkp_ok round=0 new=True satisfied=True"}
{"time":"2026-07-23 19:45:25,657","level":"INFO","node":1,"msg":"Prediction agreement with node 3 round=0: A=0.478"}
{"time":"2026-07-23 19:45:25,657","level":"INFO","node":1,"msg":"Consensus vote recorded: node 3 decision=True reason=zkp_ok round=0 new=True satisfied=True"}
{"time":"2026-07-23 19:45:33,811","level":"INFO","node":1,"msg":"Synced weights from master for round 0"}
{"time":"2026-07-23 19:45:33,846","level":"INFO","node":1,"msg":"Sent commit vote to node 0"}
{"time":"2026-07-23 19:45:33,886","level":"INFO","node":1,"msg":"My turn — starting round 2 as proposer."}
{"time":"2026-07-23 19:45:33,887","level":"INFO","node":1,"msg":"Starting round 2"}
{"time":"2026-07-23 19:45:34,103","level":"INFO","node":1,"msg":"[FC2 DELTA NORM] node 1 round=1 — fc2 delta norm this round: 0.2997"}
{"time":"2026-07-23 19:45:42,054","level":"INFO","node":1,"msg":"[TIMING] node 1 round=1 ZKP proof generation took 7.94s"}
{"time":"2026-07-23 19:45:42,054","level":"INFO","node":1,"msg":"[TIMING] node 1 round=1 HE encryption took 0.00s"}
{"time":"2026-07-23 19:45:42,054","level":"INFO","node":1,"msg":"Sent proposal to node 2"}
{"time":"2026-07-23 19:45:42,065","level":"INFO","node":1,"msg":"Sent proposal to node 0"}
{"time":"2026-07-23 19:45:42,068","level":"INFO","node":1,"msg":"Sent proposal to node 3"}
{"time":"2026-07-23 19:45:42,082","level":"INFO","node":1,"msg":"Sent consensus vote to node 3"}
{"time":"2026-07-23 19:45:42,083","level":"INFO","node":1,"msg":"Sent consensus vote to node 0"}
{"time":"2026-07-23 19:45:42,084","level":"INFO","node":1,"msg":"Sent consensus vote to node 2"}
{"time":"2026-07-23 19:45:42,092","level":"INFO","node":1,"msg":"Forwarded to http://127.0.0.1:8002"}
{"time":"2026-07-23 19:46:30,883","level":"INFO","node":1,"msg":"Received update from node 0, round 1"}
{"time":"2026-07-23 19:46:30,885","level":"INFO","node":1,"msg":"Round 2 complete — aggregating"}
{"time":"2026-07-23 19:46:30,886","level":"WARNING","node":1,"msg":"Round 2 REJECTED — quorum not satisfied (attempt 1/3). Retrying round."}
{"time":"2026-07-23 19:46:31,390","level":"INFO","node":1,"msg":"Starting round 2"}
{"time":"2026-07-23 19:46:31,507","level":"INFO","node":1,"msg":"[FC2 DELTA NORM] node 1 round=1 — fc2 delta norm this round: 0.0799"}
{"time":"2026-07-23 19:46:37,611","level":"INFO","node":1,"msg":"[TIMING] node 1 round=1 ZKP proof generation took 6.10s"}
{"time":"2026-07-23 19:46:37,611","level":"INFO","node":1,"msg":"[TIMING] node 1 round=1 HE encryption took 0.00s"}
{"time":"2026-07-23 19:46:37,622","level":"INFO","node":1,"msg":"Sent proposal to node 2"}
{"time":"2026-07-23 19:46:37,623","level":"INFO","node":1,"msg":"Sent proposal to node 0"}
{"time":"2026-07-23 19:46:37,625","level":"INFO","node":1,"msg":"Sent proposal to node 3"}
{"time":"2026-07-23 19:46:37,631","level":"INFO","node":1,"msg":"Sent consensus vote to node 2"}
{"time":"2026-07-23 19:46:37,633","level":"INFO","node":1,"msg":"Sent consensus vote to node 0"}
{"time":"2026-07-23 19:46:37,633","level":"INFO","node":1,"msg":"Sent consensus vote to node 3"}
{"time":"2026-07-23 19:46:37,637","level":"INFO","node":1,"msg":"Forwarded to http://127.0.0.1:8002"}
{"time":"2026-07-23 19:47:25,983","level":"INFO","node":1,"msg":"Received update from node 0, round 1"}
{"time":"2026-07-23 19:47:25,983","level":"INFO","node":1,"msg":"Round 2 complete — aggregating"}
{"time":"2026-07-23 19:47:25,985","level":"WARNING","node":1,"msg":"Round 2 REJECTED — quorum not satisfied (attempt 2/3). Retrying round."}
{"time":"2026-07-23 19:47:26,487","level":"INFO","node":1,"msg":"Starting round 2"}
{"time":"2026-07-23 19:47:26,611","level":"INFO","node":1,"msg":"[FC2 DELTA NORM] node 1 round=1 — fc2 delta norm this round: 0.0866"}
{"time":"2026-07-23 19:47:26,611","level":"WARNING","node":1,"msg":"ZKP norm violation (clipping applied): slack=-397797, retry=0"}
{"time":"2026-07-23 19:47:32,768","level":"INFO","node":1,"msg":"[TIMING] node 1 round=1 ZKP proof generation took 6.14s"}
{"time":"2026-07-23 19:47:32,768","level":"INFO","node":1,"msg":"[TIMING] node 1 round=1 HE encryption took 0.00s"}
{"time":"2026-07-23 19:47:32,768","level":"INFO","node":1,"msg":"Sent proposal to node 0"}
{"time":"2026-07-23 19:47:32,775","level":"INFO","node":1,"msg":"Sent proposal to node 3"}
{"time":"2026-07-23 19:47:32,794","level":"INFO","node":1,"msg":"Sent proposal to node 2"}
{"time":"2026-07-23 19:47:32,804","level":"INFO","node":1,"msg":"Sent consensus vote to node 0"}
{"time":"2026-07-23 19:47:32,805","level":"INFO","node":1,"msg":"Sent consensus vote to node 2"}
{"time":"2026-07-23 19:47:32,808","level":"INFO","node":1,"msg":"Sent consensus vote to node 3"}
{"time":"2026-07-23 19:47:32,817","level":"INFO","node":1,"msg":"Forwarded to http://127.0.0.1:8002"}
{"time":"2026-07-23 19:47:42,793","level":"INFO","node":1,"msg":"Consensus vote recorded: node 2 decision=True reason=zkp_ok round=1 new=True satisfied=False"}
{"time":"2026-07-23 19:47:58,851","level":"INFO","node":1,"msg":"Consensus vote recorded: node 3 decision=True reason=zkp_ok round=1 new=True satisfied=True"}
{"time":"2026-07-23 19:48:15,320","level":"ERROR","node":1,"msg":"Node 2 EXCLUDED from proposing and quorum. Quorum requirement adjusted to 3 of 3 remaining trusted nodes."}
{"time":"2026-07-23 19:48:15,331","level":"ERROR","node":1,"msg":"Node 3 EXCLUDED from proposing and quorum. Quorum requirement adjusted to 2 of 2 remaining trusted nodes."}
{"time":"2026-07-23 19:48:21,625","level":"INFO","node":1,"msg":"Received update from node 0, round 1"}
{"time":"2026-07-23 19:48:21,627","level":"INFO","node":1,"msg":"Round 2 complete — aggregating"}
{"time":"2026-07-23 19:48:21,627","level":"WARNING","node":1,"msg":"Round 2 REJECTED — quorum not satisfied (attempt 3/3). Retrying round."}
{"time":"2026-07-23 19:48:22,135","level":"INFO","node":1,"msg":"Starting round 2"}
{"time":"2026-07-23 19:48:22,319","level":"INFO","node":1,"msg":"[FC2 DELTA NORM] node 1 round=1 — fc2 delta norm this round: 0.0649"}
{"time":"2026-07-23 19:48:22,321","level":"WARNING","node":1,"msg":"ZKP norm violation (clipping applied): slack=-45736, retry=0"}
{"time":"2026-07-23 19:48:28,469","level":"INFO","node":1,"msg":"[TIMING] node 1 round=1 ZKP proof generation took 6.14s"}
{"time":"2026-07-23 19:48:28,469","level":"INFO","node":1,"msg":"[TIMING] node 1 round=1 HE encryption took 0.00s"}
{"time":"2026-07-23 19:48:28,485","level":"INFO","node":1,"msg":"Sent proposal to node 0"}
{"time":"2026-07-23 19:48:28,493","level":"INFO","node":1,"msg":"Sent consensus vote to node 0"}
{"time":"2026-07-23 19:48:28,499","level":"INFO","node":1,"msg":"Forwarded to http://127.0.0.1:8000"}
{"time":"2026-07-23 19:48:45,025","level":"INFO","node":1,"msg":"Received update from node 0, round 1"}
{"time":"2026-07-23 19:48:45,027","level":"INFO","node":1,"msg":"Round 2 complete — aggregating"}
{"time":"2026-07-23 19:48:45,027","level":"ERROR","node":1,"msg":"Round 2 REJECTED — quorum not satisfied after 3 retries. Skipping round, model NOT updated."}
{"time":"2026-07-23 19:48:45,044","level":"INFO","node":1,"msg":"Sent skip notice to node 0"}
{"time":"2026-07-23 19:48:45,055","level":"INFO","node":1,"msg":"Notified next proposer to node 0"}
{"time":"2026-07-23 19:48:45,056","level":"INFO","node":1,"msg":"[WATCHDOG SPAWNED] round=2 expected_proposer=0 timeout_s=600 spawned_at=19:48:45"}
{"time":"2026-07-23 19:48:51,399","level":"INFO","node":1,"msg":"Received update from node 0, round 2"}
{"time":"2026-07-23 19:49:01,011","level":"INFO","node":1,"msg":"ZKP ACCEPTED from node 0"}
{"time":"2026-07-23 19:49:02,260","level":"WARNING","node":1,"msg":"No stored proposal for round=2 origin=0 — voting using fallback hash, may not match other peers"}
{"time":"2026-07-23 19:49:02,270","level":"INFO","node":1,"msg":"Per-class agreement with node 0: class0=0.710 class1=0.694 gap=0.016"}
{"time":"2026-07-23 19:49:02,270","level":"INFO","node":1,"msg":"Per-class rolling gap for node 0: mean=0.016 over last 1 round(s)"}
{"time":"2026-07-23 19:49:02,270","level":"INFO","node":1,"msg":"Trust score for node 0: S=0.604 (Z=1.00 A=0.70 P=0.50 R=1.00) advisory only"}
{"time":"2026-07-23 19:49:02,285","level":"INFO","node":1,"msg":"Sent consensus vote to node 0"}
{"time":"2026-07-23 19:49:02,400","level":"INFO","node":1,"msg":"[FC2 DELTA NORM] node 1 round=2 — fc2 delta norm this round: 0.0647"}
{"time":"2026-07-23 19:49:08,579","level":"INFO","node":1,"msg":"[TIMING] node 1 round=2 ZKP proof generation (voter) took 6.16s"}
{"time":"2026-07-23 19:49:08,579","level":"INFO","node":1,"msg":"[TIMING] node 1 round=2 HE encryption (voter) took 0.00s"}
{"time":"2026-07-23 19:49:08,597","level":"INFO","node":1,"msg":"Forwarded to http://127.0.0.1:8000"}
{"time":"2026-07-23 19:49:15,508","level":"INFO","node":1,"msg":"Received update from node 0, round 3"}
{"time":"2026-07-23 19:49:25,729","level":"INFO","node":1,"msg":"ZKP ACCEPTED from node 0"}
{"time":"2026-07-23 19:49:26,853","level":"WARNING","node":1,"msg":"No stored proposal for round=3 origin=0 — voting using fallback hash, may not match other peers"}
{"time":"2026-07-23 19:49:26,853","level":"INFO","node":1,"msg":"fc_in col7 delta self-cosine for node 0: -0.0090 (delta_norm=0.3548)"}
{"time":"2026-07-23 19:49:26,864","level":"INFO","node":1,"msg":"Per-class agreement with node 0: class0=0.786 class1=0.767 gap=0.019"}
{"time":"2026-07-23 19:49:26,865","level":"INFO","node":1,"msg":"Per-class rolling gap for node 0: mean=0.017 over last 2 round(s)"}
{"time":"2026-07-23 19:49:26,865","level":"INFO","node":1,"msg":"Trust score for node 0: S=0.669 (Z=1.00 A=0.78 P=0.50 R=1.00) advisory only"}
{"time":"2026-07-23 19:49:26,896","level":"INFO","node":1,"msg":"Sent consensus vote to node 0"}
{"time":"2026-07-23 19:49:27,061","level":"INFO","node":1,"msg":"[FC2 DELTA NORM] node 1 round=3 — fc2 delta norm this round: 0.0341"}
{"time":"2026-07-23 19:49:27,061","level":"WARNING","node":1,"msg":"ZKP norm violation (clipping applied): slack=-394760, retry=0"}
{"time":"2026-07-23 19:49:33,273","level":"INFO","node":1,"msg":"[TIMING] node 1 round=3 ZKP proof generation (voter) took 6.20s"}
{"time":"2026-07-23 19:49:33,273","level":"INFO","node":1,"msg":"[TIMING] node 1 round=3 HE encryption (voter) took 0.00s"}
{"time":"2026-07-23 19:49:33,273","level":"INFO","node":1,"msg":"Forwarded to http://127.0.0.1:8000"}
{"time":"2026-07-23 19:49:40,034","level":"INFO","node":1,"msg":"Received update from node 0, round 4"}
{"time":"2026-07-23 19:49:49,784","level":"INFO","node":1,"msg":"ZKP ACCEPTED from node 0"}
{"time":"2026-07-23 19:49:51,040","level":"WARNING","node":1,"msg":"No stored proposal for round=4 origin=0 — voting using fallback hash, may not match other peers"}
{"time":"2026-07-23 19:49:51,040","level":"INFO","node":1,"msg":"fc_in col7 delta self-cosine for node 0: -0.0733 (delta_norm=0.2323)"}
{"time":"2026-07-23 19:49:51,040","level":"INFO","node":1,"msg":"Per-class agreement with node 0: class0=0.967 class1=0.951 gap=0.016"}
{"time":"2026-07-23 19:49:51,040","level":"INFO","node":1,"msg":"Per-class rolling gap for node 0: mean=0.017 over last 3 round(s)"}
{"time":"2026-07-23 19:49:51,040","level":"INFO","node":1,"msg":"Trust score for node 0: S=0.825 (Z=1.00 A=0.96 P=0.50 R=1.00) advisory only"}
{"time":"2026-07-23 19:49:51,058","level":"INFO","node":1,"msg":"Sent consensus vote to node 0"}
{"time":"2026-07-23 19:49:51,167","level":"INFO","node":1,"msg":"[FC2 DELTA NORM] node 1 round=4 — fc2 delta norm this round: 0.0527"}
{"time":"2026-07-23 19:49:57,143","level":"INFO","node":1,"msg":"[TIMING] node 1 round=4 ZKP proof generation (voter) took 5.96s"}
{"time":"2026-07-23 19:49:57,143","level":"INFO","node":1,"msg":"[TIMING] node 1 round=4 HE encryption (voter) took 0.00s"}
{"time":"2026-07-23 19:49:57,161","level":"INFO","node":1,"msg":"Forwarded to http://127.0.0.1:8000"}
{"time":"2026-07-23 19:50:03,881","level":"INFO","node":1,"msg":"Received update from node 0, round 5"}
{"time":"2026-07-23 19:50:13,711","level":"INFO","node":1,"msg":"ZKP ACCEPTED from node 0"}
{"time":"2026-07-23 19:50:14,974","level":"WARNING","node":1,"msg":"No stored proposal for round=5 origin=0 — voting using fallback hash, may not match other peers"}
{"time":"2026-07-23 19:50:14,974","level":"INFO","node":1,"msg":"fc_in col7 delta self-cosine for node 0: -0.1720 (delta_norm=0.2179)"}
{"time":"2026-07-23 19:50:14,984","level":"INFO","node":1,"msg":"Per-class agreement with node 0: class0=0.957 class1=0.961 gap=0.004"}
{"time":"2026-07-23 19:50:14,984","level":"INFO","node":1,"msg":"Per-class rolling gap for node 0: mean=0.014 over last 4 round(s)"}
{"time":"2026-07-23 19:50:14,984","level":"INFO","node":1,"msg":"Trust score for node 0: S=0.822 (Z=1.00 A=0.96 P=0.50 R=1.00) advisory only"}
{"time":"2026-07-23 19:50:15,009","level":"INFO","node":1,"msg":"Sent consensus vote to node 0"}
{"time":"2026-07-23 19:50:15,117","level":"INFO","node":1,"msg":"[FC2 DELTA NORM] node 1 round=5 — fc2 delta norm this round: 0.0451"}
{"time":"2026-07-23 19:50:15,119","level":"WARNING","node":1,"msg":"ZKP norm violation (clipping applied): slack=-196926, retry=0"}
{"time":"2026-07-23 19:50:21,241","level":"INFO","node":1,"msg":"[TIMING] node 1 round=5 ZKP proof generation (voter) took 6.11s"}
{"time":"2026-07-23 19:50:21,241","level":"INFO","node":1,"msg":"[TIMING] node 1 round=5 HE encryption (voter) took 0.00s"}
{"time":"2026-07-23 19:50:21,258","level":"INFO","node":1,"msg":"Forwarded to http://127.0.0.1:8000"}
{"time":"2026-07-23 19:50:27,950","level":"INFO","node":1,"msg":"Received update from node 0, round 6"}
{"time":"2026-07-23 19:50:52,006","level":"INFO","node":1,"msg":"ZKP ACCEPTED from node 0"}
{"time":"2026-07-23 19:50:53,121","level":"WARNING","node":1,"msg":"No stored proposal for round=6 origin=0 — voting using fallback hash, may not match other peers"}
{"time":"2026-07-23 19:50:53,123","level":"INFO","node":1,"msg":"fc_in col7 delta self-cosine for node 0: -0.4928 (delta_norm=0.2402)"}
{"time":"2026-07-23 19:50:53,140","level":"INFO","node":1,"msg":"Per-class agreement with node 0: class0=0.976 class1=0.955 gap=0.022"}
{"time":"2026-07-23 19:50:53,141","level":"INFO","node":1,"msg":"Per-class rolling gap for node 0: mean=0.015 over last 4 round(s)"}
{"time":"2026-07-23 19:50:53,141","level":"INFO","node":1,"msg":"Trust score for node 0: S=0.831 (Z=1.00 A=0.97 P=0.50 R=1.00) advisory only"}
{"time":"2026-07-23 19:50:53,176","level":"INFO","node":1,"msg":"Sent consensus vote to node 0"}
{"time":"2026-07-23 19:50:53,707","level":"INFO","node":1,"msg":"[FC2 DELTA NORM] node 1 round=6 — fc2 delta norm this round: 0.0564"}
{"time":"2026-07-23 19:50:53,708","level":"WARNING","node":1,"msg":"ZKP norm violation (clipping applied): slack=-73974, retry=0"}
{"time":"2026-07-23 19:51:13,271","level":"INFO","node":1,"msg":"[TIMING] node 1 round=6 ZKP proof generation (voter) took 19.56s"}
{"time":"2026-07-23 19:51:13,271","level":"INFO","node":1,"msg":"[TIMING] node 1 round=6 HE encryption (voter) took 0.00s"}
{"time":"2026-07-23 19:51:13,287","level":"INFO","node":1,"msg":"Forwarded to http://127.0.0.1:8000"}
{"time":"2026-07-23 19:51:33,097","level":"INFO","node":1,"msg":"Received update from node 0, round 7"}
{"time":"2026-07-23 19:52:02,820","level":"INFO","node":1,"msg":"ZKP ACCEPTED from node 0"}
{"time":"2026-07-23 19:52:04,012","level":"WARNING","node":1,"msg":"No stored proposal for round=7 origin=0 — voting using fallback hash, may not match other peers"}
{"time":"2026-07-23 19:52:04,016","level":"INFO","node":1,"msg":"fc_in col7 delta self-cosine for node 0: -0.3739 (delta_norm=0.2390)"}
{"time":"2026-07-23 19:52:04,017","level":"INFO","node":1,"msg":"Per-class agreement with node 0: class0=0.949 class1=0.935 gap=0.015"}
{"time":"2026-07-23 19:52:04,017","level":"INFO","node":1,"msg":"Per-class rolling gap for node 0: mean=0.014 over last 4 round(s)"}
{"time":"2026-07-23 19:52:04,017","level":"INFO","node":1,"msg":"Trust score for node 0: S=0.810 (Z=1.00 A=0.94 P=0.50 R=1.00) advisory only"}
{"time":"2026-07-23 19:52:04,047","level":"INFO","node":1,"msg":"Sent consensus vote to node 0"}
{"time":"2026-07-23 19:52:04,581","level":"INFO","node":1,"msg":"[FC2 DELTA NORM] node 1 round=7 — fc2 delta norm this round: 0.0237"}
{"time":"2026-07-23 19:52:04,581","level":"WARNING","node":1,"msg":"ZKP norm violation (clipping applied): slack=-191286, retry=0"}
{"time":"2026-07-23 19:52:23,812","level":"INFO","node":1,"msg":"[TIMING] node 1 round=7 ZKP proof generation (voter) took 19.22s"}
{"time":"2026-07-23 19:52:23,812","level":"INFO","node":1,"msg":"[TIMING] node 1 round=7 HE encryption (voter) took 0.00s"}
{"time":"2026-07-23 19:52:23,828","level":"INFO","node":1,"msg":"Forwarded to http://127.0.0.1:8000"}
{"time":"2026-07-23 19:52:43,971","level":"INFO","node":1,"msg":"Received update from node 0, round 8"}
{"time":"2026-07-23 19:53:12,584","level":"INFO","node":1,"msg":"ZKP ACCEPTED from node 0"}
{"time":"2026-07-23 19:53:13,770","level":"WARNING","node":1,"msg":"No stored proposal for round=8 origin=0 — voting using fallback hash, may not match other peers"}
{"time":"2026-07-23 19:53:13,770","level":"INFO","node":1,"msg":"fc_in col7 delta self-cosine for node 0: -0.3426 (delta_norm=0.2415)"}
{"time":"2026-07-23 19:53:13,780","level":"INFO","node":1,"msg":"Per-class agreement with node 0: class0=0.973 class1=0.962 gap=0.011"}
{"time":"2026-07-23 19:53:13,780","level":"INFO","node":1,"msg":"Per-class rolling gap for node 0: mean=0.013 over last 4 round(s)"}
{"time":"2026-07-23 19:53:13,780","level":"INFO","node":1,"msg":"Trust score for node 0: S=0.831 (Z=1.00 A=0.97 P=0.50 R=1.00) advisory only"}
{"time":"2026-07-23 19:53:13,802","level":"INFO","node":1,"msg":"Sent consensus vote to node 0"}
{"time":"2026-07-23 19:53:14,313","level":"INFO","node":1,"msg":"[FC2 DELTA NORM] node 1 round=8 — fc2 delta norm this round: 0.0235"}
{"time":"2026-07-23 19:53:33,297","level":"INFO","node":1,"msg":"[TIMING] node 1 round=8 ZKP proof generation (voter) took 18.97s"}
{"time":"2026-07-23 19:53:33,297","level":"INFO","node":1,"msg":"[TIMING] node 1 round=8 HE encryption (voter) took 0.00s"}
{"time":"2026-07-23 19:53:33,314","level":"INFO","node":1,"msg":"Forwarded to http://127.0.0.1:8000"}
{"time":"2026-07-23 19:53:53,401","level":"INFO","node":1,"msg":"Received update from node 0, round 9"}
{"time":"2026-07-23 19:54:22,936","level":"INFO","node":1,"msg":"ZKP ACCEPTED from node 0"}
{"time":"2026-07-23 19:54:24,135","level":"WARNING","node":1,"msg":"No stored proposal for round=9 origin=0 — voting using fallback hash, may not match other peers"}
{"time":"2026-07-23 19:54:24,135","level":"INFO","node":1,"msg":"fc_in col7 delta self-cosine for node 0: -0.2047 (delta_norm=0.2150)"}
{"time":"2026-07-23 19:54:24,151","level":"INFO","node":1,"msg":"Per-class agreement with node 0: class0=0.974 class1=0.960 gap=0.014"}
{"time":"2026-07-23 19:54:24,151","level":"INFO","node":1,"msg":"Per-class rolling gap for node 0: mean=0.015 over last 4 round(s)"}
{"time":"2026-07-23 19:54:24,151","level":"INFO","node":1,"msg":"Trust score for node 0: S=0.831 (Z=1.00 A=0.97 P=0.50 R=1.00) advisory only"}
{"time":"2026-07-23 19:54:24,174","level":"INFO","node":1,"msg":"Sent consensus vote to node 0"}
{"time":"2026-07-23 19:54:24,670","level":"INFO","node":1,"msg":"[FC2 DELTA NORM] node 1 round=9 — fc2 delta norm this round: 0.0141"}
{"time":"2026-07-23 19:54:43,669","level":"INFO","node":1,"msg":"[TIMING] node 1 round=9 ZKP proof generation (voter) took 18.98s"}
{"time":"2026-07-23 19:54:43,669","level":"INFO","node":1,"msg":"[TIMING] node 1 round=9 HE encryption (voter) took 0.00s"}
{"time":"2026-07-23 19:54:43,686","level":"INFO","node":1,"msg":"Forwarded to http://127.0.0.1:8000"}
{"time":"2026-07-23 19:55:03,591","level":"INFO","node":1,"msg":"Received update from node 0, round 10"}
{"time":"2026-07-23 19:55:32,822","level":"INFO","node":1,"msg":"ZKP ACCEPTED from node 0"}
{"time":"2026-07-23 19:55:34,000","level":"WARNING","node":1,"msg":"No stored proposal for round=10 origin=0 — voting using fallback hash, may not match other peers"}
{"time":"2026-07-23 19:55:34,000","level":"INFO","node":1,"msg":"fc_in col7 delta self-cosine for node 0: -0.3018 (delta_norm=0.2110)"}
{"time":"2026-07-23 19:55:34,000","level":"INFO","node":1,"msg":"Per-class agreement with node 0: class0=0.957 class1=0.932 gap=0.025"}
{"time":"2026-07-23 19:55:34,000","level":"INFO","node":1,"msg":"Per-class rolling gap for node 0: mean=0.016 over last 4 round(s)"}
{"time":"2026-07-23 19:55:34,000","level":"INFO","node":1,"msg":"Trust score for node 0: S=0.814 (Z=1.00 A=0.95 P=0.50 R=1.00) advisory only"}
{"time":"2026-07-23 19:55:34,032","level":"INFO","node":1,"msg":"Sent consensus vote to node 0"}
{"time":"2026-07-23 19:55:34,528","level":"INFO","node":1,"msg":"[FC2 DELTA NORM] node 1 round=10 — fc2 delta norm this round: 0.0435"}
{"time":"2026-07-23 19:55:54,096","level":"INFO","node":1,"msg":"[TIMING] node 1 round=10 ZKP proof generation (voter) took 19.56s"}
{"time":"2026-07-23 19:55:54,096","level":"INFO","node":1,"msg":"[TIMING] node 1 round=10 HE encryption (voter) took 0.00s"}
{"time":"2026-07-23 19:55:54,110","level":"INFO","node":1,"msg":"Forwarded to http://127.0.0.1:8000"}
{"time":"2026-07-23 19:56:14,605","level":"INFO","node":1,"msg":"Received update from node 0, round 11"}
{"time":"2026-07-23 19:56:44,036","level":"INFO","node":1,"msg":"ZKP ACCEPTED from node 0"}
{"time":"2026-07-23 19:56:45,167","level":"WARNING","node":1,"msg":"No stored proposal for round=11 origin=0 — voting using fallback hash, may not match other peers"}
{"time":"2026-07-23 19:56:45,167","level":"INFO","node":1,"msg":"fc_in col7 delta self-cosine for node 0: -0.1589 (delta_norm=0.2113)"}
{"time":"2026-07-23 19:56:45,167","level":"INFO","node":1,"msg":"Per-class agreement with node 0: class0=0.961 class1=0.945 gap=0.016"}
{"time":"2026-07-23 19:56:45,167","level":"INFO","node":1,"msg":"Per-class rolling gap for node 0: mean=0.016 over last 4 round(s)"}
{"time":"2026-07-23 19:56:45,167","level":"INFO","node":1,"msg":"Trust score for node 0: S=0.819 (Z=1.00 A=0.96 P=0.50 R=1.00) advisory only"}
{"time":"2026-07-23 19:56:45,208","level":"INFO","node":1,"msg":"Sent consensus vote to node 0"}
{"time":"2026-07-23 19:56:45,713","level":"INFO","node":1,"msg":"[FC2 DELTA NORM] node 1 round=11 — fc2 delta norm this round: 0.0429"}
{"time":"2026-07-23 19:56:45,713","level":"WARNING","node":1,"msg":"ZKP norm violation (clipping applied): slack=-176560, retry=0"}
{"time":"2026-07-23 19:57:04,692","level":"INFO","node":1,"msg":"[TIMING] node 1 round=11 ZKP proof generation (voter) took 18.96s"}
{"time":"2026-07-23 19:57:04,692","level":"INFO","node":1,"msg":"[TIMING] node 1 round=11 HE encryption (voter) took 0.00s"}
{"time":"2026-07-23 19:57:04,710","level":"INFO","node":1,"msg":"Forwarded to http://127.0.0.1:8000"}
{"time":"2026-07-23 19:57:24,790","level":"INFO","node":1,"msg":"Received update from node 0, round 12"}
{"time":"2026-07-23 19:57:54,978","level":"INFO","node":1,"msg":"ZKP ACCEPTED from node 0"}
{"time":"2026-07-23 19:57:56,183","level":"WARNING","node":1,"msg":"No stored proposal for round=12 origin=0 — voting using fallback hash, may not match other peers"}
{"time":"2026-07-23 19:57:56,183","level":"INFO","node":1,"msg":"fc_in col7 delta self-cosine for node 0: -0.3294 (delta_norm=0.2182)"}
{"time":"2026-07-23 19:57:56,183","level":"INFO","node":1,"msg":"Per-class agreement with node 0: class0=0.975 class1=0.949 gap=0.026"}
{"time":"2026-07-23 19:57:56,183","level":"INFO","node":1,"msg":"Per-class rolling gap for node 0: mean=0.020 over last 4 round(s)"}
{"time":"2026-07-23 19:57:56,183","level":"INFO","node":1,"msg":"Trust score for node 0: S=0.829 (Z=1.00 A=0.97 P=0.50 R=1.00) advisory only"}
{"time":"2026-07-23 19:57:56,201","level":"INFO","node":1,"msg":"Sent consensus vote to node 0"}
{"time":"2026-07-23 19:57:56,486","level":"INFO","node":1,"msg":"[FC2 DELTA NORM] node 1 round=12 — fc2 delta norm this round: 0.0235"}
{"time":"2026-07-23 19:57:56,486","level":"WARNING","node":1,"msg":"ZKP norm violation (clipping applied): slack=-64149, retry=0"}
{"time":"2026-07-23 19:58:15,405","level":"INFO","node":1,"msg":"[TIMING] node 1 round=12 ZKP proof generation (voter) took 18.90s"}
{"time":"2026-07-23 19:58:15,405","level":"INFO","node":1,"msg":"[TIMING] node 1 round=12 HE encryption (voter) took 0.00s"}
{"time":"2026-07-23 19:58:15,417","level":"INFO","node":1,"msg":"Forwarded to http://127.0.0.1:8000"}
{"time":"2026-07-23 19:58:36,173","level":"INFO","node":1,"msg":"Received update from node 0, round 13"}
{"time":"2026-07-23 19:58:45,073","level":"WARNING","node":1,"msg":"[WATCHDOG FIRING] No proposal received from node 0 for round 2 after 600s — treating as unreachable/stalled. fired_at=19:58:45"}
{"time":"2026-07-23 19:58:45,101","level":"ERROR","node":1,"msg":"Node 0 EXCLUDED from proposing and quorum. Quorum requirement adjusted to 1 of 1 remaining trusted nodes."}
{"time":"2026-07-23 19:58:45,279","level":"INFO","node":1,"msg":"Sent exclusion notice for node 0 to node 2"}
{"time":"2026-07-23 19:58:45,404","level":"INFO","node":1,"msg":"Sent exclusion notice for node 0 to node 3"}
{"time":"2026-07-23 19:58:45,417","level":"INFO","node":1,"msg":"Taking over as proposer for round 2 after watchdog timeout."}
{"time":"2026-07-23 19:58:45,439","level":"INFO","node":1,"msg":"Starting round 3"}
{"time":"2026-07-23 19:59:06,106","level":"INFO","node":1,"msg":"ZKP ACCEPTED from node 0"}
{"time":"2026-07-23 19:59:06,496","level":"INFO","node":1,"msg":"[FC2 DELTA NORM] node 1 round=2 — fc2 delta norm this round: 0.0177"}
{"time":"2026-07-23 19:59:07,339","level":"WARNING","node":1,"msg":"No stored proposal for round=13 origin=0 — voting using fallback hash, may not match other peers"}
{"time":"2026-07-23 19:59:07,353","level":"INFO","node":1,"msg":"fc_in col7 delta self-cosine for node 0: -0.3908 (delta_norm=0.1947)"}
{"time":"2026-07-23 19:59:08,138","level":"INFO","node":1,"msg":"Per-class agreement with node 0: class0=0.963 class1=0.940 gap=0.023"}
{"time":"2026-07-23 19:59:08,151","level":"INFO","node":1,"msg":"Per-class rolling gap for node 0: mean=0.023 over last 4 round(s)"}
{"time":"2026-07-23 19:59:08,165","level":"INFO","node":1,"msg":"Trust score for node 0: S=0.819 (Z=1.00 A=0.96 P=0.50 R=1.00) advisory only"}
{"time":"2026-07-23 19:59:26,651","level":"INFO","node":1,"msg":"[TIMING] node 1 round=2 ZKP proof generation took 20.15s"}
{"time":"2026-07-23 19:59:26,652","level":"INFO","node":1,"msg":"[TIMING] node 1 round=2 HE encryption took 0.00s"}
{"time":"2026-07-23 19:59:26,668","level":"INFO","node":1,"msg":"Forwarded to http://127.0.0.1:8002"}
{"time":"2026-07-23 19:59:27,082","level":"INFO","node":1,"msg":"[FC2 DELTA NORM] node 1 round=13 — fc2 delta norm this round: 0.0393"}
{"time":"2026-07-23 19:59:43,783","level":"INFO","node":1,"msg":"[TIMING] node 1 round=13 ZKP proof generation (voter) took 16.69s"}
{"time":"2026-07-23 19:59:43,783","level":"INFO","node":1,"msg":"[TIMING] node 1 round=13 HE encryption (voter) took 0.00s"}
{"time":"2026-07-23 19:59:43,860","level":"INFO","node":1,"msg":"Forwarded to http://127.0.0.1:8002"}
{"time":"2026-07-23 20:03:02,827","level":"INFO","node":1,"msg":"Received update from node 0, round 14"}
{"time":"2026-07-23 20:03:17,659","level":"INFO","node":1,"msg":"Received update from node 0, round 2"}
{"time":"2026-07-23 20:03:17,682","level":"INFO","node":1,"msg":"Round 3 complete — aggregating"}
{"time":"2026-07-23 20:03:18,764","level":"INFO","node":1,"msg":"Round 3 accuracy gate skipped (warm-up period, candidate_acc=0.7818)"}
{"time":"2026-07-23 20:03:19,453","level":"INFO","node":1,"msg":"Checkpoint saved to C:\Users\mousu\OneDrive\Desktop\Set A\securefedhe\dashboard\model_latest.pt"}
{"time":"2026-07-23 20:03:19,472","level":"INFO","node":1,"msg":"Round 3 complete | accuracy=0.7818 | duration=274.02s"}
{"time":"2026-07-23 20:03:20,015","level":"INFO","node":1,"msg":"Starting round 4"}
{"time":"2026-07-23 20:03:40,173","level":"INFO","node":1,"msg":"ZKP ACCEPTED from node 0"}
{"time":"2026-07-23 20:03:40,763","level":"INFO","node":1,"msg":"[FC2 DELTA NORM] node 1 round=3 — fc2 delta norm this round: 0.2254"}
{"time":"2026-07-23 20:03:41,472","level":"WARNING","node":1,"msg":"No stored proposal for round=14 origin=0 — voting using fallback hash, may not match other peers"}
{"time":"2026-07-23 20:03:41,488","level":"INFO","node":1,"msg":"fc_in col7 delta self-cosine for node 0: -0.4354 (delta_norm=0.3070)"}
{"time":"2026-07-23 20:03:42,531","level":"INFO","node":1,"msg":"Per-class agreement with node 0: class0=0.895 class1=0.833 gap=0.062"}
{"time":"2026-07-23 20:03:42,564","level":"INFO","node":1,"msg":"Per-class rolling gap for node 0: mean=0.032 over last 4 round(s)"}
{"time":"2026-07-23 20:03:43,278","level":"INFO","node":1,"msg":"Trust score for node 0: S=0.769 (Z=1.00 A=0.88 P=0.57 R=1.00) advisory only"}
{"time":"2026-07-23 20:04:02,964","level":"INFO","node":1,"msg":"[TIMING] node 1 round=3 ZKP proof generation took 22.19s"}
{"time":"2026-07-23 20:04:02,964","level":"INFO","node":1,"msg":"[TIMING] node 1 round=3 HE encryption took 0.00s"}
{"time":"2026-07-23 20:04:02,998","level":"INFO","node":1,"msg":"Forwarded to http://127.0.0.1:8002"}
{"time":"2026-07-23 20:04:03,395","level":"INFO","node":1,"msg":"[FC2 DELTA NORM] node 1 round=14 — fc2 delta norm this round: 0.0736"}
{"time":"2026-07-23 20:04:03,395","level":"WARNING","node":1,"msg":"ZKP norm violation (clipping applied): slack=-301760, retry=0"}
{"time":"2026-07-23 20:04:22,951","level":"INFO","node":1,"msg":"[TIMING] node 1 round=14 ZKP proof generation (voter) took 19.54s"}
{"time":"2026-07-23 20:04:22,951","level":"INFO","node":1,"msg":"[TIMING] node 1 round=14 HE encryption (voter) took 0.00s"}
{"time":"2026-07-23 20:04:23,112","level":"INFO","node":1,"msg":"Forwarded to http://127.0.0.1:8002"}
{"time":"2026-07-23 20:07:43,645","level":"INFO","node":1,"msg":"Received update from node 0, round 15"}
{"time":"2026-07-23 20:07:56,772","level":"INFO","node":1,"msg":"Received update from node 0, round 3"}
{"time":"2026-07-23 20:07:56,804","level":"INFO","node":1,"msg":"Round 4 complete — aggregating"}
{"time":"2026-07-23 20:07:57,688","level":"INFO","node":1,"msg":"Round 4 accuracy gate skipped (warm-up period, candidate_acc=0.7909)"}
{"time":"2026-07-23 20:07:58,163","level":"INFO","node":1,"msg":"Checkpoint saved to C:\Users\mousu\OneDrive\Desktop\Set A\securefedhe\dashboard\model_latest.pt"}
{"time":"2026-07-23 20:07:58,178","level":"INFO","node":1,"msg":"Round 4 complete | accuracy=0.7909 | duration=278.16s"}
{"time":"2026-07-23 20:07:58,780","level":"INFO","node":1,"msg":"Starting round 5"}
{"time":"2026-07-23 20:08:13,624","level":"INFO","node":1,"msg":"ZKP ACCEPTED from node 0"}
{"time":"2026-07-23 20:08:14,084","level":"INFO","node":1,"msg":"[FC2 DELTA NORM] node 1 round=4 — fc2 delta norm this round: 0.2027"}
{"time":"2026-07-23 20:08:15,206","level":"WARNING","node":1,"msg":"No stored proposal for round=15 origin=0 — voting using fallback hash, may not match other peers"}
{"time":"2026-07-23 20:08:15,237","level":"INFO","node":1,"msg":"fc_in col7 delta self-cosine for node 0: -0.1791 (delta_norm=0.2553)"}
{"time":"2026-07-23 20:08:16,089","level":"INFO","node":1,"msg":"Per-class agreement with node 0: class0=0.929 class1=0.902 gap=0.027"}
{"time":"2026-07-23 20:08:16,121","level":"INFO","node":1,"msg":"Per-class rolling gap for node 0: mean=0.034 over last 4 round(s)"}
{"time":"2026-07-23 20:08:16,719","level":"INFO","node":1,"msg":"Trust score for node 0: S=0.774 (Z=1.00 A=0.92 P=0.45 R=1.00) advisory only"}
{"time":"2026-07-23 20:08:33,642","level":"INFO","node":1,"msg":"[TIMING] node 1 round=4 ZKP proof generation took 19.55s"}
{"time":"2026-07-23 20:08:33,644","level":"INFO","node":1,"msg":"[TIMING] node 1 round=4 HE encryption took 0.00s"}
{"time":"2026-07-23 20:08:33,658","level":"INFO","node":1,"msg":"Forwarded to http://127.0.0.1:8002"}
{"time":"2026-07-23 20:08:34,118","level":"INFO","node":1,"msg":"[FC2 DELTA NORM] node 1 round=15 — fc2 delta norm this round: 0.0457"}
{"time":"2026-07-23 20:08:54,193","level":"INFO","node":1,"msg":"[TIMING] node 1 round=15 ZKP proof generation (voter) took 20.07s"}
{"time":"2026-07-23 20:08:54,194","level":"INFO","node":1,"msg":"[TIMING] node 1 round=15 HE encryption (voter) took 0.00s"}
{"time":"2026-07-23 20:08:54,241","level":"INFO","node":1,"msg":"Forwarded to http://127.0.0.1:8002"}
{"time":"2026-07-23 20:12:03,253","level":"INFO","node":1,"msg":"Received update from node 0, round 16"}
{"time":"2026-07-23 20:12:20,455","level":"INFO","node":1,"msg":"Received update from node 0, round 4"}
{"time":"2026-07-23 20:12:20,487","level":"INFO","node":1,"msg":"Round 5 complete — aggregating"}
{"time":"2026-07-23 20:12:21,348","level":"INFO","node":1,"msg":"Round 5 accuracy gate skipped (warm-up period, candidate_acc=0.7545)"}
{"time":"2026-07-23 20:12:21,556","level":"INFO","node":1,"msg":"Checkpoint saved to C:\Users\mousu\OneDrive\Desktop\Set A\securefedhe\dashboard\model_latest.pt"}
{"time":"2026-07-23 20:12:21,572","level":"INFO","node":1,"msg":"Round 5 complete | accuracy=0.7545 | duration=262.78s"}
{"time":"2026-07-23 20:12:22,195","level":"INFO","node":1,"msg":"Starting round 6"}
{"time":"2026-07-23 20:12:33,823","level":"INFO","node":1,"msg":"ZKP ACCEPTED from node 0"}
{"time":"2026-07-23 20:12:34,271","level":"INFO","node":1,"msg":"[FC2 DELTA NORM] node 1 round=5 — fc2 delta norm this round: 0.1994"}
{"time":"2026-07-23 20:12:35,324","level":"WARNING","node":1,"msg":"No stored proposal for round=16 origin=0 — voting using fallback hash, may not match other peers"}
{"time":"2026-07-23 20:12:35,340","level":"INFO","node":1,"msg":"fc_in col7 delta self-cosine for node 0: -0.3145 (delta_norm=0.2234)"}
{"time":"2026-07-23 20:12:36,471","level":"INFO","node":1,"msg":"Per-class agreement with node 0: class0=0.943 class1=0.920 gap=0.022"}
{"time":"2026-07-23 20:12:36,486","level":"INFO","node":1,"msg":"Per-class rolling gap for node 0: mean=0.034 over last 4 round(s)"}
{"time":"2026-07-23 20:12:37,251","level":"INFO","node":1,"msg":"Trust score for node 0: S=0.836 (Z=1.00 A=0.94 P=0.63 R=1.00) advisory only"}
{"time":"2026-07-23 20:12:54,358","level":"INFO","node":1,"msg":"[TIMING] node 1 round=5 ZKP proof generation took 20.04s"}
{"time":"2026-07-23 20:12:54,358","level":"INFO","node":1,"msg":"[TIMING] node 1 round=5 HE encryption took 0.00s"}
{"time":"2026-07-23 20:12:54,374","level":"INFO","node":1,"msg":"Forwarded to http://127.0.0.1:8002"}
{"time":"2026-07-23 20:12:54,803","level":"INFO","node":1,"msg":"[FC2 DELTA NORM] node 1 round=16 — fc2 delta norm this round: 0.0496"}
{"time":"2026-07-23 20:12:54,803","level":"WARNING","node":1,"msg":"ZKP norm violation (clipping applied): slack=-135542, retry=0"}
{"time":"2026-07-23 20:13:14,969","level":"INFO","node":1,"msg":"[TIMING] node 1 round=16 ZKP proof generation (voter) took 20.15s"}
{"time":"2026-07-23 20:13:14,984","level":"INFO","node":1,"msg":"[TIMING] node 1 round=16 HE encryption (voter) took 0.02s"}
{"time":"2026-07-23 20:13:15,064","level":"INFO","node":1,"msg":"Forwarded to http://127.0.0.1:8002"}
{"time":"2026-07-23 20:16:25,820","level":"INFO","node":1,"msg":"Received update from node 0, round 17"}
{"time":"2026-07-23 20:16:38,923","level":"INFO","node":1,"msg":"Received update from node 0, round 5"}
{"time":"2026-07-23 20:16:38,955","level":"INFO","node":1,"msg":"Round 6 complete — aggregating"}
{"time":"2026-07-23 20:16:55,191","level":"INFO","node":1,"msg":"ZKP ACCEPTED from node 0"}
{"time":"2026-07-23 20:16:55,255","level":"WARNING","node":1,"msg":"[BACKDOOR PROBE] Round 6 SUSPICIOUS: feature=0 value=4.0 forces class=1 flip_rate=1.000 jump=0.555 (thresholds: flip>0.7, jump>0.3)"}
{"time":"2026-07-23 20:16:55,271","level":"INFO","node":1,"msg":"Checkpoint saved to C:\Users\mousu\OneDrive\Desktop\Set A\securefedhe\dashboard\model_latest.pt"}
{"time":"2026-07-23 20:16:55,271","level":"INFO","node":1,"msg":"Round 6 complete | accuracy=0.8000 | duration=273.04s"}
{"time":"2026-07-23 20:16:55,782","level":"INFO","node":1,"msg":"Starting round 7"}
{"time":"2026-07-23 20:16:56,291","level":"INFO","node":1,"msg":"[FC2 DELTA NORM] node 1 round=6 — fc2 delta norm this round: 0.1909"}
{"time":"2026-07-23 20:16:56,578","level":"WARNING","node":1,"msg":"No stored proposal for round=17 origin=0 — voting using fallback hash, may not match other peers"}
{"time":"2026-07-23 20:16:56,625","level":"INFO","node":1,"msg":"fc_in col7 delta self-cosine for node 0: -0.4536 (delta_norm=0.1927)"}
{"time":"2026-07-23 20:16:57,594","level":"INFO","node":1,"msg":"Per-class agreement with node 0: class0=0.953 class1=0.960 gap=0.007"}
{"time":"2026-07-23 20:16:57,626","level":"INFO","node":1,"msg":"Per-class rolling gap for node 0: mean=0.030 over last 4 round(s)"}
{"time":"2026-07-23 20:16:58,246","level":"INFO","node":1,"msg":"Trust score for node 0: S=0.839 (Z=1.00 A=0.96 P=0.57 R=1.00) advisory only"}
{"time":"2026-07-23 20:17:16,994","level":"INFO","node":1,"msg":"[TIMING] node 1 round=6 ZKP proof generation took 20.67s"}
{"time":"2026-07-23 20:17:16,994","level":"INFO","node":1,"msg":"[TIMING] node 1 round=6 HE encryption took 0.00s"}
{"time":"2026-07-23 20:17:17,010","level":"INFO","node":1,"msg":"Forwarded to http://127.0.0.1:8002"}
{"time":"2026-07-23 20:17:17,503","level":"INFO","node":1,"msg":"[FC2 DELTA NORM] node 1 round=17 — fc2 delta norm this round: 0.0410"}
{"time":"2026-07-23 20:17:17,503","level":"WARNING","node":1,"msg":"ZKP norm violation (clipping applied): slack=-603277, retry=0"}
{"time":"2026-07-23 20:17:37,958","level":"INFO","node":1,"msg":"[TIMING] node 1 round=17 ZKP proof generation (voter) took 20.44s"}
{"time":"2026-07-23 20:17:37,958","level":"INFO","node":1,"msg":"[TIMING] node 1 round=17 HE encryption (voter) took 0.00s"}
{"time":"2026-07-23 20:17:38,037","level":"INFO","node":1,"msg":"Forwarded to http://127.0.0.1:8002"}
{"time":"2026-07-23 20:20:48,647","level":"INFO","node":1,"msg":"Received update from node 0, round 18"}
{"time":"2026-07-23 20:21:02,505","level":"INFO","node":1,"msg":"Received update from node 0, round 6"}
{"time":"2026-07-23 20:21:02,521","level":"INFO","node":1,"msg":"Round 7 complete — aggregating"}
{"time":"2026-07-23 20:21:18,335","level":"INFO","node":1,"msg":"ZKP ACCEPTED from node 0"}
{"time":"2026-07-23 20:21:18,399","level":"WARNING","node":1,"msg":"[BACKDOOR PROBE] Round 7 SUSPICIOUS: feature=0 value=5.0 forces class=1 flip_rate=1.000 jump=0.582 (thresholds: flip>0.7, jump>0.3)"}
{"time":"2026-07-23 20:21:18,414","level":"INFO","node":1,"msg":"Checkpoint saved to C:\Users\mousu\OneDrive\Desktop\Set A\securefedhe\dashboard\model_latest.pt"}
{"time":"2026-07-23 20:21:18,414","level":"INFO","node":1,"msg":"Round 7 complete | accuracy=0.8091 | duration=262.63s"}
{"time":"2026-07-23 20:21:18,927","level":"INFO","node":1,"msg":"Starting round 8"}
{"time":"2026-07-23 20:21:19,467","level":"INFO","node":1,"msg":"[FC2 DELTA NORM] node 1 round=7 — fc2 delta norm this round: 0.1815"}
{"time":"2026-07-23 20:21:19,643","level":"WARNING","node":1,"msg":"No stored proposal for round=18 origin=0 — voting using fallback hash, may not match other peers"}
{"time":"2026-07-23 20:21:19,690","level":"INFO","node":1,"msg":"fc_in col7 delta self-cosine for node 0: -0.2541 (delta_norm=0.1943)"}
{"time":"2026-07-23 20:21:20,644","level":"INFO","node":1,"msg":"Per-class agreement with node 0: class0=0.980 class1=0.956 gap=0.024"}
{"time":"2026-07-23 20:21:20,676","level":"INFO","node":1,"msg":"Per-class rolling gap for node 0: mean=0.020 over last 4 round(s)"}
{"time":"2026-07-23 20:21:21,599","level":"INFO","node":1,"msg":"Trust score for node 0: S=0.853 (Z=1.00 A=0.97 P=0.57 R=1.00) advisory only"}
{"time":"2026-07-23 20:21:39,118","level":"INFO","node":1,"msg":"[TIMING] node 1 round=7 ZKP proof generation took 19.63s"}
{"time":"2026-07-23 20:21:39,118","level":"INFO","node":1,"msg":"[TIMING] node 1 round=7 HE encryption took 0.00s"}
{"time":"2026-07-23 20:21:39,134","level":"INFO","node":1,"msg":"Forwarded to http://127.0.0.1:8002"}
{"time":"2026-07-23 20:21:39,610","level":"INFO","node":1,"msg":"[FC2 DELTA NORM] node 1 round=18 — fc2 delta norm this round: 0.0389"}
{"time":"2026-07-23 20:21:59,952","level":"INFO","node":1,"msg":"[TIMING] node 1 round=18 ZKP proof generation (voter) took 20.33s"}
{"time":"2026-07-23 20:21:59,952","level":"INFO","node":1,"msg":"[TIMING] node 1 round=18 HE encryption (voter) took 0.00s"}
{"time":"2026-07-23 20:22:00,111","level":"INFO","node":1,"msg":"Forwarded to http://127.0.0.1:8002"}
{"time":"2026-07-23 20:25:13,536","level":"INFO","node":1,"msg":"Received update from node 0, round 19"}
{"time":"2026-07-23 20:25:26,746","level":"INFO","node":1,"msg":"Received update from node 0, round 7"}
{"time":"2026-07-23 20:25:26,763","level":"INFO","node":1,"msg":"Round 8 complete — aggregating"}
{"time":"2026-07-23 20:25:44,169","level":"INFO","node":1,"msg":"ZKP ACCEPTED from node 0"}
{"time":"2026-07-23 20:25:44,217","level":"WARNING","node":1,"msg":"[BACKDOOR PROBE] Round 8 SUSPICIOUS: feature=0 value=4.0 forces class=1 flip_rate=1.000 jump=0.518 (thresholds: flip>0.7, jump>0.3)"}
{"time":"2026-07-23 20:25:44,232","level":"INFO","node":1,"msg":"Checkpoint saved to C:\Users\mousu\OneDrive\Desktop\Set A\securefedhe\dashboard\model_latest.pt"}
{"time":"2026-07-23 20:25:44,232","level":"INFO","node":1,"msg":"Round 8 complete | accuracy=0.7636 | duration=265.31s"}
{"time":"2026-07-23 20:25:44,759","level":"INFO","node":1,"msg":"Starting round 9"}
{"time":"2026-07-23 20:25:45,317","level":"INFO","node":1,"msg":"[FC2 DELTA NORM] node 1 round=8 — fc2 delta norm this round: 0.1919"}
{"time":"2026-07-23 20:25:45,508","level":"WARNING","node":1,"msg":"No stored proposal for round=19 origin=0 — voting using fallback hash, may not match other peers"}
{"time":"2026-07-23 20:25:45,540","level":"INFO","node":1,"msg":"fc_in col7 delta self-cosine for node 0: -0.1892 (delta_norm=0.1646)"}
{"time":"2026-07-23 20:25:46,383","level":"INFO","node":1,"msg":"Per-class agreement with node 0: class0=0.959 class1=0.961 gap=0.002"}
{"time":"2026-07-23 20:25:46,415","level":"INFO","node":1,"msg":"Per-class rolling gap for node 0: mean=0.014 over last 4 round(s)"}
{"time":"2026-07-23 20:25:47,400","level":"INFO","node":1,"msg":"Trust score for node 0: S=0.872 (Z=1.00 A=0.96 P=0.68 R=1.00) advisory only"}
{"time":"2026-07-23 20:26:04,633","level":"INFO","node":1,"msg":"[TIMING] node 1 round=8 ZKP proof generation took 19.30s"}
{"time":"2026-07-23 20:26:04,633","level":"INFO","node":1,"msg":"[TIMING] node 1 round=8 HE encryption took 0.00s"}
{"time":"2026-07-23 20:26:04,649","level":"INFO","node":1,"msg":"Forwarded to http://127.0.0.1:8002"}
{"time":"2026-07-23 20:26:05,096","level":"INFO","node":1,"msg":"[FC2 DELTA NORM] node 1 round=19 — fc2 delta norm this round: 0.0417"}
{"time":"2026-07-23 20:26:25,564","level":"INFO","node":1,"msg":"[TIMING] node 1 round=19 ZKP proof generation (voter) took 20.44s"}
{"time":"2026-07-23 20:26:25,564","level":"INFO","node":1,"msg":"[TIMING] node 1 round=19 HE encryption (voter) took 0.00s"}
{"time":"2026-07-23 20:26:25,706","level":"INFO","node":1,"msg":"Forwarded to http://127.0.0.1:8002"}
{"time":"2026-07-23 20:29:31,121","level":"INFO","node":1,"msg":"Received update from node 0, round 8"}
{"time":"2026-07-23 20:29:31,121","level":"INFO","node":1,"msg":"Round 9 complete — aggregating"}
{"time":"2026-07-23 20:29:31,232","level":"WARNING","node":1,"msg":"[BACKDOOR PROBE] Round 9 SUSPICIOUS: feature=0 value=4.0 forces class=1 flip_rate=1.000 jump=0.591 (thresholds: flip>0.7, jump>0.3)"}
{"time":"2026-07-23 20:29:31,248","level":"INFO","node":1,"msg":"Checkpoint saved to C:\Users\mousu\OneDrive\Desktop\Set A\securefedhe\dashboard\model_latest.pt"}
{"time":"2026-07-23 20:29:31,248","level":"INFO","node":1,"msg":"Round 9 complete | accuracy=0.8000 | duration=226.49s"}
{"time":"2026-07-23 20:29:31,759","level":"INFO","node":1,"msg":"Starting round 10"}
{"time":"2026-07-23 20:29:32,299","level":"INFO","node":1,"msg":"[FC2 DELTA NORM] node 1 round=9 — fc2 delta norm this round: 0.1703"}
{"time":"2026-07-23 20:29:50,615","level":"INFO","node":1,"msg":"[TIMING] node 1 round=9 ZKP proof generation took 18.30s"}
{"time":"2026-07-23 20:29:50,615","level":"INFO","node":1,"msg":"[TIMING] node 1 round=9 HE encryption took 0.00s"}
{"time":"2026-07-23 20:29:50,629","level":"INFO","node":1,"msg":"Forwarded to http://127.0.0.1:8002"}
{"time":"2026-07-23 20:32:10,141","level":"INFO","node":1,"msg":"Received update from node 0, round 9"}
{"time":"2026-07-23 20:32:10,157","level":"INFO","node":1,"msg":"Round 10 complete — aggregating"}
{"time":"2026-07-23 20:32:10,252","level":"WARNING","node":1,"msg":"[BACKDOOR PROBE] Round 10 SUSPICIOUS: feature=0 value=5.0 forces class=1 flip_rate=1.000 jump=0.545 (thresholds: flip>0.7, jump>0.3)"}
{"time":"2026-07-23 20:32:10,267","level":"INFO","node":1,"msg":"Checkpoint saved to C:\Users\mousu\OneDrive\Desktop\Set A\securefedhe\dashboard\model_latest.pt"}
{"time":"2026-07-23 20:32:10,267","level":"INFO","node":1,"msg":"Round 10 complete | accuracy=0.7727 | duration=158.51s"}
{"time":"2026-07-23 20:32:10,795","level":"INFO","node":1,"msg":"Starting round 11"}
{"time":"2026-07-23 20:32:11,335","level":"INFO","node":1,"msg":"[FC2 DELTA NORM] node 1 round=10 — fc2 delta norm this round: 0.1716"}
{"time":"2026-07-23 20:32:29,590","level":"INFO","node":1,"msg":"[TIMING] node 1 round=10 ZKP proof generation took 18.24s"}
{"time":"2026-07-23 20:32:29,590","level":"INFO","node":1,"msg":"[TIMING] node 1 round=10 HE encryption took 0.00s"}
{"time":"2026-07-23 20:32:29,605","level":"INFO","node":1,"msg":"Forwarded to http://127.0.0.1:8002"}
{"time":"2026-07-23 20:34:48,965","level":"INFO","node":1,"msg":"Received update from node 0, round 10"}
{"time":"2026-07-23 20:34:48,981","level":"INFO","node":1,"msg":"Round 11 complete — aggregating"}
{"time":"2026-07-23 20:34:49,077","level":"WARNING","node":1,"msg":"[BACKDOOR PROBE] Round 11 SUSPICIOUS: feature=0 value=5.0 forces class=1 flip_rate=1.000 jump=0.573 (thresholds: flip>0.7, jump>0.3)"}
{"time":"2026-07-23 20:34:49,092","level":"INFO","node":1,"msg":"Checkpoint saved to C:\Users\mousu\OneDrive\Desktop\Set A\securefedhe\dashboard\model_latest.pt"}
{"time":"2026-07-23 20:34:49,092","level":"INFO","node":1,"msg":"Round 11 complete | accuracy=0.8000 | duration=158.30s"}
{"time":"2026-07-23 20:34:49,618","level":"INFO","node":1,"msg":"Starting round 12"}
{"time":"2026-07-23 20:34:50,157","level":"INFO","node":1,"msg":"[FC2 DELTA NORM] node 1 round=11 — fc2 delta norm this round: 0.1804"}
{"time":"2026-07-23 20:35:08,419","level":"INFO","node":1,"msg":"[TIMING] node 1 round=11 ZKP proof generation took 18.25s"}
{"time":"2026-07-23 20:35:08,419","level":"INFO","node":1,"msg":"[TIMING] node 1 round=11 HE encryption took 0.00s"}
{"time":"2026-07-23 20:35:08,435","level":"INFO","node":1,"msg":"Forwarded to http://127.0.0.1:8002"}
{"time":"2026-07-23 20:37:26,831","level":"INFO","node":1,"msg":"Received update from node 0, round 11"}
{"time":"2026-07-23 20:37:26,847","level":"INFO","node":1,"msg":"Round 12 complete — aggregating"}
{"time":"2026-07-23 20:37:26,943","level":"WARNING","node":1,"msg":"[BACKDOOR PROBE] Round 12 SUSPICIOUS: feature=0 value=4.0 forces class=1 flip_rate=1.000 jump=0.518 (thresholds: flip>0.7, jump>0.3)"}
{"time":"2026-07-23 20:37:26,958","level":"INFO","node":1,"msg":"Checkpoint saved to C:\Users\mousu\OneDrive\Desktop\Set A\securefedhe\dashboard\model_latest.pt"}
{"time":"2026-07-23 20:37:26,958","level":"INFO","node":1,"msg":"Round 12 complete | accuracy=0.7455 | duration=157.34s"}
{"time":"2026-07-23 20:37:27,482","level":"INFO","node":1,"msg":"Starting round 13"}
{"time":"2026-07-23 20:37:28,023","level":"INFO","node":1,"msg":"[FC2 DELTA NORM] node 1 round=12 — fc2 delta norm this round: 0.1702"}
{"time":"2026-07-23 20:37:45,552","level":"INFO","node":1,"msg":"[TIMING] node 1 round=12 ZKP proof generation took 17.51s"}
{"time":"2026-07-23 20:37:45,552","level":"INFO","node":1,"msg":"[TIMING] node 1 round=12 HE encryption took 0.00s"}
{"time":"2026-07-23 20:37:45,566","level":"INFO","node":1,"msg":"Forwarded to http://127.0.0.1:8002"}
{"time":"2026-07-23 20:40:04,719","level":"INFO","node":1,"msg":"Received update from node 0, round 12"}
{"time":"2026-07-23 20:40:04,719","level":"INFO","node":1,"msg":"Round 13 complete — aggregating"}
{"time":"2026-07-23 20:40:04,830","level":"WARNING","node":1,"msg":"[BACKDOOR PROBE] Round 13 SUSPICIOUS: feature=0 value=5.0 forces class=1 flip_rate=1.000 jump=0.555 (thresholds: flip>0.7, jump>0.3)"}
{"time":"2026-07-23 20:40:04,846","level":"INFO","node":1,"msg":"Checkpoint saved to C:\Users\mousu\OneDrive\Desktop\Set A\securefedhe\dashboard\model_latest.pt"}
{"time":"2026-07-23 20:40:04,846","level":"INFO","node":1,"msg":"Round 13 complete | accuracy=0.7818 | duration=157.36s"}
{"time":"2026-07-23 20:40:05,358","level":"INFO","node":1,"msg":"Starting round 14"}
{"time":"2026-07-23 20:40:05,898","level":"INFO","node":1,"msg":"[FC2 DELTA NORM] node 1 round=13 — fc2 delta norm this round: 0.1817"}
{"time":"2026-07-23 20:40:23,757","level":"INFO","node":1,"msg":"[TIMING] node 1 round=13 ZKP proof generation took 17.84s"}
{"time":"2026-07-23 20:40:23,757","level":"INFO","node":1,"msg":"[TIMING] node 1 round=13 HE encryption took 0.00s"}
{"time":"2026-07-23 20:40:23,773","level":"INFO","node":1,"msg":"Forwarded to http://127.0.0.1:8002"}
{"time":"2026-07-23 20:42:42,190","level":"INFO","node":1,"msg":"Received update from node 0, round 13"}
{"time":"2026-07-23 20:42:42,206","level":"INFO","node":1,"msg":"Round 14 complete — aggregating"}
{"time":"2026-07-23 20:42:42,301","level":"WARNING","node":1,"msg":"[BACKDOOR PROBE] Round 14 SUSPICIOUS: feature=0 value=4.0 forces class=1 flip_rate=1.000 jump=0.536 (thresholds: flip>0.7, jump>0.3)"}
{"time":"2026-07-23 20:42:42,317","level":"INFO","node":1,"msg":"Checkpoint saved to C:\Users\mousu\OneDrive\Desktop\Set A\securefedhe\dashboard\model_latest.pt"}
{"time":"2026-07-23 20:42:42,317","level":"INFO","node":1,"msg":"Round 14 complete | accuracy=0.7636 | duration=156.96s"}
{"time":"2026-07-23 20:42:42,843","level":"INFO","node":1,"msg":"Starting round 15"}
{"time":"2026-07-23 20:42:43,383","level":"INFO","node":1,"msg":"[FC2 DELTA NORM] node 1 round=14 — fc2 delta norm this round: 0.1889"}
{"time":"2026-07-23 20:43:01,578","level":"INFO","node":1,"msg":"[TIMING] node 1 round=14 ZKP proof generation took 18.18s"}
{"time":"2026-07-23 20:43:01,594","level":"INFO","node":1,"msg":"[TIMING] node 1 round=14 HE encryption took 0.02s"}
{"time":"2026-07-23 20:43:01,594","level":"INFO","node":1,"msg":"Forwarded to http://127.0.0.1:8002"}
{"time":"2026-07-23 20:45:20,796","level":"INFO","node":1,"msg":"Received update from node 0, round 14"}
{"time":"2026-07-23 20:45:20,796","level":"INFO","node":1,"msg":"Round 15 complete — aggregating"}
{"time":"2026-07-23 20:45:20,908","level":"WARNING","node":1,"msg":"[BACKDOOR PROBE] Round 15 SUSPICIOUS: feature=0 value=5.0 forces class=1 flip_rate=1.000 jump=0.564 (thresholds: flip>0.7, jump>0.3)"}
{"time":"2026-07-23 20:45:20,924","level":"INFO","node":1,"msg":"Checkpoint saved to C:\Users\mousu\OneDrive\Desktop\Set A\securefedhe\dashboard\model_latest.pt"}
{"time":"2026-07-23 20:45:20,924","level":"INFO","node":1,"msg":"Round 15 complete | accuracy=0.7909 | duration=158.08s"}
{"time":"2026-07-23 20:45:21,435","level":"INFO","node":1,"msg":"Starting round 16"}
{"time":"2026-07-23 20:45:21,975","level":"INFO","node":1,"msg":"[FC2 DELTA NORM] node 1 round=15 — fc2 delta norm this round: 0.1684"}
{"time":"2026-07-23 20:45:40,720","level":"INFO","node":1,"msg":"[TIMING] node 1 round=15 ZKP proof generation took 18.73s"}
{"time":"2026-07-23 20:45:40,720","level":"INFO","node":1,"msg":"[TIMING] node 1 round=15 HE encryption took 0.00s"}
{"time":"2026-07-23 20:45:40,720","level":"INFO","node":1,"msg":"Forwarded to http://127.0.0.1:8002"}
{"time":"2026-07-23 20:48:00,449","level":"INFO","node":1,"msg":"Received update from node 0, round 15"}
{"time":"2026-07-23 20:48:00,449","level":"INFO","node":1,"msg":"Round 16 complete — aggregating"}
{"time":"2026-07-23 20:48:00,545","level":"WARNING","node":1,"msg":"[BACKDOOR PROBE] Round 16 SUSPICIOUS: feature=0 value=4.0 forces class=1 flip_rate=1.000 jump=0.509 (thresholds: flip>0.7, jump>0.3)"}
{"time":"2026-07-23 20:48:00,561","level":"INFO","node":1,"msg":"Checkpoint saved to C:\Users\mousu\OneDrive\Desktop\Set A\securefedhe\dashboard\model_latest.pt"}
{"time":"2026-07-23 20:48:00,561","level":"INFO","node":1,"msg":"Round 16 complete | accuracy=0.7545 | duration=159.12s"}
{"time":"2026-07-23 20:48:01,087","level":"INFO","node":1,"msg":"Starting round 17"}
{"time":"2026-07-23 20:48:01,628","level":"INFO","node":1,"msg":"[FC2 DELTA NORM] node 1 round=16 — fc2 delta norm this round: 0.1669"}
{"time":"2026-07-23 20:48:19,436","level":"INFO","node":1,"msg":"[TIMING] node 1 round=16 ZKP proof generation took 17.79s"}
{"time":"2026-07-23 20:48:19,436","level":"INFO","node":1,"msg":"[TIMING] node 1 round=16 HE encryption took 0.00s"}
{"time":"2026-07-23 20:48:19,452","level":"INFO","node":1,"msg":"Forwarded to http://127.0.0.1:8002"}
{"time":"2026-07-23 21:27:19,251","level":"INFO","node":1,"msg":"Received update from node 0, round 16"}
{"time":"2026-07-23 21:27:19,253","level":"INFO","node":1,"msg":"Round 17 complete — aggregating"}
{"time":"2026-07-23 21:27:19,448","level":"WARNING","node":1,"msg":"[BACKDOOR PROBE] Round 17 SUSPICIOUS: feature=0 value=4.0 forces class=1 flip_rate=1.000 jump=0.555 (thresholds: flip>0.7, jump>0.3)"}
{"time":"2026-07-23 21:27:19,475","level":"INFO","node":1,"msg":"Checkpoint saved to C:\Users\mousu\OneDrive\Desktop\Set A\securefedhe\dashboard\model_latest.pt"}
{"time":"2026-07-23 21:27:19,477","level":"INFO","node":1,"msg":"Round 17 complete | accuracy=0.7818 | duration=2358.39s"}
{"time":"2026-07-23 21:27:19,993","level":"INFO","node":1,"msg":"Starting round 18"}
{"time":"2026-07-23 21:27:20,996","level":"INFO","node":1,"msg":"[FC2 DELTA NORM] node 1 round=17 — fc2 delta norm this round: 0.1806"}
{"time":"2026-07-23 21:27:54,317","level":"INFO","node":1,"msg":"[TIMING] node 1 round=17 ZKP proof generation took 33.32s"}
{"time":"2026-07-23 21:27:54,320","level":"INFO","node":1,"msg":"[TIMING] node 1 round=17 HE encryption took 0.00s"}
{"time":"2026-07-23 21:27:54,345","level":"INFO","node":1,"msg":"Forwarded to http://127.0.0.1:8002"}
{"time":"2026-07-23 21:32:16,266","level":"INFO","node":1,"msg":"Received update from node 0, round 17"}
{"time":"2026-07-23 21:32:16,272","level":"INFO","node":1,"msg":"Round 18 complete — aggregating"}
{"time":"2026-07-23 21:32:16,720","level":"WARNING","node":1,"msg":"[BACKDOOR PROBE] Round 18 SUSPICIOUS: feature=0 value=4.0 forces class=1 flip_rate=1.000 jump=0.555 (thresholds: flip>0.7, jump>0.3)"}
{"time":"2026-07-23 21:32:16,892","level":"INFO","node":1,"msg":"Checkpoint saved to C:\Users\mousu\OneDrive\Desktop\Set A\securefedhe\dashboard\model_latest.pt"}
{"time":"2026-07-23 21:32:16,894","level":"INFO","node":1,"msg":"Round 18 complete | accuracy=0.7818 | duration=296.90s"}
{"time":"2026-07-23 21:32:17,397","level":"INFO","node":1,"msg":"Starting round 19"}
{"time":"2026-07-23 21:32:18,595","level":"INFO","node":1,"msg":"[FC2 DELTA NORM] node 1 round=18 — fc2 delta norm this round: 0.1675"}
{"time":"2026-07-23 21:32:53,657","level":"INFO","node":1,"msg":"[TIMING] node 1 round=18 ZKP proof generation took 35.04s"}
{"time":"2026-07-23 21:32:53,662","level":"INFO","node":1,"msg":"[TIMING] node 1 round=18 HE encryption took 0.00s"}
{"time":"2026-07-23 21:32:53,728","level":"INFO","node":1,"msg":"Forwarded to http://127.0.0.1:8002"}
{"time":"2026-07-23 21:38:54,291","level":"INFO","node":1,"msg":"Received update from node 0, round 18"}
{"time":"2026-07-23 21:38:54,307","level":"INFO","node":1,"msg":"Round 19 complete — aggregating"}
{"time":"2026-07-23 21:38:56,104","level":"WARNING","node":1,"msg":"[BACKDOOR PROBE] Round 19 SUSPICIOUS: feature=0 value=4.0 forces class=1 flip_rate=1.000 jump=0.527 (thresholds: flip>0.7, jump>0.3)"}
{"time":"2026-07-23 21:38:56,263","level":"INFO","node":1,"msg":"Checkpoint saved to C:\Users\mousu\OneDrive\Desktop\Set A\securefedhe\dashboard\model_latest.pt"}
{"time":"2026-07-23 21:38:56,263","level":"INFO","node":1,"msg":"Round 19 complete | accuracy=0.7727 | duration=398.86s"}
{"time":"2026-07-23 21:38:56,783","level":"INFO","node":1,"msg":"Starting round 20"}
{"time":"2026-07-23 21:38:58,685","level":"INFO","node":1,"msg":"[FC2 DELTA NORM] node 1 round=19 — fc2 delta norm this round: 0.1616"}
{"time":"2026-07-23 21:39:42,161","level":"INFO","node":1,"msg":"[TIMING] node 1 round=19 ZKP proof generation took 43.40s"}
{"time":"2026-07-23 21:39:42,169","level":"INFO","node":1,"msg":"[TIMING] node 1 round=19 HE encryption took 0.01s"}
{"time":"2026-07-23 21:39:42,277","level":"INFO","node":1,"msg":"Forwarded to http://127.0.0.1:8002"}
{"time":"2026-07-23 21:44:38,438","level":"INFO","node":1,"msg":"Received update from node 0, round 19"}
{"time":"2026-07-23 21:44:38,438","level":"INFO","node":1,"msg":"Round 20 complete — aggregating"}
{"time":"2026-07-23 21:44:38,686","level":"WARNING","node":1,"msg":"[BACKDOOR PROBE] Round 20 SUSPICIOUS: feature=0 value=4.0 forces class=1 flip_rate=1.000 jump=0.555 (thresholds: flip>0.7, jump>0.3)"}
{"time":"2026-07-23 21:44:38,717","level":"INFO","node":1,"msg":"Checkpoint saved to C:\Users\mousu\OneDrive\Desktop\Set A\securefedhe\dashboard\model_latest.pt"}
{"time":"2026-07-23 21:44:38,718","level":"INFO","node":1,"msg":"Round 20 complete | accuracy=0.7818 | duration=341.93s"}
{"time":"2026-07-23 21:44:38,719","level":"INFO","node":1,"msg":"Training complete after 20 rounds"}
{"time":"2026-07-24 14:10:57,583","level":"INFO","node":1,"msg":"Starting node 1: Suburban Medical Clinic"}
{"time":"2026-07-24 14:10:57,583","level":"INFO","node":1,"msg":"[CONFIG DEBUG] attack_simulation loaded: enabled=False target_node=2 type=gradient_norm config_path=config_dev.json"}
{"time":"2026-07-24 14:10:57,628","level":"WARNING","node":1,"msg":"DEV MODE: running without TLS"}
{"time":"2026-07-24 14:10:57,628","level":"INFO","node":1,"msg":"Listening on 127.0.0.1:8001 | TLS=False"}
{"time":"2026-07-24 14:11:02,644","level":"INFO","node":1,"msg":"Sent consensus pubkey to node 0"}
{"time":"2026-07-24 14:11:02,664","level":"INFO","node":1,"msg":"Sent consensus pubkey to node 2"}
{"time":"2026-07-24 14:11:02,666","level":"INFO","node":1,"msg":"Sent public key to node 0"}
{"time":"2026-07-24 14:11:02,674","level":"INFO","node":1,"msg":"Sent public key to node 2"}
{"time":"2026-07-24 14:11:02,683","level":"INFO","node":1,"msg":"Sent consensus pubkey to node 3"}
{"time":"2026-07-24 14:11:02,695","level":"INFO","node":1,"msg":"Sent public key to node 3"}
{"time":"2026-07-24 14:11:04,564","level":"INFO","node":1,"msg":"Consensus pubkey received from node 2"}
{"time":"2026-07-24 14:11:04,579","level":"INFO","node":1,"msg":"Key exchange complete with node 2"}
{"time":"2026-07-24 14:11:07,144","level":"INFO","node":1,"msg":"Key exchange complete with node 3"}
{"time":"2026-07-24 14:11:07,152","level":"INFO","node":1,"msg":"Consensus pubkey received from node 3"}
{"time":"2026-07-24 14:11:14,081","level":"INFO","node":1,"msg":"Key exchange complete with node 0"}
{"time":"2026-07-24 14:11:14,137","level":"INFO","node":1,"msg":"Consensus pubkey received from node 0"}
{"time":"2026-07-24 14:11:22,186","level":"INFO","node":1,"msg":"Proposal received: round=0 origin=0 hash=5c7851ea9a75..."}
{"time":"2026-07-24 14:11:22,222","level":"INFO","node":1,"msg":"Consensus vote recorded: node 0 decision=True reason=zkp_ok round=0 new=True satisfied=False"}
{"time":"2026-07-24 14:11:22,230","level":"INFO","node":1,"msg":"Received update from node 0, round 0"}
{"time":"2026-07-24 14:11:31,924","level":"INFO","node":1,"msg":"ZKP ACCEPTED from node 0"}
{"time":"2026-07-24 14:11:31,954","level":"INFO","node":1,"msg":"Trust score for node 0: S=0.429 (Z=1.00 A=0.50 P=0.50 R=1.00) advisory only"}
{"time":"2026-07-24 14:11:31,973","level":"INFO","node":1,"msg":"Sent consensus vote to node 2"}
{"time":"2026-07-24 14:11:31,974","level":"INFO","node":1,"msg":"Sent consensus vote to node 3"}
{"time":"2026-07-24 14:11:31,976","level":"INFO","node":1,"msg":"Sent consensus vote to node 0"}
{"time":"2026-07-24 14:11:33,208","level":"INFO","node":1,"msg":"[FC2 DELTA NORM] node 1 round=0 — fc2 delta norm this round: 0.1052"}
{"time":"2026-07-24 14:11:33,215","level":"WARNING","node":1,"msg":"ZKP norm violation (clipping applied): slack=-360722, retry=0"}
{"time":"2026-07-24 14:11:39,311","level":"INFO","node":1,"msg":"[TIMING] node 1 round=0 ZKP proof generation (voter) took 6.08s"}
{"time":"2026-07-24 14:11:39,311","level":"INFO","node":1,"msg":"[TIMING] node 1 round=0 HE encryption (voter) took 0.00s"}
{"time":"2026-07-24 14:11:39,328","level":"INFO","node":1,"msg":"Forwarded to http://127.0.0.1:8002"}
{"time":"2026-07-24 14:11:48,930","level":"INFO","node":1,"msg":"Prediction agreement with node 2 round=0: A=0.885"}
{"time":"2026-07-24 14:11:48,931","level":"INFO","node":1,"msg":"Consensus vote recorded: node 2 decision=True reason=zkp_ok round=0 new=True satisfied=True"}
{"time":"2026-07-24 14:12:05,945","level":"INFO","node":1,"msg":"Prediction agreement with node 3 round=0: A=0.700"}
{"time":"2026-07-24 14:12:05,946","level":"INFO","node":1,"msg":"Consensus vote recorded: node 3 decision=True reason=zkp_ok round=0 new=True satisfied=True"}
{"time":"2026-07-24 14:12:13,508","level":"INFO","node":1,"msg":"Synced weights from master for round 0"}
{"time":"2026-07-24 14:12:13,528","level":"INFO","node":1,"msg":"Sent commit vote to node 0"}
{"time":"2026-07-24 14:12:13,601","level":"INFO","node":1,"msg":"My turn — starting round 2 as proposer."}
{"time":"2026-07-24 14:12:13,601","level":"INFO","node":1,"msg":"Starting round 2"}
{"time":"2026-07-24 14:12:13,766","level":"INFO","node":1,"msg":"[FC2 DELTA NORM] node 1 round=1 — fc2 delta norm this round: 0.2662"}
{"time":"2026-07-24 14:12:20,083","level":"INFO","node":1,"msg":"[TIMING] node 1 round=1 ZKP proof generation took 6.30s"}
{"time":"2026-07-24 14:12:20,085","level":"INFO","node":1,"msg":"[TIMING] node 1 round=1 HE encryption took 0.00s"}
{"time":"2026-07-24 14:12:20,091","level":"INFO","node":1,"msg":"Sent proposal to node 2"}
{"time":"2026-07-24 14:12:20,093","level":"INFO","node":1,"msg":"Sent proposal to node 0"}
{"time":"2026-07-24 14:12:20,109","level":"INFO","node":1,"msg":"Sent proposal to node 3"}
{"time":"2026-07-24 14:12:20,123","level":"INFO","node":1,"msg":"Sent consensus vote to node 2"}
{"time":"2026-07-24 14:12:20,125","level":"INFO","node":1,"msg":"Sent consensus vote to node 0"}
{"time":"2026-07-24 14:12:20,126","level":"INFO","node":1,"msg":"Sent consensus vote to node 3"}
{"time":"2026-07-24 14:12:20,129","level":"INFO","node":1,"msg":"Forwarded to http://127.0.0.1:8002"}
{"time":"2026-07-24 14:12:30,088","level":"INFO","node":1,"msg":"Consensus vote recorded: node 2 decision=True reason=zkp_ok round=1 new=True satisfied=False"}
{"time":"2026-07-24 14:12:55,480","level":"INFO","node":1,"msg":"Consensus vote recorded: node 3 decision=True reason=zkp_ok round=1 new=True satisfied=True"}
{"time":"2026-07-24 14:13:11,433","level":"INFO","node":1,"msg":"Consensus vote recorded: node 0 decision=True reason=zkp_ok round=1 new=True satisfied=True"}
{"time":"2026-07-24 14:13:17,649","level":"INFO","node":1,"msg":"Received update from node 0, round 1"}
{"time":"2026-07-24 14:13:17,649","level":"INFO","node":1,"msg":"Round 2 complete — aggregating"}
{"time":"2026-07-24 14:13:17,657","level":"INFO","node":1,"msg":"Round 2 accuracy gate skipped (warm-up period, candidate_acc=0.6818)"}
{"time":"2026-07-24 14:13:17,682","level":"INFO","node":1,"msg":"Commit vote recorded: node 0 decision=True round=1 satisfied=False"}
{"time":"2026-07-24 14:13:17,684","level":"INFO","node":1,"msg":"Broadcast weights to node 0"}
{"time":"2026-07-24 14:13:17,685","level":"INFO","node":1,"msg":"Commit vote recorded: node 3 decision=True round=1 satisfied=True"}
{"time":"2026-07-24 14:13:17,686","level":"INFO","node":1,"msg":"Round 2 COMMITTED — model hash agreed by [1, 0, 3]"}
{"time":"2026-07-24 14:13:17,691","level":"INFO","node":1,"msg":"Commit certificate saved to C:\Users\mousu\OneDrive\Desktop\Set A\securefedhe\dashboard\certificates\round_1.json"}
{"time":"2026-07-24 14:13:17,693","level":"INFO","node":1,"msg":"Broadcast weights to node 3"}
{"time":"2026-07-24 14:13:17,702","level":"INFO","node":1,"msg":"Commit vote recorded: node 2 decision=True round=1 satisfied=True"}
{"time":"2026-07-24 14:13:17,703","level":"INFO","node":1,"msg":"Broadcast weights to node 2"}
{"time":"2026-07-24 14:13:17,710","level":"INFO","node":1,"msg":"Checkpoint saved to C:\Users\mousu\OneDrive\Desktop\Set A\securefedhe\dashboard\model_latest.pt"}
{"time":"2026-07-24 14:13:17,710","level":"INFO","node":1,"msg":"Round 2 complete | accuracy=0.6818 | duration=64.11s"}
{"time":"2026-07-24 14:13:17,710","level":"INFO","node":1,"msg":"Round 3 belongs to node 2 — waiting for their proposal."}
{"time":"2026-07-24 14:13:17,714","level":"INFO","node":1,"msg":"Notified next proposer to node 2"}
{"time":"2026-07-24 14:13:17,715","level":"INFO","node":1,"msg":"[WATCHDOG SPAWNED] round=2 expected_proposer=2 timeout_s=600 spawned_at=14:13:17"}
{"time":"2026-07-24 14:13:24,075","level":"INFO","node":1,"msg":"Proposal received: round=2 origin=2 hash=2a0d04a219cb..."}
{"time":"2026-07-24 14:13:24,085","level":"INFO","node":1,"msg":"Consensus vote recorded: node 2 decision=True reason=zkp_ok round=2 new=True satisfied=False"}
{"time":"2026-07-24 14:13:33,898","level":"INFO","node":1,"msg":"Consensus vote recorded: node 3 decision=True reason=zkp_ok round=2 new=True satisfied=False"}
{"time":"2026-07-24 14:13:49,706","level":"INFO","node":1,"msg":"Consensus vote recorded: node 0 decision=True reason=zkp_ok round=2 new=True satisfied=True"}
{"time":"2026-07-24 14:13:55,915","level":"INFO","node":1,"msg":"Received update from node 0, round 2"}
{"time":"2026-07-24 14:14:05,592","level":"INFO","node":1,"msg":"ZKP ACCEPTED from node 0"}
{"time":"2026-07-24 14:14:05,592","level":"INFO","node":1,"msg":"Trust score for node 2: S=0.426 (Z=1.00 A=0.50 P=0.48 R=1.00) advisory only"}
{"time":"2026-07-24 14:14:05,610","level":"INFO","node":1,"msg":"Sent consensus vote to node 2"}
{"time":"2026-07-24 14:14:05,610","level":"INFO","node":1,"msg":"Sent consensus vote to node 0"}
{"time":"2026-07-24 14:14:05,631","level":"INFO","node":1,"msg":"Sent consensus vote to node 3"}
{"time":"2026-07-24 14:14:05,748","level":"INFO","node":1,"msg":"[FC2 DELTA NORM] node 1 round=2 — fc2 delta norm this round: 0.2171"}
{"time":"2026-07-24 14:14:11,745","level":"INFO","node":1,"msg":"[TIMING] node 1 round=2 ZKP proof generation (voter) took 5.98s"}
{"time":"2026-07-24 14:14:11,745","level":"INFO","node":1,"msg":"[TIMING] node 1 round=2 HE encryption (voter) took 0.00s"}
{"time":"2026-07-24 14:14:11,745","level":"INFO","node":1,"msg":"Forwarded to http://127.0.0.1:8002"}
{"time":"2026-07-24 14:14:11,769","level":"INFO","node":1,"msg":"Synced weights from master for round 2"}
{"time":"2026-07-24 14:14:11,778","level":"INFO","node":1,"msg":"Sent commit vote to node 2"}
{"time":"2026-07-24 14:14:18,268","level":"INFO","node":1,"msg":"Proposal received: round=3 origin=3 hash=eaec361b929f..."}
{"time":"2026-07-24 14:14:18,275","level":"INFO","node":1,"msg":"Consensus vote recorded: node 3 decision=True reason=zkp_ok round=3 new=True satisfied=False"}
{"time":"2026-07-24 14:14:28,102","level":"INFO","node":1,"msg":"Consensus vote recorded: node 0 decision=True reason=zkp_ok round=3 new=True satisfied=False"}
{"time":"2026-07-24 14:14:34,388","level":"INFO","node":1,"msg":"Received update from node 0, round 3"}
{"time":"2026-07-24 14:14:44,180","level":"INFO","node":1,"msg":"ZKP ACCEPTED from node 0"}
{"time":"2026-07-24 14:14:44,202","level":"INFO","node":1,"msg":"Trust score for node 3: S=0.439 (Z=1.00 A=0.50 P=0.57 R=1.00) advisory only"}
{"time":"2026-07-24 14:14:44,222","level":"INFO","node":1,"msg":"Sent consensus vote to node 2"}
{"time":"2026-07-24 14:14:44,224","level":"INFO","node":1,"msg":"Sent consensus vote to node 3"}
{"time":"2026-07-24 14:14:44,224","level":"INFO","node":1,"msg":"Sent consensus vote to node 0"}
{"time":"2026-07-24 14:14:44,333","level":"INFO","node":1,"msg":"[FC2 DELTA NORM] node 1 round=3 — fc2 delta norm this round: 0.1626"}
{"time":"2026-07-24 14:14:50,680","level":"INFO","node":1,"msg":"[TIMING] node 1 round=3 ZKP proof generation (voter) took 6.34s"}
{"time":"2026-07-24 14:14:50,682","level":"INFO","node":1,"msg":"[TIMING] node 1 round=3 HE encryption (voter) took 0.00s"}
{"time":"2026-07-24 14:14:50,686","level":"INFO","node":1,"msg":"Forwarded to http://127.0.0.1:8002"}
{"time":"2026-07-24 14:15:00,467","level":"INFO","node":1,"msg":"Prediction agreement with node 2 round=3: A=0.960"}
{"time":"2026-07-24 14:15:00,467","level":"INFO","node":1,"msg":"Consensus vote recorded: node 2 decision=True reason=zkp_ok round=3 new=True satisfied=True"}
{"time":"2026-07-24 14:15:06,867","level":"INFO","node":1,"msg":"Synced weights from master for round 3"}
{"time":"2026-07-24 14:15:06,890","level":"INFO","node":1,"msg":"Sent commit vote to node 3"}
{"time":"2026-07-24 14:15:13,524","level":"INFO","node":1,"msg":"Proposal received: round=4 origin=0 hash=2b2c713b6a7a..."}
{"time":"2026-07-24 14:15:13,548","level":"INFO","node":1,"msg":"Consensus vote recorded: node 0 decision=True reason=zkp_ok round=4 new=True satisfied=False"}
{"time":"2026-07-24 14:15:13,558","level":"INFO","node":1,"msg":"Received update from node 0, round 4"}
{"time":"2026-07-24 14:15:24,062","level":"INFO","node":1,"msg":"ZKP ACCEPTED from node 0"}
{"time":"2026-07-24 14:15:24,069","level":"INFO","node":1,"msg":"Per-class agreement with node 0: class0=0.802 class1=0.639 gap=0.163"}
{"time":"2026-07-24 14:15:24,069","level":"INFO","node":1,"msg":"Per-class rolling gap for node 0: mean=0.163 over last 1 round(s)"}
{"time":"2026-07-24 14:15:24,069","level":"INFO","node":1,"msg":"Trust score for node 0: S=0.663 (Z=1.00 A=0.75 P=0.59 R=1.00) advisory only"}
{"time":"2026-07-24 14:15:24,090","level":"INFO","node":1,"msg":"Sent consensus vote to node 2"}
{"time":"2026-07-24 14:15:24,101","level":"INFO","node":1,"msg":"Sent consensus vote to node 3"}
{"time":"2026-07-24 14:15:24,106","level":"INFO","node":1,"msg":"Sent consensus vote to node 0"}
{"time":"2026-07-24 14:15:24,252","level":"INFO","node":1,"msg":"[FC2 DELTA NORM] node 1 round=4 — fc2 delta norm this round: 0.1748"}
{"time":"2026-07-24 14:15:30,813","level":"INFO","node":1,"msg":"[TIMING] node 1 round=4 ZKP proof generation (voter) took 6.55s"}
{"time":"2026-07-24 14:15:30,813","level":"INFO","node":1,"msg":"[TIMING] node 1 round=4 HE encryption (voter) took 0.00s"}
{"time":"2026-07-24 14:15:30,838","level":"INFO","node":1,"msg":"Forwarded to http://127.0.0.1:8002"}
{"time":"2026-07-24 14:15:59,832","level":"INFO","node":1,"msg":"Prediction agreement with node 2 round=4: A=0.940"}
{"time":"2026-07-24 14:15:59,832","level":"INFO","node":1,"msg":"Consensus vote recorded: node 2 decision=True reason=zkp_ok round=4 new=True satisfied=True"}
{"time":"2026-07-24 14:16:37,861","level":"INFO","node":1,"msg":"Prediction agreement with node 3 round=4: A=0.959"}
{"time":"2026-07-24 14:16:37,862","level":"INFO","node":1,"msg":"Consensus vote recorded: node 3 decision=True reason=zkp_ok round=4 new=True satisfied=True"}
{"time":"2026-07-24 14:17:00,806","level":"INFO","node":1,"msg":"Synced weights from master for round 4"}
{"time":"2026-07-24 14:17:00,835","level":"INFO","node":1,"msg":"Sent commit vote to node 0"}
{"time":"2026-07-24 14:17:00,863","level":"INFO","node":1,"msg":"My turn — starting round 6 as proposer."}
{"time":"2026-07-24 14:17:00,868","level":"INFO","node":1,"msg":"Starting round 6"}
{"time":"2026-07-24 14:17:01,451","level":"INFO","node":1,"msg":"[FC2 DELTA NORM] node 1 round=5 — fc2 delta norm this round: 0.1469"}
{"time":"2026-07-24 14:17:22,861","level":"INFO","node":1,"msg":"[TIMING] node 1 round=5 ZKP proof generation took 21.40s"}
{"time":"2026-07-24 14:17:22,862","level":"INFO","node":1,"msg":"[TIMING] node 1 round=5 HE encryption took 0.00s"}
{"time":"2026-07-24 14:17:22,882","level":"INFO","node":1,"msg":"Sent proposal to node 0"}
{"time":"2026-07-24 14:17:22,882","level":"INFO","node":1,"msg":"Sent proposal to node 2"}
{"time":"2026-07-24 14:17:22,883","level":"INFO","node":1,"msg":"Sent proposal to node 3"}
{"time":"2026-07-24 14:17:22,913","level":"INFO","node":1,"msg":"Sent consensus vote to node 0"}
{"time":"2026-07-24 14:17:22,916","level":"INFO","node":1,"msg":"Sent consensus vote to node 2"}
{"time":"2026-07-24 14:17:22,931","level":"INFO","node":1,"msg":"Sent consensus vote to node 3"}
{"time":"2026-07-24 14:17:22,939","level":"INFO","node":1,"msg":"Forwarded to http://127.0.0.1:8002"}
{"time":"2026-07-24 14:17:54,594","level":"INFO","node":1,"msg":"Consensus vote recorded: node 2 decision=True reason=zkp_ok round=5 new=True satisfied=False"}
{"time":"2026-07-24 14:18:32,851","level":"INFO","node":1,"msg":"Consensus vote recorded: node 3 decision=True reason=zkp_ok round=5 new=True satisfied=True"}
{"time":"2026-07-24 14:19:26,288","level":"INFO","node":1,"msg":"Consensus vote recorded: node 0 decision=True reason=zkp_ok round=5 new=True satisfied=True"}
{"time":"2026-07-24 14:19:41,280","level":"INFO","node":1,"msg":"Received update from node 0, round 5"}
{"time":"2026-07-24 14:19:41,280","level":"INFO","node":1,"msg":"Round 6 complete — aggregating"}
{"time":"2026-07-24 14:19:41,411","level":"WARNING","node":1,"msg":"[BACKDOOR PROBE] Round 6 SUSPICIOUS: feature=1 value=8.0 forces class=1 flip_rate=0.973 jump=0.810 (thresholds: flip>0.7, jump>0.3)"}
{"time":"2026-07-24 14:19:41,449","level":"INFO","node":1,"msg":"Commit vote recorded: node 2 decision=True round=5 satisfied=False"}
{"time":"2026-07-24 14:19:41,455","level":"INFO","node":1,"msg":"Broadcast weights to node 2"}
{"time":"2026-07-24 14:19:41,462","level":"INFO","node":1,"msg":"Commit vote recorded: node 0 decision=True round=5 satisfied=True"}
{"time":"2026-07-24 14:19:41,463","level":"INFO","node":1,"msg":"Round 6 COMMITTED — model hash agreed by [1, 2, 0]"}
{"time":"2026-07-24 14:19:41,465","level":"INFO","node":1,"msg":"Commit certificate saved to C:\Users\mousu\OneDrive\Desktop\Set A\securefedhe\dashboard\certificates\round_5.json"}
{"time":"2026-07-24 14:19:41,467","level":"INFO","node":1,"msg":"Commit vote recorded: node 3 decision=True round=5 satisfied=True"}
{"time":"2026-07-24 14:19:41,469","level":"INFO","node":1,"msg":"Broadcast weights to node 0"}
{"time":"2026-07-24 14:19:41,470","level":"INFO","node":1,"msg":"Broadcast weights to node 3"}
{"time":"2026-07-24 14:19:41,475","level":"INFO","node":1,"msg":"Checkpoint saved to C:\Users\mousu\OneDrive\Desktop\Set A\securefedhe\dashboard\model_latest.pt"}
{"time":"2026-07-24 14:19:41,475","level":"INFO","node":1,"msg":"Round 6 complete | accuracy=0.7727 | duration=160.61s"}
{"time":"2026-07-24 14:19:41,475","level":"INFO","node":1,"msg":"Round 7 belongs to node 2 — waiting for their proposal."}
{"time":"2026-07-24 14:19:41,481","level":"INFO","node":1,"msg":"Notified next proposer to node 2"}
{"time":"2026-07-24 14:19:41,482","level":"INFO","node":1,"msg":"[WATCHDOG SPAWNED] round=6 expected_proposer=2 timeout_s=600 spawned_at=14:19:41"}
{"time":"2026-07-24 14:19:49,685","level":"INFO","node":1,"msg":"Proposal received: round=6 origin=2 hash=b8348e997890..."}
{"time":"2026-07-24 14:19:49,706","level":"INFO","node":1,"msg":"Consensus vote recorded: node 2 decision=True reason=zkp_ok round=6 new=True satisfied=False"}
{"time":"2026-07-24 14:20:02,093","level":"INFO","node":1,"msg":"Consensus vote recorded: node 3 decision=True reason=zkp_ok round=6 new=True satisfied=False"}
{"time":"2026-07-24 14:20:22,511","level":"INFO","node":1,"msg":"Consensus vote recorded: node 0 decision=True reason=zkp_ok round=6 new=True satisfied=True"}
{"time":"2026-07-24 14:20:30,910","level":"INFO","node":1,"msg":"Received update from node 0, round 6"}
{"time":"2026-07-24 14:20:43,384","level":"INFO","node":1,"msg":"ZKP ACCEPTED from node 0"}
{"time":"2026-07-24 14:20:43,396","level":"INFO","node":1,"msg":"Per-class agreement with node 2: class0=0.839 class1=0.932 gap=0.093"}
{"time":"2026-07-24 14:20:43,396","level":"INFO","node":1,"msg":"Per-class rolling gap for node 2: mean=0.093 over last 1 round(s)"}
{"time":"2026-07-24 14:20:43,403","level":"INFO","node":1,"msg":"Trust score for node 2: S=0.754 (Z=1.00 A=0.87 P=0.54 R=1.00) advisory only"}
{"time":"2026-07-24 14:20:43,457","level":"INFO","node":1,"msg":"Sent consensus vote to node 0"}
{"time":"2026-07-24 14:20:43,458","level":"INFO","node":1,"msg":"Sent consensus vote to node 3"}
{"time":"2026-07-24 14:20:43,460","level":"INFO","node":1,"msg":"Sent consensus vote to node 2"}
{"time":"2026-07-24 14:20:43,634","level":"INFO","node":1,"msg":"[FC2 DELTA NORM] node 1 round=6 — fc2 delta norm this round: 0.1333"}
{"time":"2026-07-24 14:20:51,703","level":"INFO","node":1,"msg":"[TIMING] node 1 round=6 ZKP proof generation (voter) took 8.04s"}
{"time":"2026-07-24 14:20:51,704","level":"INFO","node":1,"msg":"[TIMING] node 1 round=6 HE encryption (voter) took 0.00s"}
{"time":"2026-07-24 14:20:51,725","level":"INFO","node":1,"msg":"Forwarded to http://127.0.0.1:8002"}
{"time":"2026-07-24 14:20:51,811","level":"INFO","node":1,"msg":"Synced weights from master for round 6"}
{"time":"2026-07-24 14:20:51,818","level":"INFO","node":1,"msg":"Sent commit vote to node 2"}
{"time":"2026-07-24 14:20:58,466","level":"INFO","node":1,"msg":"Proposal received: round=7 origin=3 hash=cc5e3b74faad..."}
{"time":"2026-07-24 14:20:58,486","level":"INFO","node":1,"msg":"Consensus vote recorded: node 3 decision=True reason=zkp_ok round=7 new=True satisfied=False"}
{"time":"2026-07-24 14:21:08,183","level":"INFO","node":1,"msg":"Consensus vote recorded: node 0 decision=True reason=zkp_ok round=7 new=True satisfied=False"}
{"time":"2026-07-24 14:21:14,597","level":"INFO","node":1,"msg":"Received update from node 0, round 7"}
{"time":"2026-07-24 14:21:24,875","level":"INFO","node":1,"msg":"ZKP ACCEPTED from node 0"}
{"time":"2026-07-24 14:21:24,877","level":"INFO","node":1,"msg":"Per-class agreement with node 3: class0=0.903 class1=0.912 gap=0.009"}
{"time":"2026-07-24 14:21:24,877","level":"INFO","node":1,"msg":"Per-class rolling gap for node 3: mean=0.009 over last 1 round(s)"}
{"time":"2026-07-24 14:21:24,882","level":"INFO","node":1,"msg":"Trust score for node 3: S=0.809 (Z=1.00 A=0.91 P=0.63 R=1.00) advisory only"}
{"time":"2026-07-24 14:21:24,925","level":"INFO","node":1,"msg":"Sent consensus vote to node 0"}
{"time":"2026-07-24 14:21:24,929","level":"INFO","node":1,"msg":"Sent consensus vote to node 3"}
{"time":"2026-07-24 14:21:24,929","level":"INFO","node":1,"msg":"Sent consensus vote to node 2"}
{"time":"2026-07-24 14:21:25,073","level":"INFO","node":1,"msg":"[FC2 DELTA NORM] node 1 round=7 — fc2 delta norm this round: 0.1335"}
{"time":"2026-07-24 14:21:31,602","level":"INFO","node":1,"msg":"[TIMING] node 1 round=7 ZKP proof generation (voter) took 6.52s"}
{"time":"2026-07-24 14:21:31,603","level":"INFO","node":1,"msg":"[TIMING] node 1 round=7 HE encryption (voter) took 0.00s"}
{"time":"2026-07-24 14:21:31,620","level":"INFO","node":1,"msg":"Forwarded to http://127.0.0.1:8002"}
{"time":"2026-07-24 14:21:42,593","level":"INFO","node":1,"msg":"Prediction agreement with node 2 round=7: A=0.946"}
{"time":"2026-07-24 14:21:42,594","level":"INFO","node":1,"msg":"Consensus vote recorded: node 2 decision=True reason=zkp_ok round=7 new=True satisfied=True"}
{"time":"2026-07-24 14:21:49,169","level":"INFO","node":1,"msg":"Synced weights from master for round 7"}
{"time":"2026-07-24 14:21:49,198","level":"INFO","node":1,"msg":"Sent commit vote to node 3"}
{"time":"2026-07-24 14:21:57,300","level":"INFO","node":1,"msg":"Proposal received: round=8 origin=0 hash=0ca066333456..."}
{"time":"2026-07-24 14:21:57,329","level":"INFO","node":1,"msg":"Consensus vote recorded: node 0 decision=True reason=zkp_ok round=8 new=True satisfied=False"}
{"time":"2026-07-24 14:21:57,345","level":"INFO","node":1,"msg":"Received update from node 0, round 8"}
{"time":"2026-07-24 14:22:24,213","level":"INFO","node":1,"msg":"ZKP ACCEPTED from node 0"}
{"time":"2026-07-24 14:22:24,215","level":"INFO","node":1,"msg":"fc_in col7 delta self-cosine for node 0: 0.1083 (delta_norm=0.2658)"}
{"time":"2026-07-24 14:22:24,217","level":"INFO","node":1,"msg":"Per-class agreement with node 0: class0=0.925 class1=0.900 gap=0.025"}
{"time":"2026-07-24 14:22:24,219","level":"INFO","node":1,"msg":"Per-class rolling gap for node 0: mean=0.094 over last 2 round(s)"}
{"time":"2026-07-24 14:22:24,219","level":"INFO","node":1,"msg":"Trust score for node 0: S=0.819 (Z=1.00 A=0.92 P=0.63 R=1.00) advisory only"}
{"time":"2026-07-24 14:22:24,237","level":"INFO","node":1,"msg":"Sent consensus vote to node 0"}
{"time":"2026-07-24 14:22:24,237","level":"INFO","node":1,"msg":"Sent consensus vote to node 3"}
{"time":"2026-07-24 14:22:24,257","level":"INFO","node":1,"msg":"Sent consensus vote to node 2"}
{"time":"2026-07-24 14:22:24,368","level":"INFO","node":1,"msg":"[FC2 DELTA NORM] node 1 round=8 — fc2 delta norm this round: 0.1397"}
{"time":"2026-07-24 14:22:24,368","level":"WARNING","node":1,"msg":"ZKP norm violation (clipping applied): slack=-235019, retry=0"}
{"time":"2026-07-24 14:22:35,481","level":"INFO","node":1,"msg":"[TIMING] node 1 round=8 ZKP proof generation (voter) took 11.10s"}
{"time":"2026-07-24 14:22:35,486","level":"INFO","node":1,"msg":"[TIMING] node 1 round=8 HE encryption (voter) took 0.00s"}
{"time":"2026-07-24 14:22:35,494","level":"INFO","node":1,"msg":"Forwarded to http://127.0.0.1:8002"}
{"time":"2026-07-24 14:23:02,820","level":"INFO","node":1,"msg":"Prediction agreement with node 2 round=8: A=0.927"}
{"time":"2026-07-24 14:23:02,826","level":"INFO","node":1,"msg":"Consensus vote recorded: node 2 decision=True reason=zkp_ok round=8 new=True satisfied=True"}
{"time":"2026-07-24 14:23:52,349","level":"INFO","node":1,"msg":"Prediction agreement with node 3 round=8: A=0.947"}
{"time":"2026-07-24 14:23:52,351","level":"INFO","node":1,"msg":"Consensus vote recorded: node 3 decision=True reason=zkp_ok round=8 new=True satisfied=True"}
{"time":"2026-07-24 14:24:02,478","level":"INFO","node":1,"msg":"Synced weights from master for round 8"}
{"time":"2026-07-24 14:24:02,521","level":"INFO","node":1,"msg":"Sent commit vote to node 0"}
{"time":"2026-07-24 14:24:02,557","level":"INFO","node":1,"msg":"My turn — starting round 10 as proposer."}
{"time":"2026-07-24 14:24:02,560","level":"INFO","node":1,"msg":"Starting round 10"}
{"time":"2026-07-24 14:24:02,984","level":"INFO","node":1,"msg":"[FC2 DELTA NORM] node 1 round=9 — fc2 delta norm this round: 0.1572"}
{"time":"2026-07-24 14:24:13,142","level":"INFO","node":1,"msg":"[TIMING] node 1 round=9 ZKP proof generation took 10.15s"}
{"time":"2026-07-24 14:24:13,142","level":"INFO","node":1,"msg":"[TIMING] node 1 round=9 HE encryption took 0.00s"}
{"time":"2026-07-24 14:24:13,163","level":"INFO","node":1,"msg":"Sent proposal to node 3"}
{"time":"2026-07-24 14:24:13,163","level":"INFO","node":1,"msg":"Sent proposal to node 0"}
{"time":"2026-07-24 14:24:13,163","level":"INFO","node":1,"msg":"Sent proposal to node 2"}
{"time":"2026-07-24 14:24:13,188","level":"INFO","node":1,"msg":"Sent consensus vote to node 0"}
{"time":"2026-07-24 14:24:13,189","level":"INFO","node":1,"msg":"Sent consensus vote to node 3"}
{"time":"2026-07-24 14:24:13,189","level":"INFO","node":1,"msg":"Sent consensus vote to node 2"}
{"time":"2026-07-24 14:24:13,204","level":"INFO","node":1,"msg":"Forwarded to http://127.0.0.1:8002"}
{"time":"2026-07-24 14:24:29,258","level":"INFO","node":1,"msg":"Consensus vote recorded: node 2 decision=True reason=zkp_ok round=9 new=True satisfied=False"}
{"time":"2026-07-24 14:24:53,508","level":"INFO","node":1,"msg":"Consensus vote recorded: node 3 decision=True reason=zkp_ok round=9 new=True satisfied=True"}
{"time":"2026-07-24 14:25:18,058","level":"INFO","node":1,"msg":"Consensus vote recorded: node 0 decision=True reason=zkp_ok round=9 new=True satisfied=True"}
{"time":"2026-07-24 14:25:24,282","level":"INFO","node":1,"msg":"Received update from node 0, round 9"}
{"time":"2026-07-24 14:25:24,282","level":"INFO","node":1,"msg":"Round 10 complete — aggregating"}
{"time":"2026-07-24 14:25:24,338","level":"WARNING","node":1,"msg":"[BACKDOOR PROBE] Round 10 SUSPICIOUS: feature=5 value=8.0 forces class=1 flip_rate=1.000 jump=0.755 (thresholds: flip>0.7, jump>0.3)"}
{"time":"2026-07-24 14:25:24,359","level":"INFO","node":1,"msg":"Commit vote recorded: node 0 decision=True round=9 satisfied=False"}
{"time":"2026-07-24 14:25:24,361","level":"INFO","node":1,"msg":"Broadcast weights to node 0"}
{"time":"2026-07-24 14:25:24,364","level":"INFO","node":1,"msg":"Commit vote recorded: node 2 decision=True round=9 satisfied=True"}
{"time":"2026-07-24 14:25:24,365","level":"INFO","node":1,"msg":"Round 10 COMMITTED — model hash agreed by [1, 0, 2]"}
{"time":"2026-07-24 14:25:24,372","level":"INFO","node":1,"msg":"Commit certificate saved to C:\Users\mousu\OneDrive\Desktop\Set A\securefedhe\dashboard\certificates\round_9.json"}
{"time":"2026-07-24 14:25:24,375","level":"INFO","node":1,"msg":"Broadcast weights to node 2"}
{"time":"2026-07-24 14:25:24,392","level":"INFO","node":1,"msg":"Commit vote recorded: node 3 decision=True round=9 satisfied=True"}
{"time":"2026-07-24 14:25:24,395","level":"INFO","node":1,"msg":"Broadcast weights to node 3"}
{"time":"2026-07-24 14:25:24,399","level":"INFO","node":1,"msg":"Checkpoint saved to C:\Users\mousu\OneDrive\Desktop\Set A\securefedhe\dashboard\model_latest.pt"}
{"time":"2026-07-24 14:25:24,404","level":"INFO","node":1,"msg":"Round 10 complete | accuracy=0.8182 | duration=81.84s"}
{"time":"2026-07-24 14:25:24,406","level":"INFO","node":1,"msg":"Round 11 belongs to node 2 — waiting for their proposal."}
{"time":"2026-07-24 14:25:24,414","level":"INFO","node":1,"msg":"Notified next proposer to node 2"}
{"time":"2026-07-24 14:25:24,418","level":"INFO","node":1,"msg":"[WATCHDOG SPAWNED] round=10 expected_proposer=2 timeout_s=600 spawned_at=14:25:24"}
{"time":"2026-07-24 14:25:30,850","level":"INFO","node":1,"msg":"Proposal received: round=10 origin=2 hash=924e1373ed33..."}
{"time":"2026-07-24 14:25:30,863","level":"INFO","node":1,"msg":"Consensus vote recorded: node 2 decision=True reason=zkp_ok round=10 new=True satisfied=False"}
{"time":"2026-07-24 14:25:40,638","level":"INFO","node":1,"msg":"Consensus vote recorded: node 3 decision=True reason=zkp_ok round=10 new=True satisfied=False"}
{"time":"2026-07-24 14:25:56,744","level":"INFO","node":1,"msg":"Consensus vote recorded: node 0 decision=True reason=zkp_ok round=10 new=True satisfied=True"}
{"time":"2026-07-24 14:26:02,909","level":"INFO","node":1,"msg":"Received update from node 0, round 10"}
{"time":"2026-07-24 14:26:12,719","level":"INFO","node":1,"msg":"ZKP ACCEPTED from node 0"}
{"time":"2026-07-24 14:26:12,719","level":"INFO","node":1,"msg":"fc_in col7 delta self-cosine for node 2: 0.1166 (delta_norm=0.1832)"}
{"time":"2026-07-24 14:26:12,731","level":"INFO","node":1,"msg":"Per-class agreement with node 2: class0=0.965 class1=0.918 gap=0.047"}
{"time":"2026-07-24 14:26:12,731","level":"INFO","node":1,"msg":"Per-class rolling gap for node 2: mean=0.070 over last 2 round(s)"}
{"time":"2026-07-24 14:26:12,733","level":"INFO","node":1,"msg":"Trust score for node 2: S=0.834 (Z=1.00 A=0.95 P=0.57 R=1.00) advisory only"}
{"time":"2026-07-24 14:26:12,753","level":"INFO","node":1,"msg":"Sent consensus vote to node 2"}
{"time":"2026-07-24 14:26:12,754","level":"INFO","node":1,"msg":"Sent consensus vote to node 0"}
{"time":"2026-07-24 14:26:12,754","level":"INFO","node":1,"msg":"Sent consensus vote to node 3"}
{"time":"2026-07-24 14:26:12,868","level":"INFO","node":1,"msg":"[FC2 DELTA NORM] node 1 round=10 — fc2 delta norm this round: 0.1521"}
{"time":"2026-07-24 14:26:19,016","level":"INFO","node":1,"msg":"[TIMING] node 1 round=10 ZKP proof generation (voter) took 6.11s"}
{"time":"2026-07-24 14:26:19,016","level":"INFO","node":1,"msg":"[TIMING] node 1 round=10 HE encryption (voter) took 0.00s"}
{"time":"2026-07-24 14:26:19,051","level":"INFO","node":1,"msg":"Forwarded to http://127.0.0.1:8002"}
{"time":"2026-07-24 14:26:19,121","level":"INFO","node":1,"msg":"Synced weights from master for round 10"}
{"time":"2026-07-24 14:26:19,144","level":"INFO","node":1,"msg":"Sent commit vote to node 2"}
{"time":"2026-07-24 14:26:25,546","level":"INFO","node":1,"msg":"Proposal received: round=11 origin=3 hash=b4071da36295..."}
{"time":"2026-07-24 14:26:25,575","level":"INFO","node":1,"msg":"Consensus vote recorded: node 3 decision=True reason=zkp_ok round=11 new=True satisfied=False"}
{"time":"2026-07-24 14:26:35,216","level":"INFO","node":1,"msg":"Consensus vote recorded: node 0 decision=True reason=zkp_ok round=11 new=True satisfied=False"}
{"time":"2026-07-24 14:26:41,523","level":"INFO","node":1,"msg":"Received update from node 0, round 11"}
{"time":"2026-07-24 14:26:51,343","level":"INFO","node":1,"msg":"ZKP ACCEPTED from node 0"}
{"time":"2026-07-24 14:26:51,343","level":"INFO","node":1,"msg":"fc_in col7 delta self-cosine for node 3: -0.1033 (delta_norm=0.2221)"}
{"time":"2026-07-24 14:26:51,359","level":"INFO","node":1,"msg":"Per-class agreement with node 3: class0=0.970 class1=0.919 gap=0.051"}
{"time":"2026-07-24 14:26:51,361","level":"INFO","node":1,"msg":"Per-class rolling gap for node 3: mean=0.030 over last 2 round(s)"}
{"time":"2026-07-24 14:26:51,364","level":"INFO","node":1,"msg":"Trust score for node 3: S=0.833 (Z=1.00 A=0.95 P=0.55 R=1.00) advisory only"}
{"time":"2026-07-24 14:26:51,382","level":"INFO","node":1,"msg":"Sent consensus vote to node 2"}
{"time":"2026-07-24 14:26:51,383","level":"INFO","node":1,"msg":"Sent consensus vote to node 3"}
{"time":"2026-07-24 14:26:51,384","level":"INFO","node":1,"msg":"Sent consensus vote to node 0"}
{"time":"2026-07-24 14:26:51,499","level":"INFO","node":1,"msg":"[FC2 DELTA NORM] node 1 round=11 — fc2 delta norm this round: 0.1410"}
{"time":"2026-07-24 14:26:51,501","level":"WARNING","node":1,"msg":"ZKP norm violation (clipping applied): slack=-151586, retry=0"}
{"time":"2026-07-24 14:26:57,624","level":"INFO","node":1,"msg":"[TIMING] node 1 round=11 ZKP proof generation (voter) took 6.12s"}
{"time":"2026-07-24 14:26:57,624","level":"INFO","node":1,"msg":"[TIMING] node 1 round=11 HE encryption (voter) took 0.00s"}
{"time":"2026-07-24 14:26:57,668","level":"INFO","node":1,"msg":"Forwarded to http://127.0.0.1:8002"}
{"time":"2026-07-24 14:27:07,894","level":"INFO","node":1,"msg":"Prediction agreement with node 2 round=11: A=0.945"}
{"time":"2026-07-24 14:27:07,894","level":"INFO","node":1,"msg":"Consensus vote recorded: node 2 decision=True reason=zkp_ok round=11 new=True satisfied=True"}
{"time":"2026-07-24 14:27:14,236","level":"INFO","node":1,"msg":"Synced weights from master for round 11"}
{"time":"2026-07-24 14:27:14,257","level":"INFO","node":1,"msg":"Sent commit vote to node 3"}
{"time":"2026-07-24 14:27:20,599","level":"INFO","node":1,"msg":"Proposal received: round=12 origin=0 hash=8e45a9370fb0..."}
{"time":"2026-07-24 14:27:20,608","level":"INFO","node":1,"msg":"Consensus vote recorded: node 0 decision=True reason=zkp_ok round=12 new=True satisfied=False"}
{"time":"2026-07-24 14:27:20,624","level":"INFO","node":1,"msg":"Received update from node 0, round 12"}
{"time":"2026-07-24 14:27:30,390","level":"INFO","node":1,"msg":"ZKP ACCEPTED from node 0"}
{"time":"2026-07-24 14:27:30,390","level":"INFO","node":1,"msg":"fc_in col7 delta self-cosine for node 0: -0.3875 (delta_norm=0.2532)"}
{"time":"2026-07-24 14:27:30,404","level":"INFO","node":1,"msg":"Per-class agreement with node 0: class0=0.969 class1=0.924 gap=0.045"}
{"time":"2026-07-24 14:27:30,404","level":"INFO","node":1,"msg":"Per-class rolling gap for node 0: mean=0.078 over last 3 round(s)"}
{"time":"2026-07-24 14:27:30,409","level":"INFO","node":1,"msg":"Trust score for node 0: S=0.848 (Z=1.00 A=0.95 P=0.61 R=1.00) advisory only"}
{"time":"2026-07-24 14:27:30,435","level":"INFO","node":1,"msg":"Sent consensus vote to node 0"}
{"time":"2026-07-24 14:27:30,436","level":"INFO","node":1,"msg":"Sent consensus vote to node 2"}
{"time":"2026-07-24 14:27:30,436","level":"INFO","node":1,"msg":"Sent consensus vote to node 3"}
{"time":"2026-07-24 14:27:30,561","level":"INFO","node":1,"msg":"[FC2 DELTA NORM] node 1 round=12 — fc2 delta norm this round: 0.1492"}
{"time":"2026-07-24 14:27:36,716","level":"INFO","node":1,"msg":"[TIMING] node 1 round=12 ZKP proof generation (voter) took 6.14s"}
{"time":"2026-07-24 14:27:36,716","level":"INFO","node":1,"msg":"[TIMING] node 1 round=12 HE encryption (voter) took 0.00s"}
{"time":"2026-07-24 14:27:36,738","level":"INFO","node":1,"msg":"Forwarded to http://127.0.0.1:8002"}
{"time":"2026-07-24 14:27:46,490","level":"INFO","node":1,"msg":"Prediction agreement with node 2 round=12: A=0.911"}
{"time":"2026-07-24 14:27:46,491","level":"INFO","node":1,"msg":"Consensus vote recorded: node 2 decision=True reason=zkp_ok round=12 new=True satisfied=True"}
{"time":"2026-07-24 14:28:02,528","level":"INFO","node":1,"msg":"Prediction agreement with node 3 round=12: A=0.940"}
{"time":"2026-07-24 14:28:02,528","level":"INFO","node":1,"msg":"Consensus vote recorded: node 3 decision=True reason=zkp_ok round=12 new=True satisfied=True"}
{"time":"2026-07-24 14:28:08,797","level":"INFO","node":1,"msg":"Synced weights from master for round 12"}
{"time":"2026-07-24 14:28:08,829","level":"INFO","node":1,"msg":"Sent commit vote to node 0"}
{"time":"2026-07-24 14:28:08,837","level":"INFO","node":1,"msg":"My turn — starting round 14 as proposer."}
{"time":"2026-07-24 14:28:08,838","level":"INFO","node":1,"msg":"Starting round 14"}
{"time":"2026-07-24 14:28:08,997","level":"INFO","node":1,"msg":"[FC2 DELTA NORM] node 1 round=13 — fc2 delta norm this round: 0.1232"}
{"time":"2026-07-24 14:28:15,245","level":"INFO","node":1,"msg":"[TIMING] node 1 round=13 ZKP proof generation took 6.23s"}
{"time":"2026-07-24 14:28:15,247","level":"INFO","node":1,"msg":"[TIMING] node 1 round=13 HE encryption took 0.00s"}
{"time":"2026-07-24 14:28:15,252","level":"INFO","node":1,"msg":"Sent proposal to node 0"}
{"time":"2026-07-24 14:28:15,253","level":"INFO","node":1,"msg":"Sent proposal to node 2"}
{"time":"2026-07-24 14:28:15,254","level":"INFO","node":1,"msg":"Sent proposal to node 3"}
{"time":"2026-07-24 14:28:15,261","level":"INFO","node":1,"msg":"Sent consensus vote to node 0"}
{"time":"2026-07-24 14:28:15,261","level":"INFO","node":1,"msg":"Sent consensus vote to node 2"}
{"time":"2026-07-24 14:28:15,264","level":"INFO","node":1,"msg":"Sent consensus vote to node 3"}
{"time":"2026-07-24 14:28:15,273","level":"INFO","node":1,"msg":"Forwarded to http://127.0.0.1:8002"}
{"time":"2026-07-24 14:28:25,085","level":"INFO","node":1,"msg":"Consensus vote recorded: node 2 decision=True reason=zkp_ok round=13 new=True satisfied=False"}
{"time":"2026-07-24 14:28:41,054","level":"INFO","node":1,"msg":"Consensus vote recorded: node 3 decision=True reason=zkp_ok round=13 new=True satisfied=True"}
{"time":"2026-07-24 14:28:57,167","level":"INFO","node":1,"msg":"Consensus vote recorded: node 0 decision=True reason=zkp_ok round=13 new=True satisfied=True"}
{"time":"2026-07-24 14:29:03,338","level":"INFO","node":1,"msg":"Received update from node 0, round 13"}
{"time":"2026-07-24 14:29:03,338","level":"INFO","node":1,"msg":"Round 14 complete — aggregating"}
{"time":"2026-07-24 14:29:03,387","level":"WARNING","node":1,"msg":"[BACKDOOR PROBE] Round 14 SUSPICIOUS: feature=5 value=7.0 forces class=1 flip_rate=1.000 jump=0.709 (thresholds: flip>0.7, jump>0.3)"}
{"time":"2026-07-24 14:29:03,422","level":"INFO","node":1,"msg":"Commit vote recorded: node 0 decision=True round=13 satisfied=False"}
{"time":"2026-07-24 14:29:03,425","level":"INFO","node":1,"msg":"Commit vote recorded: node 3 decision=True round=13 satisfied=True"}
{"time":"2026-07-24 14:29:03,425","level":"INFO","node":1,"msg":"Round 14 COMMITTED — model hash agreed by [1, 0, 3]"}
{"time":"2026-07-24 14:29:03,426","level":"INFO","node":1,"msg":"Broadcast weights to node 0"}
{"time":"2026-07-24 14:29:03,433","level":"INFO","node":1,"msg":"Commit certificate saved to C:\Users\mousu\OneDrive\Desktop\Set A\securefedhe\dashboard\certificates\round_13.json"}
{"time":"2026-07-24 14:29:03,437","level":"INFO","node":1,"msg":"Broadcast weights to node 3"}
{"time":"2026-07-24 14:29:03,448","level":"INFO","node":1,"msg":"Commit vote recorded: node 2 decision=True round=13 satisfied=True"}
{"time":"2026-07-24 14:29:03,451","level":"INFO","node":1,"msg":"Broadcast weights to node 2"}
{"time":"2026-07-24 14:29:03,454","level":"INFO","node":1,"msg":"Checkpoint saved to C:\Users\mousu\OneDrive\Desktop\Set A\securefedhe\dashboard\model_latest.pt"}
{"time":"2026-07-24 14:29:03,454","level":"INFO","node":1,"msg":"Round 14 complete | accuracy=0.8636 | duration=54.62s"}
{"time":"2026-07-24 14:29:03,454","level":"INFO","node":1,"msg":"Round 15 belongs to node 2 — waiting for their proposal."}
{"time":"2026-07-24 14:29:03,462","level":"INFO","node":1,"msg":"Notified next proposer to node 2"}
{"time":"2026-07-24 14:29:03,463","level":"INFO","node":1,"msg":"[WATCHDOG SPAWNED] round=14 expected_proposer=2 timeout_s=600 spawned_at=14:29:03"}
{"time":"2026-07-24 14:29:09,886","level":"INFO","node":1,"msg":"Proposal received: round=14 origin=2 hash=81ee358baca8..."}
{"time":"2026-07-24 14:29:09,897","level":"INFO","node":1,"msg":"Consensus vote recorded: node 2 decision=True reason=zkp_ok round=14 new=True satisfied=False"}
{"time":"2026-07-24 14:29:19,676","level":"INFO","node":1,"msg":"Consensus vote recorded: node 3 decision=True reason=zkp_ok round=14 new=True satisfied=False"}
{"time":"2026-07-24 14:29:35,810","level":"INFO","node":1,"msg":"Consensus vote recorded: node 0 decision=True reason=zkp_ok round=14 new=True satisfied=True"}
{"time":"2026-07-24 14:29:41,931","level":"INFO","node":1,"msg":"Received update from node 0, round 14"}
{"time":"2026-07-24 14:29:51,649","level":"INFO","node":1,"msg":"ZKP ACCEPTED from node 0"}
{"time":"2026-07-24 14:29:51,649","level":"INFO","node":1,"msg":"fc_in col7 delta self-cosine for node 2: -0.0502 (delta_norm=0.1824)"}
{"time":"2026-07-24 14:29:51,649","level":"INFO","node":1,"msg":"Per-class agreement with node 2: class0=0.974 class1=0.945 gap=0.028"}
{"time":"2026-07-24 14:29:51,649","level":"INFO","node":1,"msg":"Per-class rolling gap for node 2: mean=0.056 over last 3 round(s)"}
{"time":"2026-07-24 14:29:51,657","level":"INFO","node":1,"msg":"Trust score for node 2: S=0.832 (Z=1.00 A=0.96 P=0.52 R=1.00) advisory only"}
{"time":"2026-07-24 14:29:51,678","level":"INFO","node":1,"msg":"Sent consensus vote to node 2"}
{"time":"2026-07-24 14:29:51,679","level":"INFO","node":1,"msg":"Sent consensus vote to node 0"}
{"time":"2026-07-24 14:29:51,691","level":"INFO","node":1,"msg":"Sent consensus vote to node 3"}
{"time":"2026-07-24 14:29:51,803","level":"INFO","node":1,"msg":"[FC2 DELTA NORM] node 1 round=14 — fc2 delta norm this round: 0.1399"}
{"time":"2026-07-24 14:29:51,803","level":"WARNING","node":1,"msg":"ZKP norm violation (clipping applied): slack=-556798, retry=0"}
{"time":"2026-07-24 14:29:57,914","level":"INFO","node":1,"msg":"[TIMING] node 1 round=14 ZKP proof generation (voter) took 6.10s"}
{"time":"2026-07-24 14:29:57,914","level":"INFO","node":1,"msg":"[TIMING] node 1 round=14 HE encryption (voter) took 0.00s"}
{"time":"2026-07-24 14:29:57,931","level":"INFO","node":1,"msg":"Forwarded to http://127.0.0.1:8002"}
{"time":"2026-07-24 14:29:57,983","level":"INFO","node":1,"msg":"Synced weights from master for round 14"}
{"time":"2026-07-24 14:29:57,991","level":"INFO","node":1,"msg":"Sent commit vote to node 2"}
{"time":"2026-07-24 14:30:04,498","level":"INFO","node":1,"msg":"Proposal received: round=15 origin=3 hash=9761a9d62712..."}
{"time":"2026-07-24 14:30:04,510","level":"INFO","node":1,"msg":"Consensus vote recorded: node 3 decision=True reason=zkp_ok round=15 new=True satisfied=False"}
{"time":"2026-07-24 14:30:14,210","level":"INFO","node":1,"msg":"Consensus vote recorded: node 0 decision=True reason=zkp_ok round=15 new=True satisfied=False"}
{"time":"2026-07-24 14:30:20,481","level":"INFO","node":1,"msg":"Received update from node 0, round 15"}
{"time":"2026-07-24 14:30:30,307","level":"INFO","node":1,"msg":"ZKP ACCEPTED from node 0"}
{"time":"2026-07-24 14:30:30,307","level":"INFO","node":1,"msg":"fc_in col7 delta self-cosine for node 3: -0.2083 (delta_norm=0.1915)"}
{"time":"2026-07-24 14:30:30,312","level":"INFO","node":1,"msg":"Per-class agreement with node 3: class0=0.978 class1=0.962 gap=0.016"}
{"time":"2026-07-24 14:30:30,314","level":"INFO","node":1,"msg":"Per-class rolling gap for node 3: mean=0.025 over last 3 round(s)"}
{"time":"2026-07-24 14:30:30,317","level":"INFO","node":1,"msg":"Trust score for node 3: S=0.834 (Z=1.00 A=0.97 P=0.50 R=1.00) advisory only"}
{"time":"2026-07-24 14:30:30,355","level":"INFO","node":1,"msg":"Sent consensus vote to node 0"}
{"time":"2026-07-24 14:30:30,355","level":"INFO","node":1,"msg":"Sent consensus vote to node 2"}
{"time":"2026-07-24 14:30:30,357","level":"INFO","node":1,"msg":"Sent consensus vote to node 3"}
{"time":"2026-07-24 14:30:30,487","level":"INFO","node":1,"msg":"[FC2 DELTA NORM] node 1 round=15 — fc2 delta norm this round: 0.1531"}
{"time":"2026-07-24 14:30:36,694","level":"INFO","node":1,"msg":"[TIMING] node 1 round=15 ZKP proof generation (voter) took 6.20s"}
{"time":"2026-07-24 14:30:36,694","level":"INFO","node":1,"msg":"[TIMING] node 1 round=15 HE encryption (voter) took 0.00s"}
{"time":"2026-07-24 14:30:36,712","level":"INFO","node":1,"msg":"Forwarded to http://127.0.0.1:8002"}
{"time":"2026-07-24 14:30:53,741","level":"INFO","node":1,"msg":"Prediction agreement with node 2 round=15: A=0.948"}
{"time":"2026-07-24 14:30:53,742","level":"INFO","node":1,"msg":"Consensus vote recorded: node 2 decision=True reason=zkp_ok round=15 new=True satisfied=True"}
{"time":"2026-07-24 14:31:13,958","level":"INFO","node":1,"msg":"Synced weights from master for round 15"}
{"time":"2026-07-24 14:31:13,996","level":"INFO","node":1,"msg":"Sent commit vote to node 3"}
{"time":"2026-07-24 14:31:35,405","level":"INFO","node":1,"msg":"Proposal received: round=16 origin=0 hash=a8001c80c5f0..."}
{"time":"2026-07-24 14:31:35,442","level":"INFO","node":1,"msg":"Consensus vote recorded: node 0 decision=True reason=zkp_ok round=16 new=True satisfied=False"}
{"time":"2026-07-24 14:31:35,471","level":"INFO","node":1,"msg":"Received update from node 0, round 16"}
{"time":"2026-07-24 14:32:06,803","level":"INFO","node":1,"msg":"ZKP ACCEPTED from node 0"}
{"time":"2026-07-24 14:32:06,805","level":"INFO","node":1,"msg":"fc_in col7 delta self-cosine for node 0: -0.3689 (delta_norm=0.2622)"}
{"time":"2026-07-24 14:32:06,819","level":"INFO","node":1,"msg":"Per-class agreement with node 0: class0=0.970 class1=0.941 gap=0.029"}
{"time":"2026-07-24 14:32:06,820","level":"INFO","node":1,"msg":"Per-class rolling gap for node 0: mean=0.066 over last 4 round(s)"}
{"time":"2026-07-24 14:32:06,820","level":"WARNING","node":1,"msg":"[PER-CLASS AGREEMENT CHECK] node 1 observed node 0: SUSTAINED class agreement gap, rolling mean=0.066 over 4 rounds — possible asymmetric/label_flip-style corruption"}
{"time":"2026-07-24 14:32:06,826","level":"INFO","node":1,"msg":"Trust score for node 0: S=0.823 (Z=1.00 A=0.96 P=0.50 R=1.00) advisory only"}
{"time":"2026-07-24 14:32:06,827","level":"WARNING","node":1,"msg":"Update round=16 from node 0 REJECTED on per-class agreement gap"}
{"time":"2026-07-24 14:32:06,878","level":"INFO","node":1,"msg":"Sent consensus vote to node 0"}
{"time":"2026-07-24 14:32:06,880","level":"INFO","node":1,"msg":"Sent consensus vote to node 3"}
{"time":"2026-07-24 14:32:06,880","level":"INFO","node":1,"msg":"Sent consensus vote to node 2"}
{"time":"2026-07-24 14:32:07,348","level":"INFO","node":1,"msg":"[FC2 DELTA NORM] node 1 round=16 — fc2 delta norm this round: 0.1048"}
{"time":"2026-07-24 14:32:28,174","level":"INFO","node":1,"msg":"[TIMING] node 1 round=16 ZKP proof generation (voter) took 20.82s"}
{"time":"2026-07-24 14:32:28,177","level":"INFO","node":1,"msg":"[TIMING] node 1 round=16 HE encryption (voter) took 0.00s"}
{"time":"2026-07-24 14:32:28,194","level":"INFO","node":1,"msg":"Forwarded to http://127.0.0.1:8002"}
{"time":"2026-07-24 14:32:59,723","level":"INFO","node":1,"msg":"Prediction agreement with node 2 round=16: A=0.917"}
{"time":"2026-07-24 14:32:59,723","level":"INFO","node":1,"msg":"Consensus vote recorded: node 2 decision=False reason=per_class_agreement_gap round=16 new=True satisfied=False"}
{"time":"2026-07-24 14:33:52,536","level":"INFO","node":1,"msg":"Prediction agreement with node 3 round=16: A=0.938"}
{"time":"2026-07-24 14:33:52,536","level":"INFO","node":1,"msg":"Consensus vote recorded: node 3 decision=True reason=zkp_ok round=16 new=True satisfied=False"}
{"time":"2026-07-24 14:34:34,830","level":"INFO","node":1,"msg":"Proposal for round=16 origin=0 changed hash after 179.41s — treating as a legitimate round retry, not equivocation."}
{"time":"2026-07-24 14:34:34,831","level":"INFO","node":1,"msg":"Proposal received: round=16 origin=0 hash=4c688c99db7e..."}
{"time":"2026-07-24 14:34:34,860","level":"INFO","node":1,"msg":"Consensus vote recorded: node 0 decision=True reason=zkp_ok round=16 new=True satisfied=False"}
{"time":"2026-07-24 14:34:34,886","level":"INFO","node":1,"msg":"Received update from node 0, round 16"}
{"time":"2026-07-24 14:35:06,160","level":"INFO","node":1,"msg":"ZKP ACCEPTED from node 0"}
{"time":"2026-07-24 14:35:06,160","level":"INFO","node":1,"msg":"fc_in col7 delta self-cosine for node 0: -0.4037 (delta_norm=0.1998)"}
{"time":"2026-07-24 14:35:06,174","level":"INFO","node":1,"msg":"Per-class agreement with node 0: class0=0.947 class1=0.956 gap=0.009"}
{"time":"2026-07-24 14:35:06,181","level":"INFO","node":1,"msg":"Per-class rolling gap for node 0: mean=0.027 over last 4 round(s)"}
{"time":"2026-07-24 14:35:06,181","level":"INFO","node":1,"msg":"Trust score for node 0: S=0.759 (Z=1.00 A=0.95 P=0.45 R=0.80) advisory only"}
{"time":"2026-07-24 14:35:06,237","level":"INFO","node":1,"msg":"Sent consensus vote to node 0"}
{"time":"2026-07-24 14:35:06,237","level":"INFO","node":1,"msg":"Sent consensus vote to node 3"}
{"time":"2026-07-24 14:35:06,237","level":"INFO","node":1,"msg":"Sent consensus vote to node 2"}
{"time":"2026-07-24 14:35:06,827","level":"INFO","node":1,"msg":"[FC2 DELTA NORM] node 1 round=16 — fc2 delta norm this round: 0.0484"}
{"time":"2026-07-24 14:35:06,828","level":"WARNING","node":1,"msg":"ZKP norm violation (clipping applied): slack=-192445, retry=0"}
{"time":"2026-07-24 14:35:28,628","level":"INFO","node":1,"msg":"[TIMING] node 1 round=16 ZKP proof generation (voter) took 21.79s"}
{"time":"2026-07-24 14:35:28,628","level":"INFO","node":1,"msg":"[TIMING] node 1 round=16 HE encryption (voter) took 0.00s"}
{"time":"2026-07-24 14:35:28,656","level":"INFO","node":1,"msg":"Forwarded to http://127.0.0.1:8002"}
{"time":"2026-07-24 14:36:02,087","level":"INFO","node":1,"msg":"Prediction agreement with node 2 round=16: A=0.903"}
{"time":"2026-07-24 14:36:02,087","level":"INFO","node":1,"msg":"Consensus vote recorded: node 2 decision=True reason=zkp_ok round=16 new=True satisfied=True"}
{"time":"2026-07-24 14:36:45,799","level":"INFO","node":1,"msg":"Prediction agreement with node 3 round=16: A=0.917"}
{"time":"2026-07-24 14:36:45,799","level":"INFO","node":1,"msg":"Consensus vote recorded: node 3 decision=True reason=zkp_ok round=16 new=True satisfied=True"}
{"time":"2026-07-24 14:37:04,975","level":"INFO","node":1,"msg":"Synced weights from master for round 16"}
{"time":"2026-07-24 14:37:05,001","level":"INFO","node":1,"msg":"Sent commit vote to node 0"}
{"time":"2026-07-24 14:37:05,017","level":"INFO","node":1,"msg":"My turn — starting round 18 as proposer."}
{"time":"2026-07-24 14:37:05,019","level":"INFO","node":1,"msg":"Starting round 18"}
{"time":"2026-07-24 14:37:05,524","level":"INFO","node":1,"msg":"[FC2 DELTA NORM] node 1 round=17 — fc2 delta norm this round: 0.1606"}
{"time":"2026-07-24 14:37:23,702","level":"INFO","node":1,"msg":"[TIMING] node 1 round=17 ZKP proof generation took 18.16s"}
{"time":"2026-07-24 14:37:23,702","level":"INFO","node":1,"msg":"[TIMING] node 1 round=17 HE encryption took 0.00s"}
{"time":"2026-07-24 14:37:23,727","level":"INFO","node":1,"msg":"Sent proposal to node 0"}
{"time":"2026-07-24 14:37:23,734","level":"INFO","node":1,"msg":"Sent proposal to node 2"}
{"time":"2026-07-24 14:37:23,741","level":"INFO","node":1,"msg":"Sent proposal to node 3"}
{"time":"2026-07-24 14:37:23,757","level":"INFO","node":1,"msg":"Sent consensus vote to node 0"}
{"time":"2026-07-24 14:37:23,760","level":"INFO","node":1,"msg":"Sent consensus vote to node 2"}
{"time":"2026-07-24 14:37:23,766","level":"INFO","node":1,"msg":"Sent consensus vote to node 3"}
{"time":"2026-07-24 14:37:23,773","level":"INFO","node":1,"msg":"Forwarded to http://127.0.0.1:8002"}
{"time":"2026-07-24 14:37:50,577","level":"INFO","node":1,"msg":"Consensus vote recorded: node 2 decision=False reason=per_class_agreement_gap round=17 new=True satisfied=False"}
{"time":"2026-07-24 14:38:37,208","level":"INFO","node":1,"msg":"Consensus vote recorded: node 3 decision=False reason=per_class_agreement_gap round=17 new=True satisfied=False"}
{"time":"2026-07-24 14:39:24,881","level":"INFO","node":1,"msg":"Consensus vote recorded: node 0 decision=False reason=per_class_agreement_gap round=17 new=True satisfied=False"}
{"time":"2026-07-24 14:39:43,052","level":"INFO","node":1,"msg":"Received update from node 0, round 17"}
{"time":"2026-07-24 14:39:43,052","level":"INFO","node":1,"msg":"Round 18 complete — aggregating"}
{"time":"2026-07-24 14:39:43,052","level":"WARNING","node":1,"msg":"Round 18 REJECTED — quorum not satisfied (attempt 1/3). Retrying round."}
{"time":"2026-07-24 14:39:43,564","level":"INFO","node":1,"msg":"Starting round 18"}
{"time":"2026-07-24 14:39:44,074","level":"INFO","node":1,"msg":"[FC2 DELTA NORM] node 1 round=17 — fc2 delta norm this round: 0.0317"}
{"time":"2026-07-24 14:40:02,555","level":"INFO","node":1,"msg":"[TIMING] node 1 round=17 ZKP proof generation took 18.46s"}
{"time":"2026-07-24 14:40:02,555","level":"INFO","node":1,"msg":"[TIMING] node 1 round=17 HE encryption took 0.00s"}
{"time":"2026-07-24 14:40:02,571","level":"INFO","node":1,"msg":"Sent proposal to node 0"}
{"time":"2026-07-24 14:40:02,571","level":"INFO","node":1,"msg":"Sent proposal to node 2"}
{"time":"2026-07-24 14:40:02,571","level":"INFO","node":1,"msg":"Sent proposal to node 3"}
{"time":"2026-07-24 14:40:02,587","level":"INFO","node":1,"msg":"Sent consensus vote to node 0"}
{"time":"2026-07-24 14:40:02,603","level":"INFO","node":1,"msg":"Sent consensus vote to node 2"}
{"time":"2026-07-24 14:40:02,603","level":"INFO","node":1,"msg":"Sent consensus vote to node 3"}
{"time":"2026-07-24 14:40:02,603","level":"INFO","node":1,"msg":"Forwarded to http://127.0.0.1:8002"}
{"time":"2026-07-24 14:40:30,161","level":"INFO","node":1,"msg":"Consensus vote recorded: node 2 decision=True reason=zkp_ok round=17 new=True satisfied=False"}
{"time":"2026-07-24 14:40:54,529","level":"INFO","node":1,"msg":"Consensus vote recorded: node 3 decision=True reason=zkp_ok round=17 new=True satisfied=True"}
{"time":"2026-07-24 14:41:11,009","level":"INFO","node":1,"msg":"Consensus vote recorded: node 0 decision=True reason=zkp_ok round=17 new=True satisfied=True"}
{"time":"2026-07-24 14:41:17,250","level":"INFO","node":1,"msg":"Received update from node 0, round 17"}
{"time":"2026-07-24 14:41:17,250","level":"INFO","node":1,"msg":"Round 18 complete — aggregating"}
{"time":"2026-07-24 14:41:17,287","level":"WARNING","node":1,"msg":"[BACKDOOR PROBE] Round 18 SUSPICIOUS: feature=1 value=8.0 forces class=1 flip_rate=1.000 jump=0.655 (thresholds: flip>0.7, jump>0.3)"}
{"time":"2026-07-24 14:41:17,320","level":"INFO","node":1,"msg":"Commit vote recorded: node 0 decision=True round=17 satisfied=False"}
{"time":"2026-07-24 14:41:17,321","level":"INFO","node":1,"msg":"Broadcast weights to node 0"}
{"time":"2026-07-24 14:41:17,324","level":"INFO","node":1,"msg":"Commit vote recorded: node 2 decision=True round=17 satisfied=True"}
{"time":"2026-07-24 14:41:17,325","level":"INFO","node":1,"msg":"Round 18 COMMITTED — model hash agreed by [1, 0, 2]"}
{"time":"2026-07-24 14:41:17,327","level":"INFO","node":1,"msg":"Commit certificate saved to C:\Users\mousu\OneDrive\Desktop\Set A\securefedhe\dashboard\certificates\round_17.json"}
{"time":"2026-07-24 14:41:17,328","level":"INFO","node":1,"msg":"Commit vote recorded: node 3 decision=True round=17 satisfied=True"}
{"time":"2026-07-24 14:41:17,330","level":"INFO","node":1,"msg":"Broadcast weights to node 2"}
{"time":"2026-07-24 14:41:17,331","level":"INFO","node":1,"msg":"Broadcast weights to node 3"}
{"time":"2026-07-24 14:41:17,333","level":"INFO","node":1,"msg":"Checkpoint saved to C:\Users\mousu\OneDrive\Desktop\Set A\securefedhe\dashboard\model_latest.pt"}
{"time":"2026-07-24 14:41:17,334","level":"INFO","node":1,"msg":"Round 18 complete | accuracy=0.8636 | duration=93.77s"}
{"time":"2026-07-24 14:41:17,334","level":"INFO","node":1,"msg":"Round 19 belongs to node 2 — waiting for their proposal."}
{"time":"2026-07-24 14:41:17,340","level":"INFO","node":1,"msg":"Notified next proposer to node 2"}
{"time":"2026-07-24 14:41:17,341","level":"INFO","node":1,"msg":"[WATCHDOG SPAWNED] round=18 expected_proposer=2 timeout_s=600 spawned_at=14:41:17"}
{"time":"2026-07-24 14:41:23,612","level":"INFO","node":1,"msg":"Proposal received: round=18 origin=2 hash=5b691ddb547a..."}
{"time":"2026-07-24 14:41:23,639","level":"INFO","node":1,"msg":"Consensus vote recorded: node 2 decision=True reason=zkp_ok round=18 new=True satisfied=False"}
{"time":"2026-07-24 14:41:33,469","level":"INFO","node":1,"msg":"Consensus vote recorded: node 3 decision=True reason=zkp_ok round=18 new=True satisfied=False"}
{"time":"2026-07-24 14:41:49,488","level":"INFO","node":1,"msg":"Consensus vote recorded: node 0 decision=True reason=zkp_ok round=18 new=True satisfied=True"}
{"time":"2026-07-24 14:41:55,663","level":"INFO","node":1,"msg":"Received update from node 0, round 18"}
{"time":"2026-07-24 14:42:05,401","level":"INFO","node":1,"msg":"ZKP ACCEPTED from node 0"}
{"time":"2026-07-24 14:42:05,401","level":"INFO","node":1,"msg":"fc_in col7 delta self-cosine for node 2: 0.0766 (delta_norm=0.1702)"}
{"time":"2026-07-24 14:42:05,414","level":"INFO","node":1,"msg":"Per-class agreement with node 2: class0=0.956 class1=0.930 gap=0.026"}
{"time":"2026-07-24 14:42:05,414","level":"INFO","node":1,"msg":"Per-class rolling gap for node 2: mean=0.049 over last 4 round(s)"}
{"time":"2026-07-24 14:42:05,415","level":"INFO","node":1,"msg":"Trust score for node 2: S=0.812 (Z=1.00 A=0.95 P=0.50 R=1.00) advisory only"}
{"time":"2026-07-24 14:42:05,436","level":"INFO","node":1,"msg":"Sent consensus vote to node 0"}
{"time":"2026-07-24 14:42:05,437","level":"INFO","node":1,"msg":"Sent consensus vote to node 2"}
{"time":"2026-07-24 14:42:05,438","level":"INFO","node":1,"msg":"Sent consensus vote to node 3"}
{"time":"2026-07-24 14:42:05,557","level":"INFO","node":1,"msg":"[FC2 DELTA NORM] node 1 round=18 — fc2 delta norm this round: 0.1480"}
{"time":"2026-07-24 14:42:11,652","level":"INFO","node":1,"msg":"[TIMING] node 1 round=18 ZKP proof generation (voter) took 6.08s"}
{"time":"2026-07-24 14:42:11,652","level":"INFO","node":1,"msg":"[TIMING] node 1 round=18 HE encryption (voter) took 0.00s"}
{"time":"2026-07-24 14:42:11,669","level":"INFO","node":1,"msg":"Forwarded to http://127.0.0.1:8002"}
{"time":"2026-07-24 14:42:11,717","level":"INFO","node":1,"msg":"Synced weights from master for round 18"}
{"time":"2026-07-24 14:42:11,725","level":"INFO","node":1,"msg":"Sent commit vote to node 2"}
{"time":"2026-07-24 14:42:18,054","level":"INFO","node":1,"msg":"Proposal received: round=19 origin=3 hash=bfb443d0dfc2..."}
{"time":"2026-07-24 14:42:18,063","level":"INFO","node":1,"msg":"Consensus vote recorded: node 3 decision=True reason=zkp_ok round=19 new=True satisfied=False"}
{"time":"2026-07-24 14:42:27,858","level":"INFO","node":1,"msg":"Consensus vote recorded: node 0 decision=True reason=zkp_ok round=19 new=True satisfied=False"}
{"time":"2026-07-24 14:42:34,110","level":"INFO","node":1,"msg":"Received update from node 0, round 19"}
{"time":"2026-07-24 14:42:43,847","level":"INFO","node":1,"msg":"ZKP ACCEPTED from node 0"}
{"time":"2026-07-24 14:42:43,849","level":"INFO","node":1,"msg":"fc_in col7 delta self-cosine for node 3: -0.0269 (delta_norm=0.1951)"}
{"time":"2026-07-24 14:42:43,854","level":"INFO","node":1,"msg":"Per-class agreement with node 3: class0=0.973 class1=0.952 gap=0.021"}
{"time":"2026-07-24 14:42:43,854","level":"INFO","node":1,"msg":"Per-class rolling gap for node 3: mean=0.024 over last 4 round(s)"}
{"time":"2026-07-24 14:42:43,856","level":"INFO","node":1,"msg":"Trust score for node 3: S=0.823 (Z=1.00 A=0.97 P=0.48 R=1.00) advisory only"}
{"time":"2026-07-24 14:42:43,874","level":"INFO","node":1,"msg":"Sent consensus vote to node 2"}
{"time":"2026-07-24 14:42:43,876","level":"INFO","node":1,"msg":"Sent consensus vote to node 3"}
{"time":"2026-07-24 14:42:43,876","level":"INFO","node":1,"msg":"Sent consensus vote to node 0"}
{"time":"2026-07-24 14:42:43,984","level":"INFO","node":1,"msg":"[FC2 DELTA NORM] node 1 round=19 — fc2 delta norm this round: 0.1504"}
{"time":"2026-07-24 14:42:43,986","level":"WARNING","node":1,"msg":"ZKP norm violation (clipping applied): slack=-88228, retry=0"}
{"time":"2026-07-24 14:42:50,155","level":"INFO","node":1,"msg":"[TIMING] node 1 round=19 ZKP proof generation (voter) took 6.16s"}
{"time":"2026-07-24 14:42:50,155","level":"INFO","node":1,"msg":"[TIMING] node 1 round=19 HE encryption (voter) took 0.00s"}
{"time":"2026-07-24 14:42:50,165","level":"INFO","node":1,"msg":"Forwarded to http://127.0.0.1:8002"}
{"time":"2026-07-24 14:43:00,104","level":"INFO","node":1,"msg":"Prediction agreement with node 2 round=19: A=0.956"}
{"time":"2026-07-24 14:43:00,104","level":"INFO","node":1,"msg":"Consensus vote recorded: node 2 decision=True reason=zkp_ok round=19 new=True satisfied=True"}
{"time":"2026-07-24 14:43:06,426","level":"INFO","node":1,"msg":"Synced weights from master for round 19"}
{"time":"2026-07-24 14:43:06,426","level":"INFO","node":1,"msg":"Training complete after 20 rounds"}
{"time":"2026-07-24 14:43:06,442","level":"INFO","node":1,"msg":"Sent commit vote to node 3"}
{"time":"2026-07-24 14:51:17,343","level":"INFO","node":1,"msg":"Watchdog fired but training already complete — ignoring, not excluding node 2."}
{"time":"2026-07-26 03:17:23,268","level":"INFO","node":1,"msg":"Starting node 1: Suburban Medical Clinic"}
{"time":"2026-07-26 03:17:23,268","level":"INFO","node":1,"msg":"[CONFIG DEBUG] attack_simulation loaded: enabled=True target_node=2 type=stale_update config_path=config_dev.json"}
{"time":"2026-07-26 03:17:23,623","level":"WARNING","node":1,"msg":"DEV MODE: running without TLS"}
{"time":"2026-07-26 03:17:23,623","level":"INFO","node":1,"msg":"Listening on 127.0.0.1:8001 | TLS=False"}
