{"time":"2026-07-22 09:40:36,496","level":"INFO","node":0,"msg":"Starting node 0: City General Hospital"}
{"time":"2026-07-22 09:40:36,496","level":"INFO","node":0,"msg":"[CONFIG DEBUG] attack_simulation loaded: enabled=True target_node=2 type=stale_update config_path=config_dev.json"}
{"time":"2026-07-22 09:40:36,602","level":"WARNING","node":0,"msg":"DEV MODE: running without TLS"}
{"time":"2026-07-22 09:40:36,602","level":"INFO","node":0,"msg":"Listening on 127.0.0.1:8000 | TLS=False"}
{"time":"2026-07-22 09:40:43,549","level":"INFO","node":0,"msg":"Consensus pubkey received from node 1"}
{"time":"2026-07-22 09:40:43,549","level":"INFO","node":0,"msg":"Key exchange complete with node 1"}
{"time":"2026-07-22 09:40:45,833","level":"INFO","node":0,"msg":"Consensus pubkey received from node 2"}
{"time":"2026-07-22 09:40:45,842","level":"INFO","node":0,"msg":"Key exchange complete with node 2"}
{"time":"2026-07-22 09:40:49,313","level":"INFO","node":0,"msg":"Consensus pubkey received from node 3"}
{"time":"2026-07-22 09:40:49,316","level":"INFO","node":0,"msg":"Key exchange complete with node 3"}
{"time":"2026-07-22 09:40:54,460","level":"INFO","node":0,"msg":"Sent public key to node 1"}
{"time":"2026-07-22 09:40:54,473","level":"INFO","node":0,"msg":"Sent public key to node 2"}
{"time":"2026-07-22 09:40:54,485","level":"INFO","node":0,"msg":"Sent public key to node 3"}
{"time":"2026-07-22 09:40:54,495","level":"INFO","node":0,"msg":"Sent consensus pubkey to node 1"}
{"time":"2026-07-22 09:40:54,510","level":"INFO","node":0,"msg":"Sent consensus pubkey to node 2"}
{"time":"2026-07-22 09:40:54,520","level":"INFO","node":0,"msg":"Sent consensus pubkey to node 3"}
{"time":"2026-07-22 09:40:54,521","level":"INFO","node":0,"msg":"This node is round 1's proposer — starting."}
{"time":"2026-07-22 09:40:54,521","level":"INFO","node":0,"msg":"Starting round 1"}
{"time":"2026-07-22 09:40:59,276","level":"WARNING","node":0,"msg":"ZKP norm violation (clipping applied): slack=-509605, retry=0"}
{"time":"2026-07-22 09:41:20,736","level":"INFO","node":0,"msg":"Sent proposal to node 1"}
{"time":"2026-07-22 09:41:20,753","level":"INFO","node":0,"msg":"Sent proposal to node 2"}
{"time":"2026-07-22 09:41:20,768","level":"INFO","node":0,"msg":"Sent proposal to node 3"}
{"time":"2026-07-22 09:41:20,798","level":"INFO","node":0,"msg":"Sent consensus vote to node 1"}
{"time":"2026-07-22 09:41:20,809","level":"INFO","node":0,"msg":"Sent consensus vote to node 2"}
{"time":"2026-07-22 09:41:20,819","level":"INFO","node":0,"msg":"Sent consensus vote to node 3"}
{"time":"2026-07-22 09:41:20,829","level":"INFO","node":0,"msg":"Forwarded to http://127.0.0.1:8001"}
{"time":"2026-07-22 09:41:51,431","level":"INFO","node":0,"msg":"Consensus vote recorded: node 1 decision=True reason=zkp_ok round=0 new=True satisfied=False"}
{"time":"2026-07-22 09:42:43,612","level":"INFO","node":0,"msg":"Consensus vote recorded: node 2 decision=True reason=zkp_ok round=0 new=True satisfied=True"}
{"time":"2026-07-22 09:43:37,216","level":"INFO","node":0,"msg":"Consensus vote recorded: node 3 decision=True reason=zkp_ok round=0 new=True satisfied=True"}
{"time":"2026-07-22 09:44:01,302","level":"INFO","node":0,"msg":"Received update from node 3, round 0"}
{"time":"2026-07-22 09:44:01,305","level":"INFO","node":0,"msg":"Round 1 complete — aggregating"}
{"time":"2026-07-22 09:44:01,336","level":"INFO","node":0,"msg":"Round 1 accuracy gate skipped (warm-up period, candidate_acc=0.6545)"}
{"time":"2026-07-22 09:44:01,387","level":"INFO","node":0,"msg":"Commit vote recorded: node 1 decision=True round=0 satisfied=False"}
{"time":"2026-07-22 09:44:01,390","level":"INFO","node":0,"msg":"Broadcast weights to node 1"}
{"time":"2026-07-22 09:44:01,427","level":"INFO","node":0,"msg":"Commit vote recorded: node 2 decision=True round=0 satisfied=True"}
{"time":"2026-07-22 09:44:01,428","level":"INFO","node":0,"msg":"Round 1 COMMITTED — model hash agreed by [0, 1, 2]"}
{"time":"2026-07-22 09:44:01,431","level":"INFO","node":0,"msg":"Commit certificate saved to C:\Users\mousu\OneDrive\Desktop\Set A\securefedhe\dashboard\certificates\round_0.json"}
{"time":"2026-07-22 09:44:01,435","level":"INFO","node":0,"msg":"Broadcast weights to node 2"}
{"time":"2026-07-22 09:44:01,468","level":"INFO","node":0,"msg":"Commit vote recorded: node 3 decision=True round=0 satisfied=True"}
{"time":"2026-07-22 09:44:01,473","level":"INFO","node":0,"msg":"Broadcast weights to node 3"}
{"time":"2026-07-22 09:44:01,507","level":"INFO","node":0,"msg":"Checkpoint saved to C:\Users\mousu\OneDrive\Desktop\Set A\securefedhe\dashboard\model_latest.pt"}
{"time":"2026-07-22 09:44:01,507","level":"INFO","node":0,"msg":"Round 1 complete | accuracy=0.6545 | duration=186.98s"}
{"time":"2026-07-22 09:44:01,508","level":"INFO","node":0,"msg":"Round 2 belongs to node 1 — waiting for their proposal."}
{"time":"2026-07-22 09:44:01,518","level":"INFO","node":0,"msg":"Notified next proposer to node 1"}
{"time":"2026-07-22 09:44:01,520","level":"INFO","node":0,"msg":"[WATCHDOG SPAWNED] round=1 expected_proposer=1 timeout_s=600 spawned_at=09:44:01"}
{"time":"2026-07-22 09:44:21,898","level":"INFO","node":0,"msg":"Proposal received: round=1 origin=1 hash=29078759e39f..."}
{"time":"2026-07-22 09:44:21,946","level":"INFO","node":0,"msg":"Consensus vote recorded: node 1 decision=True reason=zkp_ok round=1 new=True satisfied=False"}
{"time":"2026-07-22 09:44:51,746","level":"INFO","node":0,"msg":"Consensus vote recorded: node 2 decision=True reason=zkp_ok round=1 new=True satisfied=False"}
{"time":"2026-07-22 09:45:41,500","level":"INFO","node":0,"msg":"Consensus vote recorded: node 3 decision=True reason=zkp_ok round=1 new=True satisfied=True"}
{"time":"2026-07-22 09:46:00,551","level":"INFO","node":0,"msg":"Received update from node 3, round 1"}
{"time":"2026-07-22 09:46:29,296","level":"INFO","node":0,"msg":"ZKP ACCEPTED from node 3"}
{"time":"2026-07-22 09:46:29,312","level":"INFO","node":0,"msg":"Trust score for node 1: S=0.436 (Z=1.00 A=0.50 P=0.55 R=1.00) advisory only"}
{"time":"2026-07-22 09:46:29,333","level":"INFO","node":0,"msg":"Sent consensus vote to node 1"}
{"time":"2026-07-22 09:46:29,351","level":"INFO","node":0,"msg":"Sent consensus vote to node 2"}
{"time":"2026-07-22 09:46:29,369","level":"INFO","node":0,"msg":"Sent consensus vote to node 3"}
{"time":"2026-07-22 09:46:38,949","level":"INFO","node":0,"msg":"Forwarded to http://127.0.0.1:8001"}
{"time":"2026-07-22 09:46:38,982","level":"INFO","node":0,"msg":"Synced weights from master for round 1"}
{"time":"2026-07-22 09:46:39,000","level":"INFO","node":0,"msg":"Sent commit vote to node 1"}
{"time":"2026-07-22 09:46:45,513","level":"INFO","node":0,"msg":"Proposal received: round=2 origin=2 hash=10c2f0cdd6a1..."}
{"time":"2026-07-22 09:46:45,566","level":"INFO","node":0,"msg":"Consensus vote recorded: node 2 decision=True reason=zkp_ok round=2 new=True satisfied=False"}
{"time":"2026-07-22 09:46:55,476","level":"INFO","node":0,"msg":"Consensus vote recorded: node 3 decision=True reason=zkp_ok round=2 new=True satisfied=False"}
{"time":"2026-07-22 09:47:01,881","level":"INFO","node":0,"msg":"Received update from node 3, round 2"}
{"time":"2026-07-22 09:47:11,818","level":"INFO","node":0,"msg":"ZKP ACCEPTED from node 3"}
{"time":"2026-07-22 09:47:11,823","level":"INFO","node":0,"msg":"Trust score for node 2: S=0.436 (Z=1.00 A=0.50 P=0.55 R=1.00) advisory only"}
{"time":"2026-07-22 09:47:11,840","level":"INFO","node":0,"msg":"Sent consensus vote to node 1"}
{"time":"2026-07-22 09:47:11,868","level":"INFO","node":0,"msg":"Sent consensus vote to node 2"}
{"time":"2026-07-22 09:47:11,902","level":"INFO","node":0,"msg":"Sent consensus vote to node 3"}
{"time":"2026-07-22 09:47:18,913","level":"INFO","node":0,"msg":"Forwarded to http://127.0.0.1:8001"}
{"time":"2026-07-22 09:47:28,882","level":"INFO","node":0,"msg":"Prediction agreement with node 1 round=2: A=0.994"}
{"time":"2026-07-22 09:47:28,882","level":"INFO","node":0,"msg":"Consensus vote recorded: node 1 decision=True reason=zkp_ok round=2 new=True satisfied=True"}
{"time":"2026-07-22 09:47:35,148","level":"INFO","node":0,"msg":"Synced weights from master for round 2"}
{"time":"2026-07-22 09:47:35,178","level":"INFO","node":0,"msg":"Sent commit vote to node 2"}
{"time":"2026-07-22 09:47:41,713","level":"INFO","node":0,"msg":"Proposal received: round=3 origin=3 hash=d4c1880f5930..."}
{"time":"2026-07-22 09:47:41,729","level":"INFO","node":0,"msg":"Consensus vote recorded: node 3 decision=True reason=zkp_ok round=3 new=True satisfied=False"}
{"time":"2026-07-22 09:47:41,750","level":"INFO","node":0,"msg":"Received update from node 3, round 3"}
{"time":"2026-07-22 09:47:51,724","level":"INFO","node":0,"msg":"ZKP ACCEPTED from node 3"}
{"time":"2026-07-22 09:47:51,741","level":"INFO","node":0,"msg":"Trust score for node 3: S=0.436 (Z=1.00 A=0.50 P=0.55 R=1.00) advisory only"}
{"time":"2026-07-22 09:47:51,764","level":"INFO","node":0,"msg":"Sent consensus vote to node 1"}
{"time":"2026-07-22 09:47:51,813","level":"INFO","node":0,"msg":"Sent consensus vote to node 2"}
{"time":"2026-07-22 09:47:51,839","level":"INFO","node":0,"msg":"Sent consensus vote to node 3"}
{"time":"2026-07-22 09:47:58,106","level":"INFO","node":0,"msg":"Forwarded to http://127.0.0.1:8001"}
{"time":"2026-07-22 09:48:08,146","level":"INFO","node":0,"msg":"Prediction agreement with node 1 round=3: A=0.994"}
{"time":"2026-07-22 09:48:08,146","level":"INFO","node":0,"msg":"Consensus vote recorded: node 1 decision=True reason=zkp_ok round=3 new=True satisfied=True"}
{"time":"2026-07-22 09:48:24,775","level":"INFO","node":0,"msg":"Prediction agreement with node 2 round=3: A=0.975"}
{"time":"2026-07-22 09:48:24,777","level":"INFO","node":0,"msg":"Consensus vote recorded: node 2 decision=True reason=zkp_ok round=3 new=True satisfied=True"}
{"time":"2026-07-22 09:48:31,405","level":"INFO","node":0,"msg":"Synced weights from master for round 3"}
{"time":"2026-07-22 09:48:31,445","level":"INFO","node":0,"msg":"Sent commit vote to node 3"}
{"time":"2026-07-22 09:48:31,561","level":"INFO","node":0,"msg":"My turn — starting round 5 as proposer."}
{"time":"2026-07-22 09:48:31,561","level":"INFO","node":0,"msg":"Starting round 5"}
{"time":"2026-07-22 09:48:37,883","level":"INFO","node":0,"msg":"Sent proposal to node 1"}
{"time":"2026-07-22 09:48:37,901","level":"INFO","node":0,"msg":"Sent proposal to node 2"}
{"time":"2026-07-22 09:48:37,917","level":"INFO","node":0,"msg":"Sent proposal to node 3"}
{"time":"2026-07-22 09:48:37,927","level":"INFO","node":0,"msg":"Sent consensus vote to node 1"}
{"time":"2026-07-22 09:48:37,935","level":"INFO","node":0,"msg":"Sent consensus vote to node 2"}
{"time":"2026-07-22 09:48:37,940","level":"INFO","node":0,"msg":"Sent consensus vote to node 3"}
{"time":"2026-07-22 09:48:37,946","level":"INFO","node":0,"msg":"Forwarded to http://127.0.0.1:8001"}
{"time":"2026-07-22 09:48:47,910","level":"INFO","node":0,"msg":"Consensus vote recorded: node 1 decision=True reason=zkp_ok round=4 new=True satisfied=False"}
{"time":"2026-07-22 09:49:04,264","level":"INFO","node":0,"msg":"Consensus vote recorded: node 2 decision=True reason=zkp_ok round=4 new=True satisfied=True"}
{"time":"2026-07-22 09:49:20,537","level":"INFO","node":0,"msg":"Consensus vote recorded: node 3 decision=True reason=zkp_ok round=4 new=True satisfied=True"}
{"time":"2026-07-22 09:49:27,081","level":"INFO","node":0,"msg":"Received update from node 3, round 4"}
{"time":"2026-07-22 09:49:27,081","level":"INFO","node":0,"msg":"Round 5 complete — aggregating"}
{"time":"2026-07-22 09:49:27,092","level":"INFO","node":0,"msg":"Round 5 accuracy gate skipped (warm-up period, candidate_acc=0.6818)"}
{"time":"2026-07-22 09:49:27,150","level":"INFO","node":0,"msg":"Commit vote recorded: node 1 decision=True round=4 satisfied=False"}
{"time":"2026-07-22 09:49:27,150","level":"INFO","node":0,"msg":"Broadcast weights to node 1"}
{"time":"2026-07-22 09:49:27,199","level":"INFO","node":0,"msg":"Commit vote recorded: node 2 decision=True round=4 satisfied=True"}
{"time":"2026-07-22 09:49:27,200","level":"INFO","node":0,"msg":"Round 5 COMMITTED — model hash agreed by [0, 1, 2]"}
{"time":"2026-07-22 09:49:27,202","level":"INFO","node":0,"msg":"Commit certificate saved to C:\Users\mousu\OneDrive\Desktop\Set A\securefedhe\dashboard\certificates\round_4.json"}
{"time":"2026-07-22 09:49:27,207","level":"INFO","node":0,"msg":"Broadcast weights to node 2"}
{"time":"2026-07-22 09:49:27,236","level":"INFO","node":0,"msg":"Commit vote recorded: node 3 decision=True round=4 satisfied=True"}
{"time":"2026-07-22 09:49:27,239","level":"INFO","node":0,"msg":"Broadcast weights to node 3"}
{"time":"2026-07-22 09:49:27,248","level":"INFO","node":0,"msg":"Checkpoint saved to C:\Users\mousu\OneDrive\Desktop\Set A\securefedhe\dashboard\model_latest.pt"}
{"time":"2026-07-22 09:49:27,248","level":"INFO","node":0,"msg":"Round 5 complete | accuracy=0.6818 | duration=55.69s"}
{"time":"2026-07-22 09:49:27,249","level":"INFO","node":0,"msg":"Round 6 belongs to node 1 — waiting for their proposal."}
{"time":"2026-07-22 09:49:27,254","level":"INFO","node":0,"msg":"Notified next proposer to node 1"}
{"time":"2026-07-22 09:49:27,255","level":"INFO","node":0,"msg":"[WATCHDOG SPAWNED] round=5 expected_proposer=1 timeout_s=600 spawned_at=09:49:27"}
{"time":"2026-07-22 09:49:33,777","level":"INFO","node":0,"msg":"Proposal received: round=5 origin=1 hash=4893497b21b8..."}
{"time":"2026-07-22 09:49:33,808","level":"INFO","node":0,"msg":"Consensus vote recorded: node 1 decision=True reason=zkp_ok round=5 new=True satisfied=False"}
{"time":"2026-07-22 09:49:43,800","level":"INFO","node":0,"msg":"Consensus vote recorded: node 2 decision=True reason=zkp_ok round=5 new=True satisfied=False"}
{"time":"2026-07-22 09:50:00,244","level":"INFO","node":0,"msg":"Consensus vote recorded: node 3 decision=True reason=zkp_ok round=5 new=True satisfied=True"}
{"time":"2026-07-22 09:50:06,626","level":"INFO","node":0,"msg":"Received update from node 3, round 5"}
{"time":"2026-07-22 09:50:16,619","level":"INFO","node":0,"msg":"ZKP ACCEPTED from node 3"}
{"time":"2026-07-22 09:50:16,622","level":"INFO","node":0,"msg":"Per-class agreement with node 1: class0=0.861 class1=0.941 gap=0.080"}
{"time":"2026-07-22 09:50:16,622","level":"INFO","node":0,"msg":"Per-class rolling gap for node 1: mean=0.080 over last 1 round(s)"}
{"time":"2026-07-22 09:50:16,624","level":"INFO","node":0,"msg":"Trust score for node 1: S=0.764 (Z=1.00 A=0.89 P=0.52 R=1.00) advisory only"}
{"time":"2026-07-22 09:50:16,639","level":"INFO","node":0,"msg":"Sent consensus vote to node 1"}
{"time":"2026-07-22 09:50:16,665","level":"INFO","node":0,"msg":"Sent consensus vote to node 2"}
{"time":"2026-07-22 09:50:16,691","level":"INFO","node":0,"msg":"Sent consensus vote to node 3"}
{"time":"2026-07-22 09:50:23,031","level":"INFO","node":0,"msg":"Forwarded to http://127.0.0.1:8001"}
{"time":"2026-07-22 09:50:29,924","level":"INFO","node":0,"msg":"Proposal for round=5 origin=1 changed hash after 56.14s — treating as a legitimate round retry, not equivocation."}
{"time":"2026-07-22 09:50:29,924","level":"INFO","node":0,"msg":"Proposal received: round=5 origin=1 hash=8b43afb2e2b5..."}
{"time":"2026-07-22 09:50:29,938","level":"INFO","node":0,"msg":"Consensus vote recorded: node 1 decision=True reason=zkp_ok round=5 new=True satisfied=False"}
{"time":"2026-07-22 09:50:40,024","level":"INFO","node":0,"msg":"Consensus vote recorded: node 2 decision=True reason=zkp_ok round=5 new=True satisfied=False"}
{"time":"2026-07-22 09:50:56,429","level":"INFO","node":0,"msg":"Consensus vote recorded: node 3 decision=True reason=zkp_ok round=5 new=True satisfied=True"}
{"time":"2026-07-22 09:51:02,798","level":"INFO","node":0,"msg":"Received update from node 3, round 5"}
{"time":"2026-07-22 09:51:12,850","level":"INFO","node":0,"msg":"ZKP ACCEPTED from node 3"}
{"time":"2026-07-22 09:51:12,850","level":"INFO","node":0,"msg":"fc_in col7 delta self-cosine for node 1: -0.2002 (delta_norm=0.1143)"}
{"time":"2026-07-22 09:51:12,852","level":"INFO","node":0,"msg":"Per-class agreement with node 1: class0=0.974 class1=0.966 gap=0.008"}
{"time":"2026-07-22 09:51:12,852","level":"INFO","node":0,"msg":"Per-class rolling gap for node 1: mean=0.044 over last 2 round(s)"}
{"time":"2026-07-22 09:51:12,856","level":"INFO","node":0,"msg":"Trust score for node 1: S=0.858 (Z=1.00 A=0.97 P=0.59 R=1.00) advisory only"}
{"time":"2026-07-22 09:51:12,883","level":"INFO","node":0,"msg":"Sent consensus vote to node 1"}
{"time":"2026-07-22 09:51:12,906","level":"INFO","node":0,"msg":"Sent consensus vote to node 2"}
{"time":"2026-07-22 09:51:12,938","level":"INFO","node":0,"msg":"Sent consensus vote to node 3"}
{"time":"2026-07-22 09:51:19,000","level":"INFO","node":0,"msg":"Forwarded to http://127.0.0.1:8001"}
{"time":"2026-07-22 09:51:19,043","level":"INFO","node":0,"msg":"Synced weights from master for round 5"}
{"time":"2026-07-22 09:51:19,049","level":"INFO","node":0,"msg":"Sent commit vote to node 1"}
{"time":"2026-07-22 09:51:25,610","level":"INFO","node":0,"msg":"Proposal received: round=6 origin=2 hash=3e9b67a0a888..."}
{"time":"2026-07-22 09:51:25,655","level":"INFO","node":0,"msg":"Consensus vote recorded: node 2 decision=True reason=zkp_ok round=6 new=True satisfied=False"}
{"time":"2026-07-22 09:51:35,707","level":"INFO","node":0,"msg":"Consensus vote recorded: node 3 decision=False reason=stale_update_replay round=6 new=True satisfied=False"}
{"time":"2026-07-22 09:51:42,054","level":"INFO","node":0,"msg":"Received update from node 3, round 6"}
{"time":"2026-07-22 09:51:52,060","level":"INFO","node":0,"msg":"ZKP ACCEPTED from node 3"}
{"time":"2026-07-22 09:51:52,060","level":"WARNING","node":0,"msg":"[STALE-UPDATE CHECK] node 0 observed node 2 resending identical slack (90000102217) as last round — REJECTING as replayed/stale update"}
{"time":"2026-07-22 09:51:52,060","level":"INFO","node":0,"msg":"Per-class agreement with node 2: class0=0.958 class1=0.972 gap=0.015"}
{"time":"2026-07-22 09:51:52,065","level":"INFO","node":0,"msg":"Per-class rolling gap for node 2: mean=0.015 over last 1 round(s)"}
{"time":"2026-07-22 09:51:52,069","level":"INFO","node":0,"msg":"Trust score for node 2: S=0.845 (Z=1.00 A=0.96 P=0.57 R=1.00) advisory only"}
{"time":"2026-07-22 09:51:52,069","level":"WARNING","node":0,"msg":"Update round=6 from node 2 REJECTED on stale-update replay: identical slack to previous round"}
{"time":"2026-07-22 09:51:52,085","level":"INFO","node":0,"msg":"Sent consensus vote to node 1"}
{"time":"2026-07-22 09:51:52,100","level":"INFO","node":0,"msg":"Sent consensus vote to node 2"}
{"time":"2026-07-22 09:51:52,130","level":"INFO","node":0,"msg":"Sent consensus vote to node 3"}
{"time":"2026-07-22 09:51:58,308","level":"INFO","node":0,"msg":"Forwarded to http://127.0.0.1:8001"}
{"time":"2026-07-22 09:52:08,224","level":"INFO","node":0,"msg":"Prediction agreement with node 1 round=6: A=0.991"}
{"time":"2026-07-22 09:52:08,225","level":"INFO","node":0,"msg":"Consensus vote recorded: node 1 decision=False reason=stale_update_replay round=6 new=True satisfied=False"}
{"time":"2026-07-22 09:52:21,575","level":"INFO","node":0,"msg":"Proposal received: round=6 origin=2 hash=3e9b67a0a888..."}
{"time":"2026-07-22 09:52:21,623","level":"INFO","node":0,"msg":"Consensus vote recorded: node 2 decision=True reason=zkp_ok round=6 new=False satisfied=False"}
{"time":"2026-07-22 09:52:31,530","level":"INFO","node":0,"msg":"Prediction agreement with node 3 round=6: A=0.949"}
{"time":"2026-07-22 09:52:31,531","level":"INFO","node":0,"msg":"Consensus vote recorded: node 3 decision=False reason=stale_update_replay round=6 new=False satisfied=False"}
{"time":"2026-07-22 09:52:37,887","level":"INFO","node":0,"msg":"Received update from node 3, round 6"}
{"time":"2026-07-22 09:52:47,647","level":"INFO","node":0,"msg":"ZKP ACCEPTED from node 3"}
{"time":"2026-07-22 09:52:47,647","level":"WARNING","node":0,"msg":"[STALE-UPDATE CHECK] node 0 observed node 2 resending identical slack (90000102217) as last round — REJECTING as replayed/stale update"}
{"time":"2026-07-22 09:52:47,647","level":"INFO","node":0,"msg":"fc_in col7 delta self-cosine for node 2: -0.0274 (delta_norm=0.1123)"}
{"time":"2026-07-22 09:52:47,647","level":"INFO","node":0,"msg":"Per-class agreement with node 2: class0=0.966 class1=0.947 gap=0.019"}
{"time":"2026-07-22 09:52:47,647","level":"INFO","node":0,"msg":"Per-class rolling gap for node 2: mean=0.017 over last 2 round(s)"}
{"time":"2026-07-22 09:52:47,665","level":"INFO","node":0,"msg":"Trust score for node 2: S=0.797 (Z=1.00 A=0.96 P=0.55 R=0.80) advisory only"}
{"time":"2026-07-22 09:52:47,665","level":"WARNING","node":0,"msg":"Update round=6 from node 2 REJECTED on stale-update replay: identical slack to previous round"}
{"time":"2026-07-22 09:52:47,680","level":"INFO","node":0,"msg":"Sent consensus vote to node 1"}
{"time":"2026-07-22 09:52:47,707","level":"INFO","node":0,"msg":"Sent consensus vote to node 2"}
{"time":"2026-07-22 09:52:47,716","level":"INFO","node":0,"msg":"Sent consensus vote to node 3"}
{"time":"2026-07-22 09:52:53,859","level":"INFO","node":0,"msg":"Forwarded to http://127.0.0.1:8001"}
{"time":"2026-07-22 09:53:03,890","level":"INFO","node":0,"msg":"Prediction agreement with node 1 round=6: A=0.830"}
{"time":"2026-07-22 09:53:03,890","level":"INFO","node":0,"msg":"Consensus vote recorded: node 1 decision=False reason=stale_update_replay round=6 new=False satisfied=False"}
{"time":"2026-07-22 09:53:17,245","level":"INFO","node":0,"msg":"Proposal received: round=6 origin=2 hash=3e9b67a0a888..."}
{"time":"2026-07-22 09:53:17,289","level":"INFO","node":0,"msg":"Consensus vote recorded: node 2 decision=True reason=zkp_ok round=6 new=False satisfied=False"}
{"time":"2026-07-22 09:53:27,263","level":"INFO","node":0,"msg":"Prediction agreement with node 3 round=6: A=0.922"}
{"time":"2026-07-22 09:53:27,264","level":"INFO","node":0,"msg":"Consensus vote recorded: node 3 decision=False reason=stale_update_replay round=6 new=False satisfied=False"}
{"time":"2026-07-22 09:53:33,428","level":"INFO","node":0,"msg":"Received update from node 3, round 6"}
{"time":"2026-07-22 09:53:43,280","level":"INFO","node":0,"msg":"ZKP ACCEPTED from node 3"}
{"time":"2026-07-22 09:53:43,280","level":"WARNING","node":0,"msg":"[STALE-UPDATE CHECK] node 0 observed node 2 resending identical slack (90000102217) as last round — REJECTING as replayed/stale update"}
{"time":"2026-07-22 09:53:43,280","level":"INFO","node":0,"msg":"fc_in col7 delta self-cosine for node 2: -0.4143 (delta_norm=0.1195)"}
{"time":"2026-07-22 09:53:43,286","level":"INFO","node":0,"msg":"Per-class agreement with node 2: class0=0.974 class1=0.958 gap=0.016"}
{"time":"2026-07-22 09:53:43,286","level":"INFO","node":0,"msg":"Per-class rolling gap for node 2: mean=0.017 over last 3 round(s)"}
{"time":"2026-07-22 09:53:43,291","level":"INFO","node":0,"msg":"Trust score for node 2: S=0.753 (Z=1.00 A=0.97 P=0.52 R=0.60) advisory only"}
{"time":"2026-07-22 09:53:43,291","level":"WARNING","node":0,"msg":"Update round=6 from node 2 REJECTED on stale-update replay: identical slack to previous round"}
{"time":"2026-07-22 09:53:43,308","level":"INFO","node":0,"msg":"Sent consensus vote to node 1"}
{"time":"2026-07-22 09:53:43,331","level":"INFO","node":0,"msg":"Sent consensus vote to node 2"}
{"time":"2026-07-22 09:53:43,343","level":"INFO","node":0,"msg":"Sent consensus vote to node 3"}
{"time":"2026-07-22 09:53:49,571","level":"INFO","node":0,"msg":"Forwarded to http://127.0.0.1:8001"}
{"time":"2026-07-22 09:53:59,452","level":"INFO","node":0,"msg":"Prediction agreement with node 1 round=6: A=0.797"}
{"time":"2026-07-22 09:53:59,453","level":"INFO","node":0,"msg":"Consensus vote recorded: node 1 decision=False reason=stale_update_replay round=6 new=False satisfied=False"}
{"time":"2026-07-22 09:54:12,739","level":"INFO","node":0,"msg":"Proposal received: round=6 origin=2 hash=3e9b67a0a888..."}
{"time":"2026-07-22 09:54:12,796","level":"INFO","node":0,"msg":"Consensus vote recorded: node 2 decision=True reason=zkp_ok round=6 new=False satisfied=False"}
{"time":"2026-07-22 09:54:22,763","level":"INFO","node":0,"msg":"Prediction agreement with node 3 round=6: A=0.921"}
{"time":"2026-07-22 09:54:22,763","level":"INFO","node":0,"msg":"Consensus vote recorded: node 3 decision=False reason=stale_update_replay round=6 new=False satisfied=False"}
{"time":"2026-07-22 09:54:29,169","level":"INFO","node":0,"msg":"Received update from node 3, round 6"}
{"time":"2026-07-22 09:54:38,995","level":"INFO","node":0,"msg":"ZKP ACCEPTED from node 3"}
{"time":"2026-07-22 09:54:38,995","level":"WARNING","node":0,"msg":"[STALE-UPDATE CHECK] node 0 observed node 2 resending identical slack (90000102217) as last round — REJECTING as replayed/stale update"}
{"time":"2026-07-22 09:54:38,995","level":"INFO","node":0,"msg":"fc_in col7 delta self-cosine for node 2: -0.3542 (delta_norm=0.1398)"}
{"time":"2026-07-22 09:54:39,011","level":"INFO","node":0,"msg":"Per-class agreement with node 2: class0=0.965 class1=0.950 gap=0.016"}
{"time":"2026-07-22 09:54:39,011","level":"INFO","node":0,"msg":"Per-class rolling gap for node 2: mean=0.016 over last 4 round(s)"}
{"time":"2026-07-22 09:54:39,012","level":"INFO","node":0,"msg":"Trust score for node 2: S=0.695 (Z=1.00 A=0.96 P=0.48 R=0.40) advisory only"}
{"time":"2026-07-22 09:54:39,012","level":"WARNING","node":0,"msg":"Update round=6 from node 2 REJECTED on stale-update replay: identical slack to previous round"}
{"time":"2026-07-22 09:54:39,034","level":"INFO","node":0,"msg":"Sent consensus vote to node 1"}
{"time":"2026-07-22 09:54:39,061","level":"INFO","node":0,"msg":"Sent consensus vote to node 2"}
{"time":"2026-07-22 09:54:39,072","level":"INFO","node":0,"msg":"Sent consensus vote to node 3"}
{"time":"2026-07-22 09:54:45,311","level":"INFO","node":0,"msg":"Forwarded to http://127.0.0.1:8001"}
{"time":"2026-07-22 09:54:55,299","level":"INFO","node":0,"msg":"Prediction agreement with node 1 round=6: A=0.757"}
{"time":"2026-07-22 09:54:55,299","level":"INFO","node":0,"msg":"Consensus vote recorded: node 1 decision=False reason=stale_update_replay round=6 new=False satisfied=False"}
{"time":"2026-07-22 09:55:01,566","level":"INFO","node":0,"msg":"Round 7 skip acknowledged — advancing to round 8"}
{"time":"2026-07-22 09:55:01,566","level":"WARNING","node":0,"msg":"[SKIP STRIKE] round 7 skipped, proposer=2, reason=quorum_failure — recording independent strike"}
{"time":"2026-07-22 09:55:01,566","level":"WARNING","node":0,"msg":"This node independently suspects node 2 (local strikes=5.0) — broadcasting accusation for peer corroboration, NOT excluding unilaterally"}
{"time":"2026-07-22 09:55:01,584","level":"INFO","node":0,"msg":"Sent accusation to node 1"}
{"time":"2026-07-22 09:55:01,603","level":"INFO","node":0,"msg":"Sent accusation to node 2"}
{"time":"2026-07-22 09:55:01,629","level":"INFO","node":0,"msg":"Sent accusation to node 3"}
{"time":"2026-07-22 09:55:01,629","level":"WARNING","node":0,"msg":"Node 2 accused by node 0, but only 1/3 distinct accusers so far (3f+1 quorum) — NOT excluding yet (avoids a single compromised node unilaterally removing an honest peer)."}
{"time":"2026-07-22 09:55:01,654","level":"WARNING","node":0,"msg":"Node 2 accused by node 1, but only 2/3 distinct accusers so far (3f+1 quorum) — NOT excluding yet (avoids a single compromised node unilaterally removing an honest peer)."}
{"time":"2026-07-22 09:55:01,720","level":"ERROR","node":0,"msg":"Node 2 accused by 3 independent peers ([0, 1, 3]) — quorum-corroborated, excluding."}
{"time":"2026-07-22 09:55:01,720","level":"ERROR","node":0,"msg":"Node 2 EXCLUDED from proposing and quorum. Quorum requirement adjusted to 3 of 3 remaining trusted nodes."}
{"time":"2026-07-22 09:55:01,723","level":"INFO","node":0,"msg":"Sent exclusion notice for node 2 to node 1"}
{"time":"2026-07-22 09:55:11,740","level":"WARNING","node":0,"msg":"Failed to send exclusion notice to node 3: HTTPConnectionPool(host='127.0.0.1', port=8003): Read timed out. (read timeout=10)"}
{"time":"2026-07-22 09:55:28,687","level":"INFO","node":0,"msg":"Proposal received: round=7 origin=3 hash=652a0a32d363..."}
{"time":"2026-07-22 09:55:28,698","level":"INFO","node":0,"msg":"Consensus vote recorded: node 3 decision=True reason=zkp_ok round=7 new=True satisfied=False"}
{"time":"2026-07-22 09:55:28,716","level":"INFO","node":0,"msg":"Received update from node 3, round 7"}
{"time":"2026-07-22 09:55:35,055","level":"INFO","node":0,"msg":"Proposal for round=7 origin=3 changed hash after 6.38s — treating as a legitimate round retry, not equivocation."}
{"time":"2026-07-22 09:55:35,071","level":"INFO","node":0,"msg":"Proposal received: round=7 origin=3 hash=523a3fbbd206..."}
{"time":"2026-07-22 09:55:35,145","level":"INFO","node":0,"msg":"Consensus vote recorded: node 3 decision=True reason=zkp_ok round=7 new=True satisfied=False"}
{"time":"2026-07-22 09:55:35,223","level":"INFO","node":0,"msg":"Received update from node 3, round 7"}
{"time":"2026-07-22 09:55:42,783","level":"INFO","node":0,"msg":"ZKP ACCEPTED from node 3"}
{"time":"2026-07-22 09:55:43,969","level":"INFO","node":0,"msg":"Per-class agreement with node 3: class0=0.880 class1=0.799 gap=0.081"}
{"time":"2026-07-22 09:55:43,985","level":"INFO","node":0,"msg":"Per-class rolling gap for node 3: mean=0.081 over last 1 round(s)"}
{"time":"2026-07-22 09:55:44,560","level":"INFO","node":0,"msg":"Trust score for node 3: S=0.759 (Z=1.00 A=0.85 P=0.61 R=1.00) advisory only"}
{"time":"2026-07-22 09:55:44,797","level":"INFO","node":0,"msg":"Sent consensus vote to node 1"}
{"time":"2026-07-22 09:55:45,103","level":"INFO","node":0,"msg":"Sent consensus vote to node 3"}
{"time":"2026-07-22 09:55:49,348","level":"INFO","node":0,"msg":"ZKP ACCEPTED from node 3"}
{"time":"2026-07-22 09:55:49,348","level":"INFO","node":0,"msg":"fc_in col7 delta self-cosine for node 3: -0.2871 (delta_norm=0.1793)"}
{"time":"2026-07-22 09:55:50,478","level":"INFO","node":0,"msg":"Per-class agreement with node 3: class0=0.965 class1=0.951 gap=0.014"}
{"time":"2026-07-22 09:55:50,494","level":"INFO","node":0,"msg":"Per-class rolling gap for node 3: mean=0.047 over last 2 round(s)"}
{"time":"2026-07-22 09:55:51,322","level":"INFO","node":0,"msg":"Trust score for node 3: S=0.819 (Z=1.00 A=0.96 P=0.48 R=1.00) advisory only"}
{"time":"2026-07-22 09:55:51,525","level":"INFO","node":0,"msg":"Sent consensus vote to node 1"}
{"time":"2026-07-22 09:55:51,758","level":"INFO","node":0,"msg":"Sent consensus vote to node 3"}
{"time":"2026-07-22 09:55:57,071","level":"INFO","node":0,"msg":"Forwarded to http://127.0.0.1:8001"}
{"time":"2026-07-22 09:56:03,673","level":"INFO","node":0,"msg":"Forwarded to http://127.0.0.1:8001"}
{"time":"2026-07-22 09:56:12,845","level":"INFO","node":0,"msg":"Prediction agreement with node 1 round=7: A=0.789"}
{"time":"2026-07-22 09:56:12,845","level":"INFO","node":0,"msg":"Consensus vote recorded: node 1 decision=True reason=zkp_ok round=7 new=True satisfied=True"}
{"time":"2026-07-22 09:56:20,214","level":"INFO","node":0,"msg":"Prediction agreement with node 1 round=7: A=0.803"}
{"time":"2026-07-22 09:56:20,214","level":"INFO","node":0,"msg":"Consensus vote recorded: node 1 decision=True reason=zkp_ok round=7 new=False satisfied=True"}
{"time":"2026-07-22 09:56:25,018","level":"INFO","node":0,"msg":"Synced weights from master for round 7"}
{"time":"2026-07-22 09:56:25,027","level":"INFO","node":0,"msg":"Sent commit vote to node 3"}
{"time":"2026-07-22 09:56:25,770","level":"INFO","node":0,"msg":"My turn — starting round 9 as proposer."}
{"time":"2026-07-22 09:56:25,770","level":"INFO","node":0,"msg":"Starting round 9"}
{"time":"2026-07-22 09:56:32,317","level":"INFO","node":0,"msg":"Sent proposal to node 1"}
{"time":"2026-07-22 09:56:32,334","level":"INFO","node":0,"msg":"Sent proposal to node 3"}
{"time":"2026-07-22 09:56:32,340","level":"INFO","node":0,"msg":"Sent consensus vote to node 1"}
{"time":"2026-07-22 09:56:32,349","level":"INFO","node":0,"msg":"Sent consensus vote to node 3"}
{"time":"2026-07-22 09:56:32,358","level":"INFO","node":0,"msg":"Forwarded to http://127.0.0.1:8001"}
{"time":"2026-07-22 09:56:42,494","level":"INFO","node":0,"msg":"Consensus vote recorded: node 1 decision=True reason=zkp_ok round=8 new=True satisfied=False"}
{"time":"2026-07-22 09:56:58,912","level":"INFO","node":0,"msg":"Consensus vote recorded: node 3 decision=True reason=zkp_ok round=8 new=True satisfied=True"}
{"time":"2026-07-22 09:57:05,245","level":"INFO","node":0,"msg":"Received update from node 3, round 8"}
{"time":"2026-07-22 09:57:05,245","level":"INFO","node":0,"msg":"Round 9 complete — aggregating"}
{"time":"2026-07-22 09:57:05,280","level":"WARNING","node":0,"msg":"[BACKDOOR PROBE] Round 9 SUSPICIOUS: feature=1 value=8.0 forces class=1 flip_rate=1.000 jump=0.682 (thresholds: flip>0.7, jump>0.3)"}
{"time":"2026-07-22 09:57:05,324","level":"INFO","node":0,"msg":"Commit vote recorded: node 1 decision=True round=8 satisfied=False"}
{"time":"2026-07-22 09:57:05,326","level":"INFO","node":0,"msg":"Broadcast weights to node 1"}
{"time":"2026-07-22 09:57:05,337","level":"INFO","node":0,"msg":"Commit vote recorded: node 3 decision=True round=8 satisfied=True"}
{"time":"2026-07-22 09:57:05,337","level":"INFO","node":0,"msg":"Round 9 COMMITTED — model hash agreed by [0, 1, 3]"}
{"time":"2026-07-22 09:57:05,338","level":"INFO","node":0,"msg":"Commit certificate saved to C:\Users\mousu\OneDrive\Desktop\Set A\securefedhe\dashboard\certificates\round_8.json"}
{"time":"2026-07-22 09:57:05,341","level":"INFO","node":0,"msg":"Broadcast weights to node 3"}
{"time":"2026-07-22 09:57:05,344","level":"INFO","node":0,"msg":"Checkpoint saved to C:\Users\mousu\OneDrive\Desktop\Set A\securefedhe\dashboard\model_latest.pt"}
{"time":"2026-07-22 09:57:05,345","level":"INFO","node":0,"msg":"Round 9 complete | accuracy=0.8364 | duration=39.57s"}
{"time":"2026-07-22 09:57:05,346","level":"INFO","node":0,"msg":"Round 10 belongs to node 1 — waiting for their proposal."}
{"time":"2026-07-22 09:57:05,352","level":"INFO","node":0,"msg":"Notified next proposer to node 1"}
{"time":"2026-07-22 09:57:05,352","level":"INFO","node":0,"msg":"[WATCHDOG SPAWNED] round=9 expected_proposer=1 timeout_s=600 spawned_at=09:57:05"}
{"time":"2026-07-22 09:57:11,743","level":"INFO","node":0,"msg":"Proposal received: round=9 origin=1 hash=092ba07ab7cf..."}
{"time":"2026-07-22 09:57:11,765","level":"INFO","node":0,"msg":"Consensus vote recorded: node 1 decision=True reason=zkp_ok round=9 new=True satisfied=False"}
{"time":"2026-07-22 09:57:21,825","level":"INFO","node":0,"msg":"Consensus vote recorded: node 3 decision=True reason=zkp_ok round=9 new=True satisfied=False"}
{"time":"2026-07-22 09:57:28,027","level":"INFO","node":0,"msg":"Received update from node 3, round 9"}
{"time":"2026-07-22 09:57:38,013","level":"INFO","node":0,"msg":"ZKP ACCEPTED from node 3"}
{"time":"2026-07-22 09:57:38,013","level":"INFO","node":0,"msg":"fc_in col7 delta self-cosine for node 1: 0.1005 (delta_norm=0.2707)"}
{"time":"2026-07-22 09:57:38,017","level":"INFO","node":0,"msg":"Per-class agreement with node 1: class0=0.854 class1=0.874 gap=0.020"}
{"time":"2026-07-22 09:57:38,019","level":"INFO","node":0,"msg":"Per-class rolling gap for node 1: mean=0.036 over last 3 round(s)"}
{"time":"2026-07-22 09:57:38,021","level":"INFO","node":0,"msg":"Trust score for node 1: S=0.747 (Z=1.00 A=0.86 P=0.54 R=1.00) advisory only"}
{"time":"2026-07-22 09:57:38,060","level":"INFO","node":0,"msg":"Sent consensus vote to node 1"}
{"time":"2026-07-22 09:57:38,077","level":"INFO","node":0,"msg":"Sent consensus vote to node 3"}
{"time":"2026-07-22 09:57:44,194","level":"INFO","node":0,"msg":"Forwarded to http://127.0.0.1:8001"}
{"time":"2026-07-22 09:57:44,266","level":"INFO","node":0,"msg":"Synced weights from master for round 9"}
{"time":"2026-07-22 09:57:44,266","level":"INFO","node":0,"msg":"Sent commit vote to node 1"}
{"time":"2026-07-22 09:57:50,836","level":"INFO","node":0,"msg":"Proposal received: round=10 origin=3 hash=242128730b32..."}
{"time":"2026-07-22 09:57:50,862","level":"INFO","node":0,"msg":"Consensus vote recorded: node 3 decision=True reason=zkp_ok round=10 new=True satisfied=False"}
{"time":"2026-07-22 09:57:50,873","level":"INFO","node":0,"msg":"Received update from node 3, round 10"}
{"time":"2026-07-22 09:58:00,786","level":"INFO","node":0,"msg":"ZKP ACCEPTED from node 3"}
{"time":"2026-07-22 09:58:00,786","level":"INFO","node":0,"msg":"fc_in col7 delta self-cosine for node 3: -0.3645 (delta_norm=0.2884)"}
{"time":"2026-07-22 09:58:00,804","level":"INFO","node":0,"msg":"Per-class agreement with node 3: class0=0.842 class1=0.865 gap=0.023"}
{"time":"2026-07-22 09:58:00,804","level":"INFO","node":0,"msg":"Per-class rolling gap for node 3: mean=0.039 over last 3 round(s)"}
{"time":"2026-07-22 09:58:00,806","level":"INFO","node":0,"msg":"Trust score for node 3: S=0.728 (Z=1.00 A=0.85 P=0.50 R=1.00) advisory only"}
{"time":"2026-07-22 09:58:00,825","level":"INFO","node":0,"msg":"Sent consensus vote to node 1"}
{"time":"2026-07-22 09:58:00,835","level":"INFO","node":0,"msg":"Sent consensus vote to node 3"}
{"time":"2026-07-22 09:58:07,066","level":"INFO","node":0,"msg":"Forwarded to http://127.0.0.1:8001"}
{"time":"2026-07-22 09:58:17,175","level":"INFO","node":0,"msg":"Prediction agreement with node 1 round=10: A=0.993"}
{"time":"2026-07-22 09:58:17,176","level":"INFO","node":0,"msg":"Consensus vote recorded: node 1 decision=True reason=zkp_ok round=10 new=True satisfied=True"}
{"time":"2026-07-22 09:58:23,663","level":"INFO","node":0,"msg":"Synced weights from master for round 10"}
{"time":"2026-07-22 09:58:23,677","level":"INFO","node":0,"msg":"Sent commit vote to node 3"}
{"time":"2026-07-22 09:58:30,522","level":"INFO","node":0,"msg":"Proposal received: round=11 origin=3 hash=ca1153fe1596..."}
{"time":"2026-07-22 09:58:30,530","level":"INFO","node":0,"msg":"Consensus vote recorded: node 3 decision=True reason=zkp_ok round=11 new=True satisfied=False"}
{"time":"2026-07-22 09:58:30,545","level":"INFO","node":0,"msg":"Received update from node 3, round 11"}
{"time":"2026-07-22 09:58:40,306","level":"INFO","node":0,"msg":"ZKP ACCEPTED from node 3"}
{"time":"2026-07-22 09:58:40,306","level":"INFO","node":0,"msg":"fc_in col7 delta self-cosine for node 3: -0.2698 (delta_norm=0.1747)"}
{"time":"2026-07-22 09:58:40,312","level":"INFO","node":0,"msg":"Per-class agreement with node 3: class0=0.956 class1=0.975 gap=0.019"}
{"time":"2026-07-22 09:58:40,312","level":"INFO","node":0,"msg":"Per-class rolling gap for node 3: mean=0.034 over last 4 round(s)"}
{"time":"2026-07-22 09:58:40,317","level":"INFO","node":0,"msg":"Trust score for node 3: S=0.830 (Z=1.00 A=0.96 P=0.52 R=1.00) advisory only"}
{"time":"2026-07-22 09:58:40,329","level":"INFO","node":0,"msg":"Sent consensus vote to node 1"}
{"time":"2026-07-22 09:58:40,344","level":"INFO","node":0,"msg":"Sent consensus vote to node 3"}
{"time":"2026-07-22 09:58:46,428","level":"INFO","node":0,"msg":"Forwarded to http://127.0.0.1:8001"}
{"time":"2026-07-22 09:58:56,138","level":"INFO","node":0,"msg":"Prediction agreement with node 1 round=11: A=0.994"}
{"time":"2026-07-22 09:58:56,138","level":"INFO","node":0,"msg":"Consensus vote recorded: node 1 decision=True reason=zkp_ok round=11 new=True satisfied=True"}
{"time":"2026-07-22 09:59:02,371","level":"INFO","node":0,"msg":"Synced weights from master for round 11"}
{"time":"2026-07-22 09:59:02,395","level":"INFO","node":0,"msg":"Sent commit vote to node 3"}
{"time":"2026-07-22 09:59:02,423","level":"INFO","node":0,"msg":"My turn — starting round 13 as proposer."}
{"time":"2026-07-22 09:59:02,424","level":"INFO","node":0,"msg":"Starting round 13"}
{"time":"2026-07-22 09:59:08,610","level":"INFO","node":0,"msg":"Sent proposal to node 1"}
{"time":"2026-07-22 09:59:08,629","level":"INFO","node":0,"msg":"Sent proposal to node 3"}
{"time":"2026-07-22 09:59:08,637","level":"INFO","node":0,"msg":"Sent consensus vote to node 1"}
{"time":"2026-07-22 09:59:08,643","level":"INFO","node":0,"msg":"Sent consensus vote to node 3"}
{"time":"2026-07-22 09:59:08,650","level":"INFO","node":0,"msg":"Forwarded to http://127.0.0.1:8001"}
{"time":"2026-07-22 09:59:18,506","level":"INFO","node":0,"msg":"Consensus vote recorded: node 1 decision=True reason=zkp_ok round=12 new=True satisfied=False"}
{"time":"2026-07-22 09:59:34,458","level":"INFO","node":0,"msg":"Consensus vote recorded: node 3 decision=True reason=zkp_ok round=12 new=True satisfied=True"}
{"time":"2026-07-22 09:59:40,604","level":"INFO","node":0,"msg":"Received update from node 3, round 12"}
{"time":"2026-07-22 09:59:40,604","level":"INFO","node":0,"msg":"Round 13 complete — aggregating"}
{"time":"2026-07-22 09:59:40,668","level":"WARNING","node":0,"msg":"[BACKDOOR PROBE] Round 13 SUSPICIOUS: feature=5 value=6.0 forces class=1 flip_rate=1.000 jump=0.691 (thresholds: flip>0.7, jump>0.3)"}
{"time":"2026-07-22 09:59:40,703","level":"INFO","node":0,"msg":"Commit vote recorded: node 1 decision=True round=12 satisfied=False"}
{"time":"2026-07-22 09:59:40,705","level":"INFO","node":0,"msg":"Broadcast weights to node 1"}
{"time":"2026-07-22 09:59:40,716","level":"INFO","node":0,"msg":"Commit vote recorded: node 3 decision=True round=12 satisfied=True"}
{"time":"2026-07-22 09:59:40,717","level":"INFO","node":0,"msg":"Round 13 COMMITTED — model hash agreed by [0, 1, 3]"}
{"time":"2026-07-22 09:59:40,719","level":"INFO","node":0,"msg":"Commit certificate saved to C:\Users\mousu\OneDrive\Desktop\Set A\securefedhe\dashboard\certificates\round_12.json"}
{"time":"2026-07-22 09:59:40,723","level":"INFO","node":0,"msg":"Broadcast weights to node 3"}
{"time":"2026-07-22 09:59:40,724","level":"INFO","node":0,"msg":"Checkpoint saved to C:\Users\mousu\OneDrive\Desktop\Set A\securefedhe\dashboard\model_latest.pt"}
{"time":"2026-07-22 09:59:40,726","level":"INFO","node":0,"msg":"Round 13 complete | accuracy=0.8455 | duration=38.30s"}
{"time":"2026-07-22 09:59:40,726","level":"INFO","node":0,"msg":"Round 14 belongs to node 1 — waiting for their proposal."}
{"time":"2026-07-22 09:59:40,731","level":"INFO","node":0,"msg":"Notified next proposer to node 1"}
{"time":"2026-07-22 09:59:40,732","level":"INFO","node":0,"msg":"[WATCHDOG SPAWNED] round=13 expected_proposer=1 timeout_s=600 spawned_at=09:59:40"}
{"time":"2026-07-22 09:59:46,905","level":"INFO","node":0,"msg":"Proposal received: round=13 origin=1 hash=b2fa896adf83..."}
{"time":"2026-07-22 09:59:46,905","level":"INFO","node":0,"msg":"Consensus vote recorded: node 1 decision=True reason=zkp_ok round=13 new=True satisfied=False"}
{"time":"2026-07-22 09:59:56,682","level":"INFO","node":0,"msg":"Consensus vote recorded: node 3 decision=True reason=zkp_ok round=13 new=True satisfied=False"}
{"time":"2026-07-22 10:00:02,830","level":"INFO","node":0,"msg":"Received update from node 3, round 13"}
{"time":"2026-07-22 10:00:12,500","level":"INFO","node":0,"msg":"ZKP ACCEPTED from node 3"}
{"time":"2026-07-22 10:00:12,500","level":"INFO","node":0,"msg":"fc_in col7 delta self-cosine for node 1: 0.0564 (delta_norm=0.1856)"}
{"time":"2026-07-22 10:00:12,510","level":"INFO","node":0,"msg":"Per-class agreement with node 1: class0=0.943 class1=0.951 gap=0.008"}
{"time":"2026-07-22 10:00:12,510","level":"INFO","node":0,"msg":"Per-class rolling gap for node 1: mean=0.029 over last 4 round(s)"}
{"time":"2026-07-22 10:00:12,513","level":"INFO","node":0,"msg":"Trust score for node 1: S=0.806 (Z=1.00 A=0.95 P=0.48 R=1.00) advisory only"}
{"time":"2026-07-22 10:00:12,528","level":"INFO","node":0,"msg":"Sent consensus vote to node 1"}
{"time":"2026-07-22 10:00:12,553","level":"INFO","node":0,"msg":"Sent consensus vote to node 3"}
{"time":"2026-07-22 10:00:18,617","level":"INFO","node":0,"msg":"Forwarded to http://127.0.0.1:8001"}
{"time":"2026-07-22 10:00:18,691","level":"INFO","node":0,"msg":"Synced weights from master for round 13"}
{"time":"2026-07-22 10:00:18,702","level":"INFO","node":0,"msg":"Sent commit vote to node 1"}
{"time":"2026-07-22 10:00:24,986","level":"INFO","node":0,"msg":"Proposal received: round=14 origin=3 hash=8c9bdd250bf2..."}
{"time":"2026-07-22 10:00:25,009","level":"INFO","node":0,"msg":"Consensus vote recorded: node 3 decision=True reason=zkp_ok round=14 new=True satisfied=False"}
{"time":"2026-07-22 10:00:25,024","level":"INFO","node":0,"msg":"Received update from node 3, round 14"}
{"time":"2026-07-22 10:00:34,778","level":"INFO","node":0,"msg":"ZKP ACCEPTED from node 3"}
{"time":"2026-07-22 10:00:34,778","level":"INFO","node":0,"msg":"fc_in col7 delta self-cosine for node 3: -0.1663 (delta_norm=0.2021)"}
{"time":"2026-07-22 10:00:34,794","level":"INFO","node":0,"msg":"Per-class agreement with node 3: class0=0.973 class1=0.969 gap=0.004"}
{"time":"2026-07-22 10:00:34,794","level":"INFO","node":0,"msg":"Per-class rolling gap for node 3: mean=0.015 over last 4 round(s)"}
{"time":"2026-07-22 10:00:34,800","level":"INFO","node":0,"msg":"Trust score for node 3: S=0.828 (Z=1.00 A=0.97 P=0.48 R=1.00) advisory only"}
{"time":"2026-07-22 10:00:34,813","level":"INFO","node":0,"msg":"Sent consensus vote to node 1"}
{"time":"2026-07-22 10:00:34,826","level":"INFO","node":0,"msg":"Sent consensus vote to node 3"}
{"time":"2026-07-22 10:00:40,792","level":"INFO","node":0,"msg":"Forwarded to http://127.0.0.1:8001"}
{"time":"2026-07-22 10:00:50,599","level":"INFO","node":0,"msg":"Prediction agreement with node 1 round=14: A=0.988"}
{"time":"2026-07-22 10:00:50,599","level":"INFO","node":0,"msg":"Consensus vote recorded: node 1 decision=True reason=zkp_ok round=14 new=True satisfied=True"}
{"time":"2026-07-22 10:00:56,772","level":"INFO","node":0,"msg":"Synced weights from master for round 14"}
{"time":"2026-07-22 10:00:56,794","level":"INFO","node":0,"msg":"Sent commit vote to node 3"}
{"time":"2026-07-22 10:01:03,286","level":"INFO","node":0,"msg":"Proposal received: round=15 origin=3 hash=a53142ce4966..."}
{"time":"2026-07-22 10:01:03,313","level":"INFO","node":0,"msg":"Consensus vote recorded: node 3 decision=True reason=zkp_ok round=15 new=True satisfied=False"}
{"time":"2026-07-22 10:01:03,322","level":"INFO","node":0,"msg":"Received update from node 3, round 15"}
{"time":"2026-07-22 10:01:12,891","level":"INFO","node":0,"msg":"ZKP ACCEPTED from node 3"}
{"time":"2026-07-22 10:01:12,891","level":"INFO","node":0,"msg":"fc_in col7 delta self-cosine for node 3: -0.2763 (delta_norm=0.1840)"}
{"time":"2026-07-22 10:01:12,909","level":"INFO","node":0,"msg":"Per-class agreement with node 3: class0=0.978 class1=0.972 gap=0.006"}
{"time":"2026-07-22 10:01:12,909","level":"INFO","node":0,"msg":"Per-class rolling gap for node 3: mean=0.013 over last 4 round(s)"}
{"time":"2026-07-22 10:01:12,909","level":"INFO","node":0,"msg":"Trust score for node 3: S=0.837 (Z=1.00 A=0.98 P=0.50 R=1.00) advisory only"}
{"time":"2026-07-22 10:01:12,924","level":"INFO","node":0,"msg":"Sent consensus vote to node 1"}
{"time":"2026-07-22 10:01:12,934","level":"INFO","node":0,"msg":"Sent consensus vote to node 3"}
{"time":"2026-07-22 10:01:19,040","level":"INFO","node":0,"msg":"Forwarded to http://127.0.0.1:8001"}
{"time":"2026-07-22 10:01:28,874","level":"INFO","node":0,"msg":"Prediction agreement with node 1 round=15: A=0.990"}
{"time":"2026-07-22 10:01:28,874","level":"INFO","node":0,"msg":"Consensus vote recorded: node 1 decision=True reason=zkp_ok round=15 new=True satisfied=True"}
{"time":"2026-07-22 10:01:35,119","level":"INFO","node":0,"msg":"Synced weights from master for round 15"}
{"time":"2026-07-22 10:01:35,125","level":"INFO","node":0,"msg":"Sent commit vote to node 3"}
{"time":"2026-07-22 10:01:35,157","level":"INFO","node":0,"msg":"My turn — starting round 17 as proposer."}
{"time":"2026-07-22 10:01:35,158","level":"INFO","node":0,"msg":"Starting round 17"}
{"time":"2026-07-22 10:01:41,295","level":"INFO","node":0,"msg":"Sent proposal to node 1"}
{"time":"2026-07-22 10:01:41,313","level":"INFO","node":0,"msg":"Sent proposal to node 3"}
{"time":"2026-07-22 10:01:41,325","level":"INFO","node":0,"msg":"Sent consensus vote to node 1"}
{"time":"2026-07-22 10:01:41,335","level":"INFO","node":0,"msg":"Sent consensus vote to node 3"}
{"time":"2026-07-22 10:01:41,343","level":"INFO","node":0,"msg":"Forwarded to http://127.0.0.1:8001"}
{"time":"2026-07-22 10:01:51,217","level":"INFO","node":0,"msg":"Consensus vote recorded: node 1 decision=True reason=zkp_ok round=16 new=True satisfied=False"}
{"time":"2026-07-22 10:02:07,049","level":"INFO","node":0,"msg":"Consensus vote recorded: node 3 decision=True reason=zkp_ok round=16 new=True satisfied=True"}
{"time":"2026-07-22 10:02:13,078","level":"INFO","node":0,"msg":"Received update from node 3, round 16"}
{"time":"2026-07-22 10:02:13,078","level":"INFO","node":0,"msg":"Round 17 complete — aggregating"}
{"time":"2026-07-22 10:02:13,119","level":"WARNING","node":0,"msg":"[BACKDOOR PROBE] Round 17 SUSPICIOUS: feature=1 value=8.0 forces class=1 flip_rate=1.000 jump=0.718 (thresholds: flip>0.7, jump>0.3)"}
{"time":"2026-07-22 10:02:13,160","level":"INFO","node":0,"msg":"Commit vote recorded: node 1 decision=True round=16 satisfied=False"}
{"time":"2026-07-22 10:02:13,162","level":"INFO","node":0,"msg":"Broadcast weights to node 1"}
{"time":"2026-07-22 10:02:13,175","level":"INFO","node":0,"msg":"Commit vote recorded: node 3 decision=True round=16 satisfied=True"}
{"time":"2026-07-22 10:02:13,176","level":"INFO","node":0,"msg":"Round 17 COMMITTED — model hash agreed by [0, 1, 3]"}
{"time":"2026-07-22 10:02:13,179","level":"INFO","node":0,"msg":"Commit certificate saved to C:\Users\mousu\OneDrive\Desktop\Set A\securefedhe\dashboard\certificates\round_16.json"}
{"time":"2026-07-22 10:02:13,182","level":"INFO","node":0,"msg":"Broadcast weights to node 3"}
{"time":"2026-07-22 10:02:13,184","level":"INFO","node":0,"msg":"Checkpoint saved to C:\Users\mousu\OneDrive\Desktop\Set A\securefedhe\dashboard\model_latest.pt"}
{"time":"2026-07-22 10:02:13,184","level":"INFO","node":0,"msg":"Round 17 complete | accuracy=0.8545 | duration=38.03s"}
{"time":"2026-07-22 10:02:13,184","level":"INFO","node":0,"msg":"Round 18 belongs to node 1 — waiting for their proposal."}
{"time":"2026-07-22 10:02:13,190","level":"INFO","node":0,"msg":"Notified next proposer to node 1"}
{"time":"2026-07-22 10:02:13,191","level":"INFO","node":0,"msg":"[WATCHDOG SPAWNED] round=17 expected_proposer=1 timeout_s=600 spawned_at=10:02:13"}
{"time":"2026-07-22 10:02:19,496","level":"INFO","node":0,"msg":"Proposal received: round=17 origin=1 hash=e90787166aad..."}
{"time":"2026-07-22 10:02:19,517","level":"INFO","node":0,"msg":"Consensus vote recorded: node 1 decision=True reason=zkp_ok round=17 new=True satisfied=False"}
{"time":"2026-07-22 10:02:30,868","level":"INFO","node":0,"msg":"Consensus vote recorded: node 3 decision=True reason=zkp_ok round=17 new=True satisfied=False"}
{"time":"2026-07-22 10:02:51,914","level":"INFO","node":0,"msg":"Received update from node 3, round 17"}
{"time":"2026-07-22 10:03:21,659","level":"INFO","node":0,"msg":"ZKP ACCEPTED from node 3"}
{"time":"2026-07-22 10:03:21,660","level":"INFO","node":0,"msg":"fc_in col7 delta self-cosine for node 1: 0.1416 (delta_norm=0.2077)"}
{"time":"2026-07-22 10:03:21,671","level":"INFO","node":0,"msg":"Per-class agreement with node 1: class0=0.974 class1=0.965 gap=0.009"}
{"time":"2026-07-22 10:03:21,671","level":"INFO","node":0,"msg":"Per-class rolling gap for node 1: mean=0.011 over last 4 round(s)"}
{"time":"2026-07-22 10:03:21,677","level":"INFO","node":0,"msg":"Trust score for node 1: S=0.828 (Z=1.00 A=0.97 P=0.48 R=1.00) advisory only"}
{"time":"2026-07-22 10:03:21,715","level":"INFO","node":0,"msg":"Sent consensus vote to node 1"}
{"time":"2026-07-22 10:03:21,740","level":"INFO","node":0,"msg":"Sent consensus vote to node 3"}
{"time":"2026-07-22 10:03:40,145","level":"INFO","node":0,"msg":"Forwarded to http://127.0.0.1:8001"}
{"time":"2026-07-22 10:03:40,268","level":"INFO","node":0,"msg":"Synced weights from master for round 17"}
{"time":"2026-07-22 10:03:40,281","level":"INFO","node":0,"msg":"Sent commit vote to node 1"}
{"time":"2026-07-22 10:03:59,090","level":"INFO","node":0,"msg":"Proposal received: round=18 origin=3 hash=da011bc54a9f..."}
{"time":"2026-07-22 10:03:59,118","level":"INFO","node":0,"msg":"Consensus vote recorded: node 3 decision=True reason=zkp_ok round=18 new=True satisfied=False"}
{"time":"2026-07-22 10:03:59,135","level":"INFO","node":0,"msg":"Received update from node 3, round 18"}
{"time":"2026-07-22 10:04:26,625","level":"INFO","node":0,"msg":"ZKP ACCEPTED from node 3"}
{"time":"2026-07-22 10:04:26,627","level":"INFO","node":0,"msg":"fc_in col7 delta self-cosine for node 3: -0.4656 (delta_norm=0.2414)"}
{"time":"2026-07-22 10:04:26,637","level":"INFO","node":0,"msg":"Per-class agreement with node 3: class0=0.969 class1=0.935 gap=0.034"}
{"time":"2026-07-22 10:04:26,638","level":"INFO","node":0,"msg":"Per-class rolling gap for node 3: mean=0.016 over last 4 round(s)"}
{"time":"2026-07-22 10:04:26,643","level":"INFO","node":0,"msg":"Trust score for node 3: S=0.816 (Z=1.00 A=0.96 P=0.48 R=1.00) advisory only"}
{"time":"2026-07-22 10:04:26,676","level":"INFO","node":0,"msg":"Sent consensus vote to node 1"}
{"time":"2026-07-22 10:04:26,693","level":"INFO","node":0,"msg":"Sent consensus vote to node 3"}
{"time":"2026-07-22 10:04:45,501","level":"INFO","node":0,"msg":"Forwarded to http://127.0.0.1:8001"}
{"time":"2026-07-22 10:05:14,334","level":"INFO","node":0,"msg":"Prediction agreement with node 1 round=18: A=0.990"}
{"time":"2026-07-22 10:05:14,334","level":"INFO","node":0,"msg":"Consensus vote recorded: node 1 decision=True reason=zkp_ok round=18 new=True satisfied=True"}
{"time":"2026-07-22 10:05:23,894","level":"ERROR","node":0,"msg":"Node 3 EXCLUDED from proposing and quorum. Quorum requirement adjusted to 2 of 2 remaining trusted nodes."}
{"time":"2026-07-22 10:05:24,033","level":"INFO","node":0,"msg":"My turn — starting round 8 as proposer."}
{"time":"2026-07-22 10:05:24,034","level":"INFO","node":0,"msg":"Starting round 19"}
{"time":"2026-07-22 10:05:33,395","level":"INFO","node":0,"msg":"Received update from node 1, round 18"}
{"time":"2026-07-22 10:05:51,477","level":"INFO","node":0,"msg":"Sent proposal to node 1"}
{"time":"2026-07-22 10:05:51,606","level":"INFO","node":0,"msg":"Sent consensus vote to node 1"}
{"time":"2026-07-22 10:05:51,790","level":"INFO","node":0,"msg":"Forwarded to http://127.0.0.1:8001"}
{"time":"2026-07-22 10:06:10,168","level":"INFO","node":0,"msg":"ZKP ACCEPTED from node 1"}
{"time":"2026-07-22 10:06:10,168","level":"WARNING","node":0,"msg":"[STALE-UPDATE CHECK] node 0 observed node 3 resending identical slack (64743349000) as last round — REJECTING as replayed/stale update"}
{"time":"2026-07-22 10:06:10,169","level":"INFO","node":0,"msg":"fc_in col7 delta self-cosine for node 3: -0.3293 (delta_norm=0.1244)"}
{"time":"2026-07-22 10:06:10,180","level":"INFO","node":0,"msg":"Per-class agreement with node 3: class0=0.951 class1=0.927 gap=0.024"}
{"time":"2026-07-22 10:06:10,181","level":"INFO","node":0,"msg":"Per-class rolling gap for node 3: mean=0.017 over last 4 round(s)"}
{"time":"2026-07-22 10:06:10,188","level":"INFO","node":0,"msg":"Trust score for node 3: S=0.794 (Z=1.00 A=0.94 P=0.45 R=1.00) advisory only"}
{"time":"2026-07-22 10:06:10,193","level":"WARNING","node":0,"msg":"Update round=18 from node 3 REJECTED on stale-update replay: identical slack to previous round"}
{"time":"2026-07-22 10:06:10,452","level":"INFO","node":0,"msg":"Sent consensus vote to node 1"}
{"time":"2026-07-22 10:06:17,216","level":"INFO","node":0,"msg":"Consensus vote recorded: node 1 decision=True reason=zkp_ok round=18 new=True satisfied=True"}
{"time":"2026-07-22 10:06:26,024","level":"INFO","node":0,"msg":"Forwarded to http://127.0.0.1:8001"}
{"time":"2026-07-22 10:06:45,782","level":"INFO","node":0,"msg":"Received update from node 1, round 18"}
{"time":"2026-07-22 10:06:45,783","level":"INFO","node":0,"msg":"Round 19 complete — aggregating"}
{"time":"2026-07-22 10:06:45,889","level":"INFO","node":0,"msg":"[BACKDOOR PROBE] Round 19 clean — worst case flip_rate=1.000 jump=0.200 (feature=1, value=-4.0)"}
{"time":"2026-07-22 10:06:46,359","level":"INFO","node":0,"msg":"Commit vote recorded: node 1 decision=True round=18 satisfied=True"}
{"time":"2026-07-22 10:06:46,359","level":"INFO","node":0,"msg":"Round 19 COMMITTED — model hash agreed by [0, 1]"}
{"time":"2026-07-22 10:06:46,361","level":"INFO","node":0,"msg":"Commit certificate saved to C:\Users\mousu\OneDrive\Desktop\Set A\securefedhe\dashboard\certificates\round_18.json"}
{"time":"2026-07-22 10:06:46,659","level":"INFO","node":0,"msg":"Broadcast weights to node 1"}
{"time":"2026-07-22 10:06:46,665","level":"INFO","node":0,"msg":"Checkpoint saved to C:\Users\mousu\OneDrive\Desktop\Set A\securefedhe\dashboard\model_latest.pt"}
{"time":"2026-07-22 10:06:46,666","level":"INFO","node":0,"msg":"Round 19 complete | accuracy=0.8273 | duration=82.63s"}
{"time":"2026-07-22 10:06:47,182","level":"INFO","node":0,"msg":"Starting round 20"}
{"time":"2026-07-22 10:07:03,945","level":"INFO","node":0,"msg":"Prediction agreement with node 1 round=18: A=0.937"}
{"time":"2026-07-22 10:07:03,945","level":"INFO","node":0,"msg":"Consensus vote recorded: node 1 decision=False reason=wrong_round round=18 new=False satisfied=True"}
{"time":"2026-07-22 10:07:04,789","level":"INFO","node":0,"msg":"Sent proposal to node 1"}
{"time":"2026-07-22 10:07:04,883","level":"INFO","node":0,"msg":"Sent consensus vote to node 1"}
{"time":"2026-07-22 10:07:04,913","level":"INFO","node":0,"msg":"Forwarded to http://127.0.0.1:8001"}
{"time":"2026-07-22 10:07:42,477","level":"INFO","node":0,"msg":"Received update from node 1, round 18"}
{"time":"2026-07-22 10:07:52,452","level":"INFO","node":0,"msg":"Consensus vote recorded: node 1 decision=True reason=zkp_ok round=19 new=True satisfied=True"}
{"time":"2026-07-22 10:08:09,197","level":"INFO","node":0,"msg":"ZKP ACCEPTED from node 1"}
{"time":"2026-07-22 10:08:09,198","level":"WARNING","node":0,"msg":"[STALE-UPDATE CHECK] node 0 observed node 3 resending identical slack (64743349000) as last round — REJECTING as replayed/stale update"}
{"time":"2026-07-22 10:08:09,199","level":"INFO","node":0,"msg":"fc_in col7 delta self-cosine for node 3: -0.1158 (delta_norm=0.0642)"}
{"time":"2026-07-22 10:08:09,207","level":"INFO","node":0,"msg":"Per-class agreement with node 3: class0=0.932 class1=0.949 gap=0.017"}
{"time":"2026-07-22 10:08:09,208","level":"INFO","node":0,"msg":"Per-class rolling gap for node 3: mean=0.021 over last 4 round(s)"}
{"time":"2026-07-22 10:08:09,216","level":"INFO","node":0,"msg":"Trust score for node 3: S=0.754 (Z=1.00 A=0.94 P=0.46 R=0.80) advisory only"}
{"time":"2026-07-22 10:08:09,454","level":"INFO","node":0,"msg":"Sent consensus vote to node 1"}
{"time":"2026-07-22 10:08:10,539","level":"INFO","node":0,"msg":"Received update from node 1, round 19"}
{"time":"2026-07-22 10:08:10,571","level":"INFO","node":0,"msg":"Round 20 complete — aggregating"}
{"time":"2026-07-22 10:08:27,271","level":"INFO","node":0,"msg":"Forwarded to http://127.0.0.1:8001"}
{"time":"2026-07-22 10:08:27,337","level":"INFO","node":0,"msg":"[BACKDOOR PROBE] Round 20 clean — worst case flip_rate=1.000 jump=0.227 (feature=1, value=-4.0)"}
{"time":"2026-07-22 10:08:27,827","level":"INFO","node":0,"msg":"Commit vote recorded: node 1 decision=True round=19 satisfied=True"}
{"time":"2026-07-22 10:08:27,828","level":"INFO","node":0,"msg":"Round 20 COMMITTED — model hash agreed by [0, 1]"}
{"time":"2026-07-22 10:08:27,831","level":"INFO","node":0,"msg":"Commit certificate saved to C:\Users\mousu\OneDrive\Desktop\Set A\securefedhe\dashboard\certificates\round_19.json"}
{"time":"2026-07-22 10:08:27,915","level":"INFO","node":0,"msg":"Broadcast weights to node 1"}
{"time":"2026-07-22 10:08:27,921","level":"INFO","node":0,"msg":"Checkpoint saved to C:\Users\mousu\OneDrive\Desktop\Set A\securefedhe\dashboard\model_latest.pt"}
{"time":"2026-07-22 10:08:27,923","level":"INFO","node":0,"msg":"Round 20 complete | accuracy=0.8182 | duration=100.74s"}
{"time":"2026-07-22 10:08:27,923","level":"INFO","node":0,"msg":"Training complete after 20 rounds"}
{"time":"2026-07-22 10:08:55,960","level":"INFO","node":0,"msg":"Prediction agreement with node 1 round=18: A=0.927"}
{"time":"2026-07-22 10:08:55,960","level":"INFO","node":0,"msg":"Consensus vote recorded: node 1 decision=False reason=wrong_round round=18 new=False satisfied=True"}
{"time":"2026-07-22 10:09:14,690","level":"INFO","node":0,"msg":"Received update from node 1, round 18"}
{"time":"2026-07-22 10:09:40,759","level":"INFO","node":0,"msg":"Watchdog fired but training already complete — ignoring, not excluding node 1."}
{"time":"2026-07-22 10:09:43,587","level":"INFO","node":0,"msg":"ZKP ACCEPTED from node 1"}
{"time":"2026-07-22 10:09:43,587","level":"WARNING","node":0,"msg":"[STALE-UPDATE CHECK] node 0 observed node 3 resending identical slack (64743349000) as last round — REJECTING as replayed/stale update"}
{"time":"2026-07-22 10:09:43,588","level":"INFO","node":0,"msg":"fc_in col7 delta self-cosine for node 3: 0.2209 (delta_norm=0.0552)"}
{"time":"2026-07-22 10:09:43,599","level":"INFO","node":0,"msg":"Per-class agreement with node 3: class0=0.936 class1=0.936 gap=0.000"}
{"time":"2026-07-22 10:09:43,599","level":"INFO","node":0,"msg":"Per-class rolling gap for node 3: mean=0.019 over last 4 round(s)"}
{"time":"2026-07-22 10:09:43,605","level":"INFO","node":0,"msg":"Trust score for node 3: S=0.777 (Z=1.00 A=0.94 P=0.55 R=0.80) advisory only"}
{"time":"2026-07-22 10:09:43,641","level":"INFO","node":0,"msg":"Sent consensus vote to node 1"}
{"time":"2026-07-22 10:10:02,618","level":"INFO","node":0,"msg":"Forwarded to http://127.0.0.1:8001"}
{"time":"2026-07-22 10:10:30,984","level":"INFO","node":0,"msg":"Prediction agreement with node 1 round=18: A=0.946"}
{"time":"2026-07-22 10:10:30,985","level":"INFO","node":0,"msg":"Consensus vote recorded: node 1 decision=False reason=wrong_round round=18 new=False satisfied=True"}
{"time":"2026-07-22 10:10:48,678","level":"INFO","node":0,"msg":"Received update from node 1, round 18"}
{"time":"2026-07-22 10:11:15,915","level":"INFO","node":0,"msg":"ZKP ACCEPTED from node 1"}
{"time":"2026-07-22 10:11:15,915","level":"WARNING","node":0,"msg":"[STALE-UPDATE CHECK] node 0 observed node 3 resending identical slack (64743349000) as last round — REJECTING as replayed/stale update"}
{"time":"2026-07-22 10:11:15,915","level":"INFO","node":0,"msg":"fc_in col7 delta self-cosine for node 3: 0.5861 (delta_norm=0.0402)"}
{"time":"2026-07-22 10:11:15,932","level":"INFO","node":0,"msg":"Per-class agreement with node 3: class0=0.968 class1=0.944 gap=0.024"}
{"time":"2026-07-22 10:11:15,933","level":"INFO","node":0,"msg":"Per-class rolling gap for node 3: mean=0.016 over last 4 round(s)"}
{"time":"2026-07-22 10:11:15,941","level":"INFO","node":0,"msg":"Trust score for node 3: S=0.797 (Z=1.00 A=0.96 P=0.55 R=0.80) advisory only"}
{"time":"2026-07-22 10:11:15,971","level":"INFO","node":0,"msg":"Sent consensus vote to node 1"}
{"time":"2026-07-22 10:11:34,035","level":"INFO","node":0,"msg":"Forwarded to http://127.0.0.1:8001"}
{"time":"2026-07-22 10:12:02,112","level":"INFO","node":0,"msg":"Prediction agreement with node 1 round=18: A=0.949"}
{"time":"2026-07-22 10:12:02,113","level":"INFO","node":0,"msg":"Consensus vote recorded: node 1 decision=False reason=wrong_round round=18 new=False satisfied=True"}
{"time":"2026-07-22 10:12:13,193","level":"INFO","node":0,"msg":"Watchdog fired but training already complete — ignoring, not excluding node 1."}
{"time":"2026-07-22 10:12:22,024","level":"INFO","node":0,"msg":"Received update from node 1, round 18"}
{"time":"2026-07-22 10:12:51,587","level":"INFO","node":0,"msg":"ZKP ACCEPTED from node 1"}
{"time":"2026-07-22 10:12:51,588","level":"WARNING","node":0,"msg":"[STALE-UPDATE CHECK] node 0 observed node 3 resending identical slack (64743349000) as last round — REJECTING as replayed/stale update"}
{"time":"2026-07-22 10:12:51,589","level":"INFO","node":0,"msg":"fc_in col7 delta self-cosine for node 3: 0.4125 (delta_norm=0.0358)"}
{"time":"2026-07-22 10:12:51,599","level":"INFO","node":0,"msg":"Per-class agreement with node 3: class0=0.961 class1=0.975 gap=0.015"}
{"time":"2026-07-22 10:12:51,599","level":"INFO","node":0,"msg":"Per-class rolling gap for node 3: mean=0.014 over last 4 round(s)"}
{"time":"2026-07-22 10:12:51,605","level":"INFO","node":0,"msg":"Trust score for node 3: S=0.811 (Z=1.00 A=0.97 P=0.59 R=0.80) advisory only"}
{"time":"2026-07-22 10:12:51,642","level":"INFO","node":0,"msg":"Sent consensus vote to node 1"}
{"time":"2026-07-22 10:13:11,110","level":"INFO","node":0,"msg":"Forwarded to http://127.0.0.1:8001"}
{"time":"2026-07-22 10:13:40,337","level":"INFO","node":0,"msg":"Prediction agreement with node 1 round=18: A=0.904"}
{"time":"2026-07-22 10:13:40,338","level":"INFO","node":0,"msg":"Consensus vote recorded: node 1 decision=False reason=wrong_round round=18 new=False satisfied=True"}
{"time":"2026-07-22 10:13:59,986","level":"INFO","node":0,"msg":"Received update from node 1, round 18"}
{"time":"2026-07-22 10:14:29,259","level":"INFO","node":0,"msg":"ZKP ACCEPTED from node 1"}
{"time":"2026-07-22 10:14:29,261","level":"WARNING","node":0,"msg":"[STALE-UPDATE CHECK] node 0 observed node 3 resending identical slack (64743349000) as last round — REJECTING as replayed/stale update"}
{"time":"2026-07-22 10:14:29,261","level":"INFO","node":0,"msg":"fc_in col7 delta self-cosine for node 3: 0.4843 (delta_norm=0.0230)"}
{"time":"2026-07-22 10:14:29,272","level":"INFO","node":0,"msg":"Per-class agreement with node 3: class0=0.933 class1=0.964 gap=0.031"}
{"time":"2026-07-22 10:14:29,273","level":"INFO","node":0,"msg":"Per-class rolling gap for node 3: mean=0.018 over last 4 round(s)"}
{"time":"2026-07-22 10:14:29,279","level":"INFO","node":0,"msg":"Trust score for node 3: S=0.792 (Z=1.00 A=0.94 P=0.59 R=0.80) advisory only"}
{"time":"2026-07-22 10:14:29,320","level":"INFO","node":0,"msg":"Sent consensus vote to node 1"}
{"time":"2026-07-22 10:14:47,975","level":"INFO","node":0,"msg":"Forwarded to http://127.0.0.1:8001"}
{"time":"2026-07-22 10:15:16,436","level":"INFO","node":0,"msg":"Prediction agreement with node 1 round=18: A=0.865"}
{"time":"2026-07-22 10:15:16,436","level":"INFO","node":0,"msg":"Consensus vote recorded: node 1 decision=False reason=wrong_round round=18 new=False satisfied=True"}
{"time":"2026-07-22 10:15:36,401","level":"INFO","node":0,"msg":"Received update from node 1, round 18"}
{"time":"2026-07-22 10:16:04,677","level":"INFO","node":0,"msg":"ZKP ACCEPTED from node 1"}
{"time":"2026-07-22 10:16:04,677","level":"WARNING","node":0,"msg":"[STALE-UPDATE CHECK] node 0 observed node 3 resending identical slack (64743349000) as last round — REJECTING as replayed/stale update"}
{"time":"2026-07-22 10:16:04,677","level":"INFO","node":0,"msg":"fc_in col7 delta self-cosine for node 3: 0.3422 (delta_norm=0.0230)"}
{"time":"2026-07-22 10:16:04,688","level":"INFO","node":0,"msg":"Per-class agreement with node 3: class0=0.937 class1=0.962 gap=0.025"}
{"time":"2026-07-22 10:16:04,689","level":"INFO","node":0,"msg":"Per-class rolling gap for node 3: mean=0.024 over last 4 round(s)"}
{"time":"2026-07-22 10:16:04,700","level":"INFO","node":0,"msg":"Trust score for node 3: S=0.760 (Z=1.00 A=0.95 P=0.46 R=0.80) advisory only"}
{"time":"2026-07-22 10:16:04,737","level":"INFO","node":0,"msg":"Sent consensus vote to node 1"}
{"time":"2026-07-22 10:16:23,911","level":"INFO","node":0,"msg":"Forwarded to http://127.0.0.1:8001"}
{"time":"2026-07-22 10:16:40,195","level":"INFO","node":0,"msg":"Prediction agreement with node 1 round=18: A=0.820"}
{"time":"2026-07-22 10:16:40,195","level":"INFO","node":0,"msg":"Consensus vote recorded: node 1 decision=False reason=wrong_round round=18 new=False satisfied=True"}
{"time":"2026-07-22 10:16:46,370","level":"INFO","node":0,"msg":"Received update from node 1, round 18"}
{"time":"2026-07-22 10:16:56,103","level":"INFO","node":0,"msg":"ZKP ACCEPTED from node 1"}
{"time":"2026-07-22 10:16:56,103","level":"WARNING","node":0,"msg":"[STALE-UPDATE CHECK] node 0 observed node 3 resending identical slack (64743349000) as last round — REJECTING as replayed/stale update"}
{"time":"2026-07-22 10:16:56,105","level":"INFO","node":0,"msg":"fc_in col7 delta self-cosine for node 3: 0.4515 (delta_norm=0.0204)"}
{"time":"2026-07-22 10:16:56,110","level":"INFO","node":0,"msg":"Per-class agreement with node 3: class0=0.973 class1=0.974 gap=0.002"}
{"time":"2026-07-22 10:16:56,110","level":"INFO","node":0,"msg":"Per-class rolling gap for node 3: mean=0.018 over last 4 round(s)"}
{"time":"2026-07-22 10:16:56,114","level":"INFO","node":0,"msg":"Trust score for node 3: S=0.752 (Z=1.00 A=0.97 P=0.35 R=0.80) advisory only"}
{"time":"2026-07-22 10:16:56,150","level":"INFO","node":0,"msg":"Sent consensus vote to node 1"}
{"time":"2026-07-22 10:17:03,030","level":"INFO","node":0,"msg":"Forwarded to http://127.0.0.1:8001"}
{"time":"2026-07-22 10:17:15,848","level":"INFO","node":0,"msg":"Prediction agreement with node 1 round=18: A=0.800"}
{"time":"2026-07-22 10:17:15,848","level":"INFO","node":0,"msg":"Consensus vote recorded: node 1 decision=False reason=wrong_round round=18 new=False satisfied=True"}
{"time":"2026-07-22 10:17:33,973","level":"INFO","node":0,"msg":"Received update from node 1, round 18"}
{"time":"2026-07-22 10:17:53,756","level":"INFO","node":0,"msg":"ZKP ACCEPTED from node 1"}
{"time":"2026-07-22 10:17:53,756","level":"WARNING","node":0,"msg":"[STALE-UPDATE CHECK] node 0 observed node 3 resending identical slack (64743349000) as last round — REJECTING as replayed/stale update"}
{"time":"2026-07-22 10:17:53,757","level":"INFO","node":0,"msg":"fc_in col7 delta self-cosine for node 3: 0.6050 (delta_norm=0.0186)"}
{"time":"2026-07-22 10:17:53,765","level":"INFO","node":0,"msg":"Per-class agreement with node 3: class0=0.979 class1=0.983 gap=0.004"}
{"time":"2026-07-22 10:17:53,765","level":"INFO","node":0,"msg":"Per-class rolling gap for node 3: mean=0.015 over last 4 round(s)"}
{"time":"2026-07-22 10:17:53,768","level":"INFO","node":0,"msg":"Trust score for node 3: S=0.763 (Z=1.00 A=0.98 P=0.37 R=0.80) advisory only"}
{"time":"2026-07-22 10:17:53,781","level":"INFO","node":0,"msg":"Sent consensus vote to node 1"}
{"time":"2026-07-22 10:18:02,304","level":"INFO","node":0,"msg":"Forwarded to http://127.0.0.1:8001"}
{"time":"2026-07-22 10:18:36,667","level":"INFO","node":0,"msg":"Prediction agreement with node 1 round=18: A=0.816"}
{"time":"2026-07-22 10:18:36,669","level":"INFO","node":0,"msg":"Consensus vote recorded: node 1 decision=False reason=wrong_round round=18 new=False satisfied=True"}
{"time":"2026-07-22 10:19:08,491","level":"INFO","node":0,"msg":"Starting node 0: City General Hospital"}
{"time":"2026-07-22 10:19:08,491","level":"INFO","node":0,"msg":"[CONFIG DEBUG] attack_simulation loaded: enabled=True target_node=2 type=stale_update config_path=config_dev.json"}
{"time":"2026-07-22 10:19:08,519","level":"WARNING","node":0,"msg":"DEV MODE: running without TLS"}
{"time":"2026-07-22 10:19:08,519","level":"INFO","node":0,"msg":"Listening on 127.0.0.1:8000 | TLS=False"}
{"time":"2026-07-22 10:19:15,763","level":"INFO","node":0,"msg":"Key exchange complete with node 1"}
{"time":"2026-07-22 10:19:15,778","level":"INFO","node":0,"msg":"Consensus pubkey received from node 1"}
{"time":"2026-07-22 10:19:18,250","level":"INFO","node":0,"msg":"Consensus pubkey received from node 2"}
{"time":"2026-07-22 10:19:18,262","level":"INFO","node":0,"msg":"Key exchange complete with node 2"}
{"time":"2026-07-22 10:19:21,558","level":"INFO","node":0,"msg":"Consensus pubkey received from node 3"}
{"time":"2026-07-22 10:19:21,564","level":"INFO","node":0,"msg":"Key exchange complete with node 3"}
{"time":"2026-07-22 10:19:26,352","level":"INFO","node":0,"msg":"Sent public key to node 1"}
{"time":"2026-07-22 10:19:26,361","level":"INFO","node":0,"msg":"Sent public key to node 2"}
{"time":"2026-07-22 10:19:26,370","level":"INFO","node":0,"msg":"Sent public key to node 3"}
{"time":"2026-07-22 10:19:26,395","level":"INFO","node":0,"msg":"Sent consensus pubkey to node 1"}
{"time":"2026-07-22 10:19:26,413","level":"INFO","node":0,"msg":"Sent consensus pubkey to node 2"}
{"time":"2026-07-22 10:19:26,426","level":"INFO","node":0,"msg":"Sent consensus pubkey to node 3"}
{"time":"2026-07-22 10:19:26,429","level":"INFO","node":0,"msg":"This node is round 1's proposer — starting."}
{"time":"2026-07-22 10:19:26,433","level":"INFO","node":0,"msg":"Starting round 1"}
{"time":"2026-07-22 10:19:30,798","level":"WARNING","node":0,"msg":"ZKP norm violation (clipping applied): slack=-122438, retry=0"}
{"time":"2026-07-22 10:19:49,853","level":"INFO","node":0,"msg":"Sent proposal to node 1"}
{"time":"2026-07-22 10:19:49,885","level":"INFO","node":0,"msg":"Sent proposal to node 2"}
{"time":"2026-07-22 10:19:49,914","level":"INFO","node":0,"msg":"Sent proposal to node 3"}
{"time":"2026-07-22 10:19:49,950","level":"INFO","node":0,"msg":"Sent consensus vote to node 1"}
{"time":"2026-07-22 10:19:49,958","level":"INFO","node":0,"msg":"Sent consensus vote to node 2"}
{"time":"2026-07-22 10:19:49,987","level":"INFO","node":0,"msg":"Sent consensus vote to node 3"}
{"time":"2026-07-22 10:19:50,006","level":"INFO","node":0,"msg":"Forwarded to http://127.0.0.1:8001"}
{"time":"2026-07-22 10:20:19,091","level":"INFO","node":0,"msg":"Consensus vote recorded: node 1 decision=True reason=zkp_ok round=0 new=True satisfied=False"}
{"time":"2026-07-22 10:21:11,297","level":"INFO","node":0,"msg":"Consensus vote recorded: node 2 decision=True reason=zkp_ok round=0 new=True satisfied=True"}
{"time":"2026-07-22 10:22:03,140","level":"INFO","node":0,"msg":"Consensus vote recorded: node 3 decision=True reason=zkp_ok round=0 new=True satisfied=True"}
{"time":"2026-07-22 10:22:24,780","level":"INFO","node":0,"msg":"Received update from node 3, round 0"}
{"time":"2026-07-22 10:22:24,796","level":"INFO","node":0,"msg":"Round 1 complete — aggregating"}
{"time":"2026-07-22 10:22:24,809","level":"INFO","node":0,"msg":"Round 1 accuracy gate skipped (warm-up period, candidate_acc=0.6818)"}
{"time":"2026-07-22 10:22:24,859","level":"INFO","node":0,"msg":"Commit vote recorded: node 1 decision=True round=0 satisfied=False"}
{"time":"2026-07-22 10:22:24,863","level":"INFO","node":0,"msg":"Broadcast weights to node 1"}
{"time":"2026-07-22 10:22:24,917","level":"INFO","node":0,"msg":"Commit vote recorded: node 2 decision=True round=0 satisfied=True"}
{"time":"2026-07-22 10:22:24,918","level":"INFO","node":0,"msg":"Round 1 COMMITTED — model hash agreed by [0, 1, 2]"}
{"time":"2026-07-22 10:22:24,921","level":"INFO","node":0,"msg":"Commit certificate saved to C:\Users\mousu\OneDrive\Desktop\Set A\securefedhe\dashboard\certificates\round_0.json"}
{"time":"2026-07-22 10:22:24,924","level":"INFO","node":0,"msg":"Broadcast weights to node 2"}
{"time":"2026-07-22 10:22:25,046","level":"INFO","node":0,"msg":"Commit vote recorded: node 3 decision=True round=0 satisfied=True"}
{"time":"2026-07-22 10:22:25,070","level":"INFO","node":0,"msg":"Broadcast weights to node 3"}
{"time":"2026-07-22 10:22:25,157","level":"INFO","node":0,"msg":"Checkpoint saved to C:\Users\mousu\OneDrive\Desktop\Set A\securefedhe\dashboard\model_latest.pt"}
{"time":"2026-07-22 10:22:25,158","level":"INFO","node":0,"msg":"Round 1 complete | accuracy=0.6818 | duration=178.72s"}
{"time":"2026-07-22 10:22:25,159","level":"INFO","node":0,"msg":"Round 2 belongs to node 1 — waiting for their proposal."}
{"time":"2026-07-22 10:22:25,194","level":"INFO","node":0,"msg":"Notified next proposer to node 1"}
{"time":"2026-07-22 10:22:25,212","level":"INFO","node":0,"msg":"[WATCHDOG SPAWNED] round=1 expected_proposer=1 timeout_s=600 spawned_at=10:22:25"}
{"time":"2026-07-22 10:22:43,780","level":"INFO","node":0,"msg":"Proposal received: round=1 origin=1 hash=4f27ec0c7487..."}
{"time":"2026-07-22 10:22:43,837","level":"INFO","node":0,"msg":"Consensus vote recorded: node 1 decision=True reason=zkp_ok round=1 new=True satisfied=False"}
{"time":"2026-07-22 10:23:10,778","level":"INFO","node":0,"msg":"Consensus vote recorded: node 2 decision=True reason=zkp_ok round=1 new=True satisfied=False"}
{"time":"2026-07-22 10:23:55,280","level":"INFO","node":0,"msg":"Consensus vote recorded: node 3 decision=True reason=zkp_ok round=1 new=True satisfied=True"}
{"time":"2026-07-22 10:24:12,802","level":"INFO","node":0,"msg":"Received update from node 3, round 1"}
{"time":"2026-07-22 10:24:34,859","level":"INFO","node":0,"msg":"ZKP ACCEPTED from node 3"}
{"time":"2026-07-22 10:24:34,871","level":"INFO","node":0,"msg":"Trust score for node 1: S=0.429 (Z=1.00 A=0.50 P=0.50 R=1.00) advisory only"}
{"time":"2026-07-22 10:24:34,900","level":"INFO","node":0,"msg":"Sent consensus vote to node 1"}
{"time":"2026-07-22 10:24:34,930","level":"INFO","node":0,"msg":"Sent consensus vote to node 2"}
{"time":"2026-07-22 10:24:34,952","level":"INFO","node":0,"msg":"Sent consensus vote to node 3"}
{"time":"2026-07-22 10:24:42,777","level":"INFO","node":0,"msg":"Forwarded to http://127.0.0.1:8001"}
{"time":"2026-07-22 10:24:42,843","level":"INFO","node":0,"msg":"Synced weights from master for round 1"}
{"time":"2026-07-22 10:24:42,863","level":"INFO","node":0,"msg":"Sent commit vote to node 1"}
{"time":"2026-07-22 10:25:01,656","level":"INFO","node":0,"msg":"Proposal received: round=2 origin=2 hash=4aac8def8cb6..."}
{"time":"2026-07-22 10:25:01,710","level":"INFO","node":0,"msg":"Consensus vote recorded: node 2 decision=True reason=zkp_ok round=2 new=True satisfied=False"}
{"time":"2026-07-22 10:25:31,005","level":"INFO","node":0,"msg":"Consensus vote recorded: node 3 decision=True reason=zkp_ok round=2 new=True satisfied=False"}
{"time":"2026-07-22 10:25:50,215","level":"INFO","node":0,"msg":"Received update from node 3, round 2"}
{"time":"2026-07-22 10:26:18,987","level":"INFO","node":0,"msg":"ZKP ACCEPTED from node 3"}
{"time":"2026-07-22 10:26:19,003","level":"INFO","node":0,"msg":"Trust score for node 2: S=0.429 (Z=1.00 A=0.50 P=0.50 R=1.00) advisory only"}
{"time":"2026-07-22 10:26:19,035","level":"INFO","node":0,"msg":"Sent consensus vote to node 1"}
{"time":"2026-07-22 10:26:19,055","level":"INFO","node":0,"msg":"Sent consensus vote to node 2"}
{"time":"2026-07-22 10:26:19,089","level":"INFO","node":0,"msg":"Sent consensus vote to node 3"}
{"time":"2026-07-22 10:26:38,277","level":"INFO","node":0,"msg":"Forwarded to http://127.0.0.1:8001"}
{"time":"2026-07-22 10:27:06,758","level":"INFO","node":0,"msg":"Prediction agreement with node 1 round=2: A=0.996"}
{"time":"2026-07-22 10:27:06,758","level":"INFO","node":0,"msg":"Consensus vote recorded: node 1 decision=True reason=zkp_ok round=2 new=True satisfied=True"}
{"time":"2026-07-22 10:27:26,975","level":"INFO","node":0,"msg":"Synced weights from master for round 2"}
{"time":"2026-07-22 10:27:26,990","level":"INFO","node":0,"msg":"Sent commit vote to node 2"}
{"time":"2026-07-22 10:27:46,766","level":"INFO","node":0,"msg":"Proposal received: round=3 origin=3 hash=64ccc3959457..."}
{"time":"2026-07-22 10:27:46,822","level":"INFO","node":0,"msg":"Consensus vote recorded: node 3 decision=True reason=zkp_ok round=3 new=True satisfied=False"}
{"time":"2026-07-22 10:27:46,865","level":"INFO","node":0,"msg":"Received update from node 3, round 3"}
{"time":"2026-07-22 10:28:16,536","level":"INFO","node":0,"msg":"ZKP ACCEPTED from node 3"}
{"time":"2026-07-22 10:28:16,551","level":"INFO","node":0,"msg":"Trust score for node 3: S=0.429 (Z=1.00 A=0.50 P=0.50 R=1.00) advisory only"}
{"time":"2026-07-22 10:28:16,581","level":"INFO","node":0,"msg":"Sent consensus vote to node 1"}
{"time":"2026-07-22 10:28:16,602","level":"INFO","node":0,"msg":"Sent consensus vote to node 2"}
{"time":"2026-07-22 10:28:16,629","level":"INFO","node":0,"msg":"Sent consensus vote to node 3"}
{"time":"2026-07-22 10:28:35,629","level":"INFO","node":0,"msg":"Forwarded to http://127.0.0.1:8001"}
{"time":"2026-07-22 10:29:04,091","level":"INFO","node":0,"msg":"Prediction agreement with node 1 round=3: A=0.996"}
{"time":"2026-07-22 10:29:04,091","level":"INFO","node":0,"msg":"Consensus vote recorded: node 1 decision=True reason=zkp_ok round=3 new=True satisfied=True"}
{"time":"2026-07-22 10:29:53,840","level":"INFO","node":0,"msg":"Prediction agreement with node 2 round=3: A=0.958"}
{"time":"2026-07-22 10:29:53,848","level":"INFO","node":0,"msg":"Consensus vote recorded: node 2 decision=True reason=zkp_ok round=3 new=True satisfied=True"}
{"time":"2026-07-22 10:30:13,457","level":"INFO","node":0,"msg":"Synced weights from master for round 3"}
{"time":"2026-07-22 10:30:13,474","level":"INFO","node":0,"msg":"Sent commit vote to node 3"}
{"time":"2026-07-22 10:30:13,572","level":"INFO","node":0,"msg":"My turn — starting round 5 as proposer."}
{"time":"2026-07-22 10:30:13,573","level":"INFO","node":0,"msg":"Starting round 5"}
{"time":"2026-07-22 10:30:32,688","level":"INFO","node":0,"msg":"Sent proposal to node 1"}
{"time":"2026-07-22 10:30:32,698","level":"INFO","node":0,"msg":"Sent proposal to node 2"}
{"time":"2026-07-22 10:30:32,720","level":"INFO","node":0,"msg":"Sent proposal to node 3"}
{"time":"2026-07-22 10:30:32,740","level":"INFO","node":0,"msg":"Sent consensus vote to node 1"}
{"time":"2026-07-22 10:30:32,750","level":"INFO","node":0,"msg":"Sent consensus vote to node 2"}
{"time":"2026-07-22 10:30:32,766","level":"INFO","node":0,"msg":"Sent consensus vote to node 3"}
{"time":"2026-07-22 10:30:32,780","level":"INFO","node":0,"msg":"Forwarded to http://127.0.0.1:8001"}
{"time":"2026-07-22 10:31:00,921","level":"INFO","node":0,"msg":"Consensus vote recorded: node 1 decision=True reason=zkp_ok round=4 new=True satisfied=False"}
{"time":"2026-07-22 10:31:46,976","level":"INFO","node":0,"msg":"Consensus vote recorded: node 2 decision=True reason=zkp_ok round=4 new=True satisfied=True"}
{"time":"2026-07-22 10:32:32,658","level":"INFO","node":0,"msg":"Consensus vote recorded: node 3 decision=True reason=zkp_ok round=4 new=True satisfied=True"}
{"time":"2026-07-22 10:32:52,105","level":"INFO","node":0,"msg":"Received update from node 3, round 4"}
{"time":"2026-07-22 10:32:52,106","level":"INFO","node":0,"msg":"Round 5 complete — aggregating"}
{"time":"2026-07-22 10:32:52,117","level":"INFO","node":0,"msg":"Round 5 accuracy gate skipped (warm-up period, candidate_acc=0.7000)"}
{"time":"2026-07-22 10:32:52,182","level":"INFO","node":0,"msg":"Commit vote recorded: node 1 decision=True round=4 satisfied=False"}
{"time":"2026-07-22 10:32:52,189","level":"INFO","node":0,"msg":"Broadcast weights to node 1"}
{"time":"2026-07-22 10:32:52,230","level":"INFO","node":0,"msg":"Commit vote recorded: node 2 decision=True round=4 satisfied=True"}
{"time":"2026-07-22 10:32:52,231","level":"INFO","node":0,"msg":"Round 5 COMMITTED — model hash agreed by [0, 1, 2]"}
{"time":"2026-07-22 10:32:52,234","level":"INFO","node":0,"msg":"Commit certificate saved to C:\Users\mousu\OneDrive\Desktop\Set A\securefedhe\dashboard\certificates\round_4.json"}
{"time":"2026-07-22 10:32:52,239","level":"INFO","node":0,"msg":"Broadcast weights to node 2"}
{"time":"2026-07-22 10:32:52,290","level":"INFO","node":0,"msg":"Commit vote recorded: node 3 decision=True round=4 satisfied=True"}
{"time":"2026-07-22 10:32:52,295","level":"INFO","node":0,"msg":"Broadcast weights to node 3"}
{"time":"2026-07-22 10:32:52,300","level":"INFO","node":0,"msg":"Checkpoint saved to C:\Users\mousu\OneDrive\Desktop\Set A\securefedhe\dashboard\model_latest.pt"}
{"time":"2026-07-22 10:32:52,301","level":"INFO","node":0,"msg":"Round 5 complete | accuracy=0.7000 | duration=158.73s"}
{"time":"2026-07-22 10:32:52,302","level":"INFO","node":0,"msg":"Round 6 belongs to node 1 — waiting for their proposal."}
{"time":"2026-07-22 10:32:52,318","level":"INFO","node":0,"msg":"Notified next proposer to node 1"}
{"time":"2026-07-22 10:32:52,320","level":"INFO","node":0,"msg":"[WATCHDOG SPAWNED] round=5 expected_proposer=1 timeout_s=600 spawned_at=10:32:52"}
{"time":"2026-07-22 10:33:11,888","level":"INFO","node":0,"msg":"Proposal received: round=5 origin=1 hash=eb17ba5ee55f..."}
{"time":"2026-07-22 10:33:11,931","level":"INFO","node":0,"msg":"Consensus vote recorded: node 1 decision=True reason=zkp_ok round=5 new=True satisfied=False"}
{"time":"2026-07-22 10:33:40,691","level":"INFO","node":0,"msg":"Consensus vote recorded: node 2 decision=True reason=zkp_ok round=5 new=True satisfied=False"}
{"time":"2026-07-22 10:34:28,782","level":"INFO","node":0,"msg":"Consensus vote recorded: node 3 decision=True reason=zkp_ok round=5 new=True satisfied=True"}
{"time":"2026-07-22 10:34:48,459","level":"INFO","node":0,"msg":"Received update from node 3, round 5"}
{"time":"2026-07-22 10:35:17,352","level":"INFO","node":0,"msg":"ZKP ACCEPTED from node 3"}
{"time":"2026-07-22 10:35:17,363","level":"INFO","node":0,"msg":"Per-class agreement with node 1: class0=0.848 class1=0.931 gap=0.083"}
{"time":"2026-07-22 10:35:17,363","level":"INFO","node":0,"msg":"Per-class rolling gap for node 1: mean=0.083 over last 1 round(s)"}
{"time":"2026-07-22 10:35:17,368","level":"INFO","node":0,"msg":"Trust score for node 1: S=0.763 (Z=1.00 A=0.87 P=0.55 R=1.00) advisory only"}
{"time":"2026-07-22 10:35:17,406","level":"INFO","node":0,"msg":"Sent consensus vote to node 1"}
{"time":"2026-07-22 10:35:17,431","level":"INFO","node":0,"msg":"Sent consensus vote to node 2"}
{"time":"2026-07-22 10:35:17,466","level":"INFO","node":0,"msg":"Sent consensus vote to node 3"}
{"time":"2026-07-22 10:35:36,454","level":"INFO","node":0,"msg":"Forwarded to http://127.0.0.1:8001"}
{"time":"2026-07-22 10:35:36,591","level":"INFO","node":0,"msg":"Synced weights from master for round 5"}
{"time":"2026-07-22 10:35:36,603","level":"INFO","node":0,"msg":"Sent commit vote to node 1"}
{"time":"2026-07-22 10:35:56,202","level":"INFO","node":0,"msg":"Proposal received: round=6 origin=2 hash=709a19b873ee..."}
{"time":"2026-07-22 10:35:56,253","level":"INFO","node":0,"msg":"Consensus vote recorded: node 2 decision=True reason=zkp_ok round=6 new=True satisfied=False"}
{"time":"2026-07-22 10:36:24,907","level":"INFO","node":0,"msg":"Consensus vote recorded: node 3 decision=False reason=stale_update_replay round=6 new=True satisfied=False"}
{"time":"2026-07-22 10:36:43,981","level":"INFO","node":0,"msg":"Received update from node 3, round 6"}
{"time":"2026-07-22 10:37:13,229","level":"INFO","node":0,"msg":"ZKP ACCEPTED from node 3"}
{"time":"2026-07-22 10:37:13,229","level":"WARNING","node":0,"msg":"[STALE-UPDATE CHECK] node 0 observed node 2 resending identical slack (166762) as last round — REJECTING as replayed/stale update"}
{"time":"2026-07-22 10:37:13,239","level":"INFO","node":0,"msg":"Per-class agreement with node 2: class0=0.928 class1=0.942 gap=0.014"}
{"time":"2026-07-22 10:37:13,240","level":"INFO","node":0,"msg":"Per-class rolling gap for node 2: mean=0.014 over last 1 round(s)"}
{"time":"2026-07-22 10:37:13,245","level":"INFO","node":0,"msg":"Trust score for node 2: S=0.833 (Z=1.00 A=0.93 P=0.63 R=1.00) advisory only"}
{"time":"2026-07-22 10:37:13,247","level":"WARNING","node":0,"msg":"Update round=6 from node 2 REJECTED on stale-update replay: identical slack to previous round"}
{"time":"2026-07-22 10:37:13,289","level":"INFO","node":0,"msg":"Sent consensus vote to node 1"}
{"time":"2026-07-22 10:37:13,338","level":"INFO","node":0,"msg":"Sent consensus vote to node 2"}
{"time":"2026-07-22 10:37:13,360","level":"INFO","node":0,"msg":"Sent consensus vote to node 3"}
{"time":"2026-07-22 10:37:32,586","level":"INFO","node":0,"msg":"Forwarded to http://127.0.0.1:8001"}
{"time":"2026-07-22 10:38:02,940","level":"INFO","node":0,"msg":"Prediction agreement with node 1 round=6: A=0.993"}
{"time":"2026-07-22 10:38:02,940","level":"INFO","node":0,"msg":"Consensus vote recorded: node 1 decision=False reason=stale_update_replay round=6 new=True satisfied=False"}
{"time":"2026-07-22 10:38:43,013","level":"INFO","node":0,"msg":"Proposal received: round=6 origin=2 hash=709a19b873ee..."}
{"time":"2026-07-22 10:38:43,053","level":"INFO","node":0,"msg":"Consensus vote recorded: node 2 decision=True reason=zkp_ok round=6 new=False satisfied=False"}
{"time":"2026-07-22 10:39:12,258","level":"INFO","node":0,"msg":"Prediction agreement with node 3 round=6: A=0.940"}
{"time":"2026-07-22 10:39:12,259","level":"INFO","node":0,"msg":"Consensus vote recorded: node 3 decision=False reason=stale_update_replay round=6 new=False satisfied=False"}
{"time":"2026-07-22 10:39:31,635","level":"INFO","node":0,"msg":"Received update from node 3, round 6"}
{"time":"2026-07-22 10:39:58,871","level":"INFO","node":0,"msg":"ZKP ACCEPTED from node 3"}
{"time":"2026-07-22 10:39:58,872","level":"WARNING","node":0,"msg":"[STALE-UPDATE CHECK] node 0 observed node 2 resending identical slack (166762) as last round — REJECTING as replayed/stale update"}
{"time":"2026-07-22 10:39:58,873","level":"INFO","node":0,"msg":"fc_in col7 delta self-cosine for node 2: -0.3440 (delta_norm=0.1392)"}
{"time":"2026-07-22 10:39:58,887","level":"INFO","node":0,"msg":"Per-class agreement with node 2: class0=0.980 class1=0.966 gap=0.015"}
{"time":"2026-07-22 10:39:58,887","level":"INFO","node":0,"msg":"Per-class rolling gap for node 2: mean=0.014 over last 2 round(s)"}
{"time":"2026-07-22 10:39:58,894","level":"INFO","node":0,"msg":"Trust score for node 2: S=0.825 (Z=1.00 A=0.98 P=0.61 R=0.80) advisory only"}
{"time":"2026-07-22 10:39:58,895","level":"WARNING","node":0,"msg":"Update round=6 from node 2 REJECTED on stale-update replay: identical slack to previous round"}
{"time":"2026-07-22 10:39:58,930","level":"INFO","node":0,"msg":"Sent consensus vote to node 1"}
{"time":"2026-07-22 10:39:58,957","level":"INFO","node":0,"msg":"Sent consensus vote to node 2"}
{"time":"2026-07-22 10:39:58,981","level":"INFO","node":0,"msg":"Sent consensus vote to node 3"}
{"time":"2026-07-22 10:40:16,970","level":"INFO","node":0,"msg":"Forwarded to http://127.0.0.1:8001"}
{"time":"2026-07-22 10:40:43,868","level":"INFO","node":0,"msg":"Prediction agreement with node 1 round=6: A=0.911"}
{"time":"2026-07-22 10:40:43,869","level":"INFO","node":0,"msg":"Consensus vote recorded: node 1 decision=False reason=stale_update_replay round=6 new=False satisfied=False"}
{"time":"2026-07-22 10:41:20,034","level":"INFO","node":0,"msg":"Proposal received: round=6 origin=2 hash=709a19b873ee..."}
{"time":"2026-07-22 10:41:20,071","level":"INFO","node":0,"msg":"Consensus vote recorded: node 2 decision=True reason=zkp_ok round=6 new=False satisfied=False"}
{"time":"2026-07-22 10:41:47,124","level":"INFO","node":0,"msg":"Prediction agreement with node 3 round=6: A=0.927"}
{"time":"2026-07-22 10:41:47,125","level":"INFO","node":0,"msg":"Consensus vote recorded: node 3 decision=False reason=stale_update_replay round=6 new=False satisfied=False"}
{"time":"2026-07-22 10:42:06,695","level":"INFO","node":0,"msg":"Received update from node 3, round 6"}
{"time":"2026-07-22 10:42:35,648","level":"INFO","node":0,"msg":"ZKP ACCEPTED from node 3"}
{"time":"2026-07-22 10:42:35,648","level":"WARNING","node":0,"msg":"[STALE-UPDATE CHECK] node 0 observed node 2 resending identical slack (166762) as last round — REJECTING as replayed/stale update"}
{"time":"2026-07-22 10:42:35,652","level":"INFO","node":0,"msg":"fc_in col7 delta self-cosine for node 2: -0.4946 (delta_norm=0.1311)"}
{"time":"2026-07-22 10:42:35,665","level":"INFO","node":0,"msg":"Per-class agreement with node 2: class0=0.977 class1=0.956 gap=0.020"}
{"time":"2026-07-22 10:42:35,665","level":"INFO","node":0,"msg":"Per-class rolling gap for node 2: mean=0.016 over last 3 round(s)"}
{"time":"2026-07-22 10:42:35,680","level":"INFO","node":0,"msg":"Trust score for node 2: S=0.784 (Z=1.00 A=0.97 P=0.63 R=0.60) advisory only"}
{"time":"2026-07-22 10:42:35,682","level":"WARNING","node":0,"msg":"Update round=6 from node 2 REJECTED on stale-update replay: identical slack to previous round"}
{"time":"2026-07-22 10:42:35,740","level":"INFO","node":0,"msg":"Sent consensus vote to node 1"}
{"time":"2026-07-22 10:42:35,767","level":"INFO","node":0,"msg":"Sent consensus vote to node 2"}
{"time":"2026-07-22 10:42:35,819","level":"INFO","node":0,"msg":"Sent consensus vote to node 3"}
{"time":"2026-07-22 10:42:54,928","level":"INFO","node":0,"msg":"Forwarded to http://127.0.0.1:8001"}
{"time":"2026-07-22 10:43:23,848","level":"INFO","node":0,"msg":"Prediction agreement with node 1 round=6: A=0.885"}
{"time":"2026-07-22 10:43:23,848","level":"INFO","node":0,"msg":"Consensus vote recorded: node 1 decision=False reason=stale_update_replay round=6 new=False satisfied=False"}
{"time":"2026-07-22 10:44:03,541","level":"INFO","node":0,"msg":"Proposal received: round=6 origin=2 hash=709a19b873ee..."}
{"time":"2026-07-22 10:44:03,583","level":"INFO","node":0,"msg":"Consensus vote recorded: node 2 decision=True reason=zkp_ok round=6 new=False satisfied=False"}
{"time":"2026-07-22 10:44:15,657","level":"INFO","node":0,"msg":"Prediction agreement with node 3 round=6: A=0.920"}
{"time":"2026-07-22 10:44:15,657","level":"INFO","node":0,"msg":"Consensus vote recorded: node 3 decision=False reason=stale_update_replay round=6 new=False satisfied=False"}
{"time":"2026-07-22 10:44:22,334","level":"INFO","node":0,"msg":"Received update from node 3, round 6"}
{"time":"2026-07-22 10:44:39,248","level":"INFO","node":0,"msg":"ZKP ACCEPTED from node 3"}
{"time":"2026-07-22 10:44:39,249","level":"WARNING","node":0,"msg":"[STALE-UPDATE CHECK] node 0 observed node 2 resending identical slack (166762) as last round — REJECTING as replayed/stale update"}
{"time":"2026-07-22 10:44:39,250","level":"INFO","node":0,"msg":"fc_in col7 delta self-cosine for node 2: -0.3168 (delta_norm=0.1170)"}
{"time":"2026-07-22 10:44:39,260","level":"INFO","node":0,"msg":"Per-class agreement with node 2: class0=0.981 class1=0.970 gap=0.010"}
{"time":"2026-07-22 10:44:39,261","level":"INFO","node":0,"msg":"Per-class rolling gap for node 2: mean=0.015 over last 4 round(s)"}
{"time":"2026-07-22 10:44:39,266","level":"INFO","node":0,"msg":"Trust score for node 2: S=0.753 (Z=1.00 A=0.98 P=0.65 R=0.40) advisory only"}
{"time":"2026-07-22 10:44:39,266","level":"WARNING","node":0,"msg":"Update round=6 from node 2 REJECTED on stale-update replay: identical slack to previous round"}
{"time":"2026-07-22 10:44:39,312","level":"INFO","node":0,"msg":"Sent consensus vote to node 1"}
{"time":"2026-07-22 10:44:39,334","level":"INFO","node":0,"msg":"Sent consensus vote to node 2"}
{"time":"2026-07-22 10:44:39,364","level":"INFO","node":0,"msg":"Sent consensus vote to node 3"}
{"time":"2026-07-22 10:44:58,228","level":"INFO","node":0,"msg":"Forwarded to http://127.0.0.1:8001"}
{"time":"2026-07-22 10:45:27,123","level":"INFO","node":0,"msg":"Prediction agreement with node 1 round=6: A=0.867"}
{"time":"2026-07-22 10:45:27,124","level":"INFO","node":0,"msg":"Consensus vote recorded: node 1 decision=False reason=stale_update_replay round=6 new=False satisfied=False"}
{"time":"2026-07-22 10:45:47,133","level":"INFO","node":0,"msg":"Round 7 skip acknowledged — advancing to round 8"}
{"time":"2026-07-22 10:45:47,135","level":"WARNING","node":0,"msg":"[SKIP STRIKE] round 7 skipped, proposer=2, reason=quorum_failure — recording independent strike"}
{"time":"2026-07-22 10:45:47,136","level":"WARNING","node":0,"msg":"This node independently suspects node 2 (local strikes=5.0) — broadcasting accusation for peer corroboration, NOT excluding unilaterally"}
{"time":"2026-07-22 10:45:47,150","level":"INFO","node":0,"msg":"Sent accusation to node 1"}
{"time":"2026-07-22 10:45:47,170","level":"INFO","node":0,"msg":"Sent accusation to node 2"}
{"time":"2026-07-22 10:45:47,201","level":"INFO","node":0,"msg":"Sent accusation to node 3"}
{"time":"2026-07-22 10:45:47,202","level":"WARNING","node":0,"msg":"Node 2 accused by node 0, but only 1/3 distinct accusers so far (3f+1 quorum) — NOT excluding yet (avoids a single compromised node unilaterally removing an honest peer)."}
{"time":"2026-07-22 10:45:47,268","level":"WARNING","node":0,"msg":"Node 2 accused by node 1, but only 2/3 distinct accusers so far (3f+1 quorum) — NOT excluding yet (avoids a single compromised node unilaterally removing an honest peer)."}
{"time":"2026-07-22 10:45:47,321","level":"ERROR","node":0,"msg":"Node 2 accused by 3 independent peers ([0, 1, 3]) — quorum-corroborated, excluding."}
{"time":"2026-07-22 10:45:47,321","level":"ERROR","node":0,"msg":"Node 2 EXCLUDED from proposing and quorum. Quorum requirement adjusted to 3 of 3 remaining trusted nodes."}
{"time":"2026-07-22 10:45:47,327","level":"INFO","node":0,"msg":"Sent exclusion notice for node 2 to node 1"}
{"time":"2026-07-22 10:45:57,338","level":"WARNING","node":0,"msg":"Failed to send exclusion notice to node 3: HTTPConnectionPool(host='127.0.0.1', port=8003): Read timed out. (read timeout=10)"}
{"time":"2026-07-22 10:46:25,560","level":"INFO","node":0,"msg":"Proposal received: round=7 origin=3 hash=737c513658a9..."}
{"time":"2026-07-22 10:46:25,583","level":"INFO","node":0,"msg":"Consensus vote recorded: node 3 decision=True reason=zkp_ok round=7 new=True satisfied=False"}
{"time":"2026-07-22 10:46:25,602","level":"INFO","node":0,"msg":"Received update from node 3, round 7"}
{"time":"2026-07-22 10:46:43,467","level":"INFO","node":0,"msg":"Proposal for round=7 origin=3 changed hash after 17.88s — treating as a legitimate round retry, not equivocation."}
{"time":"2026-07-22 10:46:43,482","level":"INFO","node":0,"msg":"Proposal received: round=7 origin=3 hash=92d7a8e4a721..."}
{"time":"2026-07-22 10:46:43,576","level":"INFO","node":0,"msg":"Consensus vote recorded: node 3 decision=True reason=zkp_ok round=7 new=True satisfied=False"}
{"time":"2026-07-22 10:46:43,646","level":"INFO","node":0,"msg":"Received update from node 3, round 7"}
{"time":"2026-07-22 10:47:02,499","level":"INFO","node":0,"msg":"ZKP ACCEPTED from node 3"}
{"time":"2026-07-22 10:47:03,652","level":"INFO","node":0,"msg":"Per-class agreement with node 3: class0=0.897 class1=0.801 gap=0.096"}
{"time":"2026-07-22 10:47:03,680","level":"INFO","node":0,"msg":"Per-class rolling gap for node 3: mean=0.096 over last 1 round(s)"}
{"time":"2026-07-22 10:47:04,763","level":"INFO","node":0,"msg":"Trust score for node 3: S=0.783 (Z=1.00 A=0.87 P=0.66 R=1.00) advisory only"}
{"time":"2026-07-22 10:47:04,971","level":"INFO","node":0,"msg":"Sent consensus vote to node 1"}
{"time":"2026-07-22 10:47:05,174","level":"INFO","node":0,"msg":"Sent consensus vote to node 3"}
{"time":"2026-07-22 10:47:25,169","level":"INFO","node":0,"msg":"ZKP ACCEPTED from node 3"}
{"time":"2026-07-22 10:47:25,232","level":"INFO","node":0,"msg":"fc_in col7 delta self-cosine for node 3: -0.0944 (delta_norm=0.1547)"}
{"time":"2026-07-22 10:47:26,105","level":"INFO","node":0,"msg":"Per-class agreement with node 3: class0=0.963 class1=0.959 gap=0.003"}
{"time":"2026-07-22 10:47:26,149","level":"INFO","node":0,"msg":"Per-class rolling gap for node 3: mean=0.050 over last 2 round(s)"}
{"time":"2026-07-22 10:47:27,008","level":"INFO","node":0,"msg":"Trust score for node 3: S=0.859 (Z=1.00 A=0.96 P=0.63 R=1.00) advisory only"}
{"time":"2026-07-22 10:47:27,224","level":"INFO","node":0,"msg":"Sent consensus vote to node 1"}
{"time":"2026-07-22 10:47:27,413","level":"INFO","node":0,"msg":"Sent consensus vote to node 3"}
{"time":"2026-07-22 10:47:44,350","level":"INFO","node":0,"msg":"Forwarded to http://127.0.0.1:8001"}
{"time":"2026-07-22 10:47:59,737","level":"INFO","node":0,"msg":"Forwarded to http://127.0.0.1:8001"}
{"time":"2026-07-22 10:48:29,025","level":"INFO","node":0,"msg":"Prediction agreement with node 1 round=7: A=0.867"}
{"time":"2026-07-22 10:48:29,025","level":"INFO","node":0,"msg":"Consensus vote recorded: node 1 decision=True reason=zkp_ok round=7 new=True satisfied=True"}
{"time":"2026-07-22 10:48:43,957","level":"INFO","node":0,"msg":"Prediction agreement with node 1 round=7: A=0.884"}
{"time":"2026-07-22 10:48:43,958","level":"INFO","node":0,"msg":"Consensus vote recorded: node 1 decision=True reason=zkp_ok round=7 new=False satisfied=True"}
{"time":"2026-07-22 10:48:51,232","level":"INFO","node":0,"msg":"Synced weights from master for round 7"}
{"time":"2026-07-22 10:48:51,242","level":"INFO","node":0,"msg":"Sent commit vote to node 3"}
{"time":"2026-07-22 10:48:51,622","level":"INFO","node":0,"msg":"My turn — starting round 9 as proposer."}
{"time":"2026-07-22 10:48:51,622","level":"INFO","node":0,"msg":"Starting round 9"}
{"time":"2026-07-22 10:48:58,058","level":"INFO","node":0,"msg":"Sent proposal to node 1"}
{"time":"2026-07-22 10:48:58,075","level":"INFO","node":0,"msg":"Sent proposal to node 3"}
{"time":"2026-07-22 10:48:58,086","level":"INFO","node":0,"msg":"Sent consensus vote to node 1"}
{"time":"2026-07-22 10:48:58,093","level":"INFO","node":0,"msg":"Sent consensus vote to node 3"}
{"time":"2026-07-22 10:48:58,099","level":"INFO","node":0,"msg":"Forwarded to http://127.0.0.1:8001"}
{"time":"2026-07-22 10:49:07,877","level":"INFO","node":0,"msg":"Consensus vote recorded: node 1 decision=True reason=zkp_ok round=8 new=True satisfied=False"}
{"time":"2026-07-22 10:49:23,940","level":"INFO","node":0,"msg":"Consensus vote recorded: node 3 decision=True reason=zkp_ok round=8 new=True satisfied=True"}
{"time":"2026-07-22 10:49:29,895","level":"INFO","node":0,"msg":"Received update from node 3, round 8"}
{"time":"2026-07-22 10:49:29,895","level":"INFO","node":0,"msg":"Round 9 complete — aggregating"}
{"time":"2026-07-22 10:49:29,926","level":"WARNING","node":0,"msg":"[BACKDOOR PROBE] Round 9 SUSPICIOUS: feature=1 value=7.0 forces class=1 flip_rate=1.000 jump=0.709 (thresholds: flip>0.7, jump>0.3)"}
{"time":"2026-07-22 10:49:29,942","level":"INFO","node":0,"msg":"Commit vote recorded: node 1 decision=True round=8 satisfied=False"}
{"time":"2026-07-22 10:49:29,947","level":"INFO","node":0,"msg":"Broadcast weights to node 1"}
{"time":"2026-07-22 10:49:29,961","level":"INFO","node":0,"msg":"Commit vote recorded: node 3 decision=True round=8 satisfied=True"}
{"time":"2026-07-22 10:49:29,963","level":"INFO","node":0,"msg":"Round 9 COMMITTED — model hash agreed by [0, 1, 3]"}
{"time":"2026-07-22 10:49:29,964","level":"INFO","node":0,"msg":"Commit certificate saved to C:\Users\mousu\OneDrive\Desktop\Set A\securefedhe\dashboard\certificates\round_8.json"}
{"time":"2026-07-22 10:49:29,968","level":"INFO","node":0,"msg":"Broadcast weights to node 3"}
{"time":"2026-07-22 10:49:29,970","level":"INFO","node":0,"msg":"Checkpoint saved to C:\Users\mousu\OneDrive\Desktop\Set A\securefedhe\dashboard\model_latest.pt"}
{"time":"2026-07-22 10:49:29,970","level":"INFO","node":0,"msg":"Round 9 complete | accuracy=0.8273 | duration=38.35s"}
{"time":"2026-07-22 10:49:29,971","level":"INFO","node":0,"msg":"Round 10 belongs to node 1 — waiting for their proposal."}
{"time":"2026-07-22 10:49:29,975","level":"INFO","node":0,"msg":"Notified next proposer to node 1"}
{"time":"2026-07-22 10:49:29,975","level":"INFO","node":0,"msg":"[WATCHDOG SPAWNED] round=9 expected_proposer=1 timeout_s=600 spawned_at=10:49:29"}
{"time":"2026-07-22 10:49:36,433","level":"INFO","node":0,"msg":"Proposal received: round=9 origin=1 hash=aaba7659b4bb..."}
{"time":"2026-07-22 10:49:36,433","level":"INFO","node":0,"msg":"Consensus vote recorded: node 1 decision=True reason=zkp_ok round=9 new=True satisfied=False"}
{"time":"2026-07-22 10:49:46,201","level":"INFO","node":0,"msg":"Consensus vote recorded: node 3 decision=True reason=zkp_ok round=9 new=True satisfied=False"}
{"time":"2026-07-22 10:49:52,122","level":"INFO","node":0,"msg":"Received update from node 3, round 9"}
{"time":"2026-07-22 10:50:01,800","level":"INFO","node":0,"msg":"ZKP ACCEPTED from node 3"}
{"time":"2026-07-22 10:50:01,802","level":"INFO","node":0,"msg":"fc_in col7 delta self-cosine for node 1: 0.0219 (delta_norm=0.3212)"}
{"time":"2026-07-22 10:50:01,805","level":"INFO","node":0,"msg":"Per-class agreement with node 1: class0=0.855 class1=0.849 gap=0.006"}
{"time":"2026-07-22 10:50:01,805","level":"INFO","node":0,"msg":"Per-class rolling gap for node 1: mean=0.045 over last 2 round(s)"}
{"time":"2026-07-22 10:50:01,807","level":"INFO","node":0,"msg":"Trust score for node 1: S=0.727 (Z=1.00 A=0.85 P=0.48 R=1.00) advisory only"}
{"time":"2026-07-22 10:50:01,850","level":"INFO","node":0,"msg":"Sent consensus vote to node 1"}
{"time":"2026-07-22 10:50:01,861","level":"INFO","node":0,"msg":"Sent consensus vote to node 3"}
{"time":"2026-07-22 10:50:08,015","level":"INFO","node":0,"msg":"Forwarded to http://127.0.0.1:8001"}
{"time":"2026-07-22 10:50:08,080","level":"INFO","node":0,"msg":"Synced weights from master for round 9"}
{"time":"2026-07-22 10:50:08,086","level":"INFO","node":0,"msg":"Sent commit vote to node 1"}
{"time":"2026-07-22 10:50:14,410","level":"INFO","node":0,"msg":"Proposal received: round=10 origin=3 hash=c29531f53861..."}
{"time":"2026-07-22 10:50:14,439","level":"INFO","node":0,"msg":"Consensus vote recorded: node 3 decision=True reason=zkp_ok round=10 new=True satisfied=False"}
{"time":"2026-07-22 10:50:14,451","level":"INFO","node":0,"msg":"Received update from node 3, round 10"}
{"time":"2026-07-22 10:50:24,039","level":"INFO","node":0,"msg":"ZKP ACCEPTED from node 3"}
{"time":"2026-07-22 10:50:24,039","level":"INFO","node":0,"msg":"fc_in col7 delta self-cosine for node 3: -0.3761 (delta_norm=0.3107)"}
{"time":"2026-07-22 10:50:24,055","level":"INFO","node":0,"msg":"Per-class agreement with node 3: class0=0.844 class1=0.880 gap=0.036"}
{"time":"2026-07-22 10:50:24,057","level":"INFO","node":0,"msg":"Per-class rolling gap for node 3: mean=0.045 over last 3 round(s)"}
{"time":"2026-07-22 10:50:24,059","level":"INFO","node":0,"msg":"Trust score for node 3: S=0.742 (Z=1.00 A=0.86 P=0.54 R=1.00) advisory only"}
{"time":"2026-07-22 10:50:24,074","level":"INFO","node":0,"msg":"Sent consensus vote to node 1"}
{"time":"2026-07-22 10:50:24,086","level":"INFO","node":0,"msg":"Sent consensus vote to node 3"}
{"time":"2026-07-22 10:50:30,244","level":"INFO","node":0,"msg":"Forwarded to http://127.0.0.1:8001"}
{"time":"2026-07-22 10:50:40,005","level":"INFO","node":0,"msg":"Prediction agreement with node 1 round=10: A=0.991"}
{"time":"2026-07-22 10:50:40,005","level":"INFO","node":0,"msg":"Consensus vote recorded: node 1 decision=True reason=zkp_ok round=10 new=True satisfied=True"}
{"time":"2026-07-22 10:50:46,230","level":"INFO","node":0,"msg":"Synced weights from master for round 10"}
{"time":"2026-07-22 10:50:46,247","level":"INFO","node":0,"msg":"Sent commit vote to node 3"}
{"time":"2026-07-22 10:50:53,026","level":"INFO","node":0,"msg":"Proposal received: round=11 origin=3 hash=bed8d07e915a..."}
{"time":"2026-07-22 10:50:53,032","level":"INFO","node":0,"msg":"Consensus vote recorded: node 3 decision=True reason=zkp_ok round=11 new=True satisfied=False"}
{"time":"2026-07-22 10:50:53,048","level":"INFO","node":0,"msg":"Received update from node 3, round 11"}
{"time":"2026-07-22 10:51:02,742","level":"INFO","node":0,"msg":"ZKP ACCEPTED from node 3"}
{"time":"2026-07-22 10:51:02,742","level":"INFO","node":0,"msg":"fc_in col7 delta self-cosine for node 3: -0.1193 (delta_norm=0.1724)"}
{"time":"2026-07-22 10:51:02,752","level":"INFO","node":0,"msg":"Per-class agreement with node 3: class0=0.971 class1=0.969 gap=0.002"}
{"time":"2026-07-22 10:51:02,752","level":"INFO","node":0,"msg":"Per-class rolling gap for node 3: mean=0.034 over last 4 round(s)"}
{"time":"2026-07-22 10:51:02,758","level":"INFO","node":0,"msg":"Trust score for node 3: S=0.847 (Z=1.00 A=0.97 P=0.55 R=1.00) advisory only"}
{"time":"2026-07-22 10:51:02,785","level":"INFO","node":0,"msg":"Sent consensus vote to node 1"}
{"time":"2026-07-22 10:51:02,823","level":"INFO","node":0,"msg":"Sent consensus vote to node 3"}
{"time":"2026-07-22 10:51:08,898","level":"INFO","node":0,"msg":"Forwarded to http://127.0.0.1:8001"}
{"time":"2026-07-22 10:51:18,597","level":"INFO","node":0,"msg":"Prediction agreement with node 1 round=11: A=0.988"}
{"time":"2026-07-22 10:51:18,597","level":"INFO","node":0,"msg":"Consensus vote recorded: node 1 decision=True reason=zkp_ok round=11 new=True satisfied=True"}
{"time":"2026-07-22 10:51:24,933","level":"INFO","node":0,"msg":"Synced weights from master for round 11"}
{"time":"2026-07-22 10:51:24,953","level":"INFO","node":0,"msg":"Sent commit vote to node 3"}
{"time":"2026-07-22 10:51:24,989","level":"INFO","node":0,"msg":"My turn — starting round 13 as proposer."}
{"time":"2026-07-22 10:51:24,990","level":"INFO","node":0,"msg":"Starting round 13"}
{"time":"2026-07-22 10:51:31,247","level":"INFO","node":0,"msg":"Sent proposal to node 1"}
{"time":"2026-07-22 10:51:31,247","level":"INFO","node":0,"msg":"Sent proposal to node 3"}
{"time":"2026-07-22 10:51:31,265","level":"INFO","node":0,"msg":"Sent consensus vote to node 1"}
{"time":"2026-07-22 10:51:31,267","level":"INFO","node":0,"msg":"Sent consensus vote to node 3"}
{"time":"2026-07-22 10:51:31,271","level":"INFO","node":0,"msg":"Forwarded to http://127.0.0.1:8001"}
{"time":"2026-07-22 10:51:41,043","level":"INFO","node":0,"msg":"Consensus vote recorded: node 1 decision=True reason=zkp_ok round=12 new=True satisfied=False"}
{"time":"2026-07-22 10:51:56,930","level":"INFO","node":0,"msg":"Consensus vote recorded: node 3 decision=True reason=zkp_ok round=12 new=True satisfied=True"}
{"time":"2026-07-22 10:52:03,043","level":"INFO","node":0,"msg":"Received update from node 3, round 12"}
{"time":"2026-07-22 10:52:03,043","level":"INFO","node":0,"msg":"Round 13 complete — aggregating"}
{"time":"2026-07-22 10:52:03,074","level":"WARNING","node":0,"msg":"[BACKDOOR PROBE] Round 13 SUSPICIOUS: feature=1 value=7.0 forces class=1 flip_rate=1.000 jump=0.764 (thresholds: flip>0.7, jump>0.3)"}
{"time":"2026-07-22 10:52:03,109","level":"INFO","node":0,"msg":"Commit vote recorded: node 1 decision=True round=12 satisfied=False"}
{"time":"2026-07-22 10:52:03,111","level":"INFO","node":0,"msg":"Broadcast weights to node 1"}
{"time":"2026-07-22 10:52:03,142","level":"INFO","node":0,"msg":"Commit vote recorded: node 3 decision=True round=12 satisfied=True"}
{"time":"2026-07-22 10:52:03,142","level":"INFO","node":0,"msg":"Round 13 COMMITTED — model hash agreed by [0, 1, 3]"}
{"time":"2026-07-22 10:52:03,145","level":"INFO","node":0,"msg":"Commit certificate saved to C:\Users\mousu\OneDrive\Desktop\Set A\securefedhe\dashboard\certificates\round_12.json"}
{"time":"2026-07-22 10:52:03,149","level":"INFO","node":0,"msg":"Broadcast weights to node 3"}
{"time":"2026-07-22 10:52:03,151","level":"INFO","node":0,"msg":"Checkpoint saved to C:\Users\mousu\OneDrive\Desktop\Set A\securefedhe\dashboard\model_latest.pt"}
{"time":"2026-07-22 10:52:03,151","level":"INFO","node":0,"msg":"Round 13 complete | accuracy=0.8273 | duration=38.16s"}
{"time":"2026-07-22 10:52:03,151","level":"INFO","node":0,"msg":"Round 14 belongs to node 1 — waiting for their proposal."}
{"time":"2026-07-22 10:52:03,156","level":"INFO","node":0,"msg":"Notified next proposer to node 1"}
{"time":"2026-07-22 10:52:03,157","level":"INFO","node":0,"msg":"[WATCHDOG SPAWNED] round=13 expected_proposer=1 timeout_s=600 spawned_at=10:52:03"}
{"time":"2026-07-22 10:52:09,562","level":"INFO","node":0,"msg":"Proposal received: round=13 origin=1 hash=3b53ec3f8fd5..."}
{"time":"2026-07-22 10:52:09,591","level":"INFO","node":0,"msg":"Consensus vote recorded: node 1 decision=True reason=zkp_ok round=13 new=True satisfied=False"}
{"time":"2026-07-22 10:52:19,199","level":"INFO","node":0,"msg":"Consensus vote recorded: node 3 decision=True reason=zkp_ok round=13 new=True satisfied=False"}
{"time":"2026-07-22 10:52:25,360","level":"INFO","node":0,"msg":"Received update from node 3, round 13"}
{"time":"2026-07-22 10:52:35,041","level":"INFO","node":0,"msg":"ZKP ACCEPTED from node 3"}
{"time":"2026-07-22 10:52:35,041","level":"INFO","node":0,"msg":"fc_in col7 delta self-cosine for node 1: 0.3339 (delta_norm=0.1802)"}
{"time":"2026-07-22 10:52:35,057","level":"INFO","node":0,"msg":"Per-class agreement with node 1: class0=0.953 class1=0.960 gap=0.007"}
{"time":"2026-07-22 10:52:35,057","level":"INFO","node":0,"msg":"Per-class rolling gap for node 1: mean=0.032 over last 3 round(s)"}
{"time":"2026-07-22 10:52:35,061","level":"INFO","node":0,"msg":"Trust score for node 1: S=0.809 (Z=1.00 A=0.96 P=0.46 R=1.00) advisory only"}
{"time":"2026-07-22 10:52:35,071","level":"INFO","node":0,"msg":"Sent consensus vote to node 1"}
{"time":"2026-07-22 10:52:35,092","level":"INFO","node":0,"msg":"Sent consensus vote to node 3"}
{"time":"2026-07-22 10:52:41,151","level":"INFO","node":0,"msg":"Forwarded to http://127.0.0.1:8001"}
{"time":"2026-07-22 10:52:41,220","level":"INFO","node":0,"msg":"Synced weights from master for round 13"}
{"time":"2026-07-22 10:52:41,230","level":"INFO","node":0,"msg":"Sent commit vote to node 1"}
{"time":"2026-07-22 10:52:47,503","level":"INFO","node":0,"msg":"Proposal received: round=14 origin=3 hash=ed71161408f1..."}
{"time":"2026-07-22 10:52:47,524","level":"INFO","node":0,"msg":"Consensus vote recorded: node 3 decision=True reason=zkp_ok round=14 new=True satisfied=False"}
{"time":"2026-07-22 10:52:47,535","level":"INFO","node":0,"msg":"Received update from node 3, round 14"}
{"time":"2026-07-22 10:52:57,254","level":"INFO","node":0,"msg":"ZKP ACCEPTED from node 3"}
{"time":"2026-07-22 10:52:57,254","level":"INFO","node":0,"msg":"fc_in col7 delta self-cosine for node 3: -0.2400 (delta_norm=0.2409)"}
{"time":"2026-07-22 10:52:57,267","level":"INFO","node":0,"msg":"Per-class agreement with node 3: class0=0.973 class1=0.958 gap=0.015"}
{"time":"2026-07-22 10:52:57,267","level":"INFO","node":0,"msg":"Per-class rolling gap for node 3: mean=0.014 over last 4 round(s)"}
{"time":"2026-07-22 10:52:57,273","level":"INFO","node":0,"msg":"Trust score for node 3: S=0.840 (Z=1.00 A=0.97 P=0.54 R=1.00) advisory only"}
{"time":"2026-07-22 10:52:57,303","level":"INFO","node":0,"msg":"Sent consensus vote to node 1"}
{"time":"2026-07-22 10:52:57,337","level":"INFO","node":0,"msg":"Sent consensus vote to node 3"}
{"time":"2026-07-22 10:53:03,515","level":"INFO","node":0,"msg":"Forwarded to http://127.0.0.1:8001"}
{"time":"2026-07-22 10:53:13,170","level":"INFO","node":0,"msg":"Prediction agreement with node 1 round=14: A=0.994"}
{"time":"2026-07-22 10:53:13,171","level":"INFO","node":0,"msg":"Consensus vote recorded: node 1 decision=True reason=zkp_ok round=14 new=True satisfied=True"}
{"time":"2026-07-22 10:53:19,531","level":"INFO","node":0,"msg":"Synced weights from master for round 14"}
{"time":"2026-07-22 10:53:19,544","level":"INFO","node":0,"msg":"Sent commit vote to node 3"}
{"time":"2026-07-22 10:53:26,773","level":"INFO","node":0,"msg":"Proposal received: round=15 origin=3 hash=9a2bf3d630ca..."}
{"time":"2026-07-22 10:53:26,796","level":"INFO","node":0,"msg":"Consensus vote recorded: node 3 decision=True reason=zkp_ok round=15 new=True satisfied=False"}
{"time":"2026-07-22 10:53:26,810","level":"INFO","node":0,"msg":"Received update from node 3, round 15"}
{"time":"2026-07-22 10:53:36,675","level":"INFO","node":0,"msg":"ZKP ACCEPTED from node 3"}
{"time":"2026-07-22 10:53:36,675","level":"INFO","node":0,"msg":"fc_in col7 delta self-cosine for node 3: -0.3458 (delta_norm=0.1656)"}
{"time":"2026-07-22 10:53:36,675","level":"INFO","node":0,"msg":"Per-class agreement with node 3: class0=0.980 class1=0.972 gap=0.008"}
{"time":"2026-07-22 10:53:36,675","level":"INFO","node":0,"msg":"Per-class rolling gap for node 3: mean=0.015 over last 4 round(s)"}
{"time":"2026-07-22 10:53:36,694","level":"INFO","node":0,"msg":"Trust score for node 3: S=0.848 (Z=1.00 A=0.98 P=0.54 R=1.00) advisory only"}
{"time":"2026-07-22 10:53:36,756","level":"INFO","node":0,"msg":"Sent consensus vote to node 1"}
{"time":"2026-07-22 10:53:36,767","level":"INFO","node":0,"msg":"Sent consensus vote to node 3"}
{"time":"2026-07-22 10:53:42,850","level":"INFO","node":0,"msg":"Forwarded to http://127.0.0.1:8001"}
{"time":"2026-07-22 10:53:52,555","level":"INFO","node":0,"msg":"Prediction agreement with node 1 round=15: A=0.989"}
{"time":"2026-07-22 10:53:52,555","level":"INFO","node":0,"msg":"Consensus vote recorded: node 1 decision=True reason=zkp_ok round=15 new=True satisfied=True"}
{"time":"2026-07-22 10:53:58,744","level":"INFO","node":0,"msg":"Synced weights from master for round 15"}
{"time":"2026-07-22 10:53:58,775","level":"INFO","node":0,"msg":"Sent commit vote to node 3"}
{"time":"2026-07-22 10:53:58,819","level":"INFO","node":0,"msg":"My turn — starting round 17 as proposer."}
{"time":"2026-07-22 10:53:58,820","level":"INFO","node":0,"msg":"Starting round 17"}
{"time":"2026-07-22 10:54:05,027","level":"INFO","node":0,"msg":"Sent proposal to node 1"}
{"time":"2026-07-22 10:54:05,045","level":"INFO","node":0,"msg":"Sent proposal to node 3"}
{"time":"2026-07-22 10:54:05,055","level":"INFO","node":0,"msg":"Sent consensus vote to node 1"}
{"time":"2026-07-22 10:54:05,066","level":"INFO","node":0,"msg":"Sent consensus vote to node 3"}
{"time":"2026-07-22 10:54:05,076","level":"INFO","node":0,"msg":"Forwarded to http://127.0.0.1:8001"}
{"time":"2026-07-22 10:54:14,774","level":"INFO","node":0,"msg":"Consensus vote recorded: node 1 decision=True reason=zkp_ok round=16 new=True satisfied=False"}
{"time":"2026-07-22 10:54:30,585","level":"INFO","node":0,"msg":"Consensus vote recorded: node 3 decision=True reason=zkp_ok round=16 new=True satisfied=True"}
{"time":"2026-07-22 10:54:36,725","level":"INFO","node":0,"msg":"Received update from node 3, round 16"}
{"time":"2026-07-22 10:54:36,725","level":"INFO","node":0,"msg":"Round 17 complete — aggregating"}
{"time":"2026-07-22 10:54:36,761","level":"WARNING","node":0,"msg":"[BACKDOOR PROBE] Round 17 SUSPICIOUS: feature=1 value=7.0 forces class=1 flip_rate=1.000 jump=0.736 (thresholds: flip>0.7, jump>0.3)"}
{"time":"2026-07-22 10:54:36,809","level":"INFO","node":0,"msg":"Commit vote recorded: node 1 decision=True round=16 satisfied=False"}
{"time":"2026-07-22 10:54:36,811","level":"INFO","node":0,"msg":"Broadcast weights to node 1"}
{"time":"2026-07-22 10:54:36,835","level":"INFO","node":0,"msg":"Commit vote recorded: node 3 decision=True round=16 satisfied=True"}
{"time":"2026-07-22 10:54:36,836","level":"INFO","node":0,"msg":"Round 17 COMMITTED — model hash agreed by [0, 1, 3]"}
{"time":"2026-07-22 10:54:36,837","level":"INFO","node":0,"msg":"Commit certificate saved to C:\Users\mousu\OneDrive\Desktop\Set A\securefedhe\dashboard\certificates\round_16.json"}
{"time":"2026-07-22 10:54:36,839","level":"INFO","node":0,"msg":"Broadcast weights to node 3"}
{"time":"2026-07-22 10:54:36,840","level":"INFO","node":0,"msg":"Checkpoint saved to C:\Users\mousu\OneDrive\Desktop\Set A\securefedhe\dashboard\model_latest.pt"}
{"time":"2026-07-22 10:54:36,840","level":"INFO","node":0,"msg":"Round 17 complete | accuracy=0.8545 | duration=38.02s"}
{"time":"2026-07-22 10:54:36,841","level":"INFO","node":0,"msg":"Round 18 belongs to node 1 — waiting for their proposal."}
{"time":"2026-07-22 10:54:36,844","level":"INFO","node":0,"msg":"Notified next proposer to node 1"}
{"time":"2026-07-22 10:54:36,844","level":"INFO","node":0,"msg":"[WATCHDOG SPAWNED] round=17 expected_proposer=1 timeout_s=600 spawned_at=10:54:36"}
{"time":"2026-07-22 10:54:43,179","level":"INFO","node":0,"msg":"Proposal received: round=17 origin=1 hash=4c8a548d7f65..."}
{"time":"2026-07-22 10:54:43,192","level":"INFO","node":0,"msg":"Consensus vote recorded: node 1 decision=True reason=zkp_ok round=17 new=True satisfied=False"}
{"time":"2026-07-22 10:54:52,885","level":"INFO","node":0,"msg":"Consensus vote recorded: node 3 decision=True reason=zkp_ok round=17 new=True satisfied=False"}
{"time":"2026-07-22 10:54:58,948","level":"INFO","node":0,"msg":"Received update from node 3, round 17"}
{"time":"2026-07-22 10:55:08,538","level":"INFO","node":0,"msg":"ZKP ACCEPTED from node 3"}
{"time":"2026-07-22 10:55:08,538","level":"INFO","node":0,"msg":"fc_in col7 delta self-cosine for node 1: 0.1221 (delta_norm=0.2102)"}
{"time":"2026-07-22 10:55:08,554","level":"INFO","node":0,"msg":"Per-class agreement with node 1: class0=0.980 class1=0.960 gap=0.021"}
{"time":"2026-07-22 10:55:08,554","level":"INFO","node":0,"msg":"Per-class rolling gap for node 1: mean=0.029 over last 4 round(s)"}
{"time":"2026-07-22 10:55:08,556","level":"INFO","node":0,"msg":"Trust score for node 1: S=0.819 (Z=1.00 A=0.97 P=0.45 R=1.00) advisory only"}
{"time":"2026-07-22 10:55:08,579","level":"INFO","node":0,"msg":"Sent consensus vote to node 1"}
{"time":"2026-07-22 10:55:08,604","level":"INFO","node":0,"msg":"Sent consensus vote to node 3"}
{"time":"2026-07-22 10:55:14,774","level":"INFO","node":0,"msg":"Forwarded to http://127.0.0.1:8001"}
{"time":"2026-07-22 10:55:14,848","level":"INFO","node":0,"msg":"Synced weights from master for round 17"}
{"time":"2026-07-22 10:55:14,855","level":"INFO","node":0,"msg":"Sent commit vote to node 1"}
{"time":"2026-07-22 10:55:21,110","level":"INFO","node":0,"msg":"Proposal received: round=18 origin=3 hash=011fc050e453..."}
{"time":"2026-07-22 10:55:21,110","level":"INFO","node":0,"msg":"Consensus vote recorded: node 3 decision=True reason=zkp_ok round=18 new=True satisfied=False"}
{"time":"2026-07-22 10:55:21,132","level":"INFO","node":0,"msg":"Received update from node 3, round 18"}
{"time":"2026-07-22 10:55:30,859","level":"INFO","node":0,"msg":"ZKP ACCEPTED from node 3"}
{"time":"2026-07-22 10:55:30,859","level":"INFO","node":0,"msg":"fc_in col7 delta self-cosine for node 3: -0.2474 (delta_norm=0.2535)"}
{"time":"2026-07-22 10:55:30,859","level":"INFO","node":0,"msg":"Per-class agreement with node 3: class0=0.980 class1=0.970 gap=0.010"}
{"time":"2026-07-22 10:55:30,875","level":"INFO","node":0,"msg":"Per-class rolling gap for node 3: mean=0.009 over last 4 round(s)"}
{"time":"2026-07-22 10:55:30,876","level":"INFO","node":0,"msg":"Trust score for node 3: S=0.832 (Z=1.00 A=0.98 P=0.48 R=1.00) advisory only"}
{"time":"2026-07-22 10:55:30,891","level":"INFO","node":0,"msg":"Sent consensus vote to node 1"}
{"time":"2026-07-22 10:55:30,902","level":"INFO","node":0,"msg":"Sent consensus vote to node 3"}
{"time":"2026-07-22 10:55:36,999","level":"INFO","node":0,"msg":"Forwarded to http://127.0.0.1:8001"}
{"time":"2026-07-22 10:55:46,667","level":"INFO","node":0,"msg":"Prediction agreement with node 1 round=18: A=0.993"}
{"time":"2026-07-22 10:55:46,667","level":"INFO","node":0,"msg":"Consensus vote recorded: node 1 decision=True reason=zkp_ok round=18 new=True satisfied=True"}
{"time":"2026-07-22 10:55:53,016","level":"INFO","node":0,"msg":"Synced weights from master for round 18"}
{"time":"2026-07-22 10:55:53,038","level":"INFO","node":0,"msg":"Sent commit vote to node 3"}
{"time":"2026-07-22 10:55:59,813","level":"INFO","node":0,"msg":"Proposal received: round=19 origin=3 hash=25f2b644799a..."}
{"time":"2026-07-22 10:55:59,842","level":"INFO","node":0,"msg":"Consensus vote recorded: node 3 decision=True reason=zkp_ok round=19 new=True satisfied=False"}
{"time":"2026-07-22 10:55:59,852","level":"INFO","node":0,"msg":"Received update from node 3, round 19"}
{"time":"2026-07-22 10:56:09,540","level":"INFO","node":0,"msg":"ZKP ACCEPTED from node 3"}
{"time":"2026-07-22 10:56:09,540","level":"INFO","node":0,"msg":"fc_in col7 delta self-cosine for node 3: -0.1743 (delta_norm=0.1612)"}
{"time":"2026-07-22 10:56:09,540","level":"INFO","node":0,"msg":"Per-class agreement with node 3: class0=0.973 class1=0.966 gap=0.007"}
{"time":"2026-07-22 10:56:09,540","level":"INFO","node":0,"msg":"Per-class rolling gap for node 3: mean=0.010 over last 4 round(s)"}
{"time":"2026-07-22 10:56:09,552","level":"INFO","node":0,"msg":"Trust score for node 3: S=0.837 (Z=1.00 A=0.97 P=0.52 R=1.00) advisory only"}
{"time":"2026-07-22 10:56:09,570","level":"INFO","node":0,"msg":"Sent consensus vote to node 1"}
{"time":"2026-07-22 10:56:09,599","level":"INFO","node":0,"msg":"Sent consensus vote to node 3"}
{"time":"2026-07-22 10:56:15,799","level":"INFO","node":0,"msg":"Forwarded to http://127.0.0.1:8001"}
{"time":"2026-07-22 10:56:25,614","level":"INFO","node":0,"msg":"Prediction agreement with node 1 round=19: A=0.990"}
{"time":"2026-07-22 10:56:25,614","level":"INFO","node":0,"msg":"Consensus vote recorded: node 1 decision=True reason=zkp_ok round=19 new=True satisfied=True"}
{"time":"2026-07-22 10:56:31,932","level":"INFO","node":0,"msg":"Synced weights from master for round 19"}
{"time":"2026-07-22 10:56:31,932","level":"INFO","node":0,"msg":"Training complete after 20 rounds"}
{"time":"2026-07-22 10:56:31,951","level":"INFO","node":0,"msg":"Sent commit vote to node 3"}
{"time":"2026-07-22 10:59:29,978","level":"INFO","node":0,"msg":"Watchdog fired but training already complete — ignoring, not excluding node 1."}
{"time":"2026-07-22 11:02:03,166","level":"INFO","node":0,"msg":"Watchdog fired but training already complete — ignoring, not excluding node 1."}
{"time":"2026-07-22 11:04:36,860","level":"INFO","node":0,"msg":"Watchdog fired but training already complete — ignoring, not excluding node 1."}
{"time":"2026-07-22 11:27:36,289","level":"INFO","node":0,"msg":"Starting node 0: City General Hospital"}
{"time":"2026-07-22 11:27:36,289","level":"INFO","node":0,"msg":"[CONFIG DEBUG] attack_simulation loaded: enabled=True target_node=2 type=stale_update config_path=config_dev.json"}
{"time":"2026-07-22 11:27:36,307","level":"WARNING","node":0,"msg":"DEV MODE: running without TLS"}
{"time":"2026-07-22 11:27:36,307","level":"INFO","node":0,"msg":"Listening on 127.0.0.1:8000 | TLS=False"}
{"time":"2026-07-22 11:27:45,017","level":"INFO","node":0,"msg":"Key exchange complete with node 1"}
{"time":"2026-07-22 11:27:45,017","level":"INFO","node":0,"msg":"Consensus pubkey received from node 1"}
{"time":"2026-07-22 11:27:47,868","level":"INFO","node":0,"msg":"Consensus pubkey received from node 2"}
{"time":"2026-07-22 11:27:47,884","level":"INFO","node":0,"msg":"Key exchange complete with node 2"}
{"time":"2026-07-22 11:27:50,169","level":"INFO","node":0,"msg":"Key exchange complete with node 3"}
{"time":"2026-07-22 11:27:50,169","level":"INFO","node":0,"msg":"Consensus pubkey received from node 3"}
{"time":"2026-07-22 11:27:54,168","level":"INFO","node":0,"msg":"Sent public key to node 1"}
{"time":"2026-07-22 11:27:54,198","level":"INFO","node":0,"msg":"Sent public key to node 2"}
{"time":"2026-07-22 11:27:54,204","level":"INFO","node":0,"msg":"Sent public key to node 3"}
{"time":"2026-07-22 11:27:54,212","level":"INFO","node":0,"msg":"Sent consensus pubkey to node 1"}
{"time":"2026-07-22 11:27:54,221","level":"INFO","node":0,"msg":"Sent consensus pubkey to node 2"}
{"time":"2026-07-22 11:27:54,230","level":"INFO","node":0,"msg":"Sent consensus pubkey to node 3"}
{"time":"2026-07-22 11:27:54,230","level":"INFO","node":0,"msg":"This node is round 1's proposer — starting."}
{"time":"2026-07-22 11:27:54,232","level":"INFO","node":0,"msg":"Starting round 1"}
{"time":"2026-07-22 11:28:01,476","level":"INFO","node":0,"msg":"Sent proposal to node 1"}
{"time":"2026-07-22 11:28:01,493","level":"INFO","node":0,"msg":"Sent proposal to node 2"}
{"time":"2026-07-22 11:28:01,515","level":"INFO","node":0,"msg":"Sent proposal to node 3"}
{"time":"2026-07-22 11:28:01,524","level":"INFO","node":0,"msg":"Sent consensus vote to node 1"}
{"time":"2026-07-22 11:28:01,530","level":"INFO","node":0,"msg":"Sent consensus vote to node 2"}
{"time":"2026-07-22 11:28:01,539","level":"INFO","node":0,"msg":"Sent consensus vote to node 3"}
{"time":"2026-07-22 11:28:01,550","level":"INFO","node":0,"msg":"Forwarded to http://127.0.0.1:8001"}
{"time":"2026-07-22 11:28:11,253","level":"INFO","node":0,"msg":"Consensus vote recorded: node 1 decision=True reason=zkp_ok round=0 new=True satisfied=False"}
{"time":"2026-07-22 11:28:28,130","level":"INFO","node":0,"msg":"Consensus vote recorded: node 2 decision=True reason=zkp_ok round=0 new=True satisfied=True"}
{"time":"2026-07-22 11:28:45,336","level":"INFO","node":0,"msg":"Consensus vote recorded: node 3 decision=True reason=zkp_ok round=0 new=True satisfied=True"}
{"time":"2026-07-22 11:28:52,502","level":"INFO","node":0,"msg":"Received update from node 3, round 0"}
{"time":"2026-07-22 11:28:52,502","level":"INFO","node":0,"msg":"Round 1 complete — aggregating"}
{"time":"2026-07-22 11:28:52,502","level":"INFO","node":0,"msg":"Round 1 accuracy gate skipped (warm-up period, candidate_acc=0.6364)"}
{"time":"2026-07-22 11:28:52,552","level":"INFO","node":0,"msg":"Commit vote recorded: node 1 decision=True round=0 satisfied=False"}
{"time":"2026-07-22 11:28:52,555","level":"INFO","node":0,"msg":"Broadcast weights to node 1"}
{"time":"2026-07-22 11:28:52,604","level":"INFO","node":0,"msg":"Commit vote recorded: node 2 decision=True round=0 satisfied=True"}
{"time":"2026-07-22 11:28:52,605","level":"INFO","node":0,"msg":"Round 1 COMMITTED — model hash agreed by [0, 1, 2]"}
{"time":"2026-07-22 11:28:52,607","level":"INFO","node":0,"msg":"Commit certificate saved to C:\Users\mousu\OneDrive\Desktop\Set A\securefedhe\dashboard\certificates\round_0.json"}
{"time":"2026-07-22 11:28:52,611","level":"INFO","node":0,"msg":"Broadcast weights to node 2"}
{"time":"2026-07-22 11:28:52,638","level":"INFO","node":0,"msg":"Commit vote recorded: node 3 decision=True round=0 satisfied=True"}
{"time":"2026-07-22 11:28:52,642","level":"INFO","node":0,"msg":"Broadcast weights to node 3"}
{"time":"2026-07-22 11:28:52,654","level":"INFO","node":0,"msg":"Checkpoint saved to C:\Users\mousu\OneDrive\Desktop\Set A\securefedhe\dashboard\model_latest.pt"}
{"time":"2026-07-22 11:28:52,654","level":"INFO","node":0,"msg":"Round 1 complete | accuracy=0.6364 | duration=58.42s"}
{"time":"2026-07-22 11:28:52,654","level":"INFO","node":0,"msg":"Round 2 belongs to node 1 — waiting for their proposal."}
{"time":"2026-07-22 11:28:52,661","level":"INFO","node":0,"msg":"Notified next proposer to node 1"}
{"time":"2026-07-22 11:28:52,662","level":"INFO","node":0,"msg":"[WATCHDOG SPAWNED] round=1 expected_proposer=1 timeout_s=600 spawned_at=11:28:52"}
{"time":"2026-07-22 11:28:59,103","level":"INFO","node":0,"msg":"Proposal received: round=1 origin=1 hash=b4643332aed5..."}
{"time":"2026-07-22 11:28:59,128","level":"INFO","node":0,"msg":"Consensus vote recorded: node 1 decision=True reason=zkp_ok round=1 new=True satisfied=False"}
{"time":"2026-07-22 11:29:08,820","level":"INFO","node":0,"msg":"Consensus vote recorded: node 2 decision=True reason=zkp_ok round=1 new=True satisfied=False"}
{"time":"2026-07-22 11:29:24,767","level":"INFO","node":0,"msg":"Consensus vote recorded: node 3 decision=True reason=zkp_ok round=1 new=True satisfied=True"}
{"time":"2026-07-22 11:29:31,071","level":"INFO","node":0,"msg":"Received update from node 3, round 1"}
{"time":"2026-07-22 11:29:40,692","level":"INFO","node":0,"msg":"ZKP ACCEPTED from node 3"}
{"time":"2026-07-22 11:29:40,705","level":"INFO","node":0,"msg":"Trust score for node 1: S=0.442 (Z=1.00 A=0.50 P=0.59 R=1.00) advisory only"}
{"time":"2026-07-22 11:29:40,726","level":"INFO","node":0,"msg":"Sent consensus vote to node 1"}
{"time":"2026-07-22 11:29:40,756","level":"INFO","node":0,"msg":"Sent consensus vote to node 2"}
{"time":"2026-07-22 11:29:40,767","level":"INFO","node":0,"msg":"Sent consensus vote to node 3"}
{"time":"2026-07-22 11:29:46,757","level":"INFO","node":0,"msg":"Forwarded to http://127.0.0.1:8001"}
{"time":"2026-07-22 11:29:46,780","level":"INFO","node":0,"msg":"Synced weights from master for round 1"}
{"time":"2026-07-22 11:29:46,800","level":"INFO","node":0,"msg":"Sent commit vote to node 1"}
{"time":"2026-07-22 11:29:53,024","level":"INFO","node":0,"msg":"Proposal received: round=2 origin=2 hash=637a79700411..."}
{"time":"2026-07-22 11:29:53,059","level":"INFO","node":0,"msg":"Consensus vote recorded: node 2 decision=True reason=zkp_ok round=2 new=True satisfied=False"}
{"time":"2026-07-22 11:30:02,677","level":"INFO","node":0,"msg":"Consensus vote recorded: node 3 decision=True reason=zkp_ok round=2 new=True satisfied=False"}
{"time":"2026-07-22 11:30:08,882","level":"INFO","node":0,"msg":"Received update from node 3, round 2"}
{"time":"2026-07-22 11:30:18,511","level":"INFO","node":0,"msg":"ZKP ACCEPTED from node 3"}
{"time":"2026-07-22 11:30:18,522","level":"INFO","node":0,"msg":"Trust score for node 2: S=0.442 (Z=1.00 A=0.50 P=0.59 R=1.00) advisory only"}
{"time":"2026-07-22 11:30:18,556","level":"INFO","node":0,"msg":"Sent consensus vote to node 1"}
{"time":"2026-07-22 11:30:18,565","level":"INFO","node":0,"msg":"Sent consensus vote to node 2"}
{"time":"2026-07-22 11:30:18,580","level":"INFO","node":0,"msg":"Sent consensus vote to node 3"}
{"time":"2026-07-22 11:30:25,014","level":"INFO","node":0,"msg":"Forwarded to http://127.0.0.1:8001"}
{"time":"2026-07-22 11:30:34,776","level":"INFO","node":0,"msg":"Prediction agreement with node 1 round=2: A=0.991"}
{"time":"2026-07-22 11:30:34,776","level":"INFO","node":0,"msg":"Consensus vote recorded: node 1 decision=True reason=zkp_ok round=2 new=True satisfied=True"}
{"time":"2026-07-22 11:30:40,979","level":"INFO","node":0,"msg":"Synced weights from master for round 2"}
{"time":"2026-07-22 11:30:40,998","level":"INFO","node":0,"msg":"Sent commit vote to node 2"}
{"time":"2026-07-22 11:30:47,386","level":"INFO","node":0,"msg":"Proposal received: round=3 origin=3 hash=f93e9d377033..."}
{"time":"2026-07-22 11:30:47,428","level":"INFO","node":0,"msg":"Consensus vote recorded: node 3 decision=True reason=zkp_ok round=3 new=True satisfied=False"}
{"time":"2026-07-22 11:30:47,439","level":"INFO","node":0,"msg":"Received update from node 3, round 3"}
{"time":"2026-07-22 11:30:57,164","level":"INFO","node":0,"msg":"ZKP ACCEPTED from node 3"}
{"time":"2026-07-22 11:30:57,171","level":"INFO","node":0,"msg":"Trust score for node 3: S=0.444 (Z=1.00 A=0.50 P=0.61 R=1.00) advisory only"}
{"time":"2026-07-22 11:30:57,193","level":"INFO","node":0,"msg":"Sent consensus vote to node 1"}
{"time":"2026-07-22 11:30:57,245","level":"INFO","node":0,"msg":"Sent consensus vote to node 2"}
{"time":"2026-07-22 11:30:57,275","level":"INFO","node":0,"msg":"Sent consensus vote to node 3"}
{"time":"2026-07-22 11:31:03,355","level":"INFO","node":0,"msg":"Forwarded to http://127.0.0.1:8001"}
{"time":"2026-07-22 11:31:13,136","level":"INFO","node":0,"msg":"Prediction agreement with node 1 round=3: A=0.995"}
{"time":"2026-07-22 11:31:13,136","level":"INFO","node":0,"msg":"Consensus vote recorded: node 1 decision=True reason=zkp_ok round=3 new=True satisfied=True"}
{"time":"2026-07-22 11:31:29,190","level":"INFO","node":0,"msg":"Prediction agreement with node 2 round=3: A=0.968"}
{"time":"2026-07-22 11:31:29,191","level":"INFO","node":0,"msg":"Consensus vote recorded: node 2 decision=True reason=zkp_ok round=3 new=True satisfied=True"}
{"time":"2026-07-22 11:31:35,355","level":"INFO","node":0,"msg":"Synced weights from master for round 3"}
{"time":"2026-07-22 11:31:35,375","level":"INFO","node":0,"msg":"Sent commit vote to node 3"}
{"time":"2026-07-22 11:31:35,467","level":"INFO","node":0,"msg":"My turn — starting round 5 as proposer."}
{"time":"2026-07-22 11:31:35,467","level":"INFO","node":0,"msg":"Starting round 5"}
{"time":"2026-07-22 11:31:41,560","level":"INFO","node":0,"msg":"Sent proposal to node 1"}
{"time":"2026-07-22 11:31:41,560","level":"INFO","node":0,"msg":"Sent proposal to node 2"}
{"time":"2026-07-22 11:31:41,568","level":"INFO","node":0,"msg":"Sent proposal to node 3"}
{"time":"2026-07-22 11:31:41,575","level":"INFO","node":0,"msg":"Sent consensus vote to node 1"}
{"time":"2026-07-22 11:31:41,582","level":"INFO","node":0,"msg":"Sent consensus vote to node 2"}
{"time":"2026-07-22 11:31:41,592","level":"INFO","node":0,"msg":"Sent consensus vote to node 3"}
{"time":"2026-07-22 11:31:41,601","level":"INFO","node":0,"msg":"Forwarded to http://127.0.0.1:8001"}
{"time":"2026-07-22 11:31:51,416","level":"INFO","node":0,"msg":"Consensus vote recorded: node 1 decision=True reason=zkp_ok round=4 new=True satisfied=False"}
{"time":"2026-07-22 11:32:07,317","level":"INFO","node":0,"msg":"Consensus vote recorded: node 2 decision=True reason=zkp_ok round=4 new=True satisfied=True"}
{"time":"2026-07-22 11:32:23,333","level":"INFO","node":0,"msg":"Consensus vote recorded: node 3 decision=True reason=zkp_ok round=4 new=True satisfied=True"}
{"time":"2026-07-22 11:32:29,414","level":"INFO","node":0,"msg":"Received update from node 3, round 4"}
{"time":"2026-07-22 11:32:29,414","level":"INFO","node":0,"msg":"Round 5 complete — aggregating"}
{"time":"2026-07-22 11:32:29,423","level":"INFO","node":0,"msg":"Round 5 accuracy gate skipped (warm-up period, candidate_acc=0.6909)"}
{"time":"2026-07-22 11:32:29,489","level":"INFO","node":0,"msg":"Commit vote recorded: node 1 decision=True round=4 satisfied=False"}
{"time":"2026-07-22 11:32:29,491","level":"INFO","node":0,"msg":"Broadcast weights to node 1"}
{"time":"2026-07-22 11:32:29,518","level":"INFO","node":0,"msg":"Commit vote recorded: node 2 decision=True round=4 satisfied=True"}
{"time":"2026-07-22 11:32:29,519","level":"INFO","node":0,"msg":"Round 5 COMMITTED — model hash agreed by [0, 1, 2]"}
{"time":"2026-07-22 11:32:29,520","level":"INFO","node":0,"msg":"Commit certificate saved to C:\Users\mousu\OneDrive\Desktop\Set A\securefedhe\dashboard\certificates\round_4.json"}
{"time":"2026-07-22 11:32:29,522","level":"INFO","node":0,"msg":"Broadcast weights to node 2"}
{"time":"2026-07-22 11:32:29,547","level":"INFO","node":0,"msg":"Commit vote recorded: node 3 decision=True round=4 satisfied=True"}
{"time":"2026-07-22 11:32:29,549","level":"INFO","node":0,"msg":"Broadcast weights to node 3"}
{"time":"2026-07-22 11:32:29,551","level":"INFO","node":0,"msg":"Checkpoint saved to C:\Users\mousu\OneDrive\Desktop\Set A\securefedhe\dashboard\model_latest.pt"}
{"time":"2026-07-22 11:32:29,551","level":"INFO","node":0,"msg":"Round 5 complete | accuracy=0.6909 | duration=54.08s"}
{"time":"2026-07-22 11:32:29,551","level":"INFO","node":0,"msg":"Round 6 belongs to node 1 — waiting for their proposal."}
{"time":"2026-07-22 11:32:29,554","level":"INFO","node":0,"msg":"Notified next proposer to node 1"}
{"time":"2026-07-22 11:32:29,555","level":"INFO","node":0,"msg":"[WATCHDOG SPAWNED] round=5 expected_proposer=1 timeout_s=600 spawned_at=11:32:29"}
{"time":"2026-07-22 11:32:35,993","level":"INFO","node":0,"msg":"Proposal received: round=5 origin=1 hash=338263fc2abc..."}
{"time":"2026-07-22 11:32:36,017","level":"INFO","node":0,"msg":"Consensus vote recorded: node 1 decision=True reason=zkp_ok round=5 new=True satisfied=False"}
{"time":"2026-07-22 11:32:45,769","level":"INFO","node":0,"msg":"Consensus vote recorded: node 2 decision=True reason=zkp_ok round=5 new=True satisfied=False"}
{"time":"2026-07-22 11:33:01,796","level":"INFO","node":0,"msg":"Consensus vote recorded: node 3 decision=True reason=zkp_ok round=5 new=True satisfied=True"}
{"time":"2026-07-22 11:33:08,058","level":"INFO","node":0,"msg":"Received update from node 3, round 5"}
{"time":"2026-07-22 11:33:17,877","level":"INFO","node":0,"msg":"ZKP ACCEPTED from node 3"}
{"time":"2026-07-22 11:33:17,885","level":"INFO","node":0,"msg":"Per-class agreement with node 1: class0=0.827 class1=0.929 gap=0.103"}
{"time":"2026-07-22 11:33:17,885","level":"INFO","node":0,"msg":"Per-class rolling gap for node 1: mean=0.103 over last 1 round(s)"}
{"time":"2026-07-22 11:33:17,889","level":"INFO","node":0,"msg":"Trust score for node 1: S=0.737 (Z=1.00 A=0.86 P=0.50 R=1.00) advisory only"}
{"time":"2026-07-22 11:33:17,909","level":"INFO","node":0,"msg":"Sent consensus vote to node 1"}
{"time":"2026-07-22 11:33:17,928","level":"INFO","node":0,"msg":"Sent consensus vote to node 2"}
{"time":"2026-07-22 11:33:17,964","level":"INFO","node":0,"msg":"Sent consensus vote to node 3"}
{"time":"2026-07-22 11:33:24,385","level":"INFO","node":0,"msg":"Forwarded to http://127.0.0.1:8001"}
{"time":"2026-07-22 11:33:24,484","level":"INFO","node":0,"msg":"Synced weights from master for round 5"}
{"time":"2026-07-22 11:33:24,494","level":"INFO","node":0,"msg":"Sent commit vote to node 1"}
{"time":"2026-07-22 11:33:30,889","level":"INFO","node":0,"msg":"Proposal received: round=6 origin=2 hash=b55ea0fab559..."}
{"time":"2026-07-22 11:33:30,932","level":"INFO","node":0,"msg":"Consensus vote recorded: node 2 decision=True reason=zkp_ok round=6 new=True satisfied=False"}
{"time":"2026-07-22 11:33:41,028","level":"INFO","node":0,"msg":"Consensus vote recorded: node 3 decision=True reason=zkp_ok round=6 new=True satisfied=False"}
{"time":"2026-07-22 11:33:47,148","level":"INFO","node":0,"msg":"Received update from node 3, round 6"}
{"time":"2026-07-22 11:33:56,832","level":"INFO","node":0,"msg":"ZKP ACCEPTED from node 3"}
{"time":"2026-07-22 11:33:56,832","level":"WARNING","node":0,"msg":"[STALE-UPDATE CHECK] node 0 observed node 2 resending identical slack (262119) as last round — REJECTING as replayed/stale update"}
{"time":"2026-07-22 11:33:56,847","level":"INFO","node":0,"msg":"Per-class agreement with node 2: class0=0.915 class1=0.948 gap=0.032"}
{"time":"2026-07-22 11:33:56,847","level":"INFO","node":0,"msg":"Per-class rolling gap for node 2: mean=0.032 over last 1 round(s)"}
{"time":"2026-07-22 11:33:56,848","level":"INFO","node":0,"msg":"Trust score for node 2: S=0.793 (Z=1.00 A=0.93 P=0.50 R=1.00) advisory only"}
{"time":"2026-07-22 11:33:56,864","level":"INFO","node":0,"msg":"Sent consensus vote to node 1"}
{"time":"2026-07-22 11:33:56,890","level":"INFO","node":0,"msg":"Sent consensus vote to node 2"}
{"time":"2026-07-22 11:33:56,901","level":"INFO","node":0,"msg":"Sent consensus vote to node 3"}
{"time":"2026-07-22 11:34:03,095","level":"INFO","node":0,"msg":"Forwarded to http://127.0.0.1:8001"}
{"time":"2026-07-22 11:34:13,001","level":"INFO","node":0,"msg":"Prediction agreement with node 1 round=6: A=0.992"}
{"time":"2026-07-22 11:34:13,001","level":"INFO","node":0,"msg":"Consensus vote recorded: node 1 decision=True reason=zkp_ok round=6 new=True satisfied=True"}
{"time":"2026-07-22 11:34:19,385","level":"INFO","node":0,"msg":"Synced weights from master for round 6"}
{"time":"2026-07-22 11:34:19,407","level":"INFO","node":0,"msg":"Sent commit vote to node 2"}
{"time":"2026-07-22 11:34:25,875","level":"INFO","node":0,"msg":"Proposal received: round=7 origin=3 hash=28ba2a3c8d49..."}
{"time":"2026-07-22 11:34:25,926","level":"INFO","node":0,"msg":"Consensus vote recorded: node 3 decision=True reason=zkp_ok round=7 new=True satisfied=False"}
{"time":"2026-07-22 11:34:25,946","level":"INFO","node":0,"msg":"Received update from node 3, round 7"}
{"time":"2026-07-22 11:34:35,749","level":"INFO","node":0,"msg":"ZKP ACCEPTED from node 3"}
{"time":"2026-07-22 11:34:35,762","level":"INFO","node":0,"msg":"Per-class agreement with node 3: class0=0.945 class1=0.956 gap=0.012"}
{"time":"2026-07-22 11:34:35,762","level":"INFO","node":0,"msg":"Per-class rolling gap for node 3: mean=0.012 over last 1 round(s)"}
{"time":"2026-07-22 11:34:35,766","level":"INFO","node":0,"msg":"Trust score for node 3: S=0.862 (Z=1.00 A=0.95 P=0.68 R=1.00) advisory only"}
{"time":"2026-07-22 11:34:35,788","level":"INFO","node":0,"msg":"Sent consensus vote to node 1"}
{"time":"2026-07-22 11:34:35,826","level":"INFO","node":0,"msg":"Sent consensus vote to node 2"}
{"time":"2026-07-22 11:34:35,857","level":"INFO","node":0,"msg":"Sent consensus vote to node 3"}
{"time":"2026-07-22 11:34:42,056","level":"INFO","node":0,"msg":"Forwarded to http://127.0.0.1:8001"}
{"time":"2026-07-22 11:34:51,774","level":"INFO","node":0,"msg":"Prediction agreement with node 1 round=7: A=0.994"}
{"time":"2026-07-22 11:34:51,774","level":"INFO","node":0,"msg":"Consensus vote recorded: node 1 decision=True reason=zkp_ok round=7 new=True satisfied=True"}
{"time":"2026-07-22 11:35:07,867","level":"INFO","node":0,"msg":"Prediction agreement with node 2 round=7: A=0.960"}
{"time":"2026-07-22 11:35:07,868","level":"INFO","node":0,"msg":"Consensus vote recorded: node 2 decision=True reason=zkp_ok round=7 new=True satisfied=True"}
{"time":"2026-07-22 11:35:14,594","level":"INFO","node":0,"msg":"Synced weights from master for round 7"}
{"time":"2026-07-22 11:35:14,615","level":"INFO","node":0,"msg":"Sent commit vote to node 3"}
{"time":"2026-07-22 11:35:14,686","level":"INFO","node":0,"msg":"My turn — starting round 9 as proposer."}
{"time":"2026-07-22 11:35:14,686","level":"INFO","node":0,"msg":"Starting round 9"}
{"time":"2026-07-22 11:35:20,972","level":"INFO","node":0,"msg":"Sent proposal to node 1"}
{"time":"2026-07-22 11:35:20,990","level":"INFO","node":0,"msg":"Sent proposal to node 2"}
{"time":"2026-07-22 11:35:20,995","level":"INFO","node":0,"msg":"Sent proposal to node 3"}
{"time":"2026-07-22 11:35:21,004","level":"INFO","node":0,"msg":"Sent consensus vote to node 1"}
{"time":"2026-07-22 11:35:21,012","level":"INFO","node":0,"msg":"Sent consensus vote to node 2"}
{"time":"2026-07-22 11:35:21,021","level":"INFO","node":0,"msg":"Sent consensus vote to node 3"}
{"time":"2026-07-22 11:35:21,032","level":"INFO","node":0,"msg":"Forwarded to http://127.0.0.1:8001"}
{"time":"2026-07-22 11:35:30,894","level":"INFO","node":0,"msg":"Consensus vote recorded: node 1 decision=True reason=zkp_ok round=8 new=True satisfied=False"}
{"time":"2026-07-22 11:35:47,164","level":"INFO","node":0,"msg":"Consensus vote recorded: node 2 decision=True reason=zkp_ok round=8 new=True satisfied=True"}
{"time":"2026-07-22 11:36:03,213","level":"INFO","node":0,"msg":"Consensus vote recorded: node 3 decision=True reason=zkp_ok round=8 new=True satisfied=True"}
{"time":"2026-07-22 11:36:09,354","level":"INFO","node":0,"msg":"Received update from node 3, round 8"}
{"time":"2026-07-22 11:36:09,354","level":"INFO","node":0,"msg":"Round 9 complete — aggregating"}
{"time":"2026-07-22 11:36:09,394","level":"INFO","node":0,"msg":"[BACKDOOR PROBE] Round 9 clean — worst case flip_rate=1.000 jump=0.109 (feature=0, value=-4.0)"}
{"time":"2026-07-22 11:36:09,414","level":"INFO","node":0,"msg":"Commit vote recorded: node 1 decision=True round=8 satisfied=False"}
{"time":"2026-07-22 11:36:09,419","level":"INFO","node":0,"msg":"Broadcast weights to node 1"}
{"time":"2026-07-22 11:36:09,446","level":"INFO","node":0,"msg":"Commit vote recorded: node 2 decision=True round=8 satisfied=True"}
{"time":"2026-07-22 11:36:09,447","level":"INFO","node":0,"msg":"Round 9 COMMITTED — model hash agreed by [0, 1, 2]"}
{"time":"2026-07-22 11:36:09,449","level":"INFO","node":0,"msg":"Commit certificate saved to C:\Users\mousu\OneDrive\Desktop\Set A\securefedhe\dashboard\certificates\round_8.json"}
{"time":"2026-07-22 11:36:09,451","level":"INFO","node":0,"msg":"Broadcast weights to node 2"}
{"time":"2026-07-22 11:36:09,470","level":"INFO","node":0,"msg":"Commit vote recorded: node 3 decision=True round=8 satisfied=True"}
{"time":"2026-07-22 11:36:09,472","level":"INFO","node":0,"msg":"Broadcast weights to node 3"}
{"time":"2026-07-22 11:36:09,475","level":"INFO","node":0,"msg":"Checkpoint saved to C:\Users\mousu\OneDrive\Desktop\Set A\securefedhe\dashboard\model_latest.pt"}
{"time":"2026-07-22 11:36:09,475","level":"INFO","node":0,"msg":"Round 9 complete | accuracy=0.7545 | duration=54.79s"}
{"time":"2026-07-22 11:36:09,475","level":"INFO","node":0,"msg":"Round 10 belongs to node 1 — waiting for their proposal."}
{"time":"2026-07-22 11:36:09,479","level":"INFO","node":0,"msg":"Notified next proposer to node 1"}
{"time":"2026-07-22 11:36:09,480","level":"INFO","node":0,"msg":"[WATCHDOG SPAWNED] round=9 expected_proposer=1 timeout_s=600 spawned_at=11:36:09"}
{"time":"2026-07-22 11:36:15,938","level":"INFO","node":0,"msg":"Proposal received: round=9 origin=1 hash=3773e70f35fa..."}
{"time":"2026-07-22 11:36:15,965","level":"INFO","node":0,"msg":"Consensus vote recorded: node 1 decision=True reason=zkp_ok round=9 new=True satisfied=False"}
{"time":"2026-07-22 11:36:25,863","level":"INFO","node":0,"msg":"Consensus vote recorded: node 2 decision=True reason=zkp_ok round=9 new=True satisfied=False"}
{"time":"2026-07-22 11:36:41,698","level":"INFO","node":0,"msg":"Consensus vote recorded: node 3 decision=True reason=zkp_ok round=9 new=True satisfied=True"}
{"time":"2026-07-22 11:36:47,820","level":"INFO","node":0,"msg":"Received update from node 3, round 9"}
{"time":"2026-07-22 11:36:57,355","level":"INFO","node":0,"msg":"ZKP ACCEPTED from node 3"}
{"time":"2026-07-22 11:36:57,355","level":"INFO","node":0,"msg":"fc_in col7 delta self-cosine for node 1: 0.8113 (delta_norm=0.2968)"}
{"time":"2026-07-22 11:36:57,355","level":"INFO","node":0,"msg":"Per-class agreement with node 1: class0=0.979 class1=0.970 gap=0.010"}
{"time":"2026-07-22 11:36:57,355","level":"INFO","node":0,"msg":"Per-class rolling gap for node 1: mean=0.056 over last 2 round(s)"}
{"time":"2026-07-22 11:36:57,367","level":"INFO","node":0,"msg":"Trust score for node 1: S=0.816 (Z=1.00 A=0.98 P=0.43 R=1.00) advisory only"}
{"time":"2026-07-22 11:36:57,386","level":"INFO","node":0,"msg":"Sent consensus vote to node 1"}
{"time":"2026-07-22 11:36:57,420","level":"INFO","node":0,"msg":"Sent consensus vote to node 2"}
{"time":"2026-07-22 11:36:57,433","level":"INFO","node":0,"msg":"Sent consensus vote to node 3"}
{"time":"2026-07-22 11:37:03,551","level":"INFO","node":0,"msg":"Forwarded to http://127.0.0.1:8001"}
{"time":"2026-07-22 11:37:03,600","level":"INFO","node":0,"msg":"Synced weights from master for round 9"}
{"time":"2026-07-22 11:37:03,608","level":"INFO","node":0,"msg":"Sent commit vote to node 1"}
{"time":"2026-07-22 11:37:09,835","level":"INFO","node":0,"msg":"Proposal received: round=10 origin=2 hash=c551274afe08..."}
{"time":"2026-07-22 11:37:09,883","level":"INFO","node":0,"msg":"Consensus vote recorded: node 2 decision=True reason=zkp_ok round=10 new=True satisfied=False"}
{"time":"2026-07-22 11:37:19,789","level":"INFO","node":0,"msg":"Consensus vote recorded: node 3 decision=True reason=zkp_ok round=10 new=True satisfied=False"}
{"time":"2026-07-22 11:37:25,983","level":"INFO","node":0,"msg":"Received update from node 3, round 10"}
{"time":"2026-07-22 11:37:35,630","level":"INFO","node":0,"msg":"ZKP ACCEPTED from node 3"}
{"time":"2026-07-22 11:37:35,630","level":"WARNING","node":0,"msg":"[STALE-UPDATE CHECK] node 0 observed node 2 resending identical slack (262119) as last round — REJECTING as replayed/stale update"}
{"time":"2026-07-22 11:37:35,630","level":"INFO","node":0,"msg":"fc_in col7 delta self-cosine for node 2: 0.5396 (delta_norm=0.2155)"}
{"time":"2026-07-22 11:37:35,644","level":"INFO","node":0,"msg":"Per-class agreement with node 2: class0=0.980 class1=0.970 gap=0.010"}
{"time":"2026-07-22 11:37:35,644","level":"INFO","node":0,"msg":"Per-class rolling gap for node 2: mean=0.021 over last 2 round(s)"}
{"time":"2026-07-22 11:37:35,646","level":"INFO","node":0,"msg":"Trust score for node 2: S=0.812 (Z=1.00 A=0.98 P=0.41 R=1.00) advisory only"}
{"time":"2026-07-22 11:37:35,661","level":"INFO","node":0,"msg":"Sent consensus vote to node 1"}
{"time":"2026-07-22 11:37:35,675","level":"INFO","node":0,"msg":"Sent consensus vote to node 2"}
{"time":"2026-07-22 11:37:35,703","level":"INFO","node":0,"msg":"Sent consensus vote to node 3"}
{"time":"2026-07-22 11:37:41,704","level":"INFO","node":0,"msg":"Forwarded to http://127.0.0.1:8001"}
{"time":"2026-07-22 11:37:51,324","level":"INFO","node":0,"msg":"Prediction agreement with node 1 round=10: A=0.993"}
{"time":"2026-07-22 11:37:51,324","level":"INFO","node":0,"msg":"Consensus vote recorded: node 1 decision=True reason=zkp_ok round=10 new=True satisfied=True"}
{"time":"2026-07-22 11:37:57,573","level":"INFO","node":0,"msg":"Synced weights from master for round 10"}
{"time":"2026-07-22 11:37:57,579","level":"INFO","node":0,"msg":"Sent commit vote to node 2"}
{"time":"2026-07-22 11:38:03,888","level":"INFO","node":0,"msg":"Proposal received: round=11 origin=3 hash=6a6d8bee6095..."}
{"time":"2026-07-22 11:38:03,920","level":"INFO","node":0,"msg":"Consensus vote recorded: node 3 decision=True reason=zkp_ok round=11 new=True satisfied=False"}
{"time":"2026-07-22 11:38:03,936","level":"INFO","node":0,"msg":"Received update from node 3, round 11"}
{"time":"2026-07-22 11:38:13,630","level":"INFO","node":0,"msg":"ZKP ACCEPTED from node 3"}
{"time":"2026-07-22 11:38:13,630","level":"INFO","node":0,"msg":"fc_in col7 delta self-cosine for node 3: 0.5857 (delta_norm=0.3363)"}
{"time":"2026-07-22 11:38:13,630","level":"INFO","node":0,"msg":"Per-class agreement with node 3: class0=0.973 class1=0.981 gap=0.009"}
{"time":"2026-07-22 11:38:13,630","level":"INFO","node":0,"msg":"Per-class rolling gap for node 3: mean=0.010 over last 2 round(s)"}
{"time":"2026-07-22 11:38:13,630","level":"INFO","node":0,"msg":"Trust score for node 3: S=0.841 (Z=1.00 A=0.98 P=0.52 R=1.00) advisory only"}
{"time":"2026-07-22 11:38:13,654","level":"INFO","node":0,"msg":"Sent consensus vote to node 1"}
{"time":"2026-07-22 11:38:13,684","level":"INFO","node":0,"msg":"Sent consensus vote to node 2"}
{"time":"2026-07-22 11:38:13,705","level":"INFO","node":0,"msg":"Sent consensus vote to node 3"}
{"time":"2026-07-22 11:38:19,788","level":"INFO","node":0,"msg":"Forwarded to http://127.0.0.1:8001"}
{"time":"2026-07-22 11:38:29,540","level":"INFO","node":0,"msg":"Prediction agreement with node 1 round=11: A=0.996"}
{"time":"2026-07-22 11:38:29,540","level":"INFO","node":0,"msg":"Consensus vote recorded: node 1 decision=True reason=zkp_ok round=11 new=True satisfied=True"}
{"time":"2026-07-22 11:38:45,532","level":"INFO","node":0,"msg":"Prediction agreement with node 2 round=11: A=0.968"}
{"time":"2026-07-22 11:38:45,533","level":"INFO","node":0,"msg":"Consensus vote recorded: node 2 decision=True reason=zkp_ok round=11 new=True satisfied=True"}
{"time":"2026-07-22 11:38:51,712","level":"INFO","node":0,"msg":"Synced weights from master for round 11"}
{"time":"2026-07-22 11:38:51,734","level":"INFO","node":0,"msg":"Sent commit vote to node 3"}
{"time":"2026-07-22 11:38:51,802","level":"INFO","node":0,"msg":"My turn — starting round 13 as proposer."}
{"time":"2026-07-22 11:38:51,803","level":"INFO","node":0,"msg":"Starting round 13"}
{"time":"2026-07-22 11:38:58,034","level":"INFO","node":0,"msg":"Sent proposal to node 1"}
{"time":"2026-07-22 11:38:58,053","level":"INFO","node":0,"msg":"Sent proposal to node 2"}
{"time":"2026-07-22 11:38:58,074","level":"INFO","node":0,"msg":"Sent proposal to node 3"}
{"time":"2026-07-22 11:38:58,083","level":"INFO","node":0,"msg":"Sent consensus vote to node 1"}
{"time":"2026-07-22 11:38:58,088","level":"INFO","node":0,"msg":"Sent consensus vote to node 2"}
{"time":"2026-07-22 11:38:58,095","level":"INFO","node":0,"msg":"Sent consensus vote to node 3"}
{"time":"2026-07-22 11:38:58,107","level":"INFO","node":0,"msg":"Forwarded to http://127.0.0.1:8001"}
{"time":"2026-07-22 11:39:07,946","level":"INFO","node":0,"msg":"Consensus vote recorded: node 1 decision=True reason=zkp_ok round=12 new=True satisfied=False"}
{"time":"2026-07-22 11:39:24,409","level":"INFO","node":0,"msg":"Consensus vote recorded: node 2 decision=True reason=zkp_ok round=12 new=True satisfied=True"}
{"time":"2026-07-22 11:39:40,207","level":"INFO","node":0,"msg":"Consensus vote recorded: node 3 decision=True reason=zkp_ok round=12 new=True satisfied=True"}
{"time":"2026-07-22 11:39:46,490","level":"INFO","node":0,"msg":"Received update from node 3, round 12"}
{"time":"2026-07-22 11:39:46,490","level":"INFO","node":0,"msg":"Round 13 complete — aggregating"}
{"time":"2026-07-22 11:39:46,523","level":"INFO","node":0,"msg":"[BACKDOOR PROBE] Round 13 clean — worst case flip_rate=1.000 jump=0.100 (feature=0, value=-4.0)"}
{"time":"2026-07-22 11:39:46,571","level":"INFO","node":0,"msg":"Commit vote recorded: node 1 decision=True round=12 satisfied=False"}
{"time":"2026-07-22 11:39:46,573","level":"INFO","node":0,"msg":"Broadcast weights to node 1"}
{"time":"2026-07-22 11:39:46,600","level":"INFO","node":0,"msg":"Commit vote recorded: node 2 decision=True round=12 satisfied=True"}
{"time":"2026-07-22 11:39:46,600","level":"INFO","node":0,"msg":"Round 13 COMMITTED — model hash agreed by [0, 1, 2]"}
{"time":"2026-07-22 11:39:46,601","level":"INFO","node":0,"msg":"Commit certificate saved to C:\Users\mousu\OneDrive\Desktop\Set A\securefedhe\dashboard\certificates\round_12.json"}
{"time":"2026-07-22 11:39:46,603","level":"INFO","node":0,"msg":"Broadcast weights to node 2"}
{"time":"2026-07-22 11:39:46,628","level":"INFO","node":0,"msg":"Commit vote recorded: node 3 decision=True round=12 satisfied=True"}
{"time":"2026-07-22 11:39:46,632","level":"INFO","node":0,"msg":"Broadcast weights to node 3"}
{"time":"2026-07-22 11:39:46,634","level":"INFO","node":0,"msg":"Checkpoint saved to C:\Users\mousu\OneDrive\Desktop\Set A\securefedhe\dashboard\model_latest.pt"}
{"time":"2026-07-22 11:39:46,634","level":"INFO","node":0,"msg":"Round 13 complete | accuracy=0.7455 | duration=54.83s"}
{"time":"2026-07-22 11:39:46,635","level":"INFO","node":0,"msg":"Round 14 belongs to node 1 — waiting for their proposal."}
{"time":"2026-07-22 11:39:46,638","level":"INFO","node":0,"msg":"Notified next proposer to node 1"}
{"time":"2026-07-22 11:39:46,638","level":"INFO","node":0,"msg":"[WATCHDOG SPAWNED] round=13 expected_proposer=1 timeout_s=600 spawned_at=11:39:46"}
{"time":"2026-07-22 11:39:53,015","level":"INFO","node":0,"msg":"Proposal received: round=13 origin=1 hash=53c917b6bf35..."}
{"time":"2026-07-22 11:39:53,054","level":"INFO","node":0,"msg":"Consensus vote recorded: node 1 decision=True reason=zkp_ok round=13 new=True satisfied=False"}
{"time":"2026-07-22 11:40:02,824","level":"INFO","node":0,"msg":"Consensus vote recorded: node 2 decision=True reason=zkp_ok round=13 new=True satisfied=False"}
{"time":"2026-07-22 11:40:18,831","level":"INFO","node":0,"msg":"Consensus vote recorded: node 3 decision=True reason=zkp_ok round=13 new=True satisfied=True"}
{"time":"2026-07-22 11:40:24,962","level":"INFO","node":0,"msg":"Received update from node 3, round 13"}
{"time":"2026-07-22 11:40:34,652","level":"INFO","node":0,"msg":"ZKP ACCEPTED from node 3"}
{"time":"2026-07-22 11:40:34,652","level":"INFO","node":0,"msg":"fc_in col7 delta self-cosine for node 1: 0.5031 (delta_norm=0.1682)"}
{"time":"2026-07-22 11:40:34,656","level":"INFO","node":0,"msg":"Per-class agreement with node 1: class0=0.984 class1=0.989 gap=0.005"}
{"time":"2026-07-22 11:40:34,656","level":"INFO","node":0,"msg":"Per-class rolling gap for node 1: mean=0.039 over last 3 round(s)"}
{"time":"2026-07-22 11:40:34,660","level":"INFO","node":0,"msg":"Trust score for node 1: S=0.855 (Z=1.00 A=0.99 P=0.54 R=1.00) advisory only"}
{"time":"2026-07-22 11:40:34,675","level":"INFO","node":0,"msg":"Sent consensus vote to node 1"}
{"time":"2026-07-22 11:40:34,696","level":"INFO","node":0,"msg":"Sent consensus vote to node 2"}
{"time":"2026-07-22 11:40:34,730","level":"INFO","node":0,"msg":"Sent consensus vote to node 3"}
{"time":"2026-07-22 11:40:40,843","level":"INFO","node":0,"msg":"Forwarded to http://127.0.0.1:8001"}
{"time":"2026-07-22 11:40:40,884","level":"INFO","node":0,"msg":"Synced weights from master for round 13"}
{"time":"2026-07-22 11:40:40,889","level":"INFO","node":0,"msg":"Sent commit vote to node 1"}
{"time":"2026-07-22 11:40:47,156","level":"INFO","node":0,"msg":"Proposal received: round=14 origin=2 hash=4ee3c13400c0..."}
{"time":"2026-07-22 11:40:47,183","level":"INFO","node":0,"msg":"Consensus vote recorded: node 2 decision=True reason=zkp_ok round=14 new=True satisfied=False"}
{"time":"2026-07-22 11:40:56,985","level":"INFO","node":0,"msg":"Consensus vote recorded: node 3 decision=True reason=zkp_ok round=14 new=True satisfied=False"}
{"time":"2026-07-22 11:41:03,188","level":"INFO","node":0,"msg":"Received update from node 3, round 14"}
{"time":"2026-07-22 11:41:12,937","level":"INFO","node":0,"msg":"ZKP ACCEPTED from node 3"}
{"time":"2026-07-22 11:41:12,937","level":"WARNING","node":0,"msg":"[STALE-UPDATE CHECK] node 0 observed node 2 resending identical slack (262119) as last round — REJECTING as replayed/stale update"}
{"time":"2026-07-22 11:41:12,937","level":"INFO","node":0,"msg":"fc_in col7 delta self-cosine for node 2: -0.0119 (delta_norm=0.1718)"}
{"time":"2026-07-22 11:41:12,942","level":"INFO","node":0,"msg":"Per-class agreement with node 2: class0=0.984 class1=0.980 gap=0.004"}
{"time":"2026-07-22 11:41:12,942","level":"INFO","node":0,"msg":"Per-class rolling gap for node 2: mean=0.015 over last 3 round(s)"}
{"time":"2026-07-22 11:41:12,946","level":"INFO","node":0,"msg":"Trust score for node 2: S=0.832 (Z=1.00 A=0.98 P=0.46 R=1.00) advisory only"}
{"time":"2026-07-22 11:41:12,960","level":"INFO","node":0,"msg":"Sent consensus vote to node 1"}
{"time":"2026-07-22 11:41:12,974","level":"INFO","node":0,"msg":"Sent consensus vote to node 2"}
{"time":"2026-07-22 11:41:12,986","level":"INFO","node":0,"msg":"Sent consensus vote to node 3"}
{"time":"2026-07-22 11:41:19,122","level":"INFO","node":0,"msg":"Forwarded to http://127.0.0.1:8001"}
{"time":"2026-07-22 11:41:28,985","level":"INFO","node":0,"msg":"Prediction agreement with node 1 round=14: A=0.993"}
{"time":"2026-07-22 11:41:28,986","level":"INFO","node":0,"msg":"Consensus vote recorded: node 1 decision=True reason=zkp_ok round=14 new=True satisfied=True"}
{"time":"2026-07-22 11:41:35,326","level":"INFO","node":0,"msg":"Synced weights from master for round 14"}
{"time":"2026-07-22 11:41:35,342","level":"INFO","node":0,"msg":"Sent commit vote to node 2"}
{"time":"2026-07-22 11:41:41,728","level":"INFO","node":0,"msg":"Proposal received: round=15 origin=3 hash=31eecfad206e..."}
{"time":"2026-07-22 11:41:41,751","level":"INFO","node":0,"msg":"Consensus vote recorded: node 3 decision=True reason=zkp_ok round=15 new=True satisfied=False"}
{"time":"2026-07-22 11:41:41,764","level":"INFO","node":0,"msg":"Received update from node 3, round 15"}
{"time":"2026-07-22 11:41:51,445","level":"INFO","node":0,"msg":"ZKP ACCEPTED from node 3"}
{"time":"2026-07-22 11:41:51,445","level":"INFO","node":0,"msg":"fc_in col7 delta self-cosine for node 3: -0.0218 (delta_norm=0.2242)"}
{"time":"2026-07-22 11:41:51,454","level":"INFO","node":0,"msg":"Per-class agreement with node 3: class0=0.981 class1=0.983 gap=0.002"}
{"time":"2026-07-22 11:41:51,454","level":"INFO","node":0,"msg":"Per-class rolling gap for node 3: mean=0.007 over last 3 round(s)"}
{"time":"2026-07-22 11:41:51,457","level":"INFO","node":0,"msg":"Trust score for node 3: S=0.862 (Z=1.00 A=0.98 P=0.57 R=1.00) advisory only"}
{"time":"2026-07-22 11:41:51,472","level":"INFO","node":0,"msg":"Sent consensus vote to node 1"}
{"time":"2026-07-22 11:41:51,498","level":"INFO","node":0,"msg":"Sent consensus vote to node 2"}
{"time":"2026-07-22 11:41:51,511","level":"INFO","node":0,"msg":"Sent consensus vote to node 3"}
{"time":"2026-07-22 11:41:57,767","level":"INFO","node":0,"msg":"Forwarded to http://127.0.0.1:8001"}
{"time":"2026-07-22 11:42:07,532","level":"INFO","node":0,"msg":"Prediction agreement with node 1 round=15: A=0.993"}
{"time":"2026-07-22 11:42:07,532","level":"INFO","node":0,"msg":"Consensus vote recorded: node 1 decision=True reason=zkp_ok round=15 new=True satisfied=True"}
{"time":"2026-07-22 11:42:23,534","level":"INFO","node":0,"msg":"Prediction agreement with node 2 round=15: A=0.955"}
{"time":"2026-07-22 11:42:23,535","level":"INFO","node":0,"msg":"Consensus vote recorded: node 2 decision=True reason=zkp_ok round=15 new=True satisfied=True"}
{"time":"2026-07-22 11:42:29,730","level":"INFO","node":0,"msg":"Synced weights from master for round 15"}
{"time":"2026-07-22 11:42:29,747","level":"INFO","node":0,"msg":"Sent commit vote to node 3"}
{"time":"2026-07-22 11:42:29,806","level":"INFO","node":0,"msg":"My turn — starting round 17 as proposer."}
{"time":"2026-07-22 11:42:29,807","level":"INFO","node":0,"msg":"Starting round 17"}
{"time":"2026-07-22 11:42:36,045","level":"INFO","node":0,"msg":"Sent proposal to node 1"}
{"time":"2026-07-22 11:42:36,061","level":"INFO","node":0,"msg":"Sent proposal to node 2"}
{"time":"2026-07-22 11:42:36,065","level":"INFO","node":0,"msg":"Sent proposal to node 3"}
{"time":"2026-07-22 11:42:36,069","level":"INFO","node":0,"msg":"Sent consensus vote to node 1"}
{"time":"2026-07-22 11:42:36,075","level":"INFO","node":0,"msg":"Sent consensus vote to node 2"}
{"time":"2026-07-22 11:42:36,081","level":"INFO","node":0,"msg":"Sent consensus vote to node 3"}
{"time":"2026-07-22 11:42:36,091","level":"INFO","node":0,"msg":"Forwarded to http://127.0.0.1:8001"}
{"time":"2026-07-22 11:42:45,865","level":"INFO","node":0,"msg":"Consensus vote recorded: node 1 decision=True reason=zkp_ok round=16 new=True satisfied=False"}
{"time":"2026-07-22 11:43:01,988","level":"INFO","node":0,"msg":"Consensus vote recorded: node 2 decision=True reason=zkp_ok round=16 new=True satisfied=True"}
{"time":"2026-07-22 11:43:17,875","level":"INFO","node":0,"msg":"Consensus vote recorded: node 3 decision=True reason=zkp_ok round=16 new=True satisfied=True"}
{"time":"2026-07-22 11:43:24,175","level":"INFO","node":0,"msg":"Received update from node 3, round 16"}
{"time":"2026-07-22 11:43:24,175","level":"INFO","node":0,"msg":"Round 17 complete — aggregating"}
{"time":"2026-07-22 11:43:24,209","level":"INFO","node":0,"msg":"[BACKDOOR PROBE] Round 17 clean — worst case flip_rate=1.000 jump=0.127 (feature=0, value=-4.0)"}
{"time":"2026-07-22 11:43:24,229","level":"INFO","node":0,"msg":"Commit vote recorded: node 1 decision=True round=16 satisfied=False"}
{"time":"2026-07-22 11:43:24,231","level":"INFO","node":0,"msg":"Broadcast weights to node 1"}
{"time":"2026-07-22 11:43:24,273","level":"INFO","node":0,"msg":"Commit vote recorded: node 2 decision=True round=16 satisfied=True"}
{"time":"2026-07-22 11:43:24,274","level":"INFO","node":0,"msg":"Round 17 COMMITTED — model hash agreed by [0, 1, 2]"}
{"time":"2026-07-22 11:43:24,275","level":"INFO","node":0,"msg":"Commit certificate saved to C:\Users\mousu\OneDrive\Desktop\Set A\securefedhe\dashboard\certificates\round_16.json"}
{"time":"2026-07-22 11:43:24,277","level":"INFO","node":0,"msg":"Broadcast weights to node 2"}
{"time":"2026-07-22 11:43:24,291","level":"INFO","node":0,"msg":"Commit vote recorded: node 3 decision=True round=16 satisfied=True"}
{"time":"2026-07-22 11:43:24,293","level":"INFO","node":0,"msg":"Broadcast weights to node 3"}
{"time":"2026-07-22 11:43:24,296","level":"INFO","node":0,"msg":"Checkpoint saved to C:\Users\mousu\OneDrive\Desktop\Set A\securefedhe\dashboard\model_latest.pt"}
{"time":"2026-07-22 11:43:24,296","level":"INFO","node":0,"msg":"Round 17 complete | accuracy=0.7545 | duration=54.49s"}
{"time":"2026-07-22 11:43:24,296","level":"INFO","node":0,"msg":"Round 18 belongs to node 1 — waiting for their proposal."}
{"time":"2026-07-22 11:43:24,299","level":"INFO","node":0,"msg":"Notified next proposer to node 1"}
{"time":"2026-07-22 11:43:24,300","level":"INFO","node":0,"msg":"[WATCHDOG SPAWNED] round=17 expected_proposer=1 timeout_s=600 spawned_at=11:43:24"}
{"time":"2026-07-22 11:43:30,725","level":"INFO","node":0,"msg":"Proposal received: round=17 origin=1 hash=8598eedaddfc..."}
{"time":"2026-07-22 11:43:30,741","level":"INFO","node":0,"msg":"Consensus vote recorded: node 1 decision=True reason=zkp_ok round=17 new=True satisfied=False"}
{"time":"2026-07-22 11:43:40,564","level":"INFO","node":0,"msg":"Consensus vote recorded: node 2 decision=True reason=zkp_ok round=17 new=True satisfied=False"}
{"time":"2026-07-22 11:43:56,554","level":"INFO","node":0,"msg":"Consensus vote recorded: node 3 decision=True reason=zkp_ok round=17 new=True satisfied=True"}
{"time":"2026-07-22 11:44:02,735","level":"INFO","node":0,"msg":"Received update from node 3, round 17"}
{"time":"2026-07-22 11:44:12,531","level":"INFO","node":0,"msg":"ZKP ACCEPTED from node 3"}
{"time":"2026-07-22 11:44:12,531","level":"INFO","node":0,"msg":"fc_in col7 delta self-cosine for node 1: -0.0117 (delta_norm=0.1489)"}
{"time":"2026-07-22 11:44:12,531","level":"INFO","node":0,"msg":"Per-class agreement with node 1: class0=0.976 class1=0.979 gap=0.003"}
{"time":"2026-07-22 11:44:12,531","level":"INFO","node":0,"msg":"Per-class rolling gap for node 1: mean=0.030 over last 4 round(s)"}
{"time":"2026-07-22 11:44:12,538","level":"INFO","node":0,"msg":"Trust score for node 1: S=0.837 (Z=1.00 A=0.98 P=0.50 R=1.00) advisory only"}
{"time":"2026-07-22 11:44:12,591","level":"INFO","node":0,"msg":"Sent consensus vote to node 1"}
{"time":"2026-07-22 11:44:12,613","level":"INFO","node":0,"msg":"Sent consensus vote to node 2"}
{"time":"2026-07-22 11:44:12,624","level":"INFO","node":0,"msg":"Sent consensus vote to node 3"}
{"time":"2026-07-22 11:44:18,766","level":"INFO","node":0,"msg":"Forwarded to http://127.0.0.1:8001"}
{"time":"2026-07-22 11:44:18,808","level":"INFO","node":0,"msg":"Synced weights from master for round 17"}
{"time":"2026-07-22 11:44:18,814","level":"INFO","node":0,"msg":"Sent commit vote to node 1"}
{"time":"2026-07-22 11:44:25,221","level":"INFO","node":0,"msg":"Proposal received: round=18 origin=2 hash=07fea38289be..."}
{"time":"2026-07-22 11:44:25,258","level":"INFO","node":0,"msg":"Consensus vote recorded: node 2 decision=True reason=zkp_ok round=18 new=True satisfied=False"}
{"time":"2026-07-22 11:44:34,950","level":"INFO","node":0,"msg":"Consensus vote recorded: node 3 decision=True reason=zkp_ok round=18 new=True satisfied=False"}
{"time":"2026-07-22 11:44:41,224","level":"INFO","node":0,"msg":"Received update from node 3, round 18"}
{"time":"2026-07-22 11:44:50,860","level":"INFO","node":0,"msg":"ZKP ACCEPTED from node 3"}
{"time":"2026-07-22 11:44:50,860","level":"WARNING","node":0,"msg":"[STALE-UPDATE CHECK] node 0 observed node 2 resending identical slack (262119) as last round — REJECTING as replayed/stale update"}
{"time":"2026-07-22 11:44:50,860","level":"INFO","node":0,"msg":"fc_in col7 delta self-cosine for node 2: -0.2830 (delta_norm=0.1318)"}
{"time":"2026-07-22 11:44:50,878","level":"INFO","node":0,"msg":"Per-class agreement with node 2: class0=0.986 class1=0.981 gap=0.005"}
{"time":"2026-07-22 11:44:50,878","level":"INFO","node":0,"msg":"Per-class rolling gap for node 2: mean=0.013 over last 4 round(s)"}
{"time":"2026-07-22 11:44:50,880","level":"INFO","node":0,"msg":"Trust score for node 2: S=0.844 (Z=1.00 A=0.98 P=0.50 R=1.00) advisory only"}
{"time":"2026-07-22 11:44:50,896","level":"INFO","node":0,"msg":"Sent consensus vote to node 1"}
{"time":"2026-07-22 11:44:50,909","level":"INFO","node":0,"msg":"Sent consensus vote to node 2"}
{"time":"2026-07-22 11:44:50,920","level":"INFO","node":0,"msg":"Sent consensus vote to node 3"}
{"time":"2026-07-22 11:44:57,083","level":"INFO","node":0,"msg":"Forwarded to http://127.0.0.1:8001"}
{"time":"2026-07-22 11:45:06,825","level":"INFO","node":0,"msg":"Prediction agreement with node 1 round=18: A=0.992"}
{"time":"2026-07-22 11:45:06,826","level":"INFO","node":0,"msg":"Consensus vote recorded: node 1 decision=True reason=zkp_ok round=18 new=True satisfied=True"}
{"time":"2026-07-22 11:45:13,270","level":"INFO","node":0,"msg":"Synced weights from master for round 18"}
{"time":"2026-07-22 11:45:13,276","level":"INFO","node":0,"msg":"Sent commit vote to node 2"}
{"time":"2026-07-22 11:45:19,583","level":"INFO","node":0,"msg":"Proposal received: round=19 origin=3 hash=5d63ba25d1e7..."}
{"time":"2026-07-22 11:45:19,619","level":"INFO","node":0,"msg":"Consensus vote recorded: node 3 decision=True reason=zkp_ok round=19 new=True satisfied=False"}
{"time":"2026-07-22 11:45:19,631","level":"INFO","node":0,"msg":"Received update from node 3, round 19"}
{"time":"2026-07-22 11:45:29,394","level":"INFO","node":0,"msg":"ZKP ACCEPTED from node 3"}
{"time":"2026-07-22 11:45:29,394","level":"INFO","node":0,"msg":"fc_in col7 delta self-cosine for node 3: -0.2685 (delta_norm=0.2379)"}
{"time":"2026-07-22 11:45:29,394","level":"INFO","node":0,"msg":"Per-class agreement with node 3: class0=0.982 class1=0.979 gap=0.003"}
{"time":"2026-07-22 11:45:29,394","level":"INFO","node":0,"msg":"Per-class rolling gap for node 3: mean=0.006 over last 4 round(s)"}
{"time":"2026-07-22 11:45:29,410","level":"INFO","node":0,"msg":"Trust score for node 3: S=0.861 (Z=1.00 A=0.98 P=0.57 R=1.00) advisory only"}
{"time":"2026-07-22 11:45:29,436","level":"INFO","node":0,"msg":"Sent consensus vote to node 1"}
{"time":"2026-07-22 11:45:29,458","level":"INFO","node":0,"msg":"Sent consensus vote to node 2"}
{"time":"2026-07-22 11:45:29,470","level":"INFO","node":0,"msg":"Sent consensus vote to node 3"}
{"time":"2026-07-22 11:45:35,437","level":"INFO","node":0,"msg":"Forwarded to http://127.0.0.1:8001"}
{"time":"2026-07-22 11:45:45,214","level":"INFO","node":0,"msg":"Prediction agreement with node 1 round=19: A=0.995"}
{"time":"2026-07-22 11:45:45,215","level":"INFO","node":0,"msg":"Consensus vote recorded: node 1 decision=True reason=zkp_ok round=19 new=True satisfied=True"}
{"time":"2026-07-22 11:46:01,194","level":"INFO","node":0,"msg":"Prediction agreement with node 2 round=19: A=0.956"}
{"time":"2026-07-22 11:46:01,194","level":"INFO","node":0,"msg":"Consensus vote recorded: node 2 decision=True reason=zkp_ok round=19 new=True satisfied=True"}
{"time":"2026-07-22 11:46:07,389","level":"INFO","node":0,"msg":"Synced weights from master for round 19"}
{"time":"2026-07-22 11:46:07,389","level":"INFO","node":0,"msg":"Training complete after 20 rounds"}
{"time":"2026-07-22 11:46:07,422","level":"INFO","node":0,"msg":"Sent commit vote to node 3"}
{"time":"2026-07-22 11:46:09,493","level":"INFO","node":0,"msg":"Watchdog fired but training already complete — ignoring, not excluding node 1."}
{"time":"2026-07-22 11:49:46,643","level":"INFO","node":0,"msg":"Watchdog fired but training already complete — ignoring, not excluding node 1."}
{"time":"2026-07-22 11:53:14,616","level":"INFO","node":0,"msg":"Starting node 0: City General Hospital"}
{"time":"2026-07-22 11:53:14,616","level":"INFO","node":0,"msg":"[CONFIG DEBUG] attack_simulation loaded: enabled=True target_node=2 type=stale_update config_path=config_dev.json"}
{"time":"2026-07-22 11:53:14,693","level":"WARNING","node":0,"msg":"DEV MODE: running without TLS"}
{"time":"2026-07-22 11:53:14,693","level":"INFO","node":0,"msg":"Listening on 127.0.0.1:8000 | TLS=False"}
{"time":"2026-07-22 11:53:21,852","level":"INFO","node":0,"msg":"Key exchange complete with node 1"}
{"time":"2026-07-22 11:53:21,869","level":"INFO","node":0,"msg":"Consensus pubkey received from node 1"}
{"time":"2026-07-22 11:53:24,680","level":"INFO","node":0,"msg":"Key exchange complete with node 2"}
{"time":"2026-07-22 11:53:24,680","level":"INFO","node":0,"msg":"Consensus pubkey received from node 2"}
{"time":"2026-07-22 11:53:28,971","level":"INFO","node":0,"msg":"Key exchange complete with node 3"}
{"time":"2026-07-22 11:53:28,972","level":"INFO","node":0,"msg":"Consensus pubkey received from node 3"}
{"time":"2026-07-22 11:53:32,049","level":"INFO","node":0,"msg":"Sent public key to node 1"}
{"time":"2026-07-22 11:53:32,059","level":"INFO","node":0,"msg":"Sent public key to node 2"}
{"time":"2026-07-22 11:53:32,076","level":"INFO","node":0,"msg":"Sent public key to node 3"}
{"time":"2026-07-22 11:53:32,085","level":"INFO","node":0,"msg":"Sent consensus pubkey to node 1"}
{"time":"2026-07-22 11:53:32,089","level":"INFO","node":0,"msg":"Sent consensus pubkey to node 2"}
{"time":"2026-07-22 11:53:32,093","level":"INFO","node":0,"msg":"Sent consensus pubkey to node 3"}
{"time":"2026-07-22 11:53:32,093","level":"INFO","node":0,"msg":"This node is round 1's proposer — starting."}
{"time":"2026-07-22 11:53:32,093","level":"INFO","node":0,"msg":"Starting round 1"}
{"time":"2026-07-22 11:53:33,524","level":"WARNING","node":0,"msg":"ZKP norm violation (clipping applied): slack=-302247, retry=0"}
{"time":"2026-07-22 11:53:39,638","level":"INFO","node":0,"msg":"Sent proposal to node 1"}
{"time":"2026-07-22 11:53:39,655","level":"INFO","node":0,"msg":"Sent proposal to node 2"}
{"time":"2026-07-22 11:53:39,664","level":"INFO","node":0,"msg":"Sent proposal to node 3"}
{"time":"2026-07-22 11:53:39,672","level":"INFO","node":0,"msg":"Sent consensus vote to node 1"}
{"time":"2026-07-22 11:53:39,683","level":"INFO","node":0,"msg":"Sent consensus vote to node 2"}
{"time":"2026-07-22 11:53:39,698","level":"INFO","node":0,"msg":"Sent consensus vote to node 3"}
{"time":"2026-07-22 11:53:39,706","level":"INFO","node":0,"msg":"Forwarded to http://127.0.0.1:8001"}
{"time":"2026-07-22 11:53:49,385","level":"INFO","node":0,"msg":"Consensus vote recorded: node 1 decision=True reason=zkp_ok round=0 new=True satisfied=False"}
{"time":"2026-07-22 11:54:06,294","level":"INFO","node":0,"msg":"Consensus vote recorded: node 2 decision=True reason=zkp_ok round=0 new=True satisfied=True"}
{"time":"2026-07-22 11:54:23,069","level":"INFO","node":0,"msg":"Consensus vote recorded: node 3 decision=True reason=zkp_ok round=0 new=True satisfied=True"}
{"time":"2026-07-22 11:54:30,177","level":"INFO","node":0,"msg":"Received update from node 3, round 0"}
{"time":"2026-07-22 11:54:30,177","level":"INFO","node":0,"msg":"Round 1 complete — aggregating"}
{"time":"2026-07-22 11:54:30,184","level":"INFO","node":0,"msg":"Round 1 accuracy gate skipped (warm-up period, candidate_acc=0.6818)"}
{"time":"2026-07-22 11:54:30,219","level":"INFO","node":0,"msg":"Commit vote recorded: node 1 decision=True round=0 satisfied=False"}
{"time":"2026-07-22 11:54:30,220","level":"INFO","node":0,"msg":"Broadcast weights to node 1"}
{"time":"2026-07-22 11:54:30,252","level":"INFO","node":0,"msg":"Commit vote recorded: node 2 decision=True round=0 satisfied=True"}
{"time":"2026-07-22 11:54:30,252","level":"INFO","node":0,"msg":"Round 1 COMMITTED — model hash agreed by [0, 1, 2]"}
{"time":"2026-07-22 11:54:30,254","level":"INFO","node":0,"msg":"Commit certificate saved to C:\Users\mousu\OneDrive\Desktop\Set A\securefedhe\dashboard\certificates\round_0.json"}
{"time":"2026-07-22 11:54:30,256","level":"INFO","node":0,"msg":"Broadcast weights to node 2"}
{"time":"2026-07-22 11:54:30,287","level":"INFO","node":0,"msg":"Commit vote recorded: node 3 decision=True round=0 satisfied=True"}
{"time":"2026-07-22 11:54:30,290","level":"INFO","node":0,"msg":"Broadcast weights to node 3"}
{"time":"2026-07-22 11:54:30,301","level":"INFO","node":0,"msg":"Checkpoint saved to C:\Users\mousu\OneDrive\Desktop\Set A\securefedhe\dashboard\model_latest.pt"}
{"time":"2026-07-22 11:54:30,301","level":"INFO","node":0,"msg":"Round 1 complete | accuracy=0.6818 | duration=58.21s"}
{"time":"2026-07-22 11:54:30,301","level":"INFO","node":0,"msg":"Round 2 belongs to node 1 — waiting for their proposal."}
{"time":"2026-07-22 11:54:30,306","level":"INFO","node":0,"msg":"Notified next proposer to node 1"}
{"time":"2026-07-22 11:54:30,306","level":"INFO","node":0,"msg":"[WATCHDOG SPAWNED] round=1 expected_proposer=1 timeout_s=600 spawned_at=11:54:30"}
{"time":"2026-07-22 11:54:36,631","level":"INFO","node":0,"msg":"Proposal received: round=1 origin=1 hash=6425984a14c8..."}
{"time":"2026-07-22 11:54:36,646","level":"INFO","node":0,"msg":"Consensus vote recorded: node 1 decision=True reason=zkp_ok round=1 new=True satisfied=False"}
{"time":"2026-07-22 11:54:46,407","level":"INFO","node":0,"msg":"Consensus vote recorded: node 2 decision=True reason=zkp_ok round=1 new=True satisfied=False"}
{"time":"2026-07-22 11:55:02,178","level":"INFO","node":0,"msg":"Consensus vote recorded: node 3 decision=True reason=zkp_ok round=1 new=True satisfied=True"}
{"time":"2026-07-22 11:55:08,330","level":"INFO","node":0,"msg":"Received update from node 3, round 1"}
{"time":"2026-07-22 11:55:18,094","level":"INFO","node":0,"msg":"ZKP ACCEPTED from node 3"}
{"time":"2026-07-22 11:55:18,106","level":"INFO","node":0,"msg":"Trust score for node 1: S=0.429 (Z=1.00 A=0.50 P=0.50 R=1.00) advisory only"}
{"time":"2026-07-22 11:55:18,129","level":"INFO","node":0,"msg":"Sent consensus vote to node 1"}
{"time":"2026-07-22 11:55:18,137","level":"INFO","node":0,"msg":"Sent consensus vote to node 2"}
{"time":"2026-07-22 11:55:18,145","level":"INFO","node":0,"msg":"Sent consensus vote to node 3"}
{"time":"2026-07-22 11:55:24,431","level":"INFO","node":0,"msg":"Forwarded to http://127.0.0.1:8001"}
{"time":"2026-07-22 11:55:24,464","level":"INFO","node":0,"msg":"Synced weights from master for round 1"}
{"time":"2026-07-22 11:55:24,481","level":"INFO","node":0,"msg":"Sent commit vote to node 1"}
{"time":"2026-07-22 11:55:30,505","level":"INFO","node":0,"msg":"Proposal received: round=2 origin=2 hash=abca68bcc552..."}
{"time":"2026-07-22 11:55:30,540","level":"INFO","node":0,"msg":"Consensus vote recorded: node 2 decision=True reason=zkp_ok round=2 new=True satisfied=False"}
{"time":"2026-07-22 11:55:40,384","level":"INFO","node":0,"msg":"Consensus vote recorded: node 3 decision=True reason=zkp_ok round=2 new=True satisfied=False"}
{"time":"2026-07-22 11:55:46,683","level":"INFO","node":0,"msg":"Received update from node 3, round 2"}
{"time":"2026-07-22 11:55:56,401","level":"INFO","node":0,"msg":"ZKP ACCEPTED from node 3"}
{"time":"2026-07-22 11:55:56,408","level":"INFO","node":0,"msg":"Trust score for node 2: S=0.429 (Z=1.00 A=0.50 P=0.50 R=1.00) advisory only"}
{"time":"2026-07-22 11:55:56,429","level":"INFO","node":0,"msg":"Sent consensus vote to node 1"}
{"time":"2026-07-22 11:55:56,464","level":"INFO","node":0,"msg":"Sent consensus vote to node 2"}
{"time":"2026-07-22 11:55:56,509","level":"INFO","node":0,"msg":"Sent consensus vote to node 3"}
{"time":"2026-07-22 11:56:02,620","level":"INFO","node":0,"msg":"Forwarded to http://127.0.0.1:8001"}
{"time":"2026-07-22 11:56:12,351","level":"INFO","node":0,"msg":"Prediction agreement with node 1 round=2: A=0.994"}
{"time":"2026-07-22 11:56:12,351","level":"INFO","node":0,"msg":"Consensus vote recorded: node 1 decision=True reason=zkp_ok round=2 new=True satisfied=True"}
{"time":"2026-07-22 11:56:18,579","level":"INFO","node":0,"msg":"Synced weights from master for round 2"}
{"time":"2026-07-22 11:56:18,606","level":"INFO","node":0,"msg":"Sent commit vote to node 2"}
{"time":"2026-07-22 11:56:25,016","level":"INFO","node":0,"msg":"Proposal received: round=3 origin=3 hash=8bbf54e52d2c..."}
{"time":"2026-07-22 11:56:25,053","level":"INFO","node":0,"msg":"Consensus vote recorded: node 3 decision=True reason=zkp_ok round=3 new=True satisfied=False"}
{"time":"2026-07-22 11:56:25,064","level":"INFO","node":0,"msg":"Received update from node 3, round 3"}
{"time":"2026-07-22 11:56:34,779","level":"INFO","node":0,"msg":"ZKP ACCEPTED from node 3"}
{"time":"2026-07-22 11:56:34,784","level":"INFO","node":0,"msg":"Trust score for node 3: S=0.434 (Z=1.00 A=0.50 P=0.54 R=1.00) advisory only"}
{"time":"2026-07-22 11:56:34,798","level":"INFO","node":0,"msg":"Sent consensus vote to node 1"}
{"time":"2026-07-22 11:56:34,820","level":"INFO","node":0,"msg":"Sent consensus vote to node 2"}
{"time":"2026-07-22 11:56:34,845","level":"INFO","node":0,"msg":"Sent consensus vote to node 3"}
{"time":"2026-07-22 11:56:41,047","level":"INFO","node":0,"msg":"Forwarded to http://127.0.0.1:8001"}
{"time":"2026-07-22 11:56:50,827","level":"INFO","node":0,"msg":"Prediction agreement with node 1 round=3: A=0.993"}
{"time":"2026-07-22 11:56:50,827","level":"INFO","node":0,"msg":"Consensus vote recorded: node 1 decision=True reason=zkp_ok round=3 new=True satisfied=True"}
{"time":"2026-07-22 11:57:06,817","level":"INFO","node":0,"msg":"Prediction agreement with node 2 round=3: A=0.964"}
{"time":"2026-07-22 11:57:06,817","level":"INFO","node":0,"msg":"Consensus vote recorded: node 2 decision=True reason=zkp_ok round=3 new=True satisfied=True"}
{"time":"2026-07-22 11:57:12,920","level":"INFO","node":0,"msg":"Synced weights from master for round 3"}
{"time":"2026-07-22 11:57:12,938","level":"INFO","node":0,"msg":"Sent commit vote to node 3"}
{"time":"2026-07-22 11:57:13,017","level":"INFO","node":0,"msg":"My turn — starting round 5 as proposer."}
{"time":"2026-07-22 11:57:13,017","level":"INFO","node":0,"msg":"Starting round 5"}
{"time":"2026-07-22 11:57:19,467","level":"INFO","node":0,"msg":"Sent proposal to node 1"}
{"time":"2026-07-22 11:57:19,467","level":"INFO","node":0,"msg":"Sent proposal to node 2"}
{"time":"2026-07-22 11:57:19,467","level":"INFO","node":0,"msg":"Sent proposal to node 3"}
{"time":"2026-07-22 11:57:19,478","level":"INFO","node":0,"msg":"Sent consensus vote to node 1"}
{"time":"2026-07-22 11:57:19,481","level":"INFO","node":0,"msg":"Sent consensus vote to node 2"}
{"time":"2026-07-22 11:57:19,490","level":"INFO","node":0,"msg":"Sent consensus vote to node 3"}
{"time":"2026-07-22 11:57:19,498","level":"INFO","node":0,"msg":"Forwarded to http://127.0.0.1:8001"}
{"time":"2026-07-22 11:57:29,332","level":"INFO","node":0,"msg":"Consensus vote recorded: node 1 decision=True reason=zkp_ok round=4 new=True satisfied=False"}
{"time":"2026-07-22 11:57:45,310","level":"INFO","node":0,"msg":"Consensus vote recorded: node 2 decision=True reason=zkp_ok round=4 new=True satisfied=True"}
{"time":"2026-07-22 11:58:01,044","level":"INFO","node":0,"msg":"Consensus vote recorded: node 3 decision=True reason=zkp_ok round=4 new=True satisfied=True"}
{"time":"2026-07-22 11:58:07,412","level":"INFO","node":0,"msg":"Received update from node 3, round 4"}
{"time":"2026-07-22 11:58:07,412","level":"INFO","node":0,"msg":"Round 5 complete — aggregating"}
{"time":"2026-07-22 11:58:07,421","level":"INFO","node":0,"msg":"Round 5 accuracy gate skipped (warm-up period, candidate_acc=0.7000)"}
{"time":"2026-07-22 11:58:07,450","level":"INFO","node":0,"msg":"Commit vote recorded: node 1 decision=True round=4 satisfied=False"}
{"time":"2026-07-22 11:58:07,453","level":"INFO","node":0,"msg":"Broadcast weights to node 1"}
{"time":"2026-07-22 11:58:07,478","level":"INFO","node":0,"msg":"Commit vote recorded: node 2 decision=True round=4 satisfied=True"}
{"time":"2026-07-22 11:58:07,478","level":"INFO","node":0,"msg":"Round 5 COMMITTED — model hash agreed by [0, 1, 2]"}
{"time":"2026-07-22 11:58:07,480","level":"INFO","node":0,"msg":"Commit certificate saved to C:\Users\mousu\OneDrive\Desktop\Set A\securefedhe\dashboard\certificates\round_4.json"}
{"time":"2026-07-22 11:58:07,485","level":"INFO","node":0,"msg":"Broadcast weights to node 2"}
{"time":"2026-07-22 11:58:07,511","level":"INFO","node":0,"msg":"Commit vote recorded: node 3 decision=True round=4 satisfied=True"}
{"time":"2026-07-22 11:58:07,514","level":"INFO","node":0,"msg":"Broadcast weights to node 3"}
{"time":"2026-07-22 11:58:07,519","level":"INFO","node":0,"msg":"Checkpoint saved to C:\Users\mousu\OneDrive\Desktop\Set A\securefedhe\dashboard\model_latest.pt"}
{"time":"2026-07-22 11:58:07,519","level":"INFO","node":0,"msg":"Round 5 complete | accuracy=0.7000 | duration=54.50s"}
{"time":"2026-07-22 11:58:07,520","level":"INFO","node":0,"msg":"Round 6 belongs to node 1 — waiting for their proposal."}
{"time":"2026-07-22 11:58:07,526","level":"INFO","node":0,"msg":"Notified next proposer to node 1"}
{"time":"2026-07-22 11:58:07,528","level":"INFO","node":0,"msg":"[WATCHDOG SPAWNED] round=5 expected_proposer=1 timeout_s=600 spawned_at=11:58:07"}
{"time":"2026-07-22 11:58:14,419","level":"INFO","node":0,"msg":"Proposal received: round=5 origin=1 hash=6439c2179693..."}
{"time":"2026-07-22 11:58:14,450","level":"INFO","node":0,"msg":"Consensus vote recorded: node 1 decision=True reason=zkp_ok round=5 new=True satisfied=False"}
{"time":"2026-07-22 11:58:24,191","level":"INFO","node":0,"msg":"Consensus vote recorded: node 2 decision=True reason=zkp_ok round=5 new=True satisfied=False"}
{"time":"2026-07-22 11:58:39,720","level":"INFO","node":0,"msg":"Consensus vote recorded: node 3 decision=True reason=zkp_ok round=5 new=True satisfied=True"}
{"time":"2026-07-22 11:58:45,809","level":"INFO","node":0,"msg":"Received update from node 3, round 5"}
{"time":"2026-07-22 11:58:55,648","level":"INFO","node":0,"msg":"ZKP ACCEPTED from node 3"}
{"time":"2026-07-22 11:58:55,660","level":"INFO","node":0,"msg":"Per-class agreement with node 1: class0=0.781 class1=0.929 gap=0.148"}
{"time":"2026-07-22 11:58:55,660","level":"INFO","node":0,"msg":"Per-class rolling gap for node 1: mean=0.148 over last 1 round(s)"}
{"time":"2026-07-22 11:58:55,661","level":"INFO","node":0,"msg":"Trust score for node 1: S=0.706 (Z=1.00 A=0.83 P=0.48 R=1.00) advisory only"}
{"time":"2026-07-22 11:58:55,676","level":"INFO","node":0,"msg":"Sent consensus vote to node 1"}
{"time":"2026-07-22 11:58:55,692","level":"INFO","node":0,"msg":"Sent consensus vote to node 2"}
{"time":"2026-07-22 11:58:55,720","level":"INFO","node":0,"msg":"Sent consensus vote to node 3"}
{"time":"2026-07-22 11:59:01,978","level":"INFO","node":0,"msg":"Forwarded to http://127.0.0.1:8001"}
{"time":"2026-07-22 11:59:02,053","level":"INFO","node":0,"msg":"Synced weights from master for round 5"}
{"time":"2026-07-22 11:59:02,058","level":"INFO","node":0,"msg":"Sent commit vote to node 1"}
{"time":"2026-07-22 11:59:08,324","level":"INFO","node":0,"msg":"Proposal received: round=6 origin=2 hash=ce3df5ac5f4f..."}
{"time":"2026-07-22 11:59:08,361","level":"INFO","node":0,"msg":"Consensus vote recorded: node 2 decision=True reason=zkp_ok round=6 new=True satisfied=False"}
{"time":"2026-07-22 11:59:18,162","level":"INFO","node":0,"msg":"Consensus vote recorded: node 3 decision=False reason=stale_update_replay round=6 new=True satisfied=False"}
{"time":"2026-07-22 11:59:23,993","level":"INFO","node":0,"msg":"Received update from node 3, round 6"}
{"time":"2026-07-22 11:59:33,766","level":"INFO","node":0,"msg":"ZKP ACCEPTED from node 3"}
{"time":"2026-07-22 11:59:33,766","level":"WARNING","node":0,"msg":"[STALE-UPDATE CHECK] node 0 observed node 2 resending identical slack (90000170533) as last round — REJECTING as replayed/stale update"}
{"time":"2026-07-22 11:59:33,766","level":"INFO","node":0,"msg":"Per-class agreement with node 2: class0=0.901 class1=0.969 gap=0.068"}
{"time":"2026-07-22 11:59:33,766","level":"INFO","node":0,"msg":"Per-class rolling gap for node 2: mean=0.068 over last 1 round(s)"}
{"time":"2026-07-22 11:59:33,782","level":"INFO","node":0,"msg":"Trust score for node 2: S=0.805 (Z=1.00 A=0.92 P=0.55 R=1.00) advisory only"}
{"time":"2026-07-22 11:59:33,782","level":"WARNING","node":0,"msg":"Update round=6 from node 2 REJECTED on stale-update replay: identical slack to previous round"}
{"time":"2026-07-22 11:59:33,798","level":"INFO","node":0,"msg":"Sent consensus vote to node 1"}
{"time":"2026-07-22 11:59:33,825","level":"INFO","node":0,"msg":"Sent consensus vote to node 2"}
{"time":"2026-07-22 11:59:33,835","level":"INFO","node":0,"msg":"Sent consensus vote to node 3"}
{"time":"2026-07-22 11:59:39,825","level":"INFO","node":0,"msg":"Forwarded to http://127.0.0.1:8001"}
{"time":"2026-07-22 11:59:49,711","level":"INFO","node":0,"msg":"Prediction agreement with node 1 round=6: A=0.995"}
{"time":"2026-07-22 11:59:49,711","level":"INFO","node":0,"msg":"Consensus vote recorded: node 1 decision=False reason=stale_update_replay round=6 new=True satisfied=False"}
{"time":"2026-07-22 12:00:02,697","level":"INFO","node":0,"msg":"Proposal received: round=6 origin=2 hash=ce3df5ac5f4f..."}
{"time":"2026-07-22 12:00:02,710","level":"INFO","node":0,"msg":"Consensus vote recorded: node 2 decision=True reason=zkp_ok round=6 new=False satisfied=False"}
{"time":"2026-07-22 12:00:12,574","level":"INFO","node":0,"msg":"Prediction agreement with node 3 round=6: A=0.936"}
{"time":"2026-07-22 12:00:12,574","level":"INFO","node":0,"msg":"Consensus vote recorded: node 3 decision=False reason=stale_update_replay round=6 new=False satisfied=False"}
{"time":"2026-07-22 12:00:18,569","level":"INFO","node":0,"msg":"Received update from node 3, round 6"}
{"time":"2026-07-22 12:00:28,258","level":"INFO","node":0,"msg":"ZKP ACCEPTED from node 3"}
{"time":"2026-07-22 12:00:28,258","level":"WARNING","node":0,"msg":"[STALE-UPDATE CHECK] node 0 observed node 2 resending identical slack (90000170533) as last round — REJECTING as replayed/stale update"}
{"time":"2026-07-22 12:00:28,258","level":"INFO","node":0,"msg":"fc_in col7 delta self-cosine for node 2: -0.1157 (delta_norm=0.1336)"}
{"time":"2026-07-22 12:00:28,258","level":"INFO","node":0,"msg":"Per-class agreement with node 2: class0=0.982 class1=0.974 gap=0.008"}
{"time":"2026-07-22 12:00:28,269","level":"INFO","node":0,"msg":"Per-class rolling gap for node 2: mean=0.038 over last 2 round(s)"}
{"time":"2026-07-22 12:00:28,269","level":"INFO","node":0,"msg":"Trust score for node 2: S=0.833 (Z=1.00 A=0.98 P=0.63 R=0.80) advisory only"}
{"time":"2026-07-22 12:00:28,269","level":"WARNING","node":0,"msg":"Update round=6 from node 2 REJECTED on stale-update replay: identical slack to previous round"}
{"time":"2026-07-22 12:00:28,284","level":"INFO","node":0,"msg":"Sent consensus vote to node 1"}
{"time":"2026-07-22 12:00:28,311","level":"INFO","node":0,"msg":"Sent consensus vote to node 2"}
{"time":"2026-07-22 12:00:28,336","level":"INFO","node":0,"msg":"Sent consensus vote to node 3"}
{"time":"2026-07-22 12:00:34,415","level":"INFO","node":0,"msg":"Forwarded to http://127.0.0.1:8001"}
{"time":"2026-07-22 12:00:44,104","level":"INFO","node":0,"msg":"Prediction agreement with node 1 round=6: A=0.945"}
{"time":"2026-07-22 12:00:44,105","level":"INFO","node":0,"msg":"Consensus vote recorded: node 1 decision=False reason=stale_update_replay round=6 new=False satisfied=False"}
{"time":"2026-07-22 12:00:56,854","level":"INFO","node":0,"msg":"Proposal received: round=6 origin=2 hash=ce3df5ac5f4f..."}
{"time":"2026-07-22 12:00:56,879","level":"INFO","node":0,"msg":"Consensus vote recorded: node 2 decision=True reason=zkp_ok round=6 new=False satisfied=False"}
{"time":"2026-07-22 12:01:06,522","level":"INFO","node":0,"msg":"Prediction agreement with node 3 round=6: A=0.926"}
{"time":"2026-07-22 12:01:06,522","level":"INFO","node":0,"msg":"Consensus vote recorded: node 3 decision=False reason=stale_update_replay round=6 new=False satisfied=False"}
{"time":"2026-07-22 12:01:12,635","level":"INFO","node":0,"msg":"Received update from node 3, round 6"}
{"time":"2026-07-22 12:01:22,773","level":"INFO","node":0,"msg":"ZKP ACCEPTED from node 3"}
{"time":"2026-07-22 12:01:22,773","level":"WARNING","node":0,"msg":"[STALE-UPDATE CHECK] node 0 observed node 2 resending identical slack (90000170533) as last round — REJECTING as replayed/stale update"}
{"time":"2026-07-22 12:01:22,773","level":"INFO","node":0,"msg":"fc_in col7 delta self-cosine for node 2: -0.5346 (delta_norm=0.1402)"}
{"time":"2026-07-22 12:01:22,775","level":"INFO","node":0,"msg":"Per-class agreement with node 2: class0=0.979 class1=0.965 gap=0.013"}
{"time":"2026-07-22 12:01:22,775","level":"INFO","node":0,"msg":"Per-class rolling gap for node 2: mean=0.030 over last 3 round(s)"}
{"time":"2026-07-22 12:01:22,783","level":"INFO","node":0,"msg":"Trust score for node 2: S=0.792 (Z=1.00 A=0.97 P=0.65 R=0.60) advisory only"}
{"time":"2026-07-22 12:01:22,784","level":"WARNING","node":0,"msg":"Update round=6 from node 2 REJECTED on stale-update replay: identical slack to previous round"}
{"time":"2026-07-22 12:01:22,815","level":"INFO","node":0,"msg":"Sent consensus vote to node 1"}
{"time":"2026-07-22 12:01:22,843","level":"INFO","node":0,"msg":"Sent consensus vote to node 2"}
{"time":"2026-07-22 12:01:22,855","level":"INFO","node":0,"msg":"Sent consensus vote to node 3"}
{"time":"2026-07-22 12:01:28,841","level":"INFO","node":0,"msg":"Forwarded to http://127.0.0.1:8001"}
{"time":"2026-07-22 12:01:38,580","level":"INFO","node":0,"msg":"Prediction agreement with node 1 round=6: A=0.935"}
{"time":"2026-07-22 12:01:38,580","level":"INFO","node":0,"msg":"Consensus vote recorded: node 1 decision=False reason=stale_update_replay round=6 new=False satisfied=False"}
{"time":"2026-07-22 12:01:51,057","level":"INFO","node":0,"msg":"Proposal received: round=6 origin=2 hash=ce3df5ac5f4f..."}
{"time":"2026-07-22 12:01:51,071","level":"INFO","node":0,"msg":"Consensus vote recorded: node 2 decision=True reason=zkp_ok round=6 new=False satisfied=False"}
{"time":"2026-07-22 12:02:00,784","level":"INFO","node":0,"msg":"Prediction agreement with node 3 round=6: A=0.920"}
{"time":"2026-07-22 12:02:00,784","level":"INFO","node":0,"msg":"Consensus vote recorded: node 3 decision=False reason=stale_update_replay round=6 new=False satisfied=False"}
{"time":"2026-07-22 12:02:06,789","level":"INFO","node":0,"msg":"Received update from node 3, round 6"}
{"time":"2026-07-22 12:02:16,596","level":"INFO","node":0,"msg":"ZKP ACCEPTED from node 3"}
{"time":"2026-07-22 12:02:16,597","level":"WARNING","node":0,"msg":"[STALE-UPDATE CHECK] node 0 observed node 2 resending identical slack (90000170533) as last round — REJECTING as replayed/stale update"}
{"time":"2026-07-22 12:02:16,597","level":"INFO","node":0,"msg":"fc_in col7 delta self-cosine for node 2: -0.6447 (delta_norm=0.1415)"}
{"time":"2026-07-22 12:02:16,602","level":"INFO","node":0,"msg":"Per-class agreement with node 2: class0=0.945 class1=0.964 gap=0.019"}
{"time":"2026-07-22 12:02:16,602","level":"INFO","node":0,"msg":"Per-class rolling gap for node 2: mean=0.027 over last 4 round(s)"}
{"time":"2026-07-22 12:02:16,608","level":"INFO","node":0,"msg":"Trust score for node 2: S=0.762 (Z=1.00 A=0.95 P=0.75 R=0.40) advisory only"}
{"time":"2026-07-22 12:02:16,608","level":"WARNING","node":0,"msg":"Update round=6 from node 2 REJECTED on stale-update replay: identical slack to previous round"}
{"time":"2026-07-22 12:02:16,643","level":"INFO","node":0,"msg":"Sent consensus vote to node 1"}
{"time":"2026-07-22 12:02:16,671","level":"INFO","node":0,"msg":"Sent consensus vote to node 2"}
{"time":"2026-07-22 12:02:16,691","level":"INFO","node":0,"msg":"Sent consensus vote to node 3"}
{"time":"2026-07-22 12:02:23,308","level":"INFO","node":0,"msg":"Forwarded to http://127.0.0.1:8001"}
{"time":"2026-07-22 12:02:36,722","level":"INFO","node":0,"msg":"Prediction agreement with node 1 round=6: A=0.929"}
{"time":"2026-07-22 12:02:36,722","level":"INFO","node":0,"msg":"Consensus vote recorded: node 1 decision=False reason=stale_update_replay round=6 new=False satisfied=False"}
{"time":"2026-07-22 12:02:43,350","level":"INFO","node":0,"msg":"Round 7 skip acknowledged — advancing to round 8"}
{"time":"2026-07-22 12:02:43,350","level":"WARNING","node":0,"msg":"[SKIP STRIKE] round 7 skipped, proposer=2, reason=quorum_failure — recording independent strike"}
{"time":"2026-07-22 12:02:43,350","level":"WARNING","node":0,"msg":"This node independently suspects node 2 (local strikes=5.0) — broadcasting accusation for peer corroboration, NOT excluding unilaterally"}
{"time":"2026-07-22 12:02:43,357","level":"INFO","node":0,"msg":"Sent accusation to node 1"}
{"time":"2026-07-22 12:02:43,387","level":"INFO","node":0,"msg":"Sent accusation to node 2"}
{"time":"2026-07-22 12:02:43,408","level":"INFO","node":0,"msg":"Sent accusation to node 3"}
{"time":"2026-07-22 12:02:43,408","level":"WARNING","node":0,"msg":"Node 2 accused by node 0, but only 1/3 distinct accusers so far (3f+1 quorum) — NOT excluding yet (avoids a single compromised node unilaterally removing an honest peer)."}
{"time":"2026-07-22 12:02:43,449","level":"WARNING","node":0,"msg":"Node 2 accused by node 1, but only 2/3 distinct accusers so far (3f+1 quorum) — NOT excluding yet (avoids a single compromised node unilaterally removing an honest peer)."}
{"time":"2026-07-22 12:02:43,511","level":"ERROR","node":0,"msg":"Node 2 accused by 3 independent peers ([0, 1, 3]) — quorum-corroborated, excluding."}
{"time":"2026-07-22 12:02:43,511","level":"ERROR","node":0,"msg":"Node 2 EXCLUDED from proposing and quorum. Quorum requirement adjusted to 3 of 3 remaining trusted nodes."}
{"time":"2026-07-22 12:02:43,517","level":"INFO","node":0,"msg":"Sent exclusion notice for node 2 to node 1"}
{"time":"2026-07-22 12:02:53,531","level":"WARNING","node":0,"msg":"Failed to send exclusion notice to node 3: HTTPConnectionPool(host='127.0.0.1', port=8003): Read timed out. (read timeout=10)"}
{"time":"2026-07-22 12:03:10,431","level":"INFO","node":0,"msg":"Proposal received: round=7 origin=3 hash=29d632cf655b..."}
{"time":"2026-07-22 12:03:10,447","level":"INFO","node":0,"msg":"Consensus vote recorded: node 3 decision=True reason=zkp_ok round=7 new=True satisfied=False"}
{"time":"2026-07-22 12:03:10,464","level":"INFO","node":0,"msg":"Received update from node 3, round 7"}
{"time":"2026-07-22 12:03:16,667","level":"INFO","node":0,"msg":"Proposal for round=7 origin=3 changed hash after 6.15s — treating as a legitimate round retry, not equivocation."}
{"time":"2026-07-22 12:03:16,681","level":"INFO","node":0,"msg":"Proposal received: round=7 origin=3 hash=7e9a1bfbfa9d..."}
{"time":"2026-07-22 12:03:16,850","level":"INFO","node":0,"msg":"Consensus vote recorded: node 3 decision=True reason=zkp_ok round=7 new=True satisfied=False"}
{"time":"2026-07-22 12:03:16,905","level":"INFO","node":0,"msg":"Received update from node 3, round 7"}
{"time":"2026-07-22 12:03:23,652","level":"INFO","node":0,"msg":"ZKP ACCEPTED from node 3"}
{"time":"2026-07-22 12:03:24,855","level":"INFO","node":0,"msg":"Per-class agreement with node 3: class0=0.909 class1=0.859 gap=0.050"}
{"time":"2026-07-22 12:03:24,886","level":"INFO","node":0,"msg":"Per-class rolling gap for node 3: mean=0.050 over last 1 round(s)"}
{"time":"2026-07-22 12:03:25,658","level":"INFO","node":0,"msg":"Trust score for node 3: S=0.812 (Z=1.00 A=0.89 P=0.68 R=1.00) advisory only"}
{"time":"2026-07-22 12:03:25,784","level":"INFO","node":0,"msg":"Sent consensus vote to node 1"}
{"time":"2026-07-22 12:03:25,932","level":"INFO","node":0,"msg":"Sent consensus vote to node 3"}
{"time":"2026-07-22 12:03:30,750","level":"INFO","node":0,"msg":"ZKP ACCEPTED from node 3"}
{"time":"2026-07-22 12:03:30,751","level":"INFO","node":0,"msg":"fc_in col7 delta self-cosine for node 3: -0.3548 (delta_norm=0.1651)"}
{"time":"2026-07-22 12:03:32,302","level":"INFO","node":0,"msg":"Per-class agreement with node 3: class0=0.972 class1=0.944 gap=0.029"}
{"time":"2026-07-22 12:03:32,318","level":"INFO","node":0,"msg":"Per-class rolling gap for node 3: mean=0.039 over last 2 round(s)"}
{"time":"2026-07-22 12:03:33,284","level":"INFO","node":0,"msg":"Trust score for node 3: S=0.871 (Z=1.00 A=0.96 P=0.66 R=1.00) advisory only"}
{"time":"2026-07-22 12:03:33,617","level":"INFO","node":0,"msg":"Sent consensus vote to node 1"}
{"time":"2026-07-22 12:03:33,760","level":"INFO","node":0,"msg":"Sent consensus vote to node 3"}
{"time":"2026-07-22 12:03:37,852","level":"INFO","node":0,"msg":"Forwarded to http://127.0.0.1:8001"}
{"time":"2026-07-22 12:03:44,151","level":"INFO","node":0,"msg":"Forwarded to http://127.0.0.1:8001"}
{"time":"2026-07-22 12:03:54,046","level":"INFO","node":0,"msg":"Prediction agreement with node 1 round=7: A=0.912"}
{"time":"2026-07-22 12:03:54,046","level":"INFO","node":0,"msg":"Consensus vote recorded: node 1 decision=True reason=zkp_ok round=7 new=True satisfied=True"}
{"time":"2026-07-22 12:04:00,453","level":"INFO","node":0,"msg":"Prediction agreement with node 1 round=7: A=0.923"}
{"time":"2026-07-22 12:04:00,453","level":"INFO","node":0,"msg":"Consensus vote recorded: node 1 decision=True reason=zkp_ok round=7 new=False satisfied=True"}
{"time":"2026-07-22 12:04:05,802","level":"INFO","node":0,"msg":"Synced weights from master for round 7"}
{"time":"2026-07-22 12:04:05,820","level":"INFO","node":0,"msg":"Sent commit vote to node 3"}
{"time":"2026-07-22 12:04:06,499","level":"INFO","node":0,"msg":"My turn — starting round 9 as proposer."}
{"time":"2026-07-22 12:04:06,501","level":"INFO","node":0,"msg":"Starting round 9"}
{"time":"2026-07-22 12:04:12,839","level":"INFO","node":0,"msg":"Sent proposal to node 1"}
{"time":"2026-07-22 12:04:12,858","level":"INFO","node":0,"msg":"Sent proposal to node 3"}
{"time":"2026-07-22 12:04:12,864","level":"INFO","node":0,"msg":"Sent consensus vote to node 1"}
{"time":"2026-07-22 12:04:12,870","level":"INFO","node":0,"msg":"Sent consensus vote to node 3"}
{"time":"2026-07-22 12:04:12,875","level":"INFO","node":0,"msg":"Forwarded to http://127.0.0.1:8001"}
{"time":"2026-07-22 12:04:22,681","level":"INFO","node":0,"msg":"Consensus vote recorded: node 1 decision=True reason=zkp_ok round=8 new=True satisfied=False"}
{"time":"2026-07-22 12:04:38,627","level":"INFO","node":0,"msg":"Consensus vote recorded: node 3 decision=True reason=zkp_ok round=8 new=True satisfied=True"}
{"time":"2026-07-22 12:04:44,703","level":"INFO","node":0,"msg":"Received update from node 3, round 8"}
{"time":"2026-07-22 12:04:44,703","level":"INFO","node":0,"msg":"Round 9 complete — aggregating"}
{"time":"2026-07-22 12:04:44,737","level":"WARNING","node":0,"msg":"[BACKDOOR PROBE] Round 9 SUSPICIOUS: feature=1 value=7.0 forces class=1 flip_rate=1.000 jump=0.682 (thresholds: flip>0.7, jump>0.3)"}
{"time":"2026-07-22 12:04:44,756","level":"INFO","node":0,"msg":"Commit vote recorded: node 1 decision=True round=8 satisfied=False"}
{"time":"2026-07-22 12:04:44,759","level":"INFO","node":0,"msg":"Broadcast weights to node 1"}
{"time":"2026-07-22 12:04:44,786","level":"INFO","node":0,"msg":"Commit vote recorded: node 3 decision=True round=8 satisfied=True"}
{"time":"2026-07-22 12:04:44,787","level":"INFO","node":0,"msg":"Round 9 COMMITTED — model hash agreed by [0, 1, 3]"}
{"time":"2026-07-22 12:04:44,789","level":"INFO","node":0,"msg":"Commit certificate saved to C:\Users\mousu\OneDrive\Desktop\Set A\securefedhe\dashboard\certificates\round_8.json"}
{"time":"2026-07-22 12:04:44,791","level":"INFO","node":0,"msg":"Broadcast weights to node 3"}
{"time":"2026-07-22 12:04:44,795","level":"INFO","node":0,"msg":"Checkpoint saved to C:\Users\mousu\OneDrive\Desktop\Set A\securefedhe\dashboard\model_latest.pt"}
{"time":"2026-07-22 12:04:44,795","level":"INFO","node":0,"msg":"Round 9 complete | accuracy=0.8364 | duration=38.29s"}
{"time":"2026-07-22 12:04:44,795","level":"INFO","node":0,"msg":"Round 10 belongs to node 1 — waiting for their proposal."}
{"time":"2026-07-22 12:04:44,799","level":"INFO","node":0,"msg":"Notified next proposer to node 1"}
{"time":"2026-07-22 12:04:44,800","level":"INFO","node":0,"msg":"[WATCHDOG SPAWNED] round=9 expected_proposer=1 timeout_s=600 spawned_at=12:04:44"}
{"time":"2026-07-22 12:04:50,961","level":"INFO","node":0,"msg":"Proposal received: round=9 origin=1 hash=fe01a28eef37..."}
{"time":"2026-07-22 12:04:50,984","level":"INFO","node":0,"msg":"Consensus vote recorded: node 1 decision=True reason=zkp_ok round=9 new=True satisfied=False"}
{"time":"2026-07-22 12:05:00,756","level":"INFO","node":0,"msg":"Consensus vote recorded: node 3 decision=True reason=zkp_ok round=9 new=True satisfied=False"}
{"time":"2026-07-22 12:05:06,613","level":"INFO","node":0,"msg":"Received update from node 3, round 9"}
{"time":"2026-07-22 12:05:16,309","level":"INFO","node":0,"msg":"ZKP ACCEPTED from node 3"}
{"time":"2026-07-22 12:05:16,309","level":"INFO","node":0,"msg":"fc_in col7 delta self-cosine for node 1: 0.2534 (delta_norm=0.2889)"}
{"time":"2026-07-22 12:05:16,309","level":"INFO","node":0,"msg":"Per-class agreement with node 1: class0=0.911 class1=0.862 gap=0.049"}
{"time":"2026-07-22 12:05:16,324","level":"INFO","node":0,"msg":"Per-class rolling gap for node 1: mean=0.098 over last 2 round(s)"}
{"time":"2026-07-22 12:05:16,330","level":"INFO","node":0,"msg":"Trust score for node 1: S=0.768 (Z=1.00 A=0.90 P=0.50 R=1.00) advisory only"}
{"time":"2026-07-22 12:05:16,351","level":"INFO","node":0,"msg":"Sent consensus vote to node 1"}
{"time":"2026-07-22 12:05:16,367","level":"INFO","node":0,"msg":"Sent consensus vote to node 3"}
{"time":"2026-07-22 12:05:22,500","level":"INFO","node":0,"msg":"Forwarded to http://127.0.0.1:8001"}
{"time":"2026-07-22 12:05:22,561","level":"INFO","node":0,"msg":"Synced weights from master for round 9"}
{"time":"2026-07-22 12:05:22,568","level":"INFO","node":0,"msg":"Sent commit vote to node 1"}
{"time":"2026-07-22 12:05:28,877","level":"INFO","node":0,"msg":"Proposal received: round=10 origin=3 hash=42bd5fc71a48..."}
{"time":"2026-07-22 12:05:28,893","level":"INFO","node":0,"msg":"Consensus vote recorded: node 3 decision=True reason=zkp_ok round=10 new=True satisfied=False"}
{"time":"2026-07-22 12:05:28,903","level":"INFO","node":0,"msg":"Received update from node 3, round 10"}
{"time":"2026-07-22 12:05:38,630","level":"INFO","node":0,"msg":"ZKP ACCEPTED from node 3"}
{"time":"2026-07-22 12:05:38,630","level":"INFO","node":0,"msg":"fc_in col7 delta self-cosine for node 3: -0.3151 (delta_norm=0.3299)"}
{"time":"2026-07-22 12:05:38,630","level":"INFO","node":0,"msg":"Per-class agreement with node 3: class0=0.874 class1=0.917 gap=0.042"}
{"time":"2026-07-22 12:05:38,630","level":"INFO","node":0,"msg":"Per-class rolling gap for node 3: mean=0.040 over last 3 round(s)"}
{"time":"2026-07-22 12:05:38,637","level":"INFO","node":0,"msg":"Trust score for node 3: S=0.770 (Z=1.00 A=0.89 P=0.54 R=1.00) advisory only"}
{"time":"2026-07-22 12:05:38,661","level":"INFO","node":0,"msg":"Sent consensus vote to node 1"}
{"time":"2026-07-22 12:05:38,679","level":"INFO","node":0,"msg":"Sent consensus vote to node 3"}
{"time":"2026-07-22 12:05:44,609","level":"INFO","node":0,"msg":"Forwarded to http://127.0.0.1:8001"}
{"time":"2026-07-22 12:05:54,382","level":"INFO","node":0,"msg":"Prediction agreement with node 1 round=10: A=0.991"}
{"time":"2026-07-22 12:05:54,382","level":"INFO","node":0,"msg":"Consensus vote recorded: node 1 decision=True reason=zkp_ok round=10 new=True satisfied=True"}
{"time":"2026-07-22 12:06:00,628","level":"INFO","node":0,"msg":"Synced weights from master for round 10"}
{"time":"2026-07-22 12:06:00,650","level":"INFO","node":0,"msg":"Sent commit vote to node 3"}
{"time":"2026-07-22 12:06:07,256","level":"INFO","node":0,"msg":"Proposal received: round=11 origin=3 hash=434971911b73..."}
{"time":"2026-07-22 12:06:07,263","level":"INFO","node":0,"msg":"Consensus vote recorded: node 3 decision=True reason=zkp_ok round=11 new=True satisfied=False"}
{"time":"2026-07-22 12:06:07,281","level":"INFO","node":0,"msg":"Received update from node 3, round 11"}
{"time":"2026-07-22 12:06:17,121","level":"INFO","node":0,"msg":"ZKP ACCEPTED from node 3"}
{"time":"2026-07-22 12:06:17,121","level":"INFO","node":0,"msg":"fc_in col7 delta self-cosine for node 3: -0.3971 (delta_norm=0.1716)"}
{"time":"2026-07-22 12:06:17,130","level":"INFO","node":0,"msg":"Per-class agreement with node 3: class0=0.972 class1=0.971 gap=0.001"}
{"time":"2026-07-22 12:06:17,130","level":"INFO","node":0,"msg":"Per-class rolling gap for node 3: mean=0.030 over last 4 round(s)"}
{"time":"2026-07-22 12:06:17,134","level":"INFO","node":0,"msg":"Trust score for node 3: S=0.838 (Z=1.00 A=0.97 P=0.52 R=1.00) advisory only"}
{"time":"2026-07-22 12:06:17,151","level":"INFO","node":0,"msg":"Sent consensus vote to node 1"}
{"time":"2026-07-22 12:06:17,180","level":"INFO","node":0,"msg":"Sent consensus vote to node 3"}
{"time":"2026-07-22 12:06:23,128","level":"INFO","node":0,"msg":"Forwarded to http://127.0.0.1:8001"}
{"time":"2026-07-22 12:06:32,795","level":"INFO","node":0,"msg":"Prediction agreement with node 1 round=11: A=0.992"}
{"time":"2026-07-22 12:06:32,795","level":"INFO","node":0,"msg":"Consensus vote recorded: node 1 decision=True reason=zkp_ok round=11 new=True satisfied=True"}
{"time":"2026-07-22 12:06:39,165","level":"INFO","node":0,"msg":"Synced weights from master for round 11"}
{"time":"2026-07-22 12:06:39,198","level":"INFO","node":0,"msg":"Sent commit vote to node 3"}
{"time":"2026-07-22 12:06:39,237","level":"INFO","node":0,"msg":"My turn — starting round 13 as proposer."}
{"time":"2026-07-22 12:06:39,237","level":"INFO","node":0,"msg":"Starting round 13"}
{"time":"2026-07-22 12:06:45,462","level":"INFO","node":0,"msg":"Sent proposal to node 1"}
{"time":"2026-07-22 12:06:45,490","level":"INFO","node":0,"msg":"Sent proposal to node 3"}
{"time":"2026-07-22 12:06:45,498","level":"INFO","node":0,"msg":"Sent consensus vote to node 1"}
{"time":"2026-07-22 12:06:45,505","level":"INFO","node":0,"msg":"Sent consensus vote to node 3"}
{"time":"2026-07-22 12:06:45,515","level":"INFO","node":0,"msg":"Forwarded to http://127.0.0.1:8001"}
{"time":"2026-07-22 12:06:55,491","level":"INFO","node":0,"msg":"Consensus vote recorded: node 1 decision=True reason=zkp_ok round=12 new=True satisfied=False"}
{"time":"2026-07-22 12:07:11,288","level":"INFO","node":0,"msg":"Consensus vote recorded: node 3 decision=True reason=zkp_ok round=12 new=True satisfied=True"}
{"time":"2026-07-22 12:07:17,319","level":"INFO","node":0,"msg":"Received update from node 3, round 12"}
{"time":"2026-07-22 12:07:17,319","level":"INFO","node":0,"msg":"Round 13 complete — aggregating"}
{"time":"2026-07-22 12:07:17,346","level":"INFO","node":0,"msg":"[BACKDOOR PROBE] Round 13 clean — worst case flip_rate=1.000 jump=0.218 (feature=1, value=-4.0)"}
{"time":"2026-07-22 12:07:17,388","level":"INFO","node":0,"msg":"Commit vote recorded: node 1 decision=True round=12 satisfied=False"}
{"time":"2026-07-22 12:07:17,390","level":"INFO","node":0,"msg":"Broadcast weights to node 1"}
{"time":"2026-07-22 12:07:17,417","level":"INFO","node":0,"msg":"Commit vote recorded: node 3 decision=True round=12 satisfied=True"}
{"time":"2026-07-22 12:07:17,419","level":"INFO","node":0,"msg":"Round 13 COMMITTED — model hash agreed by [0, 1, 3]"}
{"time":"2026-07-22 12:07:17,420","level":"INFO","node":0,"msg":"Commit certificate saved to C:\Users\mousu\OneDrive\Desktop\Set A\securefedhe\dashboard\certificates\round_12.json"}
{"time":"2026-07-22 12:07:17,423","level":"INFO","node":0,"msg":"Broadcast weights to node 3"}
{"time":"2026-07-22 12:07:17,426","level":"INFO","node":0,"msg":"Checkpoint saved to C:\Users\mousu\OneDrive\Desktop\Set A\securefedhe\dashboard\model_latest.pt"}
{"time":"2026-07-22 12:07:17,426","level":"INFO","node":0,"msg":"Round 13 complete | accuracy=0.8273 | duration=38.19s"}
{"time":"2026-07-22 12:07:17,426","level":"INFO","node":0,"msg":"Round 14 belongs to node 1 — waiting for their proposal."}
{"time":"2026-07-22 12:07:17,431","level":"INFO","node":0,"msg":"Notified next proposer to node 1"}
{"time":"2026-07-22 12:07:17,432","level":"INFO","node":0,"msg":"[WATCHDOG SPAWNED] round=13 expected_proposer=1 timeout_s=600 spawned_at=12:07:17"}
{"time":"2026-07-22 12:07:23,726","level":"INFO","node":0,"msg":"Proposal received: round=13 origin=1 hash=54c0880da7c6..."}
{"time":"2026-07-22 12:07:23,750","level":"INFO","node":0,"msg":"Consensus vote recorded: node 1 decision=True reason=zkp_ok round=13 new=True satisfied=False"}
{"time":"2026-07-22 12:07:33,485","level":"INFO","node":0,"msg":"Consensus vote recorded: node 3 decision=True reason=zkp_ok round=13 new=True satisfied=False"}
{"time":"2026-07-22 12:07:39,564","level":"INFO","node":0,"msg":"Received update from node 3, round 13"}
{"time":"2026-07-22 12:07:49,321","level":"INFO","node":0,"msg":"ZKP ACCEPTED from node 3"}
{"time":"2026-07-22 12:07:49,321","level":"INFO","node":0,"msg":"fc_in col7 delta self-cosine for node 1: 0.2678 (delta_norm=0.2139)"}
{"time":"2026-07-22 12:07:49,321","level":"INFO","node":0,"msg":"Per-class agreement with node 1: class0=0.951 class1=0.941 gap=0.010"}
{"time":"2026-07-22 12:07:49,321","level":"INFO","node":0,"msg":"Per-class rolling gap for node 1: mean=0.069 over last 3 round(s)"}
{"time":"2026-07-22 12:07:49,327","level":"INFO","node":0,"msg":"Trust score for node 1: S=0.807 (Z=1.00 A=0.95 P=0.48 R=1.00) advisory only"}
{"time":"2026-07-22 12:07:49,349","level":"INFO","node":0,"msg":"Sent consensus vote to node 1"}
{"time":"2026-07-22 12:07:49,373","level":"INFO","node":0,"msg":"Sent consensus vote to node 3"}
{"time":"2026-07-22 12:07:55,402","level":"INFO","node":0,"msg":"Forwarded to http://127.0.0.1:8001"}
{"time":"2026-07-22 12:07:55,467","level":"INFO","node":0,"msg":"Synced weights from master for round 13"}
{"time":"2026-07-22 12:07:55,474","level":"INFO","node":0,"msg":"Sent commit vote to node 1"}
{"time":"2026-07-22 12:08:01,677","level":"INFO","node":0,"msg":"Proposal received: round=14 origin=3 hash=9af0c7cda6dc..."}
{"time":"2026-07-22 12:08:01,684","level":"INFO","node":0,"msg":"Consensus vote recorded: node 3 decision=True reason=zkp_ok round=14 new=True satisfied=False"}
{"time":"2026-07-22 12:08:01,700","level":"INFO","node":0,"msg":"Received update from node 3, round 14"}
{"time":"2026-07-22 12:08:11,488","level":"INFO","node":0,"msg":"ZKP ACCEPTED from node 3"}
{"time":"2026-07-22 12:08:11,488","level":"INFO","node":0,"msg":"fc_in col7 delta self-cosine for node 3: -0.2158 (delta_norm=0.2415)"}
{"time":"2026-07-22 12:08:11,504","level":"INFO","node":0,"msg":"Per-class agreement with node 3: class0=0.976 class1=0.957 gap=0.019"}
{"time":"2026-07-22 12:08:11,504","level":"INFO","node":0,"msg":"Per-class rolling gap for node 3: mean=0.023 over last 4 round(s)"}
{"time":"2026-07-22 12:08:11,509","level":"INFO","node":0,"msg":"Trust score for node 3: S=0.836 (Z=1.00 A=0.97 P=0.52 R=1.00) advisory only"}
{"time":"2026-07-22 12:08:11,526","level":"INFO","node":0,"msg":"Sent consensus vote to node 1"}
{"time":"2026-07-22 12:08:11,556","level":"INFO","node":0,"msg":"Sent consensus vote to node 3"}
{"time":"2026-07-22 12:08:17,586","level":"INFO","node":0,"msg":"Forwarded to http://127.0.0.1:8001"}
{"time":"2026-07-22 12:08:27,339","level":"INFO","node":0,"msg":"Prediction agreement with node 1 round=14: A=0.988"}
{"time":"2026-07-22 12:08:27,339","level":"INFO","node":0,"msg":"Consensus vote recorded: node 1 decision=True reason=zkp_ok round=14 new=True satisfied=True"}
{"time":"2026-07-22 12:08:33,630","level":"INFO","node":0,"msg":"Synced weights from master for round 14"}
{"time":"2026-07-22 12:08:33,655","level":"INFO","node":0,"msg":"Sent commit vote to node 3"}
{"time":"2026-07-22 12:08:40,190","level":"INFO","node":0,"msg":"Proposal received: round=15 origin=3 hash=9f18fbfa1434..."}
{"time":"2026-07-22 12:08:40,190","level":"INFO","node":0,"msg":"Consensus vote recorded: node 3 decision=True reason=zkp_ok round=15 new=True satisfied=False"}
{"time":"2026-07-22 12:08:40,213","level":"INFO","node":0,"msg":"Received update from node 3, round 15"}
{"time":"2026-07-22 12:08:49,956","level":"INFO","node":0,"msg":"ZKP ACCEPTED from node 3"}
{"time":"2026-07-22 12:08:49,956","level":"INFO","node":0,"msg":"fc_in col7 delta self-cosine for node 3: -0.3432 (delta_norm=0.2007)"}
{"time":"2026-07-22 12:08:49,969","level":"INFO","node":0,"msg":"Per-class agreement with node 3: class0=0.975 class1=0.962 gap=0.013"}
{"time":"2026-07-22 12:08:49,969","level":"INFO","node":0,"msg":"Per-class rolling gap for node 3: mean=0.019 over last 4 round(s)"}
{"time":"2026-07-22 12:08:49,975","level":"INFO","node":0,"msg":"Trust score for node 3: S=0.847 (Z=1.00 A=0.97 P=0.55 R=1.00) advisory only"}
{"time":"2026-07-22 12:08:50,000","level":"INFO","node":0,"msg":"Sent consensus vote to node 1"}
{"time":"2026-07-22 12:08:50,026","level":"INFO","node":0,"msg":"Sent consensus vote to node 3"}
{"time":"2026-07-22 12:08:56,020","level":"INFO","node":0,"msg":"Forwarded to http://127.0.0.1:8001"}
{"time":"2026-07-22 12:09:05,771","level":"INFO","node":0,"msg":"Prediction agreement with node 1 round=15: A=0.991"}
{"time":"2026-07-22 12:09:05,773","level":"INFO","node":0,"msg":"Consensus vote recorded: node 1 decision=True reason=zkp_ok round=15 new=True satisfied=True"}
{"time":"2026-07-22 12:09:11,902","level":"INFO","node":0,"msg":"Synced weights from master for round 15"}
{"time":"2026-07-22 12:09:11,921","level":"INFO","node":0,"msg":"Sent commit vote to node 3"}
{"time":"2026-07-22 12:09:11,952","level":"INFO","node":0,"msg":"My turn — starting round 17 as proposer."}
{"time":"2026-07-22 12:09:11,952","level":"INFO","node":0,"msg":"Starting round 17"}
{"time":"2026-07-22 12:09:18,047","level":"INFO","node":0,"msg":"Sent proposal to node 1"}
{"time":"2026-07-22 12:09:18,047","level":"INFO","node":0,"msg":"Sent proposal to node 3"}
{"time":"2026-07-22 12:09:18,058","level":"INFO","node":0,"msg":"Sent consensus vote to node 1"}
{"time":"2026-07-22 12:09:18,062","level":"INFO","node":0,"msg":"Sent consensus vote to node 3"}
{"time":"2026-07-22 12:09:18,069","level":"INFO","node":0,"msg":"Forwarded to http://127.0.0.1:8001"}
{"time":"2026-07-22 12:09:27,871","level":"INFO","node":0,"msg":"Consensus vote recorded: node 1 decision=True reason=zkp_ok round=16 new=True satisfied=False"}
{"time":"2026-07-22 12:09:43,807","level":"INFO","node":0,"msg":"Consensus vote recorded: node 3 decision=True reason=zkp_ok round=16 new=True satisfied=True"}
{"time":"2026-07-22 12:09:49,795","level":"INFO","node":0,"msg":"Received update from node 3, round 16"}
{"time":"2026-07-22 12:09:49,795","level":"INFO","node":0,"msg":"Round 17 complete — aggregating"}
{"time":"2026-07-22 12:09:49,829","level":"WARNING","node":0,"msg":"[BACKDOOR PROBE] Round 17 SUSPICIOUS: feature=1 value=7.0 forces class=1 flip_rate=1.000 jump=0.736 (thresholds: flip>0.7, jump>0.3)"}
{"time":"2026-07-22 12:09:49,847","level":"INFO","node":0,"msg":"Commit vote recorded: node 1 decision=True round=16 satisfied=False"}
{"time":"2026-07-22 12:09:49,850","level":"INFO","node":0,"msg":"Broadcast weights to node 1"}
{"time":"2026-07-22 12:09:49,861","level":"INFO","node":0,"msg":"Commit vote recorded: node 3 decision=True round=16 satisfied=True"}
{"time":"2026-07-22 12:09:49,863","level":"INFO","node":0,"msg":"Round 17 COMMITTED — model hash agreed by [0, 1, 3]"}
{"time":"2026-07-22 12:09:49,865","level":"INFO","node":0,"msg":"Commit certificate saved to C:\Users\mousu\OneDrive\Desktop\Set A\securefedhe\dashboard\certificates\round_16.json"}
{"time":"2026-07-22 12:09:49,869","level":"INFO","node":0,"msg":"Broadcast weights to node 3"}
{"time":"2026-07-22 12:09:49,873","level":"INFO","node":0,"msg":"Checkpoint saved to C:\Users\mousu\OneDrive\Desktop\Set A\securefedhe\dashboard\model_latest.pt"}
{"time":"2026-07-22 12:09:49,874","level":"INFO","node":0,"msg":"Round 17 complete | accuracy=0.8727 | duration=37.92s"}
{"time":"2026-07-22 12:09:49,874","level":"INFO","node":0,"msg":"Round 18 belongs to node 1 — waiting for their proposal."}
{"time":"2026-07-22 12:09:49,879","level":"INFO","node":0,"msg":"Notified next proposer to node 1"}
{"time":"2026-07-22 12:09:49,881","level":"INFO","node":0,"msg":"[WATCHDOG SPAWNED] round=17 expected_proposer=1 timeout_s=600 spawned_at=12:09:49"}
{"time":"2026-07-22 12:09:56,104","level":"INFO","node":0,"msg":"Proposal received: round=17 origin=1 hash=9eee230f47d0..."}
{"time":"2026-07-22 12:09:56,132","level":"INFO","node":0,"msg":"Consensus vote recorded: node 1 decision=True reason=zkp_ok round=17 new=True satisfied=False"}
{"time":"2026-07-22 12:10:05,758","level":"INFO","node":0,"msg":"Consensus vote recorded: node 3 decision=True reason=zkp_ok round=17 new=True satisfied=False"}
{"time":"2026-07-22 12:10:11,777","level":"INFO","node":0,"msg":"Received update from node 3, round 17"}
{"time":"2026-07-22 12:10:21,635","level":"INFO","node":0,"msg":"ZKP ACCEPTED from node 3"}
{"time":"2026-07-22 12:10:21,635","level":"INFO","node":0,"msg":"fc_in col7 delta self-cosine for node 1: 0.1006 (delta_norm=0.1841)"}
{"time":"2026-07-22 12:10:21,635","level":"INFO","node":0,"msg":"Per-class agreement with node 1: class0=0.972 class1=0.954 gap=0.017"}
{"time":"2026-07-22 12:10:21,641","level":"INFO","node":0,"msg":"Per-class rolling gap for node 1: mean=0.056 over last 4 round(s)"}
{"time":"2026-07-22 12:10:21,645","level":"INFO","node":0,"msg":"Trust score for node 1: S=0.798 (Z=1.00 A=0.97 P=0.39 R=1.00) advisory only"}
{"time":"2026-07-22 12:10:21,659","level":"INFO","node":0,"msg":"Sent consensus vote to node 1"}
{"time":"2026-07-22 12:10:21,691","level":"INFO","node":0,"msg":"Sent consensus vote to node 3"}
{"time":"2026-07-22 12:10:27,824","level":"INFO","node":0,"msg":"Forwarded to http://127.0.0.1:8001"}
{"time":"2026-07-22 12:10:27,884","level":"INFO","node":0,"msg":"Synced weights from master for round 17"}
{"time":"2026-07-22 12:10:27,896","level":"INFO","node":0,"msg":"Sent commit vote to node 1"}
{"time":"2026-07-22 12:10:34,018","level":"INFO","node":0,"msg":"Proposal received: round=18 origin=3 hash=77b2f2057016..."}
{"time":"2026-07-22 12:10:34,056","level":"INFO","node":0,"msg":"Consensus vote recorded: node 3 decision=True reason=zkp_ok round=18 new=True satisfied=False"}
{"time":"2026-07-22 12:10:34,066","level":"INFO","node":0,"msg":"Received update from node 3, round 18"}
{"time":"2026-07-22 12:10:43,766","level":"INFO","node":0,"msg":"ZKP ACCEPTED from node 3"}
{"time":"2026-07-22 12:10:43,766","level":"INFO","node":0,"msg":"fc_in col7 delta self-cosine for node 3: -0.3925 (delta_norm=0.2305)"}
{"time":"2026-07-22 12:10:43,782","level":"INFO","node":0,"msg":"Per-class agreement with node 3: class0=0.971 class1=0.956 gap=0.015"}
{"time":"2026-07-22 12:10:43,782","level":"INFO","node":0,"msg":"Per-class rolling gap for node 3: mean=0.012 over last 4 round(s)"}
{"time":"2026-07-22 12:10:43,788","level":"INFO","node":0,"msg":"Trust score for node 3: S=0.813 (Z=1.00 A=0.97 P=0.45 R=1.00) advisory only"}
{"time":"2026-07-22 12:10:43,801","level":"INFO","node":0,"msg":"Sent consensus vote to node 1"}
{"time":"2026-07-22 12:10:43,814","level":"INFO","node":0,"msg":"Sent consensus vote to node 3"}
{"time":"2026-07-22 12:10:49,868","level":"INFO","node":0,"msg":"Forwarded to http://127.0.0.1:8001"}
{"time":"2026-07-22 12:10:59,715","level":"INFO","node":0,"msg":"Prediction agreement with node 1 round=18: A=0.993"}
{"time":"2026-07-22 12:10:59,715","level":"INFO","node":0,"msg":"Consensus vote recorded: node 1 decision=True reason=zkp_ok round=18 new=True satisfied=True"}
{"time":"2026-07-22 12:11:05,951","level":"INFO","node":0,"msg":"Synced weights from master for round 18"}
{"time":"2026-07-22 12:11:05,975","level":"INFO","node":0,"msg":"Sent commit vote to node 3"}
{"time":"2026-07-22 12:11:12,729","level":"INFO","node":0,"msg":"Proposal received: round=19 origin=3 hash=28646d792897..."}
{"time":"2026-07-22 12:11:12,758","level":"INFO","node":0,"msg":"Consensus vote recorded: node 3 decision=True reason=zkp_ok round=19 new=True satisfied=False"}
{"time":"2026-07-22 12:11:12,768","level":"INFO","node":0,"msg":"Received update from node 3, round 19"}
{"time":"2026-07-22 12:11:22,425","level":"INFO","node":0,"msg":"ZKP ACCEPTED from node 3"}
{"time":"2026-07-22 12:11:22,425","level":"INFO","node":0,"msg":"fc_in col7 delta self-cosine for node 3: -0.1390 (delta_norm=0.1913)"}
{"time":"2026-07-22 12:11:22,427","level":"INFO","node":0,"msg":"Per-class agreement with node 3: class0=0.971 class1=0.958 gap=0.013"}
{"time":"2026-07-22 12:11:22,431","level":"INFO","node":0,"msg":"Per-class rolling gap for node 3: mean=0.015 over last 4 round(s)"}
{"time":"2026-07-22 12:11:22,431","level":"INFO","node":0,"msg":"Trust score for node 3: S=0.809 (Z=1.00 A=0.97 P=0.43 R=1.00) advisory only"}
{"time":"2026-07-22 12:11:22,465","level":"INFO","node":0,"msg":"Sent consensus vote to node 1"}
{"time":"2026-07-22 12:11:22,488","level":"INFO","node":0,"msg":"Sent consensus vote to node 3"}
{"time":"2026-07-22 12:11:28,587","level":"INFO","node":0,"msg":"Forwarded to http://127.0.0.1:8001"}
{"time":"2026-07-22 12:11:38,343","level":"INFO","node":0,"msg":"Prediction agreement with node 1 round=19: A=0.991"}
{"time":"2026-07-22 12:11:38,345","level":"INFO","node":0,"msg":"Consensus vote recorded: node 1 decision=True reason=zkp_ok round=19 new=True satisfied=True"}
{"time":"2026-07-22 12:11:44,660","level":"INFO","node":0,"msg":"Synced weights from master for round 19"}
{"time":"2026-07-22 12:11:44,660","level":"INFO","node":0,"msg":"Training complete after 20 rounds"}
{"time":"2026-07-22 12:11:44,671","level":"INFO","node":0,"msg":"Sent commit vote to node 3"}
{"time":"2026-07-22 12:14:11,314","level":"INFO","node":0,"msg":"Starting node 0: City General Hospital"}
{"time":"2026-07-22 12:14:11,314","level":"INFO","node":0,"msg":"[CONFIG DEBUG] attack_simulation loaded: enabled=True target_node=2 type=stale_update config_path=config_dev.json"}
{"time":"2026-07-22 12:14:11,396","level":"WARNING","node":0,"msg":"DEV MODE: running without TLS"}
{"time":"2026-07-22 12:14:11,396","level":"INFO","node":0,"msg":"Listening on 127.0.0.1:8000 | TLS=False"}
{"time":"2026-07-22 12:14:19,356","level":"INFO","node":0,"msg":"Consensus pubkey received from node 1"}
{"time":"2026-07-22 12:14:19,373","level":"INFO","node":0,"msg":"Key exchange complete with node 1"}
{"time":"2026-07-22 12:14:25,661","level":"INFO","node":0,"msg":"Consensus pubkey received from node 2"}
{"time":"2026-07-22 12:14:25,661","level":"INFO","node":0,"msg":"Key exchange complete with node 2"}
{"time":"2026-07-22 12:14:28,614","level":"INFO","node":0,"msg":"Consensus pubkey received from node 3"}
{"time":"2026-07-22 12:14:28,630","level":"INFO","node":0,"msg":"Key exchange complete with node 3"}
{"time":"2026-07-22 12:14:28,987","level":"INFO","node":0,"msg":"Sent public key to node 1"}
{"time":"2026-07-22 12:14:29,010","level":"INFO","node":0,"msg":"Sent public key to node 2"}
{"time":"2026-07-22 12:14:29,038","level":"INFO","node":0,"msg":"Sent public key to node 3"}
{"time":"2026-07-22 12:14:29,048","level":"INFO","node":0,"msg":"Sent consensus pubkey to node 1"}
{"time":"2026-07-22 12:14:29,053","level":"INFO","node":0,"msg":"Sent consensus pubkey to node 2"}
{"time":"2026-07-22 12:14:29,061","level":"INFO","node":0,"msg":"Sent consensus pubkey to node 3"}
{"time":"2026-07-22 12:14:29,062","level":"INFO","node":0,"msg":"This node is round 1's proposer — starting."}
{"time":"2026-07-22 12:14:29,063","level":"INFO","node":0,"msg":"Starting round 1"}
{"time":"2026-07-22 12:14:30,324","level":"WARNING","node":0,"msg":"ZKP norm violation (clipping applied): slack=-186349, retry=0"}
{"time":"2026-07-22 12:14:36,427","level":"INFO","node":0,"msg":"Sent proposal to node 1"}
{"time":"2026-07-22 12:14:36,448","level":"INFO","node":0,"msg":"Sent proposal to node 2"}
{"time":"2026-07-22 12:14:36,460","level":"INFO","node":0,"msg":"Sent proposal to node 3"}
{"time":"2026-07-22 12:14:36,473","level":"INFO","node":0,"msg":"Sent consensus vote to node 1"}
{"time":"2026-07-22 12:14:36,479","level":"INFO","node":0,"msg":"Sent consensus vote to node 2"}
{"time":"2026-07-22 12:14:36,501","level":"INFO","node":0,"msg":"Sent consensus vote to node 3"}
{"time":"2026-07-22 12:14:36,514","level":"INFO","node":0,"msg":"Forwarded to http://127.0.0.1:8001"}
{"time":"2026-07-22 12:14:46,127","level":"INFO","node":0,"msg":"Consensus vote recorded: node 1 decision=True reason=zkp_ok round=0 new=True satisfied=False"}
{"time":"2026-07-22 12:15:03,119","level":"INFO","node":0,"msg":"Consensus vote recorded: node 2 decision=True reason=zkp_ok round=0 new=True satisfied=True"}
{"time":"2026-07-22 12:15:19,983","level":"INFO","node":0,"msg":"Consensus vote recorded: node 3 decision=True reason=zkp_ok round=0 new=True satisfied=True"}
{"time":"2026-07-22 12:15:27,128","level":"INFO","node":0,"msg":"Received update from node 3, round 0"}
{"time":"2026-07-22 12:15:27,128","level":"INFO","node":0,"msg":"Round 1 complete — aggregating"}
{"time":"2026-07-22 12:15:27,128","level":"INFO","node":0,"msg":"Round 1 accuracy gate skipped (warm-up period, candidate_acc=0.4182)"}
{"time":"2026-07-22 12:15:27,159","level":"INFO","node":0,"msg":"Commit vote recorded: node 1 decision=True round=0 satisfied=False"}
{"time":"2026-07-22 12:15:27,161","level":"INFO","node":0,"msg":"Broadcast weights to node 1"}
{"time":"2026-07-22 12:15:27,199","level":"INFO","node":0,"msg":"Commit vote recorded: node 2 decision=True round=0 satisfied=True"}
{"time":"2026-07-22 12:15:27,201","level":"INFO","node":0,"msg":"Round 1 COMMITTED — model hash agreed by [0, 1, 2]"}
{"time":"2026-07-22 12:15:27,203","level":"INFO","node":0,"msg":"Commit certificate saved to C:\Users\mousu\OneDrive\Desktop\Set A\securefedhe\dashboard\certificates\round_0.json"}
{"time":"2026-07-22 12:15:27,207","level":"INFO","node":0,"msg":"Broadcast weights to node 2"}
{"time":"2026-07-22 12:15:27,235","level":"INFO","node":0,"msg":"Commit vote recorded: node 3 decision=True round=0 satisfied=True"}
{"time":"2026-07-22 12:15:27,239","level":"INFO","node":0,"msg":"Broadcast weights to node 3"}
{"time":"2026-07-22 12:15:27,254","level":"INFO","node":0,"msg":"Checkpoint saved to C:\Users\mousu\OneDrive\Desktop\Set A\securefedhe\dashboard\model_latest.pt"}
{"time":"2026-07-22 12:15:27,254","level":"INFO","node":0,"msg":"Round 1 complete | accuracy=0.4182 | duration=58.19s"}
{"time":"2026-07-22 12:15:27,254","level":"INFO","node":0,"msg":"Round 2 belongs to node 1 — waiting for their proposal."}
{"time":"2026-07-22 12:15:27,262","level":"INFO","node":0,"msg":"Notified next proposer to node 1"}
{"time":"2026-07-22 12:15:27,263","level":"INFO","node":0,"msg":"[WATCHDOG SPAWNED] round=1 expected_proposer=1 timeout_s=600 spawned_at=12:15:27"}
{"time":"2026-07-22 12:15:33,559","level":"INFO","node":0,"msg":"Proposal received: round=1 origin=1 hash=2bd0a0c2187a..."}
{"time":"2026-07-22 12:15:33,582","level":"INFO","node":0,"msg":"Consensus vote recorded: node 1 decision=True reason=zkp_ok round=1 new=True satisfied=False"}
{"time":"2026-07-22 12:15:43,352","level":"INFO","node":0,"msg":"Consensus vote recorded: node 2 decision=True reason=zkp_ok round=1 new=True satisfied=False"}
{"time":"2026-07-22 12:15:59,100","level":"INFO","node":0,"msg":"Consensus vote recorded: node 3 decision=True reason=zkp_ok round=1 new=True satisfied=True"}
{"time":"2026-07-22 12:16:05,152","level":"INFO","node":0,"msg":"Received update from node 3, round 1"}
{"time":"2026-07-22 12:16:14,917","level":"INFO","node":0,"msg":"ZKP ACCEPTED from node 3"}
{"time":"2026-07-22 12:16:14,917","level":"INFO","node":0,"msg":"Trust score for node 1: S=0.500 (Z=1.00 A=0.50 P=1.00 R=1.00) advisory only"}
{"time":"2026-07-22 12:16:14,938","level":"INFO","node":0,"msg":"Sent consensus vote to node 1"}
{"time":"2026-07-22 12:16:14,958","level":"INFO","node":0,"msg":"Sent consensus vote to node 2"}
{"time":"2026-07-22 12:16:14,972","level":"INFO","node":0,"msg":"Sent consensus vote to node 3"}
{"time":"2026-07-22 12:16:21,063","level":"INFO","node":0,"msg":"Forwarded to http://127.0.0.1:8001"}
{"time":"2026-07-22 12:16:21,108","level":"INFO","node":0,"msg":"Synced weights from master for round 1"}
{"time":"2026-07-22 12:16:21,126","level":"INFO","node":0,"msg":"Sent commit vote to node 1"}
{"time":"2026-07-22 12:16:27,370","level":"INFO","node":0,"msg":"Proposal received: round=2 origin=2 hash=fce24263b16d..."}
{"time":"2026-07-22 12:16:27,404","level":"INFO","node":0,"msg":"Consensus vote recorded: node 2 decision=True reason=zkp_ok round=2 new=True satisfied=False"}
{"time":"2026-07-22 12:16:37,089","level":"INFO","node":0,"msg":"Consensus vote recorded: node 3 decision=True reason=zkp_ok round=2 new=True satisfied=False"}
{"time":"2026-07-22 12:16:43,242","level":"INFO","node":0,"msg":"Received update from node 3, round 2"}
{"time":"2026-07-22 12:16:52,808","level":"INFO","node":0,"msg":"ZKP ACCEPTED from node 3"}
{"time":"2026-07-22 12:16:52,820","level":"INFO","node":0,"msg":"Trust score for node 2: S=0.500 (Z=1.00 A=0.50 P=1.00 R=1.00) advisory only"}
{"time":"2026-07-22 12:16:52,830","level":"INFO","node":0,"msg":"Sent consensus vote to node 1"}
{"time":"2026-07-22 12:16:52,855","level":"INFO","node":0,"msg":"Sent consensus vote to node 2"}
{"time":"2026-07-22 12:16:52,874","level":"INFO","node":0,"msg":"Sent consensus vote to node 3"}
{"time":"2026-07-22 12:16:58,899","level":"INFO","node":0,"msg":"Forwarded to http://127.0.0.1:8001"}
{"time":"2026-07-22 12:17:08,593","level":"INFO","node":0,"msg":"Prediction agreement with node 1 round=2: A=0.989"}
{"time":"2026-07-22 12:17:08,593","level":"INFO","node":0,"msg":"Consensus vote recorded: node 1 decision=True reason=zkp_ok round=2 new=True satisfied=True"}
{"time":"2026-07-22 12:17:14,748","level":"INFO","node":0,"msg":"Synced weights from master for round 2"}
{"time":"2026-07-22 12:17:14,756","level":"INFO","node":0,"msg":"Sent commit vote to node 2"}
{"time":"2026-07-22 12:17:21,056","level":"INFO","node":0,"msg":"Proposal received: round=3 origin=3 hash=2a01a0c969f2..."}
{"time":"2026-07-22 12:17:21,082","level":"INFO","node":0,"msg":"Consensus vote recorded: node 3 decision=True reason=zkp_ok round=3 new=True satisfied=False"}
{"time":"2026-07-22 12:17:21,099","level":"INFO","node":0,"msg":"Received update from node 3, round 3"}
{"time":"2026-07-22 12:17:30,736","level":"INFO","node":0,"msg":"ZKP ACCEPTED from node 3"}
{"time":"2026-07-22 12:17:30,740","level":"INFO","node":0,"msg":"Trust score for node 3: S=0.500 (Z=1.00 A=0.50 P=1.00 R=1.00) advisory only"}
{"time":"2026-07-22 12:17:30,773","level":"INFO","node":0,"msg":"Sent consensus vote to node 1"}
{"time":"2026-07-22 12:17:30,780","level":"INFO","node":0,"msg":"Sent consensus vote to node 2"}
{"time":"2026-07-22 12:17:30,805","level":"INFO","node":0,"msg":"Sent consensus vote to node 3"}
{"time":"2026-07-22 12:17:36,871","level":"INFO","node":0,"msg":"Forwarded to http://127.0.0.1:8001"}
{"time":"2026-07-22 12:17:46,637","level":"INFO","node":0,"msg":"Prediction agreement with node 1 round=3: A=0.992"}
{"time":"2026-07-22 12:17:46,638","level":"INFO","node":0,"msg":"Consensus vote recorded: node 1 decision=True reason=zkp_ok round=3 new=True satisfied=True"}
{"time":"2026-07-22 12:18:02,486","level":"INFO","node":0,"msg":"Prediction agreement with node 2 round=3: A=0.966"}
{"time":"2026-07-22 12:18:02,487","level":"INFO","node":0,"msg":"Consensus vote recorded: node 2 decision=True reason=zkp_ok round=3 new=True satisfied=True"}
{"time":"2026-07-22 12:18:08,477","level":"INFO","node":0,"msg":"Synced weights from master for round 3"}
{"time":"2026-07-22 12:18:08,496","level":"INFO","node":0,"msg":"Sent commit vote to node 3"}
{"time":"2026-07-22 12:18:08,543","level":"INFO","node":0,"msg":"My turn — starting round 5 as proposer."}
{"time":"2026-07-22 12:18:08,544","level":"INFO","node":0,"msg":"Starting round 5"}
{"time":"2026-07-22 12:18:14,799","level":"INFO","node":0,"msg":"Sent proposal to node 1"}
{"time":"2026-07-22 12:18:14,799","level":"INFO","node":0,"msg":"Sent proposal to node 2"}
{"time":"2026-07-22 12:18:14,818","level":"INFO","node":0,"msg":"Sent proposal to node 3"}
{"time":"2026-07-22 12:18:14,825","level":"INFO","node":0,"msg":"Sent consensus vote to node 1"}
{"time":"2026-07-22 12:18:14,831","level":"INFO","node":0,"msg":"Sent consensus vote to node 2"}
{"time":"2026-07-22 12:18:14,841","level":"INFO","node":0,"msg":"Sent consensus vote to node 3"}
{"time":"2026-07-22 12:18:14,853","level":"INFO","node":0,"msg":"Forwarded to http://127.0.0.1:8001"}
{"time":"2026-07-22 12:18:24,586","level":"INFO","node":0,"msg":"Consensus vote recorded: node 1 decision=True reason=zkp_ok round=4 new=True satisfied=False"}
{"time":"2026-07-22 12:18:40,365","level":"INFO","node":0,"msg":"Consensus vote recorded: node 2 decision=True reason=zkp_ok round=4 new=True satisfied=True"}
{"time":"2026-07-22 12:18:56,111","level":"INFO","node":0,"msg":"Consensus vote recorded: node 3 decision=True reason=zkp_ok round=4 new=True satisfied=True"}
{"time":"2026-07-22 12:19:02,205","level":"INFO","node":0,"msg":"Received update from node 3, round 4"}
{"time":"2026-07-22 12:19:02,205","level":"INFO","node":0,"msg":"Round 5 complete — aggregating"}
{"time":"2026-07-22 12:19:02,212","level":"INFO","node":0,"msg":"Round 5 accuracy gate skipped (warm-up period, candidate_acc=0.7364)"}
{"time":"2026-07-22 12:19:02,284","level":"INFO","node":0,"msg":"Commit vote recorded: node 1 decision=True round=4 satisfied=False"}
{"time":"2026-07-22 12:19:02,288","level":"INFO","node":0,"msg":"Broadcast weights to node 1"}
{"time":"2026-07-22 12:19:02,321","level":"INFO","node":0,"msg":"Commit vote recorded: node 2 decision=True round=4 satisfied=True"}
{"time":"2026-07-22 12:19:02,322","level":"INFO","node":0,"msg":"Round 5 COMMITTED — model hash agreed by [0, 1, 2]"}
{"time":"2026-07-22 12:19:02,326","level":"INFO","node":0,"msg":"Commit certificate saved to C:\Users\mousu\OneDrive\Desktop\Set A\securefedhe\dashboard\certificates\round_4.json"}
{"time":"2026-07-22 12:19:02,331","level":"INFO","node":0,"msg":"Broadcast weights to node 2"}
{"time":"2026-07-22 12:19:02,379","level":"INFO","node":0,"msg":"Commit vote recorded: node 3 decision=True round=4 satisfied=True"}
{"time":"2026-07-22 12:19:02,385","level":"INFO","node":0,"msg":"Broadcast weights to node 3"}
{"time":"2026-07-22 12:19:02,388","level":"INFO","node":0,"msg":"Checkpoint saved to C:\Users\mousu\OneDrive\Desktop\Set A\securefedhe\dashboard\model_latest.pt"}
{"time":"2026-07-22 12:19:02,389","level":"INFO","node":0,"msg":"Round 5 complete | accuracy=0.7364 | duration=53.84s"}
{"time":"2026-07-22 12:19:02,389","level":"INFO","node":0,"msg":"Round 6 belongs to node 1 — waiting for their proposal."}
{"time":"2026-07-22 12:19:02,397","level":"INFO","node":0,"msg":"Notified next proposer to node 1"}
{"time":"2026-07-22 12:19:02,398","level":"INFO","node":0,"msg":"[WATCHDOG SPAWNED] round=5 expected_proposer=1 timeout_s=600 spawned_at=12:19:02"}
{"time":"2026-07-22 12:19:08,749","level":"INFO","node":0,"msg":"Proposal received: round=5 origin=1 hash=e10188e43509..."}
{"time":"2026-07-22 12:19:08,776","level":"INFO","node":0,"msg":"Consensus vote recorded: node 1 decision=True reason=zkp_ok round=5 new=True satisfied=False"}
{"time":"2026-07-22 12:19:18,569","level":"INFO","node":0,"msg":"Consensus vote recorded: node 2 decision=True reason=zkp_ok round=5 new=True satisfied=False"}
{"time":"2026-07-22 12:19:34,291","level":"INFO","node":0,"msg":"Consensus vote recorded: node 3 decision=True reason=zkp_ok round=5 new=True satisfied=True"}
{"time":"2026-07-22 12:19:40,420","level":"INFO","node":0,"msg":"Received update from node 3, round 5"}
{"time":"2026-07-22 12:19:50,043","level":"INFO","node":0,"msg":"ZKP ACCEPTED from node 3"}
{"time":"2026-07-22 12:19:50,072","level":"INFO","node":0,"msg":"Per-class agreement with node 1: class0=0.821 class1=0.936 gap=0.114"}
{"time":"2026-07-22 12:19:50,072","level":"INFO","node":0,"msg":"Per-class rolling gap for node 1: mean=0.114 over last 1 round(s)"}
{"time":"2026-07-22 12:19:50,074","level":"INFO","node":0,"msg":"Trust score for node 1: S=0.735 (Z=1.00 A=0.86 P=0.50 R=1.00) advisory only"}
{"time":"2026-07-22 12:19:50,110","level":"INFO","node":0,"msg":"Sent consensus vote to node 1"}
{"time":"2026-07-22 12:19:50,143","level":"INFO","node":0,"msg":"Sent consensus vote to node 2"}
{"time":"2026-07-22 12:19:50,157","level":"INFO","node":0,"msg":"Sent consensus vote to node 3"}
{"time":"2026-07-22 12:19:56,285","level":"INFO","node":0,"msg":"Forwarded to http://127.0.0.1:8001"}
{"time":"2026-07-22 12:19:56,330","level":"INFO","node":0,"msg":"Synced weights from master for round 5"}
{"time":"2026-07-22 12:19:56,336","level":"INFO","node":0,"msg":"Sent commit vote to node 1"}
{"time":"2026-07-22 12:20:02,484","level":"INFO","node":0,"msg":"Proposal received: round=6 origin=2 hash=fbba826ee4cc..."}
{"time":"2026-07-22 12:20:02,505","level":"INFO","node":0,"msg":"Consensus vote recorded: node 2 decision=True reason=zkp_ok round=6 new=True satisfied=False"}
{"time":"2026-07-22 12:20:12,361","level":"INFO","node":0,"msg":"Consensus vote recorded: node 3 decision=True reason=zkp_ok round=6 new=True satisfied=False"}
{"time":"2026-07-22 12:20:18,267","level":"INFO","node":0,"msg":"Received update from node 3, round 6"}
{"time":"2026-07-22 12:20:27,996","level":"INFO","node":0,"msg":"ZKP ACCEPTED from node 3"}
{"time":"2026-07-22 12:20:27,996","level":"WARNING","node":0,"msg":"[STALE-UPDATE CHECK] node 0 observed node 2 resending identical slack (238939) as last round — REJECTING as replayed/stale update"}
{"time":"2026-07-22 12:20:27,996","level":"INFO","node":0,"msg":"Per-class agreement with node 2: class0=0.948 class1=0.950 gap=0.002"}
{"time":"2026-07-22 12:20:27,996","level":"INFO","node":0,"msg":"Per-class rolling gap for node 2: mean=0.002 over last 1 round(s)"}
{"time":"2026-07-22 12:20:28,007","level":"INFO","node":0,"msg":"Trust score for node 2: S=0.823 (Z=1.00 A=0.95 P=0.54 R=1.00) advisory only"}
{"time":"2026-07-22 12:20:28,020","level":"INFO","node":0,"msg":"Sent consensus vote to node 1"}
{"time":"2026-07-22 12:20:28,031","level":"INFO","node":0,"msg":"Sent consensus vote to node 2"}
{"time":"2026-07-22 12:20:28,043","level":"INFO","node":0,"msg":"Sent consensus vote to node 3"}
{"time":"2026-07-22 12:20:33,988","level":"INFO","node":0,"msg":"Forwarded to http://127.0.0.1:8001"}
{"time":"2026-07-22 12:20:43,830","level":"INFO","node":0,"msg":"Prediction agreement with node 1 round=6: A=0.992"}
{"time":"2026-07-22 12:20:43,831","level":"INFO","node":0,"msg":"Consensus vote recorded: node 1 decision=True reason=zkp_ok round=6 new=True satisfied=True"}
{"time":"2026-07-22 12:20:50,024","level":"INFO","node":0,"msg":"Synced weights from master for round 6"}
{"time":"2026-07-22 12:20:50,049","level":"INFO","node":0,"msg":"Sent commit vote to node 2"}
{"time":"2026-07-22 12:20:56,174","level":"INFO","node":0,"msg":"Proposal received: round=7 origin=3 hash=6969e02097c6..."}
{"time":"2026-07-22 12:20:56,224","level":"INFO","node":0,"msg":"Consensus vote recorded: node 3 decision=True reason=zkp_ok round=7 new=True satisfied=False"}
{"time":"2026-07-22 12:20:56,234","level":"INFO","node":0,"msg":"Received update from node 3, round 7"}
{"time":"2026-07-22 12:21:05,833","level":"INFO","node":0,"msg":"ZKP ACCEPTED from node 3"}
{"time":"2026-07-22 12:21:05,833","level":"INFO","node":0,"msg":"Per-class agreement with node 3: class0=0.951 class1=0.935 gap=0.016"}
{"time":"2026-07-22 12:21:05,833","level":"INFO","node":0,"msg":"Per-class rolling gap for node 3: mean=0.016 over last 1 round(s)"}
{"time":"2026-07-22 12:21:05,833","level":"INFO","node":0,"msg":"Trust score for node 3: S=0.855 (Z=1.00 A=0.95 P=0.66 R=1.00) advisory only"}
{"time":"2026-07-22 12:21:05,863","level":"INFO","node":0,"msg":"Sent consensus vote to node 1"}
{"time":"2026-07-22 12:21:05,880","level":"INFO","node":0,"msg":"Sent consensus vote to node 2"}
{"time":"2026-07-22 12:21:05,897","level":"INFO","node":0,"msg":"Sent consensus vote to node 3"}
{"time":"2026-07-22 12:21:11,949","level":"INFO","node":0,"msg":"Forwarded to http://127.0.0.1:8001"}
{"time":"2026-07-22 12:21:21,758","level":"INFO","node":0,"msg":"Prediction agreement with node 1 round=7: A=0.992"}
{"time":"2026-07-22 12:21:21,758","level":"INFO","node":0,"msg":"Consensus vote recorded: node 1 decision=True reason=zkp_ok round=7 new=True satisfied=True"}
{"time":"2026-07-22 12:21:37,775","level":"INFO","node":0,"msg":"Prediction agreement with node 2 round=7: A=0.956"}
{"time":"2026-07-22 12:21:37,775","level":"INFO","node":0,"msg":"Consensus vote recorded: node 2 decision=True reason=zkp_ok round=7 new=True satisfied=True"}
{"time":"2026-07-22 12:21:43,839","level":"INFO","node":0,"msg":"Synced weights from master for round 7"}
{"time":"2026-07-22 12:21:43,857","level":"INFO","node":0,"msg":"Sent commit vote to node 3"}
{"time":"2026-07-22 12:21:43,902","level":"INFO","node":0,"msg":"My turn — starting round 9 as proposer."}
{"time":"2026-07-22 12:21:43,903","level":"INFO","node":0,"msg":"Starting round 9"}
{"time":"2026-07-22 12:21:50,058","level":"INFO","node":0,"msg":"Sent proposal to node 1"}
{"time":"2026-07-22 12:21:50,058","level":"INFO","node":0,"msg":"Sent proposal to node 2"}
{"time":"2026-07-22 12:21:50,066","level":"INFO","node":0,"msg":"Sent proposal to node 3"}
{"time":"2026-07-22 12:21:50,073","level":"INFO","node":0,"msg":"Sent consensus vote to node 1"}
{"time":"2026-07-22 12:21:50,079","level":"INFO","node":0,"msg":"Sent consensus vote to node 2"}
{"time":"2026-07-22 12:21:50,086","level":"INFO","node":0,"msg":"Sent consensus vote to node 3"}
{"time":"2026-07-22 12:21:50,096","level":"INFO","node":0,"msg":"Forwarded to http://127.0.0.1:8001"}
{"time":"2026-07-22 12:21:59,903","level":"INFO","node":0,"msg":"Consensus vote recorded: node 1 decision=True reason=zkp_ok round=8 new=True satisfied=False"}
{"time":"2026-07-22 12:22:15,770","level":"INFO","node":0,"msg":"Consensus vote recorded: node 2 decision=True reason=zkp_ok round=8 new=True satisfied=True"}
{"time":"2026-07-22 12:22:31,501","level":"INFO","node":0,"msg":"Consensus vote recorded: node 3 decision=True reason=zkp_ok round=8 new=True satisfied=True"}
{"time":"2026-07-22 12:22:37,522","level":"INFO","node":0,"msg":"Received update from node 3, round 8"}
{"time":"2026-07-22 12:22:37,522","level":"INFO","node":0,"msg":"Round 9 complete — aggregating"}
{"time":"2026-07-22 12:22:37,591","level":"INFO","node":0,"msg":"[BACKDOOR PROBE] Round 9 clean — worst case flip_rate=1.000 jump=0.273 (feature=1, value=-4.0)"}
{"time":"2026-07-22 12:22:37,636","level":"INFO","node":0,"msg":"Commit vote recorded: node 1 decision=True round=8 satisfied=False"}
{"time":"2026-07-22 12:22:37,638","level":"INFO","node":0,"msg":"Broadcast weights to node 1"}
{"time":"2026-07-22 12:22:37,653","level":"INFO","node":0,"msg":"Commit vote recorded: node 2 decision=True round=8 satisfied=True"}
{"time":"2026-07-22 12:22:37,654","level":"INFO","node":0,"msg":"Round 9 COMMITTED — model hash agreed by [0, 1, 2]"}
{"time":"2026-07-22 12:22:37,655","level":"INFO","node":0,"msg":"Commit certificate saved to C:\Users\mousu\OneDrive\Desktop\Set A\securefedhe\dashboard\certificates\round_8.json"}
{"time":"2026-07-22 12:22:37,658","level":"INFO","node":0,"msg":"Broadcast weights to node 2"}
{"time":"2026-07-22 12:22:37,673","level":"INFO","node":0,"msg":"Commit vote recorded: node 3 decision=True round=8 satisfied=True"}
{"time":"2026-07-22 12:22:37,676","level":"INFO","node":0,"msg":"Broadcast weights to node 3"}
{"time":"2026-07-22 12:22:37,679","level":"INFO","node":0,"msg":"Checkpoint saved to C:\Users\mousu\OneDrive\Desktop\Set A\securefedhe\dashboard\model_latest.pt"}
{"time":"2026-07-22 12:22:37,679","level":"INFO","node":0,"msg":"Round 9 complete | accuracy=0.8091 | duration=53.78s"}
{"time":"2026-07-22 12:22:37,680","level":"INFO","node":0,"msg":"Round 10 belongs to node 1 — waiting for their proposal."}
{"time":"2026-07-22 12:22:37,683","level":"INFO","node":0,"msg":"Notified next proposer to node 1"}
{"time":"2026-07-22 12:22:37,683","level":"INFO","node":0,"msg":"[WATCHDOG SPAWNED] round=9 expected_proposer=1 timeout_s=600 spawned_at=12:22:37"}
{"time":"2026-07-22 12:22:44,011","level":"INFO","node":0,"msg":"Proposal received: round=9 origin=1 hash=1312f459acc5..."}
{"time":"2026-07-22 12:22:44,028","level":"INFO","node":0,"msg":"Consensus vote recorded: node 1 decision=True reason=zkp_ok round=9 new=True satisfied=False"}
{"time":"2026-07-22 12:22:53,802","level":"INFO","node":0,"msg":"Consensus vote recorded: node 2 decision=True reason=zkp_ok round=9 new=True satisfied=False"}
{"time":"2026-07-22 12:23:09,666","level":"INFO","node":0,"msg":"Consensus vote recorded: node 3 decision=True reason=zkp_ok round=9 new=True satisfied=True"}
{"time":"2026-07-22 12:23:15,806","level":"INFO","node":0,"msg":"Received update from node 3, round 9"}
{"time":"2026-07-22 12:23:25,520","level":"INFO","node":0,"msg":"ZKP ACCEPTED from node 3"}
{"time":"2026-07-22 12:23:25,520","level":"INFO","node":0,"msg":"fc_in col7 delta self-cosine for node 1: 0.7050 (delta_norm=0.2888)"}
{"time":"2026-07-22 12:23:25,526","level":"INFO","node":0,"msg":"Per-class agreement with node 1: class0=0.967 class1=0.943 gap=0.025"}
{"time":"2026-07-22 12:23:25,526","level":"INFO","node":0,"msg":"Per-class rolling gap for node 1: mean=0.069 over last 2 round(s)"}
{"time":"2026-07-22 12:23:25,530","level":"INFO","node":0,"msg":"Trust score for node 1: S=0.823 (Z=1.00 A=0.96 P=0.50 R=1.00) advisory only"}
{"time":"2026-07-22 12:23:25,548","level":"INFO","node":0,"msg":"Sent consensus vote to node 1"}
{"time":"2026-07-22 12:23:25,573","level":"INFO","node":0,"msg":"Sent consensus vote to node 2"}
{"time":"2026-07-22 12:23:25,601","level":"INFO","node":0,"msg":"Sent consensus vote to node 3"}
{"time":"2026-07-22 12:23:31,408","level":"INFO","node":0,"msg":"Forwarded to http://127.0.0.1:8001"}
{"time":"2026-07-22 12:23:31,466","level":"INFO","node":0,"msg":"Synced weights from master for round 9"}
{"time":"2026-07-22 12:23:31,472","level":"INFO","node":0,"msg":"Sent commit vote to node 1"}
{"time":"2026-07-22 12:23:37,539","level":"INFO","node":0,"msg":"Proposal received: round=10 origin=2 hash=db0a2203f8a5..."}
{"time":"2026-07-22 12:23:37,586","level":"INFO","node":0,"msg":"Consensus vote recorded: node 2 decision=True reason=zkp_ok round=10 new=True satisfied=False"}
{"time":"2026-07-22 12:23:47,465","level":"INFO","node":0,"msg":"Consensus vote recorded: node 3 decision=True reason=zkp_ok round=10 new=True satisfied=False"}
{"time":"2026-07-22 12:23:53,598","level":"INFO","node":0,"msg":"Received update from node 3, round 10"}
{"time":"2026-07-22 12:24:03,287","level":"INFO","node":0,"msg":"ZKP ACCEPTED from node 3"}
{"time":"2026-07-22 12:24:03,287","level":"WARNING","node":0,"msg":"[STALE-UPDATE CHECK] node 0 observed node 2 resending identical slack (238939) as last round — REJECTING as replayed/stale update"}
{"time":"2026-07-22 12:24:03,287","level":"INFO","node":0,"msg":"fc_in col7 delta self-cosine for node 2: 0.5641 (delta_norm=0.2126)"}
{"time":"2026-07-22 12:24:03,287","level":"INFO","node":0,"msg":"Per-class agreement with node 2: class0=0.965 class1=0.957 gap=0.008"}
{"time":"2026-07-22 12:24:03,287","level":"INFO","node":0,"msg":"Per-class rolling gap for node 2: mean=0.005 over last 2 round(s)"}
{"time":"2026-07-22 12:24:03,301","level":"INFO","node":0,"msg":"Trust score for node 2: S=0.835 (Z=1.00 A=0.96 P=0.54 R=1.00) advisory only"}
{"time":"2026-07-22 12:24:03,309","level":"INFO","node":0,"msg":"Sent consensus vote to node 1"}
{"time":"2026-07-22 12:24:03,335","level":"INFO","node":0,"msg":"Sent consensus vote to node 2"}
{"time":"2026-07-22 12:24:03,348","level":"INFO","node":0,"msg":"Sent consensus vote to node 3"}
{"time":"2026-07-22 12:24:09,439","level":"INFO","node":0,"msg":"Forwarded to http://127.0.0.1:8001"}
{"time":"2026-07-22 12:24:19,137","level":"INFO","node":0,"msg":"Prediction agreement with node 1 round=10: A=0.991"}
{"time":"2026-07-22 12:24:19,138","level":"INFO","node":0,"msg":"Consensus vote recorded: node 1 decision=True reason=zkp_ok round=10 new=True satisfied=True"}
{"time":"2026-07-22 12:24:25,480","level":"INFO","node":0,"msg":"Synced weights from master for round 10"}
{"time":"2026-07-22 12:24:25,501","level":"INFO","node":0,"msg":"Sent commit vote to node 2"}
{"time":"2026-07-22 12:24:31,718","level":"INFO","node":0,"msg":"Proposal received: round=11 origin=3 hash=aace6db95f50..."}
{"time":"2026-07-22 12:24:31,738","level":"INFO","node":0,"msg":"Consensus vote recorded: node 3 decision=True reason=zkp_ok round=11 new=True satisfied=False"}
{"time":"2026-07-22 12:24:31,760","level":"INFO","node":0,"msg":"Received update from node 3, round 11"}
{"time":"2026-07-22 12:24:41,438","level":"INFO","node":0,"msg":"ZKP ACCEPTED from node 3"}
{"time":"2026-07-22 12:24:41,438","level":"INFO","node":0,"msg":"fc_in col7 delta self-cosine for node 3: 0.5615 (delta_norm=0.2811)"}
{"time":"2026-07-22 12:24:41,446","level":"INFO","node":0,"msg":"Per-class agreement with node 3: class0=0.973 class1=0.952 gap=0.021"}
{"time":"2026-07-22 12:24:41,446","level":"INFO","node":0,"msg":"Per-class rolling gap for node 3: mean=0.019 over last 2 round(s)"}
{"time":"2026-07-22 12:24:41,448","level":"INFO","node":0,"msg":"Trust score for node 3: S=0.833 (Z=1.00 A=0.97 P=0.52 R=1.00) advisory only"}
{"time":"2026-07-22 12:24:41,464","level":"INFO","node":0,"msg":"Sent consensus vote to node 1"}
{"time":"2026-07-22 12:24:41,490","level":"INFO","node":0,"msg":"Sent consensus vote to node 2"}
{"time":"2026-07-22 12:24:41,521","level":"INFO","node":0,"msg":"Sent consensus vote to node 3"}
{"time":"2026-07-22 12:24:47,497","level":"INFO","node":0,"msg":"Forwarded to http://127.0.0.1:8001"}
{"time":"2026-07-22 12:24:57,175","level":"INFO","node":0,"msg":"Prediction agreement with node 1 round=11: A=0.994"}
{"time":"2026-07-22 12:24:57,175","level":"INFO","node":0,"msg":"Consensus vote recorded: node 1 decision=True reason=zkp_ok round=11 new=True satisfied=True"}
{"time":"2026-07-22 12:25:13,284","level":"INFO","node":0,"msg":"Prediction agreement with node 2 round=11: A=0.951"}
{"time":"2026-07-22 12:25:13,284","level":"INFO","node":0,"msg":"Consensus vote recorded: node 2 decision=True reason=zkp_ok round=11 new=True satisfied=True"}
{"time":"2026-07-22 12:25:19,391","level":"INFO","node":0,"msg":"Synced weights from master for round 11"}
{"time":"2026-07-22 12:25:19,398","level":"INFO","node":0,"msg":"Sent commit vote to node 3"}
{"time":"2026-07-22 12:25:19,447","level":"INFO","node":0,"msg":"My turn — starting round 13 as proposer."}
{"time":"2026-07-22 12:25:19,447","level":"INFO","node":0,"msg":"Starting round 13"}
{"time":"2026-07-22 12:25:25,487","level":"INFO","node":0,"msg":"Sent proposal to node 1"}
{"time":"2026-07-22 12:25:25,504","level":"INFO","node":0,"msg":"Sent proposal to node 2"}
{"time":"2026-07-22 12:25:25,508","level":"INFO","node":0,"msg":"Sent proposal to node 3"}
{"time":"2026-07-22 12:25:25,514","level":"INFO","node":0,"msg":"Sent consensus vote to node 1"}
{"time":"2026-07-22 12:25:25,521","level":"INFO","node":0,"msg":"Sent consensus vote to node 2"}
{"time":"2026-07-22 12:25:25,527","level":"INFO","node":0,"msg":"Sent consensus vote to node 3"}
{"time":"2026-07-22 12:25:25,533","level":"INFO","node":0,"msg":"Forwarded to http://127.0.0.1:8001"}
{"time":"2026-07-22 12:25:35,178","level":"INFO","node":0,"msg":"Consensus vote recorded: node 1 decision=True reason=zkp_ok round=12 new=True satisfied=False"}
{"time":"2026-07-22 12:25:50,950","level":"INFO","node":0,"msg":"Consensus vote recorded: node 2 decision=True reason=zkp_ok round=12 new=True satisfied=True"}
{"time":"2026-07-22 12:26:06,722","level":"INFO","node":0,"msg":"Consensus vote recorded: node 3 decision=True reason=zkp_ok round=12 new=True satisfied=True"}
{"time":"2026-07-22 12:26:12,638","level":"INFO","node":0,"msg":"Received update from node 3, round 12"}
{"time":"2026-07-22 12:26:12,638","level":"INFO","node":0,"msg":"Round 13 complete — aggregating"}
{"time":"2026-07-22 12:26:12,666","level":"INFO","node":0,"msg":"[BACKDOOR PROBE] Round 13 clean — worst case flip_rate=1.000 jump=0.282 (feature=1, value=-4.0)"}
{"time":"2026-07-22 12:26:12,696","level":"INFO","node":0,"msg":"Commit vote recorded: node 1 decision=True round=12 satisfied=False"}
{"time":"2026-07-22 12:26:12,698","level":"INFO","node":0,"msg":"Broadcast weights to node 1"}
{"time":"2026-07-22 12:26:12,712","level":"INFO","node":0,"msg":"Commit vote recorded: node 2 decision=True round=12 satisfied=True"}
{"time":"2026-07-22 12:26:12,713","level":"INFO","node":0,"msg":"Round 13 COMMITTED — model hash agreed by [0, 1, 2]"}
{"time":"2026-07-22 12:26:12,716","level":"INFO","node":0,"msg":"Commit certificate saved to C:\Users\mousu\OneDrive\Desktop\Set A\securefedhe\dashboard\certificates\round_12.json"}
{"time":"2026-07-22 12:26:12,718","level":"INFO","node":0,"msg":"Broadcast weights to node 2"}
{"time":"2026-07-22 12:26:12,732","level":"INFO","node":0,"msg":"Commit vote recorded: node 3 decision=True round=12 satisfied=True"}
{"time":"2026-07-22 12:26:12,736","level":"INFO","node":0,"msg":"Broadcast weights to node 3"}
{"time":"2026-07-22 12:26:12,738","level":"INFO","node":0,"msg":"Checkpoint saved to C:\Users\mousu\OneDrive\Desktop\Set A\securefedhe\dashboard\model_latest.pt"}
{"time":"2026-07-22 12:26:12,738","level":"INFO","node":0,"msg":"Round 13 complete | accuracy=0.8364 | duration=53.29s"}
{"time":"2026-07-22 12:26:12,739","level":"INFO","node":0,"msg":"Round 14 belongs to node 1 — waiting for their proposal."}
{"time":"2026-07-22 12:26:12,744","level":"INFO","node":0,"msg":"Notified next proposer to node 1"}
{"time":"2026-07-22 12:26:12,745","level":"INFO","node":0,"msg":"[WATCHDOG SPAWNED] round=13 expected_proposer=1 timeout_s=600 spawned_at=12:26:12"}
{"time":"2026-07-22 12:26:19,058","level":"INFO","node":0,"msg":"Proposal received: round=13 origin=1 hash=4b6393d0fd7e..."}
{"time":"2026-07-22 12:26:19,095","level":"INFO","node":0,"msg":"Consensus vote recorded: node 1 decision=True reason=zkp_ok round=13 new=True satisfied=False"}
{"time":"2026-07-22 12:26:28,923","level":"INFO","node":0,"msg":"Consensus vote recorded: node 2 decision=True reason=zkp_ok round=13 new=True satisfied=False"}
{"time":"2026-07-22 12:26:44,698","level":"INFO","node":0,"msg":"Consensus vote recorded: node 3 decision=True reason=zkp_ok round=13 new=True satisfied=True"}
{"time":"2026-07-22 12:26:50,687","level":"INFO","node":0,"msg":"Received update from node 3, round 13"}
{"time":"2026-07-22 12:27:00,321","level":"INFO","node":0,"msg":"ZKP ACCEPTED from node 3"}
{"time":"2026-07-22 12:27:00,321","level":"INFO","node":0,"msg":"fc_in col7 delta self-cosine for node 1: 0.4127 (delta_norm=0.1794)"}
{"time":"2026-07-22 12:27:00,332","level":"INFO","node":0,"msg":"Per-class agreement with node 1: class0=0.979 class1=0.968 gap=0.011"}
{"time":"2026-07-22 12:27:00,332","level":"INFO","node":0,"msg":"Per-class rolling gap for node 1: mean=0.050 over last 3 round(s)"}
{"time":"2026-07-22 12:27:00,335","level":"INFO","node":0,"msg":"Trust score for node 1: S=0.821 (Z=1.00 A=0.98 P=0.45 R=1.00) advisory only"}
{"time":"2026-07-22 12:27:00,358","level":"INFO","node":0,"msg":"Sent consensus vote to node 1"}
{"time":"2026-07-22 12:27:00,369","level":"INFO","node":0,"msg":"Sent consensus vote to node 2"}
{"time":"2026-07-22 12:27:00,382","level":"INFO","node":0,"msg":"Sent consensus vote to node 3"}
{"time":"2026-07-22 12:27:06,260","level":"INFO","node":0,"msg":"Forwarded to http://127.0.0.1:8001"}
{"time":"2026-07-22 12:27:06,311","level":"INFO","node":0,"msg":"Synced weights from master for round 13"}
{"time":"2026-07-22 12:27:06,315","level":"INFO","node":0,"msg":"Sent commit vote to node 1"}
{"time":"2026-07-22 12:27:12,480","level":"INFO","node":0,"msg":"Proposal received: round=14 origin=2 hash=ade4d5c17b18..."}
{"time":"2026-07-22 12:27:12,526","level":"INFO","node":0,"msg":"Consensus vote recorded: node 2 decision=True reason=zkp_ok round=14 new=True satisfied=False"}
{"time":"2026-07-22 12:27:22,357","level":"INFO","node":0,"msg":"Consensus vote recorded: node 3 decision=True reason=zkp_ok round=14 new=True satisfied=False"}
{"time":"2026-07-22 12:27:28,329","level":"INFO","node":0,"msg":"Received update from node 3, round 14"}
{"time":"2026-07-22 12:27:38,046","level":"INFO","node":0,"msg":"ZKP ACCEPTED from node 3"}
{"time":"2026-07-22 12:27:38,046","level":"WARNING","node":0,"msg":"[STALE-UPDATE CHECK] node 0 observed node 2 resending identical slack (238939) as last round — REJECTING as replayed/stale update"}
{"time":"2026-07-22 12:27:38,046","level":"INFO","node":0,"msg":"fc_in col7 delta self-cosine for node 2: 0.0929 (delta_norm=0.1370)"}
{"time":"2026-07-22 12:27:38,049","level":"INFO","node":0,"msg":"Per-class agreement with node 2: class0=0.982 class1=0.976 gap=0.005"}
{"time":"2026-07-22 12:27:38,049","level":"INFO","node":0,"msg":"Per-class rolling gap for node 2: mean=0.005 over last 3 round(s)"}
{"time":"2026-07-22 12:27:38,049","level":"INFO","node":0,"msg":"Trust score for node 2: S=0.804 (Z=1.00 A=0.98 P=0.37 R=1.00) advisory only"}
{"time":"2026-07-22 12:27:38,067","level":"INFO","node":0,"msg":"Sent consensus vote to node 1"}
{"time":"2026-07-22 12:27:38,076","level":"INFO","node":0,"msg":"Sent consensus vote to node 2"}
{"time":"2026-07-22 12:27:38,103","level":"INFO","node":0,"msg":"Sent consensus vote to node 3"}
{"time":"2026-07-22 12:27:44,037","level":"INFO","node":0,"msg":"Forwarded to http://127.0.0.1:8001"}
{"time":"2026-07-22 12:27:53,865","level":"INFO","node":0,"msg":"Prediction agreement with node 1 round=14: A=0.991"}
{"time":"2026-07-22 12:27:53,865","level":"INFO","node":0,"msg":"Consensus vote recorded: node 1 decision=True reason=zkp_ok round=14 new=True satisfied=True"}
{"time":"2026-07-22 12:28:00,061","level":"INFO","node":0,"msg":"Synced weights from master for round 14"}
{"time":"2026-07-22 12:28:00,076","level":"INFO","node":0,"msg":"Sent commit vote to node 2"}
{"time":"2026-07-22 12:28:06,023","level":"INFO","node":0,"msg":"Proposal received: round=15 origin=3 hash=461e4190ec79..."}
{"time":"2026-07-22 12:28:06,058","level":"INFO","node":0,"msg":"Consensus vote recorded: node 3 decision=True reason=zkp_ok round=15 new=True satisfied=False"}
{"time":"2026-07-22 12:28:06,068","level":"INFO","node":0,"msg":"Received update from node 3, round 15"}
{"time":"2026-07-22 12:28:15,903","level":"INFO","node":0,"msg":"ZKP ACCEPTED from node 3"}
{"time":"2026-07-22 12:28:15,903","level":"INFO","node":0,"msg":"fc_in col7 delta self-cosine for node 3: 0.0371 (delta_norm=0.2388)"}
{"time":"2026-07-22 12:28:15,908","level":"INFO","node":0,"msg":"Per-class agreement with node 3: class0=0.976 class1=0.975 gap=0.001"}
{"time":"2026-07-22 12:28:15,908","level":"INFO","node":0,"msg":"Per-class rolling gap for node 3: mean=0.013 over last 3 round(s)"}
{"time":"2026-07-22 12:28:15,910","level":"INFO","node":0,"msg":"Trust score for node 3: S=0.821 (Z=1.00 A=0.98 P=0.45 R=1.00) advisory only"}
{"time":"2026-07-22 12:28:15,925","level":"INFO","node":0,"msg":"Sent consensus vote to node 1"}
{"time":"2026-07-22 12:28:15,969","level":"INFO","node":0,"msg":"Sent consensus vote to node 2"}
{"time":"2026-07-22 12:28:15,990","level":"INFO","node":0,"msg":"Sent consensus vote to node 3"}
{"time":"2026-07-22 12:28:21,887","level":"INFO","node":0,"msg":"Forwarded to http://127.0.0.1:8001"}
{"time":"2026-07-22 12:28:31,730","level":"INFO","node":0,"msg":"Prediction agreement with node 1 round=15: A=0.994"}
{"time":"2026-07-22 12:28:31,730","level":"INFO","node":0,"msg":"Consensus vote recorded: node 1 decision=True reason=zkp_ok round=15 new=True satisfied=True"}
{"time":"2026-07-22 12:28:47,679","level":"INFO","node":0,"msg":"Prediction agreement with node 2 round=15: A=0.960"}
{"time":"2026-07-22 12:28:47,679","level":"INFO","node":0,"msg":"Consensus vote recorded: node 2 decision=True reason=zkp_ok round=15 new=True satisfied=True"}
{"time":"2026-07-22 12:28:53,727","level":"INFO","node":0,"msg":"Synced weights from master for round 15"}
{"time":"2026-07-22 12:28:53,744","level":"INFO","node":0,"msg":"Sent commit vote to node 3"}
{"time":"2026-07-22 12:28:53,828","level":"INFO","node":0,"msg":"My turn — starting round 17 as proposer."}
{"time":"2026-07-22 12:28:53,829","level":"INFO","node":0,"msg":"Starting round 17"}
{"time":"2026-07-22 12:28:59,892","level":"INFO","node":0,"msg":"Sent proposal to node 1"}
{"time":"2026-07-22 12:28:59,910","level":"INFO","node":0,"msg":"Sent proposal to node 2"}
{"time":"2026-07-22 12:28:59,925","level":"INFO","node":0,"msg":"Sent proposal to node 3"}
{"time":"2026-07-22 12:28:59,937","level":"INFO","node":0,"msg":"Sent consensus vote to node 1"}
{"time":"2026-07-22 12:28:59,940","level":"INFO","node":0,"msg":"Sent consensus vote to node 2"}
{"time":"2026-07-22 12:28:59,944","level":"INFO","node":0,"msg":"Sent consensus vote to node 3"}
{"time":"2026-07-22 12:28:59,950","level":"INFO","node":0,"msg":"Forwarded to http://127.0.0.1:8001"}
{"time":"2026-07-22 12:29:09,520","level":"INFO","node":0,"msg":"Consensus vote recorded: node 1 decision=True reason=zkp_ok round=16 new=True satisfied=False"}
{"time":"2026-07-22 12:29:25,391","level":"INFO","node":0,"msg":"Consensus vote recorded: node 2 decision=True reason=zkp_ok round=16 new=True satisfied=True"}
{"time":"2026-07-22 12:29:41,117","level":"INFO","node":0,"msg":"Consensus vote recorded: node 3 decision=True reason=zkp_ok round=16 new=True satisfied=True"}
{"time":"2026-07-22 12:29:47,028","level":"INFO","node":0,"msg":"Received update from node 3, round 16"}
{"time":"2026-07-22 12:29:47,028","level":"INFO","node":0,"msg":"Round 17 complete — aggregating"}
{"time":"2026-07-22 12:29:47,076","level":"INFO","node":0,"msg":"[BACKDOOR PROBE] Round 17 clean — worst case flip_rate=1.000 jump=0.273 (feature=1, value=-4.0)"}
{"time":"2026-07-22 12:29:47,113","level":"INFO","node":0,"msg":"Commit vote recorded: node 1 decision=True round=16 satisfied=False"}
{"time":"2026-07-22 12:29:47,117","level":"INFO","node":0,"msg":"Broadcast weights to node 1"}
{"time":"2026-07-22 12:29:47,154","level":"INFO","node":0,"msg":"Commit vote recorded: node 2 decision=True round=16 satisfied=True"}
{"time":"2026-07-22 12:29:47,154","level":"INFO","node":0,"msg":"Round 17 COMMITTED — model hash agreed by [0, 1, 2]"}
{"time":"2026-07-22 12:29:47,157","level":"INFO","node":0,"msg":"Commit certificate saved to C:\Users\mousu\OneDrive\Desktop\Set A\securefedhe\dashboard\certificates\round_16.json"}
{"time":"2026-07-22 12:29:47,159","level":"INFO","node":0,"msg":"Broadcast weights to node 2"}
{"time":"2026-07-22 12:29:47,186","level":"INFO","node":0,"msg":"Commit vote recorded: node 3 decision=True round=16 satisfied=True"}
{"time":"2026-07-22 12:29:47,187","level":"INFO","node":0,"msg":"Broadcast weights to node 3"}
{"time":"2026-07-22 12:29:47,190","level":"INFO","node":0,"msg":"Checkpoint saved to C:\Users\mousu\OneDrive\Desktop\Set A\securefedhe\dashboard\model_latest.pt"}
{"time":"2026-07-22 12:29:47,190","level":"INFO","node":0,"msg":"Round 17 complete | accuracy=0.8273 | duration=53.36s"}
{"time":"2026-07-22 12:29:47,190","level":"INFO","node":0,"msg":"Round 18 belongs to node 1 — waiting for their proposal."}
{"time":"2026-07-22 12:29:47,196","level":"INFO","node":0,"msg":"Notified next proposer to node 1"}
{"time":"2026-07-22 12:29:47,196","level":"INFO","node":0,"msg":"[WATCHDOG SPAWNED] round=17 expected_proposer=1 timeout_s=600 spawned_at=12:29:47"}
{"time":"2026-07-22 12:29:53,482","level":"INFO","node":0,"msg":"Proposal received: round=17 origin=1 hash=5e8a20f673ac..."}
{"time":"2026-07-22 12:29:53,505","level":"INFO","node":0,"msg":"Consensus vote recorded: node 1 decision=True reason=zkp_ok round=17 new=True satisfied=False"}
{"time":"2026-07-22 12:30:03,268","level":"INFO","node":0,"msg":"Consensus vote recorded: node 2 decision=True reason=zkp_ok round=17 new=True satisfied=False"}
{"time":"2026-07-22 12:30:19,104","level":"INFO","node":0,"msg":"Consensus vote recorded: node 3 decision=True reason=zkp_ok round=17 new=True satisfied=True"}
{"time":"2026-07-22 12:30:25,248","level":"INFO","node":0,"msg":"Received update from node 3, round 17"}
{"time":"2026-07-22 12:30:35,105","level":"INFO","node":0,"msg":"ZKP ACCEPTED from node 3"}
{"time":"2026-07-22 12:30:35,120","level":"INFO","node":0,"msg":"fc_in col7 delta self-cosine for node 1: 0.0390 (delta_norm=0.1472)"}
{"time":"2026-07-22 12:30:35,120","level":"INFO","node":0,"msg":"Per-class agreement with node 1: class0=0.978 class1=0.980 gap=0.001"}
{"time":"2026-07-22 12:30:35,120","level":"INFO","node":0,"msg":"Per-class rolling gap for node 1: mean=0.038 over last 4 round(s)"}
{"time":"2026-07-22 12:30:35,120","level":"INFO","node":0,"msg":"Trust score for node 1: S=0.839 (Z=1.00 A=0.98 P=0.50 R=1.00) advisory only"}
{"time":"2026-07-22 12:30:35,136","level":"INFO","node":0,"msg":"Sent consensus vote to node 1"}
{"time":"2026-07-22 12:30:35,153","level":"INFO","node":0,"msg":"Sent consensus vote to node 2"}
{"time":"2026-07-22 12:30:35,164","level":"INFO","node":0,"msg":"Sent consensus vote to node 3"}
{"time":"2026-07-22 12:30:41,074","level":"INFO","node":0,"msg":"Forwarded to http://127.0.0.1:8001"}
{"time":"2026-07-22 12:30:41,120","level":"INFO","node":0,"msg":"Synced weights from master for round 17"}
{"time":"2026-07-22 12:30:41,126","level":"INFO","node":0,"msg":"Sent commit vote to node 1"}
{"time":"2026-07-22 12:30:47,451","level":"INFO","node":0,"msg":"Proposal received: round=18 origin=2 hash=c6bae0e5deed..."}
{"time":"2026-07-22 12:30:47,497","level":"INFO","node":0,"msg":"Consensus vote recorded: node 2 decision=True reason=zkp_ok round=18 new=True satisfied=False"}
{"time":"2026-07-22 12:30:57,346","level":"INFO","node":0,"msg":"Consensus vote recorded: node 3 decision=True reason=zkp_ok round=18 new=True satisfied=False"}
{"time":"2026-07-22 12:31:03,338","level":"INFO","node":0,"msg":"Received update from node 3, round 18"}
{"time":"2026-07-22 12:31:13,135","level":"INFO","node":0,"msg":"ZKP ACCEPTED from node 3"}
{"time":"2026-07-22 12:31:13,135","level":"WARNING","node":0,"msg":"[STALE-UPDATE CHECK] node 0 observed node 2 resending identical slack (238939) as last round — REJECTING as replayed/stale update"}
{"time":"2026-07-22 12:31:13,135","level":"INFO","node":0,"msg":"fc_in col7 delta self-cosine for node 2: -0.2998 (delta_norm=0.1488)"}
{"time":"2026-07-22 12:31:13,135","level":"INFO","node":0,"msg":"Per-class agreement with node 2: class0=0.976 class1=0.981 gap=0.005"}
{"time":"2026-07-22 12:31:13,135","level":"INFO","node":0,"msg":"Per-class rolling gap for node 2: mean=0.005 over last 4 round(s)"}
{"time":"2026-07-22 12:31:13,146","level":"INFO","node":0,"msg":"Trust score for node 2: S=0.802 (Z=1.00 A=0.98 P=0.37 R=1.00) advisory only"}
{"time":"2026-07-22 12:31:13,204","level":"INFO","node":0,"msg":"Sent consensus vote to node 1"}
{"time":"2026-07-22 12:31:13,232","level":"INFO","node":0,"msg":"Sent consensus vote to node 2"}
{"time":"2026-07-22 12:31:13,265","level":"INFO","node":0,"msg":"Sent consensus vote to node 3"}
{"time":"2026-07-22 12:31:19,208","level":"INFO","node":0,"msg":"Forwarded to http://127.0.0.1:8001"}
{"time":"2026-07-22 12:31:29,050","level":"INFO","node":0,"msg":"Prediction agreement with node 1 round=18: A=0.990"}
{"time":"2026-07-22 12:31:29,051","level":"INFO","node":0,"msg":"Consensus vote recorded: node 1 decision=True reason=zkp_ok round=18 new=True satisfied=True"}
{"time":"2026-07-22 12:31:35,304","level":"INFO","node":0,"msg":"Synced weights from master for round 18"}
{"time":"2026-07-22 12:31:35,325","level":"INFO","node":0,"msg":"Sent commit vote to node 2"}
{"time":"2026-07-22 12:31:41,363","level":"INFO","node":0,"msg":"Proposal received: round=19 origin=3 hash=4a78dc69d4e0..."}
{"time":"2026-07-22 12:31:41,410","level":"INFO","node":0,"msg":"Consensus vote recorded: node 3 decision=True reason=zkp_ok round=19 new=True satisfied=False"}
{"time":"2026-07-22 12:31:41,424","level":"INFO","node":0,"msg":"Received update from node 3, round 19"}
{"time":"2026-07-22 12:31:51,204","level":"INFO","node":0,"msg":"ZKP ACCEPTED from node 3"}
{"time":"2026-07-22 12:31:51,204","level":"INFO","node":0,"msg":"fc_in col7 delta self-cosine for node 3: -0.1324 (delta_norm=0.2177)"}
{"time":"2026-07-22 12:31:51,204","level":"INFO","node":0,"msg":"Per-class agreement with node 3: class0=0.968 class1=0.945 gap=0.023"}
{"time":"2026-07-22 12:31:51,204","level":"INFO","node":0,"msg":"Per-class rolling gap for node 3: mean=0.016 over last 4 round(s)"}
{"time":"2026-07-22 12:31:51,220","level":"INFO","node":0,"msg":"Trust score for node 3: S=0.814 (Z=1.00 A=0.96 P=0.46 R=1.00) advisory only"}
{"time":"2026-07-22 12:31:51,234","level":"INFO","node":0,"msg":"Sent consensus vote to node 1"}
{"time":"2026-07-22 12:31:51,258","level":"INFO","node":0,"msg":"Sent consensus vote to node 2"}
{"time":"2026-07-22 12:31:51,303","level":"INFO","node":0,"msg":"Sent consensus vote to node 3"}
{"time":"2026-07-22 12:31:57,116","level":"INFO","node":0,"msg":"Forwarded to http://127.0.0.1:8001"}
{"time":"2026-07-22 12:32:06,931","level":"INFO","node":0,"msg":"Prediction agreement with node 1 round=19: A=0.988"}
{"time":"2026-07-22 12:32:06,931","level":"INFO","node":0,"msg":"Consensus vote recorded: node 1 decision=True reason=zkp_ok round=19 new=True satisfied=True"}
{"time":"2026-07-22 12:32:22,742","level":"INFO","node":0,"msg":"Prediction agreement with node 2 round=19: A=0.961"}
{"time":"2026-07-22 12:32:22,742","level":"INFO","node":0,"msg":"Consensus vote recorded: node 2 decision=True reason=zkp_ok round=19 new=True satisfied=True"}
{"time":"2026-07-22 12:32:28,910","level":"INFO","node":0,"msg":"Synced weights from master for round 19"}
{"time":"2026-07-22 12:32:28,910","level":"INFO","node":0,"msg":"Training complete after 20 rounds"}
{"time":"2026-07-22 12:32:28,933","level":"INFO","node":0,"msg":"Sent commit vote to node 3"}
{"time":"2026-07-22 12:32:37,683","level":"INFO","node":0,"msg":"Watchdog fired but training already complete — ignoring, not excluding node 1."}
{"time":"2026-07-22 13:10:33,027","level":"INFO","node":0,"msg":"Starting node 0: City General Hospital"}
{"time":"2026-07-22 13:10:33,027","level":"INFO","node":0,"msg":"[CONFIG DEBUG] attack_simulation loaded: enabled=True target_node=2 type=gradient_norm config_path=config_dev.json"}
{"time":"2026-07-22 13:10:33,496","level":"WARNING","node":0,"msg":"DEV MODE: running without TLS"}
{"time":"2026-07-22 13:10:33,501","level":"INFO","node":0,"msg":"Listening on 127.0.0.1:8000 | TLS=False"}
{"time":"2026-07-22 13:10:38,549","level":"INFO","node":0,"msg":"Key exchange complete with node 2"}
{"time":"2026-07-22 13:10:38,558","level":"INFO","node":0,"msg":"Consensus pubkey received from node 2"}
{"time":"2026-07-22 13:10:38,800","level":"INFO","node":0,"msg":"Key exchange complete with node 1"}
{"time":"2026-07-22 13:10:38,802","level":"INFO","node":0,"msg":"Consensus pubkey received from node 1"}
{"time":"2026-07-22 13:10:39,846","level":"INFO","node":0,"msg":"Key exchange complete with node 3"}
{"time":"2026-07-22 13:10:39,850","level":"INFO","node":0,"msg":"Consensus pubkey received from node 3"}
{"time":"2026-07-22 13:10:51,804","level":"INFO","node":0,"msg":"Sent public key to node 1"}
{"time":"2026-07-22 13:10:51,819","level":"INFO","node":0,"msg":"Sent public key to node 2"}
{"time":"2026-07-22 13:10:51,836","level":"INFO","node":0,"msg":"Sent public key to node 3"}
{"time":"2026-07-22 13:10:51,851","level":"INFO","node":0,"msg":"Sent consensus pubkey to node 1"}
{"time":"2026-07-22 13:10:51,862","level":"INFO","node":0,"msg":"Sent consensus pubkey to node 2"}
{"time":"2026-07-22 13:10:51,877","level":"INFO","node":0,"msg":"Sent consensus pubkey to node 3"}
{"time":"2026-07-22 13:10:51,878","level":"INFO","node":0,"msg":"This node is round 1's proposer — starting."}
{"time":"2026-07-22 13:10:51,879","level":"INFO","node":0,"msg":"Starting round 1"}
{"time":"2026-07-22 13:11:12,791","level":"INFO","node":0,"msg":"Sent proposal to node 1"}
{"time":"2026-07-22 13:11:12,823","level":"INFO","node":0,"msg":"Sent proposal to node 2"}
{"time":"2026-07-22 13:11:12,836","level":"INFO","node":0,"msg":"Sent proposal to node 3"}
{"time":"2026-07-22 13:11:12,871","level":"INFO","node":0,"msg":"Sent consensus vote to node 1"}
{"time":"2026-07-22 13:11:12,891","level":"INFO","node":0,"msg":"Sent consensus vote to node 2"}
{"time":"2026-07-22 13:11:12,908","level":"INFO","node":0,"msg":"Sent consensus vote to node 3"}
{"time":"2026-07-22 13:11:12,923","level":"INFO","node":0,"msg":"Forwarded to http://127.0.0.1:8001"}
{"time":"2026-07-22 13:11:42,338","level":"INFO","node":0,"msg":"Consensus vote recorded: node 1 decision=True reason=zkp_ok round=0 new=True satisfied=False"}
{"time":"2026-07-22 13:12:32,532","level":"INFO","node":0,"msg":"Consensus vote recorded: node 2 decision=True reason=zkp_ok round=0 new=True satisfied=True"}
{"time":"2026-07-22 13:13:14,077","level":"INFO","node":0,"msg":"Consensus vote recorded: node 3 decision=True reason=zkp_ok round=0 new=True satisfied=True"}
{"time":"2026-07-22 13:13:38,955","level":"INFO","node":0,"msg":"Received update from node 3, round 0"}
{"time":"2026-07-22 13:13:38,956","level":"INFO","node":0,"msg":"Round 1 complete — aggregating"}
{"time":"2026-07-22 13:13:38,970","level":"INFO","node":0,"msg":"Round 1 accuracy gate skipped (warm-up period, candidate_acc=0.6818)"}
{"time":"2026-07-22 13:13:39,018","level":"INFO","node":0,"msg":"Commit vote recorded: node 1 decision=True round=0 satisfied=False"}
{"time":"2026-07-22 13:13:39,022","level":"INFO","node":0,"msg":"Broadcast weights to node 1"}
{"time":"2026-07-22 13:13:39,046","level":"INFO","node":0,"msg":"Commit vote recorded: node 2 decision=True round=0 satisfied=True"}
{"time":"2026-07-22 13:13:39,047","level":"INFO","node":0,"msg":"Round 1 COMMITTED — model hash agreed by [0, 1, 2]"}
{"time":"2026-07-22 13:13:39,049","level":"INFO","node":0,"msg":"Commit certificate saved to C:\Users\mousu\OneDrive\Desktop\Set A\securefedhe\dashboard\certificates\round_0.json"}
{"time":"2026-07-22 13:13:39,052","level":"INFO","node":0,"msg":"Broadcast weights to node 2"}
{"time":"2026-07-22 13:13:39,077","level":"INFO","node":0,"msg":"Commit vote recorded: node 3 decision=True round=0 satisfied=True"}
{"time":"2026-07-22 13:13:39,079","level":"INFO","node":0,"msg":"Broadcast weights to node 3"}
{"time":"2026-07-22 13:13:39,097","level":"INFO","node":0,"msg":"Checkpoint saved to C:\Users\mousu\OneDrive\Desktop\Set A\securefedhe\dashboard\model_latest.pt"}
{"time":"2026-07-22 13:13:39,097","level":"INFO","node":0,"msg":"Round 1 complete | accuracy=0.6818 | duration=167.22s"}
{"time":"2026-07-22 13:13:39,098","level":"INFO","node":0,"msg":"Round 2 belongs to node 1 — waiting for their proposal."}
{"time":"2026-07-22 13:13:39,105","level":"INFO","node":0,"msg":"Notified next proposer to node 1"}
{"time":"2026-07-22 13:13:39,106","level":"INFO","node":0,"msg":"[WATCHDOG SPAWNED] round=1 expected_proposer=1 timeout_s=600 spawned_at=13:13:39"}
{"time":"2026-07-22 13:13:59,835","level":"INFO","node":0,"msg":"Proposal received: round=1 origin=1 hash=e5a261f9c3da..."}
{"time":"2026-07-22 13:13:59,892","level":"INFO","node":0,"msg":"Consensus vote recorded: node 1 decision=True reason=zkp_ok round=1 new=True satisfied=False"}
{"time":"2026-07-22 13:15:31,483","level":"INFO","node":0,"msg":"Received update from node 3, round 1"}
{"time":"2026-07-22 13:16:00,928","level":"INFO","node":0,"msg":"ZKP ACCEPTED from node 3"}
{"time":"2026-07-22 13:16:00,943","level":"INFO","node":0,"msg":"Trust score for node 1: S=0.429 (Z=1.00 A=0.50 P=0.50 R=1.00) advisory only"}
{"time":"2026-07-22 13:16:00,948","level":"WARNING","node":0,"msg":"Sent consensus vote to node 1 FAILED (hard timeout or exception) — consecutive failure streak 1/3"}
{"time":"2026-07-22 13:16:00,950","level":"WARNING","node":0,"msg":"Sent consensus vote to node 2 FAILED (hard timeout or exception) — consecutive failure streak 1/3"}
{"time":"2026-07-22 13:16:00,951","level":"WARNING","node":0,"msg":"Sent consensus vote to node 3 FAILED (hard timeout or exception) — consecutive failure streak 1/3"}
{"time":"2026-07-22 13:16:20,068","level":"INFO","node":0,"msg":"Forwarded to http://127.0.0.1:8001"}
{"time":"2026-07-22 13:16:40,038","level":"INFO","node":0,"msg":"Proposal for round=1 origin=1 changed hash after 160.21s — treating as a legitimate round retry, not equivocation."}
{"time":"2026-07-22 13:16:40,040","level":"INFO","node":0,"msg":"Proposal received: round=1 origin=1 hash=7d74707f3281..."}
{"time":"2026-07-22 13:16:40,075","level":"INFO","node":0,"msg":"Consensus vote recorded: node 1 decision=True reason=zkp_ok round=1 new=True satisfied=False"}
{"time":"2026-07-22 13:18:17,602","level":"INFO","node":0,"msg":"Received update from node 3, round 1"}
{"time":"2026-07-22 13:18:47,013","level":"INFO","node":0,"msg":"ZKP ACCEPTED from node 3"}
{"time":"2026-07-22 13:18:47,027","level":"INFO","node":0,"msg":"Per-class agreement with node 1: class0=nan class1=nan gap=nan"}
{"time":"2026-07-22 13:18:47,028","level":"INFO","node":0,"msg":"Per-class rolling gap for node 1: mean=nan over last 1 round(s)"}
{"time":"2026-07-22 13:18:47,034","level":"INFO","node":0,"msg":"Trust score for node 1: S=nan (Z=1.00 A=nan P=0.50 R=1.00) advisory only"}
{"time":"2026-07-22 13:18:47,041","level":"WARNING","node":0,"msg":"Sent consensus vote to node 1 FAILED (hard timeout or exception) — consecutive failure streak 2/3"}
{"time":"2026-07-22 13:18:47,043","level":"WARNING","node":0,"msg":"Sent consensus vote to node 2 FAILED (hard timeout or exception) — consecutive failure streak 2/3"}
{"time":"2026-07-22 13:18:47,046","level":"WARNING","node":0,"msg":"Sent consensus vote to node 3 FAILED (hard timeout or exception) — consecutive failure streak 2/3"}
{"time":"2026-07-22 13:19:06,210","level":"INFO","node":0,"msg":"Forwarded to http://127.0.0.1:8001"}
{"time":"2026-07-22 13:19:26,220","level":"INFO","node":0,"msg":"Proposal for round=1 origin=1 changed hash after 166.18s — treating as a legitimate round retry, not equivocation."}
{"time":"2026-07-22 13:19:26,220","level":"INFO","node":0,"msg":"Proposal received: round=1 origin=1 hash=ced1e6f227f7..."}
{"time":"2026-07-22 13:19:26,251","level":"INFO","node":0,"msg":"Consensus vote recorded: node 1 decision=True reason=zkp_ok round=1 new=True satisfied=False"}
{"time":"2026-07-22 13:19:55,283","level":"ERROR","node":0,"msg":"Node 1 EXCLUDED from proposing and quorum. Quorum requirement adjusted to 3 of 3 remaining trusted nodes."}
{"time":"2026-07-22 13:19:55,291","level":"ERROR","node":0,"msg":"Node 3 EXCLUDED from proposing and quorum. Quorum requirement adjusted to 2 of 2 remaining trusted nodes."}
