{"time":"2026-07-22 09:40:44,108","level":"INFO","node":3,"msg":"Starting node 3: Community Wellness Center"}
{"time":"2026-07-22 09:40:44,108","level":"INFO","node":3,"msg":"[CONFIG DEBUG] attack_simulation loaded: enabled=True target_node=2 type=stale_update config_path=config_dev.json"}
{"time":"2026-07-22 09:40:44,288","level":"WARNING","node":3,"msg":"DEV MODE: running without TLS"}
{"time":"2026-07-22 09:40:44,288","level":"INFO","node":3,"msg":"Listening on 127.0.0.1:8003 | TLS=False"}
{"time":"2026-07-22 09:40:44,574","level":"INFO","node":3,"msg":"Consensus pubkey received from node 1"}
{"time":"2026-07-22 09:40:44,587","level":"INFO","node":3,"msg":"Key exchange complete with node 1"}
{"time":"2026-07-22 09:40:45,890","level":"INFO","node":3,"msg":"Key exchange complete with node 2"}
{"time":"2026-07-22 09:40:45,906","level":"INFO","node":3,"msg":"Consensus pubkey received from node 2"}
{"time":"2026-07-22 09:40:49,315","level":"INFO","node":3,"msg":"Sent consensus pubkey to node 0"}
{"time":"2026-07-22 09:40:49,318","level":"INFO","node":3,"msg":"Sent public key to node 0"}
{"time":"2026-07-22 09:40:49,342","level":"INFO","node":3,"msg":"Sent consensus pubkey to node 1"}
{"time":"2026-07-22 09:40:49,351","level":"INFO","node":3,"msg":"Sent public key to node 1"}
{"time":"2026-07-22 09:40:49,375","level":"INFO","node":3,"msg":"Sent public key to node 2"}
{"time":"2026-07-22 09:40:49,381","level":"INFO","node":3,"msg":"Sent consensus pubkey to node 2"}
{"time":"2026-07-22 09:40:54,482","level":"INFO","node":3,"msg":"Key exchange complete with node 0"}
{"time":"2026-07-22 09:40:54,517","level":"INFO","node":3,"msg":"Consensus pubkey received from node 0"}
{"time":"2026-07-22 09:41:20,766","level":"INFO","node":3,"msg":"Proposal received: round=0 origin=0 hash=2cb107a45922..."}
{"time":"2026-07-22 09:41:20,819","level":"INFO","node":3,"msg":"Consensus vote recorded: node 0 decision=True reason=zkp_ok round=0 new=True satisfied=False"}
{"time":"2026-07-22 09:41:51,451","level":"INFO","node":3,"msg":"Consensus vote recorded: node 1 decision=True reason=zkp_ok round=0 new=True satisfied=False"}
{"time":"2026-07-22 09:42:43,649","level":"INFO","node":3,"msg":"Consensus vote recorded: node 2 decision=True reason=zkp_ok round=0 new=True satisfied=True"}
{"time":"2026-07-22 09:43:06,460","level":"INFO","node":3,"msg":"Received update from node 2, round 0"}
{"time":"2026-07-22 09:43:37,174","level":"INFO","node":3,"msg":"ZKP ACCEPTED from node 2"}
{"time":"2026-07-22 09:43:37,203","level":"INFO","node":3,"msg":"Trust score for node 0: S=0.429 (Z=1.00 A=0.50 P=0.50 R=1.00) advisory only"}
{"time":"2026-07-22 09:43:37,218","level":"INFO","node":3,"msg":"Sent consensus vote to node 0"}
{"time":"2026-07-22 09:43:37,233","level":"INFO","node":3,"msg":"Sent consensus vote to node 1"}
{"time":"2026-07-22 09:43:37,259","level":"INFO","node":3,"msg":"Sent consensus vote to node 2"}
{"time":"2026-07-22 09:44:01,304","level":"INFO","node":3,"msg":"Forwarded to http://127.0.0.1:8000"}
{"time":"2026-07-22 09:44:01,455","level":"INFO","node":3,"msg":"Synced weights from master for round 0"}
{"time":"2026-07-22 09:44:01,470","level":"INFO","node":3,"msg":"Sent commit vote to node 0"}
{"time":"2026-07-22 09:44:21,930","level":"INFO","node":3,"msg":"Proposal received: round=1 origin=1 hash=29078759e39f..."}
{"time":"2026-07-22 09:44:21,985","level":"INFO","node":3,"msg":"Consensus vote recorded: node 1 decision=True reason=zkp_ok round=1 new=True satisfied=False"}
{"time":"2026-07-22 09:44:51,825","level":"INFO","node":3,"msg":"Consensus vote recorded: node 2 decision=True reason=zkp_ok round=1 new=True satisfied=False"}
{"time":"2026-07-22 09:45:12,142","level":"INFO","node":3,"msg":"Received update from node 2, round 1"}
{"time":"2026-07-22 09:45:41,456","level":"INFO","node":3,"msg":"ZKP ACCEPTED from node 2"}
{"time":"2026-07-22 09:45:41,467","level":"INFO","node":3,"msg":"Trust score for node 1: S=0.429 (Z=1.00 A=0.50 P=0.50 R=1.00) advisory only"}
{"time":"2026-07-22 09:45:41,502","level":"INFO","node":3,"msg":"Sent consensus vote to node 0"}
{"time":"2026-07-22 09:45:41,532","level":"INFO","node":3,"msg":"Sent consensus vote to node 1"}
{"time":"2026-07-22 09:45:41,569","level":"INFO","node":3,"msg":"Sent consensus vote to node 2"}
{"time":"2026-07-22 09:46:00,553","level":"INFO","node":3,"msg":"Forwarded to http://127.0.0.1:8000"}
{"time":"2026-07-22 09:46:29,366","level":"INFO","node":3,"msg":"Prediction agreement with node 0 round=1: A=0.996"}
{"time":"2026-07-22 09:46:29,367","level":"INFO","node":3,"msg":"Consensus vote recorded: node 0 decision=True reason=zkp_ok round=1 new=True satisfied=True"}
{"time":"2026-07-22 09:46:39,062","level":"INFO","node":3,"msg":"Synced weights from master for round 1"}
{"time":"2026-07-22 09:46:39,082","level":"INFO","node":3,"msg":"Sent commit vote to node 1"}
{"time":"2026-07-22 09:46:45,562","level":"INFO","node":3,"msg":"Proposal received: round=2 origin=2 hash=10c2f0cdd6a1..."}
{"time":"2026-07-22 09:46:45,583","level":"INFO","node":3,"msg":"Consensus vote recorded: node 2 decision=True reason=zkp_ok round=2 new=True satisfied=False"}
{"time":"2026-07-22 09:46:45,595","level":"INFO","node":3,"msg":"Received update from node 2, round 2"}
{"time":"2026-07-22 09:46:55,460","level":"INFO","node":3,"msg":"ZKP ACCEPTED from node 2"}
{"time":"2026-07-22 09:46:55,464","level":"INFO","node":3,"msg":"Trust score for node 2: S=0.429 (Z=1.00 A=0.50 P=0.50 R=1.00) advisory only"}
{"time":"2026-07-22 09:46:55,478","level":"INFO","node":3,"msg":"Sent consensus vote to node 0"}
{"time":"2026-07-22 09:46:55,504","level":"INFO","node":3,"msg":"Sent consensus vote to node 1"}
{"time":"2026-07-22 09:46:55,533","level":"INFO","node":3,"msg":"Sent consensus vote to node 2"}
{"time":"2026-07-22 09:47:01,881","level":"INFO","node":3,"msg":"Forwarded to http://127.0.0.1:8000"}
{"time":"2026-07-22 09:47:11,899","level":"INFO","node":3,"msg":"Prediction agreement with node 0 round=2: A=0.935"}
{"time":"2026-07-22 09:47:11,900","level":"INFO","node":3,"msg":"Consensus vote recorded: node 0 decision=True reason=zkp_ok round=2 new=True satisfied=True"}
{"time":"2026-07-22 09:47:28,936","level":"INFO","node":3,"msg":"Prediction agreement with node 1 round=2: A=0.930"}
{"time":"2026-07-22 09:47:28,936","level":"INFO","node":3,"msg":"Consensus vote recorded: node 1 decision=True reason=zkp_ok round=2 new=True satisfied=True"}
{"time":"2026-07-22 09:47:35,242","level":"INFO","node":3,"msg":"Synced weights from master for round 2"}
{"time":"2026-07-22 09:47:35,248","level":"INFO","node":3,"msg":"Sent commit vote to node 2"}
{"time":"2026-07-22 09:47:35,260","level":"INFO","node":3,"msg":"My turn — starting round 4 as proposer."}
{"time":"2026-07-22 09:47:35,261","level":"INFO","node":3,"msg":"Starting round 4"}
{"time":"2026-07-22 09:47:41,713","level":"INFO","node":3,"msg":"Sent proposal to node 0"}
{"time":"2026-07-22 09:47:41,719","level":"INFO","node":3,"msg":"Sent proposal to node 1"}
{"time":"2026-07-22 09:47:41,725","level":"INFO","node":3,"msg":"Sent proposal to node 2"}
{"time":"2026-07-22 09:47:41,730","level":"INFO","node":3,"msg":"Sent consensus vote to node 0"}
{"time":"2026-07-22 09:47:41,739","level":"INFO","node":3,"msg":"Sent consensus vote to node 1"}
{"time":"2026-07-22 09:47:41,745","level":"INFO","node":3,"msg":"Sent consensus vote to node 2"}
{"time":"2026-07-22 09:47:41,751","level":"INFO","node":3,"msg":"Forwarded to http://127.0.0.1:8000"}
{"time":"2026-07-22 09:47:51,837","level":"INFO","node":3,"msg":"Consensus vote recorded: node 0 decision=True reason=zkp_ok round=3 new=True satisfied=False"}
{"time":"2026-07-22 09:48:08,184","level":"INFO","node":3,"msg":"Consensus vote recorded: node 1 decision=True reason=zkp_ok round=3 new=True satisfied=True"}
{"time":"2026-07-22 09:48:24,835","level":"INFO","node":3,"msg":"Consensus vote recorded: node 2 decision=True reason=zkp_ok round=3 new=True satisfied=True"}
{"time":"2026-07-22 09:48:31,351","level":"INFO","node":3,"msg":"Received update from node 2, round 3"}
{"time":"2026-07-22 09:48:31,351","level":"INFO","node":3,"msg":"Round 4 complete — aggregating"}
{"time":"2026-07-22 09:48:31,364","level":"INFO","node":3,"msg":"Round 4 accuracy gate skipped (warm-up period, candidate_acc=0.6818)"}
{"time":"2026-07-22 09:48:31,441","level":"INFO","node":3,"msg":"Commit vote recorded: node 0 decision=True round=3 satisfied=False"}
{"time":"2026-07-22 09:48:31,447","level":"INFO","node":3,"msg":"Broadcast weights to node 0"}
{"time":"2026-07-22 09:48:31,500","level":"INFO","node":3,"msg":"Commit vote recorded: node 1 decision=True round=3 satisfied=True"}
{"time":"2026-07-22 09:48:31,500","level":"INFO","node":3,"msg":"Round 4 COMMITTED — model hash agreed by [3, 0, 1]"}
{"time":"2026-07-22 09:48:31,504","level":"INFO","node":3,"msg":"Commit certificate saved to C:\Users\mousu\OneDrive\Desktop\Set A\securefedhe\dashboard\certificates\round_3.json"}
{"time":"2026-07-22 09:48:31,508","level":"INFO","node":3,"msg":"Broadcast weights to node 1"}
{"time":"2026-07-22 09:48:31,548","level":"INFO","node":3,"msg":"Commit vote recorded: node 2 decision=True round=3 satisfied=True"}
{"time":"2026-07-22 09:48:31,550","level":"INFO","node":3,"msg":"Broadcast weights to node 2"}
{"time":"2026-07-22 09:48:31,558","level":"INFO","node":3,"msg":"Checkpoint saved to C:\Users\mousu\OneDrive\Desktop\Set A\securefedhe\dashboard\model_latest.pt"}
{"time":"2026-07-22 09:48:31,558","level":"INFO","node":3,"msg":"Round 4 complete | accuracy=0.6818 | duration=56.30s"}
{"time":"2026-07-22 09:48:31,558","level":"INFO","node":3,"msg":"Round 5 belongs to node 0 — waiting for their proposal."}
{"time":"2026-07-22 09:48:31,562","level":"INFO","node":3,"msg":"Notified next proposer to node 0"}
{"time":"2026-07-22 09:48:31,563","level":"INFO","node":3,"msg":"[WATCHDOG SPAWNED] round=4 expected_proposer=0 timeout_s=600 spawned_at=09:48:31"}
{"time":"2026-07-22 09:48:37,917","level":"INFO","node":3,"msg":"Proposal received: round=4 origin=0 hash=fd6b1079fd1b..."}
{"time":"2026-07-22 09:48:37,939","level":"INFO","node":3,"msg":"Consensus vote recorded: node 0 decision=True reason=zkp_ok round=4 new=True satisfied=False"}
{"time":"2026-07-22 09:48:47,961","level":"INFO","node":3,"msg":"Consensus vote recorded: node 1 decision=True reason=zkp_ok round=4 new=True satisfied=False"}
{"time":"2026-07-22 09:49:04,305","level":"INFO","node":3,"msg":"Consensus vote recorded: node 2 decision=True reason=zkp_ok round=4 new=True satisfied=True"}
{"time":"2026-07-22 09:49:10,578","level":"INFO","node":3,"msg":"Received update from node 2, round 4"}
{"time":"2026-07-22 09:49:20,515","level":"INFO","node":3,"msg":"ZKP ACCEPTED from node 2"}
{"time":"2026-07-22 09:49:20,522","level":"INFO","node":3,"msg":"Per-class agreement with node 0: class0=0.887 class1=0.844 gap=0.042"}
{"time":"2026-07-22 09:49:20,522","level":"INFO","node":3,"msg":"Per-class rolling gap for node 0: mean=0.042 over last 1 round(s)"}
{"time":"2026-07-22 09:49:20,527","level":"INFO","node":3,"msg":"Trust score for node 0: S=0.749 (Z=1.00 A=0.87 P=0.50 R=1.00) advisory only"}
{"time":"2026-07-22 09:49:20,538","level":"INFO","node":3,"msg":"Sent consensus vote to node 0"}
{"time":"2026-07-22 09:49:20,564","level":"INFO","node":3,"msg":"Sent consensus vote to node 1"}
{"time":"2026-07-22 09:49:20,591","level":"INFO","node":3,"msg":"Sent consensus vote to node 2"}
{"time":"2026-07-22 09:49:27,081","level":"INFO","node":3,"msg":"Forwarded to http://127.0.0.1:8000"}
{"time":"2026-07-22 09:49:27,224","level":"INFO","node":3,"msg":"Synced weights from master for round 4"}
{"time":"2026-07-22 09:49:27,238","level":"INFO","node":3,"msg":"Sent commit vote to node 0"}
{"time":"2026-07-22 09:49:33,799","level":"INFO","node":3,"msg":"Proposal received: round=5 origin=1 hash=4893497b21b8..."}
{"time":"2026-07-22 09:49:33,816","level":"INFO","node":3,"msg":"Consensus vote recorded: node 1 decision=True reason=zkp_ok round=5 new=True satisfied=False"}
{"time":"2026-07-22 09:49:43,853","level":"INFO","node":3,"msg":"Consensus vote recorded: node 2 decision=True reason=zkp_ok round=5 new=True satisfied=False"}
{"time":"2026-07-22 09:49:50,232","level":"INFO","node":3,"msg":"Received update from node 2, round 5"}
{"time":"2026-07-22 09:50:00,212","level":"INFO","node":3,"msg":"ZKP ACCEPTED from node 2"}
{"time":"2026-07-22 09:50:00,229","level":"INFO","node":3,"msg":"Per-class agreement with node 1: class0=0.857 class1=0.930 gap=0.073"}
{"time":"2026-07-22 09:50:00,229","level":"INFO","node":3,"msg":"Per-class rolling gap for node 1: mean=0.073 over last 1 round(s)"}
{"time":"2026-07-22 09:50:00,232","level":"INFO","node":3,"msg":"Trust score for node 1: S=0.759 (Z=1.00 A=0.88 P=0.52 R=1.00) advisory only"}
{"time":"2026-07-22 09:50:00,246","level":"INFO","node":3,"msg":"Sent consensus vote to node 0"}
{"time":"2026-07-22 09:50:00,256","level":"INFO","node":3,"msg":"Sent consensus vote to node 1"}
{"time":"2026-07-22 09:50:00,274","level":"INFO","node":3,"msg":"Sent consensus vote to node 2"}
{"time":"2026-07-22 09:50:06,626","level":"INFO","node":3,"msg":"Forwarded to http://127.0.0.1:8000"}
{"time":"2026-07-22 09:50:16,689","level":"INFO","node":3,"msg":"Prediction agreement with node 0 round=5: A=0.987"}
{"time":"2026-07-22 09:50:16,689","level":"INFO","node":3,"msg":"Consensus vote recorded: node 0 decision=True reason=zkp_ok round=5 new=True satisfied=True"}
{"time":"2026-07-22 09:50:29,931","level":"INFO","node":3,"msg":"Proposal for round=5 origin=1 changed hash after 56.14s — treating as a legitimate round retry, not equivocation."}
{"time":"2026-07-22 09:50:29,932","level":"INFO","node":3,"msg":"Proposal received: round=5 origin=1 hash=8b43afb2e2b5..."}
{"time":"2026-07-22 09:50:29,953","level":"INFO","node":3,"msg":"Consensus vote recorded: node 1 decision=True reason=zkp_ok round=5 new=True satisfied=False"}
{"time":"2026-07-22 09:50:40,068","level":"INFO","node":3,"msg":"Consensus vote recorded: node 2 decision=True reason=zkp_ok round=5 new=True satisfied=False"}
{"time":"2026-07-22 09:50:46,425","level":"INFO","node":3,"msg":"Received update from node 2, round 5"}
{"time":"2026-07-22 09:50:56,392","level":"INFO","node":3,"msg":"ZKP ACCEPTED from node 2"}
{"time":"2026-07-22 09:50:56,392","level":"INFO","node":3,"msg":"fc_in col7 delta self-cosine for node 1: -0.2024 (delta_norm=0.1465)"}
{"time":"2026-07-22 09:50:56,398","level":"INFO","node":3,"msg":"Per-class agreement with node 1: class0=0.973 class1=0.962 gap=0.011"}
{"time":"2026-07-22 09:50:56,398","level":"INFO","node":3,"msg":"Per-class rolling gap for node 1: mean=0.042 over last 2 round(s)"}
{"time":"2026-07-22 09:50:56,400","level":"INFO","node":3,"msg":"Trust score for node 1: S=0.861 (Z=1.00 A=0.97 P=0.61 R=1.00) advisory only"}
{"time":"2026-07-22 09:50:56,431","level":"INFO","node":3,"msg":"Sent consensus vote to node 0"}
{"time":"2026-07-22 09:50:56,440","level":"INFO","node":3,"msg":"Sent consensus vote to node 1"}
{"time":"2026-07-22 09:50:56,474","level":"INFO","node":3,"msg":"Sent consensus vote to node 2"}
{"time":"2026-07-22 09:51:02,798","level":"INFO","node":3,"msg":"Forwarded to http://127.0.0.1:8000"}
{"time":"2026-07-22 09:51:12,936","level":"INFO","node":3,"msg":"Prediction agreement with node 0 round=5: A=0.980"}
{"time":"2026-07-22 09:51:12,937","level":"INFO","node":3,"msg":"Consensus vote recorded: node 0 decision=True reason=zkp_ok round=5 new=True satisfied=True"}
{"time":"2026-07-22 09:51:19,079","level":"INFO","node":3,"msg":"Synced weights from master for round 5"}
{"time":"2026-07-22 09:51:19,096","level":"INFO","node":3,"msg":"Sent commit vote to node 1"}
{"time":"2026-07-22 09:51:25,650","level":"INFO","node":3,"msg":"Proposal received: round=6 origin=2 hash=3e9b67a0a888..."}
{"time":"2026-07-22 09:51:25,663","level":"INFO","node":3,"msg":"Consensus vote recorded: node 2 decision=True reason=zkp_ok round=6 new=True satisfied=False"}
{"time":"2026-07-22 09:51:25,672","level":"INFO","node":3,"msg":"Received update from node 2, round 6"}
{"time":"2026-07-22 09:51:35,678","level":"INFO","node":3,"msg":"ZKP ACCEPTED from node 2"}
{"time":"2026-07-22 09:51:35,678","level":"WARNING","node":3,"msg":"[STALE-UPDATE CHECK] node 3 observed node 2 resending identical slack (90000102217) as last round — REJECTING as replayed/stale update"}
{"time":"2026-07-22 09:51:35,694","level":"INFO","node":3,"msg":"Per-class agreement with node 2: class0=0.962 class1=0.939 gap=0.023"}
{"time":"2026-07-22 09:51:35,696","level":"INFO","node":3,"msg":"Per-class rolling gap for node 2: mean=0.023 over last 1 round(s)"}
{"time":"2026-07-22 09:51:35,697","level":"INFO","node":3,"msg":"Trust score for node 2: S=0.818 (Z=1.00 A=0.95 P=0.50 R=1.00) advisory only"}
{"time":"2026-07-22 09:51:35,697","level":"WARNING","node":3,"msg":"Update round=6 from node 2 REJECTED on stale-update replay: identical slack to previous round"}
{"time":"2026-07-22 09:51:35,708","level":"INFO","node":3,"msg":"Sent consensus vote to node 0"}
{"time":"2026-07-22 09:51:35,743","level":"INFO","node":3,"msg":"Sent consensus vote to node 1"}
{"time":"2026-07-22 09:51:35,771","level":"INFO","node":3,"msg":"Sent consensus vote to node 2"}
{"time":"2026-07-22 09:51:42,054","level":"INFO","node":3,"msg":"Forwarded to http://127.0.0.1:8000"}
{"time":"2026-07-22 09:51:52,124","level":"INFO","node":3,"msg":"Prediction agreement with node 0 round=6: A=0.950"}
{"time":"2026-07-22 09:51:52,124","level":"INFO","node":3,"msg":"Consensus vote recorded: node 0 decision=False reason=stale_update_replay round=6 new=True satisfied=False"}
{"time":"2026-07-22 09:52:08,278","level":"INFO","node":3,"msg":"Prediction agreement with node 1 round=6: A=0.942"}
{"time":"2026-07-22 09:52:08,278","level":"INFO","node":3,"msg":"Consensus vote recorded: node 1 decision=False reason=stale_update_replay round=6 new=True satisfied=False"}
{"time":"2026-07-22 09:52:21,616","level":"INFO","node":3,"msg":"Proposal received: round=6 origin=2 hash=3e9b67a0a888..."}
{"time":"2026-07-22 09:52:21,632","level":"INFO","node":3,"msg":"Consensus vote recorded: node 2 decision=True reason=zkp_ok round=6 new=False satisfied=False"}
{"time":"2026-07-22 09:52:21,637","level":"INFO","node":3,"msg":"Received update from node 2, round 6"}
{"time":"2026-07-22 09:52:31,501","level":"INFO","node":3,"msg":"ZKP ACCEPTED from node 2"}
{"time":"2026-07-22 09:52:31,501","level":"WARNING","node":3,"msg":"[STALE-UPDATE CHECK] node 3 observed node 2 resending identical slack (90000102217) as last round — REJECTING as replayed/stale update"}
{"time":"2026-07-22 09:52:31,501","level":"INFO","node":3,"msg":"fc_in col7 delta self-cosine for node 2: -0.5269 (delta_norm=0.1666)"}
{"time":"2026-07-22 09:52:31,517","level":"INFO","node":3,"msg":"Per-class agreement with node 2: class0=0.976 class1=0.967 gap=0.010"}
{"time":"2026-07-22 09:52:31,517","level":"INFO","node":3,"msg":"Per-class rolling gap for node 2: mean=0.016 over last 2 round(s)"}
{"time":"2026-07-22 09:52:31,520","level":"INFO","node":3,"msg":"Trust score for node 2: S=0.782 (Z=1.00 A=0.97 P=0.46 R=0.80) advisory only"}
{"time":"2026-07-22 09:52:31,520","level":"WARNING","node":3,"msg":"Update round=6 from node 2 REJECTED on stale-update replay: identical slack to previous round"}
{"time":"2026-07-22 09:52:31,532","level":"INFO","node":3,"msg":"Sent consensus vote to node 0"}
{"time":"2026-07-22 09:52:31,563","level":"INFO","node":3,"msg":"Sent consensus vote to node 1"}
{"time":"2026-07-22 09:52:31,589","level":"INFO","node":3,"msg":"Sent consensus vote to node 2"}
{"time":"2026-07-22 09:52:37,887","level":"INFO","node":3,"msg":"Forwarded to http://127.0.0.1:8000"}
{"time":"2026-07-22 09:52:47,714","level":"INFO","node":3,"msg":"Prediction agreement with node 0 round=6: A=0.934"}
{"time":"2026-07-22 09:52:47,715","level":"INFO","node":3,"msg":"Consensus vote recorded: node 0 decision=False reason=stale_update_replay round=6 new=False satisfied=False"}
{"time":"2026-07-22 09:53:03,935","level":"INFO","node":3,"msg":"Prediction agreement with node 1 round=6: A=0.850"}
{"time":"2026-07-22 09:53:03,935","level":"INFO","node":3,"msg":"Consensus vote recorded: node 1 decision=False reason=stale_update_replay round=6 new=False satisfied=False"}
{"time":"2026-07-22 09:53:17,282","level":"INFO","node":3,"msg":"Proposal received: round=6 origin=2 hash=3e9b67a0a888..."}
{"time":"2026-07-22 09:53:17,299","level":"INFO","node":3,"msg":"Consensus vote recorded: node 2 decision=True reason=zkp_ok round=6 new=False satisfied=False"}
{"time":"2026-07-22 09:53:17,303","level":"INFO","node":3,"msg":"Received update from node 2, round 6"}
{"time":"2026-07-22 09:53:27,219","level":"INFO","node":3,"msg":"ZKP ACCEPTED from node 2"}
{"time":"2026-07-22 09:53:27,219","level":"WARNING","node":3,"msg":"[STALE-UPDATE CHECK] node 3 observed node 2 resending identical slack (90000102217) as last round — REJECTING as replayed/stale update"}
{"time":"2026-07-22 09:53:27,219","level":"INFO","node":3,"msg":"fc_in col7 delta self-cosine for node 2: -0.5211 (delta_norm=0.1974)"}
{"time":"2026-07-22 09:53:27,236","level":"INFO","node":3,"msg":"Per-class agreement with node 2: class0=0.952 class1=0.954 gap=0.002"}
{"time":"2026-07-22 09:53:27,236","level":"INFO","node":3,"msg":"Per-class rolling gap for node 2: mean=0.011 over last 3 round(s)"}
{"time":"2026-07-22 09:53:27,237","level":"INFO","node":3,"msg":"Trust score for node 2: S=0.621 (Z=1.00 A=0.95 P=0.08 R=0.60) advisory only"}
{"time":"2026-07-22 09:53:27,238","level":"WARNING","node":3,"msg":"Update round=6 from node 2 REJECTED on stale-update replay: identical slack to previous round"}
{"time":"2026-07-22 09:53:27,265","level":"INFO","node":3,"msg":"Sent consensus vote to node 0"}
{"time":"2026-07-22 09:53:27,289","level":"INFO","node":3,"msg":"Sent consensus vote to node 1"}
{"time":"2026-07-22 09:53:27,312","level":"INFO","node":3,"msg":"Sent consensus vote to node 2"}
{"time":"2026-07-22 09:53:33,428","level":"INFO","node":3,"msg":"Forwarded to http://127.0.0.1:8000"}
{"time":"2026-07-22 09:53:43,342","level":"INFO","node":3,"msg":"Prediction agreement with node 0 round=6: A=0.912"}
{"time":"2026-07-22 09:53:43,342","level":"INFO","node":3,"msg":"Consensus vote recorded: node 0 decision=False reason=stale_update_replay round=6 new=False satisfied=False"}
{"time":"2026-07-22 09:53:59,516","level":"INFO","node":3,"msg":"Prediction agreement with node 1 round=6: A=0.799"}
{"time":"2026-07-22 09:53:59,516","level":"INFO","node":3,"msg":"Consensus vote recorded: node 1 decision=False reason=stale_update_replay round=6 new=False satisfied=False"}
{"time":"2026-07-22 09:54:12,792","level":"INFO","node":3,"msg":"Proposal received: round=6 origin=2 hash=3e9b67a0a888..."}
{"time":"2026-07-22 09:54:12,812","level":"INFO","node":3,"msg":"Consensus vote recorded: node 2 decision=True reason=zkp_ok round=6 new=False satisfied=False"}
{"time":"2026-07-22 09:54:12,822","level":"INFO","node":3,"msg":"Received update from node 2, round 6"}
{"time":"2026-07-22 09:54:22,722","level":"INFO","node":3,"msg":"ZKP ACCEPTED from node 2"}
{"time":"2026-07-22 09:54:22,724","level":"WARNING","node":3,"msg":"[STALE-UPDATE CHECK] node 3 observed node 2 resending identical slack (90000102217) as last round — REJECTING as replayed/stale update"}
{"time":"2026-07-22 09:54:22,724","level":"INFO","node":3,"msg":"fc_in col7 delta self-cosine for node 2: -0.6601 (delta_norm=0.1840)"}
{"time":"2026-07-22 09:54:22,728","level":"INFO","node":3,"msg":"Per-class agreement with node 2: class0=0.975 class1=0.971 gap=0.005"}
{"time":"2026-07-22 09:54:22,728","level":"INFO","node":3,"msg":"Per-class rolling gap for node 2: mean=0.010 over last 4 round(s)"}
{"time":"2026-07-22 09:54:22,728","level":"INFO","node":3,"msg":"Trust score for node 2: S=0.573 (Z=1.00 A=0.97 P=0.01 R=0.40) advisory only"}
{"time":"2026-07-22 09:54:22,728","level":"WARNING","node":3,"msg":"Update round=6 from node 2 REJECTED on stale-update replay: identical slack to previous round"}
{"time":"2026-07-22 09:54:22,765","level":"INFO","node":3,"msg":"Sent consensus vote to node 0"}
{"time":"2026-07-22 09:54:22,785","level":"INFO","node":3,"msg":"Sent consensus vote to node 1"}
{"time":"2026-07-22 09:54:22,796","level":"INFO","node":3,"msg":"Sent consensus vote to node 2"}
{"time":"2026-07-22 09:54:29,169","level":"INFO","node":3,"msg":"Forwarded to http://127.0.0.1:8000"}
{"time":"2026-07-22 09:54:39,071","level":"INFO","node":3,"msg":"Prediction agreement with node 0 round=6: A=0.907"}
{"time":"2026-07-22 09:54:39,071","level":"INFO","node":3,"msg":"Consensus vote recorded: node 0 decision=False reason=stale_update_replay round=6 new=False satisfied=False"}
{"time":"2026-07-22 09:54:55,353","level":"INFO","node":3,"msg":"Prediction agreement with node 1 round=6: A=0.793"}
{"time":"2026-07-22 09:54:55,354","level":"INFO","node":3,"msg":"Consensus vote recorded: node 1 decision=False reason=stale_update_replay round=6 new=False satisfied=False"}
{"time":"2026-07-22 09:55:01,627","level":"WARNING","node":3,"msg":"Node 2 accused by node 0, but only 1/3 distinct accusers so far (3f+1 quorum) — NOT excluding yet (avoids a single compromised node unilaterally removing an honest peer)."}
{"time":"2026-07-22 09:55:01,674","level":"WARNING","node":3,"msg":"Node 2 accused by node 1, but only 2/3 distinct accusers so far (3f+1 quorum) — NOT excluding yet (avoids a single compromised node unilaterally removing an honest peer)."}
{"time":"2026-07-22 09:55:01,695","level":"INFO","node":3,"msg":"Round 7 skip acknowledged — advancing to round 8"}
{"time":"2026-07-22 09:55:01,695","level":"WARNING","node":3,"msg":"[SKIP STRIKE] round 7 skipped, proposer=2, reason=quorum_failure — recording independent strike"}
{"time":"2026-07-22 09:55:01,696","level":"WARNING","node":3,"msg":"This node independently suspects node 2 (local strikes=5.0) — broadcasting accusation for peer corroboration, NOT excluding unilaterally"}
{"time":"2026-07-22 09:55:11,723","level":"WARNING","node":3,"msg":"Sent accusation to node 0 FAILED (hard timeout or exception) — consecutive failure streak 1/3"}
{"time":"2026-07-22 09:55:11,744","level":"INFO","node":3,"msg":"Sent accusation to node 1"}
{"time":"2026-07-22 09:55:21,760","level":"WARNING","node":3,"msg":"Sent accusation to node 2 FAILED (hard timeout or exception) — consecutive failure streak 1/3"}
{"time":"2026-07-22 09:55:21,762","level":"ERROR","node":3,"msg":"Node 2 accused by 3 independent peers ([0, 1, 3]) — quorum-corroborated, excluding."}
{"time":"2026-07-22 09:55:21,763","level":"ERROR","node":3,"msg":"Node 2 EXCLUDED from proposing and quorum. Quorum requirement adjusted to 3 of 3 remaining trusted nodes."}
{"time":"2026-07-22 09:55:21,779","level":"INFO","node":3,"msg":"Sent exclusion notice for node 2 to node 0"}
{"time":"2026-07-22 09:55:21,799","level":"INFO","node":3,"msg":"Sent exclusion notice for node 2 to node 1"}
{"time":"2026-07-22 09:55:21,804","level":"INFO","node":3,"msg":"My turn — starting round 8 as proposer."}
{"time":"2026-07-22 09:55:21,806","level":"INFO","node":3,"msg":"Starting round 8"}
{"time":"2026-07-22 09:55:23,800","level":"INFO","node":3,"msg":"My turn — starting round 8 as proposer."}
{"time":"2026-07-22 09:55:23,844","level":"INFO","node":3,"msg":"Starting round 8"}
{"time":"2026-07-22 09:55:28,689","level":"INFO","node":3,"msg":"Sent proposal to node 0"}
{"time":"2026-07-22 09:55:28,694","level":"INFO","node":3,"msg":"Sent proposal to node 1"}
{"time":"2026-07-22 09:55:28,701","level":"INFO","node":3,"msg":"Sent consensus vote to node 0"}
{"time":"2026-07-22 09:55:28,708","level":"INFO","node":3,"msg":"Sent consensus vote to node 1"}
{"time":"2026-07-22 09:55:28,716","level":"INFO","node":3,"msg":"Forwarded to http://127.0.0.1:8000"}
{"time":"2026-07-22 09:55:28,725","level":"WARNING","node":3,"msg":"ZKP norm violation (clipping applied): slack=-362270, retry=0"}
{"time":"2026-07-22 09:55:35,101","level":"INFO","node":3,"msg":"Sent proposal to node 0"}
{"time":"2026-07-22 09:55:35,103","level":"INFO","node":3,"msg":"Sent proposal to node 1"}
{"time":"2026-07-22 09:55:35,162","level":"INFO","node":3,"msg":"Sent consensus vote to node 0"}
{"time":"2026-07-22 09:55:35,165","level":"INFO","node":3,"msg":"Sent consensus vote to node 1"}
{"time":"2026-07-22 09:55:35,255","level":"INFO","node":3,"msg":"Forwarded to http://127.0.0.1:8000"}
{"time":"2026-07-22 09:55:45,058","level":"INFO","node":3,"msg":"Consensus vote recorded: node 0 decision=True reason=zkp_ok round=7 new=True satisfied=False"}
{"time":"2026-07-22 09:55:51,701","level":"INFO","node":3,"msg":"Consensus vote recorded: node 0 decision=True reason=zkp_ok round=7 new=False satisfied=False"}
{"time":"2026-07-22 09:56:13,049","level":"INFO","node":3,"msg":"Consensus vote recorded: node 1 decision=True reason=zkp_ok round=7 new=True satisfied=True"}
{"time":"2026-07-22 09:56:20,443","level":"INFO","node":3,"msg":"Consensus vote recorded: node 1 decision=True reason=zkp_ok round=7 new=False satisfied=True"}
{"time":"2026-07-22 09:56:24,952","level":"INFO","node":3,"msg":"Received update from node 1, round 7"}
{"time":"2026-07-22 09:56:24,952","level":"INFO","node":3,"msg":"Round 8 complete — aggregating"}
{"time":"2026-07-22 09:56:24,990","level":"WARNING","node":3,"msg":"[BACKDOOR PROBE] Round 8 SUSPICIOUS: feature=1 value=8.0 forces class=1 flip_rate=1.000 jump=0.727 (thresholds: flip>0.7, jump>0.3)"}
{"time":"2026-07-22 09:56:25,026","level":"INFO","node":3,"msg":"Commit vote recorded: node 0 decision=True round=7 satisfied=False"}
{"time":"2026-07-22 09:56:25,029","level":"INFO","node":3,"msg":"Broadcast weights to node 0"}
{"time":"2026-07-22 09:56:25,659","level":"INFO","node":3,"msg":"Commit vote recorded: node 1 decision=True round=7 satisfied=True"}
{"time":"2026-07-22 09:56:25,659","level":"INFO","node":3,"msg":"Round 8 COMMITTED — model hash agreed by [3, 0, 1]"}
{"time":"2026-07-22 09:56:25,659","level":"INFO","node":3,"msg":"Commit certificate saved to C:\Users\mousu\OneDrive\Desktop\Set A\securefedhe\dashboard\certificates\round_7.json"}
{"time":"2026-07-22 09:56:25,770","level":"INFO","node":3,"msg":"Broadcast weights to node 1"}
{"time":"2026-07-22 09:56:25,770","level":"INFO","node":3,"msg":"Checkpoint saved to C:\Users\mousu\OneDrive\Desktop\Set A\securefedhe\dashboard\model_latest.pt"}
{"time":"2026-07-22 09:56:25,770","level":"INFO","node":3,"msg":"Round 8 complete | accuracy=0.8455 | duration=61.89s"}
{"time":"2026-07-22 09:56:25,770","level":"INFO","node":3,"msg":"Round 9 belongs to node 0 — waiting for their proposal."}
{"time":"2026-07-22 09:56:25,770","level":"INFO","node":3,"msg":"Notified next proposer to node 0"}
{"time":"2026-07-22 09:56:25,770","level":"INFO","node":3,"msg":"[WATCHDOG SPAWNED] round=8 expected_proposer=0 timeout_s=600 spawned_at=09:56:25"}
{"time":"2026-07-22 09:56:31,882","level":"INFO","node":3,"msg":"Received update from node 1, round 7"}
{"time":"2026-07-22 09:56:31,882","level":"INFO","node":3,"msg":"Round 8 complete — aggregating"}
{"time":"2026-07-22 09:56:31,882","level":"INFO","node":3,"msg":"_finalize_round(7) skipped — already finalized by another thread."}
{"time":"2026-07-22 09:56:32,333","level":"INFO","node":3,"msg":"Proposal received: round=8 origin=0 hash=2de9dd076786..."}
{"time":"2026-07-22 09:56:32,347","level":"INFO","node":3,"msg":"Consensus vote recorded: node 0 decision=True reason=zkp_ok round=8 new=True satisfied=False"}
{"time":"2026-07-22 09:56:42,524","level":"INFO","node":3,"msg":"Consensus vote recorded: node 1 decision=True reason=zkp_ok round=8 new=True satisfied=False"}
{"time":"2026-07-22 09:56:48,878","level":"INFO","node":3,"msg":"Received update from node 1, round 8"}
{"time":"2026-07-22 09:56:58,890","level":"INFO","node":3,"msg":"ZKP ACCEPTED from node 1"}
{"time":"2026-07-22 09:56:58,890","level":"INFO","node":3,"msg":"fc_in col7 delta self-cosine for node 0: 0.1651 (delta_norm=0.3010)"}
{"time":"2026-07-22 09:56:58,890","level":"INFO","node":3,"msg":"Per-class agreement with node 0: class0=0.867 class1=0.845 gap=0.022"}
{"time":"2026-07-22 09:56:58,890","level":"INFO","node":3,"msg":"Per-class rolling gap for node 0: mean=0.032 over last 2 round(s)"}
{"time":"2026-07-22 09:56:58,900","level":"INFO","node":3,"msg":"Trust score for node 0: S=0.741 (Z=1.00 A=0.86 P=0.52 R=1.00) advisory only"}
{"time":"2026-07-22 09:56:58,913","level":"INFO","node":3,"msg":"Sent consensus vote to node 0"}
{"time":"2026-07-22 09:56:58,943","level":"INFO","node":3,"msg":"Sent consensus vote to node 1"}
{"time":"2026-07-22 09:57:05,245","level":"INFO","node":3,"msg":"Forwarded to http://127.0.0.1:8000"}
{"time":"2026-07-22 09:57:05,332","level":"INFO","node":3,"msg":"Synced weights from master for round 8"}
{"time":"2026-07-22 09:57:05,340","level":"INFO","node":3,"msg":"Sent commit vote to node 0"}
{"time":"2026-07-22 09:57:11,759","level":"INFO","node":3,"msg":"Proposal received: round=9 origin=1 hash=092ba07ab7cf..."}
{"time":"2026-07-22 09:57:11,768","level":"INFO","node":3,"msg":"Consensus vote recorded: node 1 decision=True reason=zkp_ok round=9 new=True satisfied=False"}
{"time":"2026-07-22 09:57:11,775","level":"INFO","node":3,"msg":"Received update from node 1, round 9"}
{"time":"2026-07-22 09:57:21,796","level":"INFO","node":3,"msg":"ZKP ACCEPTED from node 1"}
{"time":"2026-07-22 09:57:21,796","level":"INFO","node":3,"msg":"fc_in col7 delta self-cosine for node 1: -0.0028 (delta_norm=0.3057)"}
{"time":"2026-07-22 09:57:21,807","level":"INFO","node":3,"msg":"Per-class agreement with node 1: class0=0.848 class1=0.886 gap=0.038"}
{"time":"2026-07-22 09:57:21,809","level":"INFO","node":3,"msg":"Per-class rolling gap for node 1: mean=0.041 over last 3 round(s)"}
{"time":"2026-07-22 09:57:21,810","level":"INFO","node":3,"msg":"Trust score for node 1: S=0.724 (Z=1.00 A=0.86 P=0.45 R=1.00) advisory only"}
{"time":"2026-07-22 09:57:21,827","level":"INFO","node":3,"msg":"Sent consensus vote to node 0"}
{"time":"2026-07-22 09:57:21,851","level":"INFO","node":3,"msg":"Sent consensus vote to node 1"}
{"time":"2026-07-22 09:57:28,031","level":"INFO","node":3,"msg":"Forwarded to http://127.0.0.1:8000"}
{"time":"2026-07-22 09:57:38,076","level":"INFO","node":3,"msg":"Prediction agreement with node 0 round=9: A=0.967"}
{"time":"2026-07-22 09:57:38,076","level":"INFO","node":3,"msg":"Consensus vote recorded: node 0 decision=True reason=zkp_ok round=9 new=True satisfied=True"}
{"time":"2026-07-22 09:57:44,298","level":"INFO","node":3,"msg":"Synced weights from master for round 9"}
{"time":"2026-07-22 09:57:44,322","level":"INFO","node":3,"msg":"Sent commit vote to node 1"}
{"time":"2026-07-22 09:57:44,327","level":"INFO","node":3,"msg":"My turn — starting round 11 as proposer."}
{"time":"2026-07-22 09:57:44,327","level":"INFO","node":3,"msg":"Starting round 11"}
{"time":"2026-07-22 09:57:50,836","level":"INFO","node":3,"msg":"Sent proposal to node 0"}
{"time":"2026-07-22 09:57:50,854","level":"INFO","node":3,"msg":"Sent proposal to node 1"}
{"time":"2026-07-22 09:57:50,866","level":"INFO","node":3,"msg":"Sent consensus vote to node 0"}
{"time":"2026-07-22 09:57:50,870","level":"INFO","node":3,"msg":"Sent consensus vote to node 1"}
{"time":"2026-07-22 09:57:50,875","level":"INFO","node":3,"msg":"Forwarded to http://127.0.0.1:8000"}
{"time":"2026-07-22 09:58:00,834","level":"INFO","node":3,"msg":"Consensus vote recorded: node 0 decision=True reason=zkp_ok round=10 new=True satisfied=False"}
{"time":"2026-07-22 09:58:17,205","level":"INFO","node":3,"msg":"Consensus vote recorded: node 1 decision=True reason=zkp_ok round=10 new=True satisfied=True"}
{"time":"2026-07-22 09:58:23,568","level":"INFO","node":3,"msg":"Received update from node 1, round 10"}
{"time":"2026-07-22 09:58:23,568","level":"INFO","node":3,"msg":"Round 11 complete — aggregating"}
{"time":"2026-07-22 09:58:23,625","level":"WARNING","node":3,"msg":"[BACKDOOR PROBE] Round 11 SUSPICIOUS: feature=5 value=6.0 forces class=1 flip_rate=1.000 jump=0.709 (thresholds: flip>0.7, jump>0.3)"}
{"time":"2026-07-22 09:58:23,675","level":"INFO","node":3,"msg":"Commit vote recorded: node 0 decision=True round=10 satisfied=False"}
{"time":"2026-07-22 09:58:23,678","level":"INFO","node":3,"msg":"Broadcast weights to node 0"}
{"time":"2026-07-22 09:58:23,720","level":"INFO","node":3,"msg":"Commit vote recorded: node 1 decision=True round=10 satisfied=True"}
{"time":"2026-07-22 09:58:23,720","level":"INFO","node":3,"msg":"Round 11 COMMITTED — model hash agreed by [3, 0, 1]"}
{"time":"2026-07-22 09:58:23,723","level":"INFO","node":3,"msg":"Commit certificate saved to C:\Users\mousu\OneDrive\Desktop\Set A\securefedhe\dashboard\certificates\round_10.json"}
{"time":"2026-07-22 09:58:23,726","level":"INFO","node":3,"msg":"Broadcast weights to node 1"}
{"time":"2026-07-22 09:58:23,731","level":"INFO","node":3,"msg":"Checkpoint saved to C:\Users\mousu\OneDrive\Desktop\Set A\securefedhe\dashboard\model_latest.pt"}
{"time":"2026-07-22 09:58:23,731","level":"INFO","node":3,"msg":"Round 11 complete | accuracy=0.8636 | duration=39.40s"}
{"time":"2026-07-22 09:58:24,243","level":"INFO","node":3,"msg":"Starting round 12"}
{"time":"2026-07-22 09:58:30,522","level":"INFO","node":3,"msg":"Sent proposal to node 0"}
{"time":"2026-07-22 09:58:30,522","level":"INFO","node":3,"msg":"Sent proposal to node 1"}
{"time":"2026-07-22 09:58:30,537","level":"INFO","node":3,"msg":"Sent consensus vote to node 0"}
{"time":"2026-07-22 09:58:30,542","level":"INFO","node":3,"msg":"Sent consensus vote to node 1"}
{"time":"2026-07-22 09:58:30,546","level":"INFO","node":3,"msg":"Forwarded to http://127.0.0.1:8000"}
{"time":"2026-07-22 09:58:40,343","level":"INFO","node":3,"msg":"Consensus vote recorded: node 0 decision=True reason=zkp_ok round=11 new=True satisfied=False"}
{"time":"2026-07-22 09:58:56,157","level":"INFO","node":3,"msg":"Consensus vote recorded: node 1 decision=True reason=zkp_ok round=11 new=True satisfied=True"}
{"time":"2026-07-22 09:59:02,305","level":"INFO","node":3,"msg":"Received update from node 1, round 11"}
{"time":"2026-07-22 09:59:02,305","level":"INFO","node":3,"msg":"Round 12 complete — aggregating"}
{"time":"2026-07-22 09:59:02,343","level":"WARNING","node":3,"msg":"[BACKDOOR PROBE] Round 12 SUSPICIOUS: feature=5 value=6.0 forces class=1 flip_rate=1.000 jump=0.700 (thresholds: flip>0.7, jump>0.3)"}
{"time":"2026-07-22 09:59:02,394","level":"INFO","node":3,"msg":"Commit vote recorded: node 0 decision=True round=11 satisfied=False"}
{"time":"2026-07-22 09:59:02,396","level":"INFO","node":3,"msg":"Broadcast weights to node 0"}
{"time":"2026-07-22 09:59:02,409","level":"INFO","node":3,"msg":"Commit vote recorded: node 1 decision=True round=11 satisfied=True"}
{"time":"2026-07-22 09:59:02,411","level":"INFO","node":3,"msg":"Round 12 COMMITTED — model hash agreed by [3, 0, 1]"}
{"time":"2026-07-22 09:59:02,412","level":"INFO","node":3,"msg":"Commit certificate saved to C:\Users\mousu\OneDrive\Desktop\Set A\securefedhe\dashboard\certificates\round_11.json"}
{"time":"2026-07-22 09:59:02,417","level":"INFO","node":3,"msg":"Broadcast weights to node 1"}
{"time":"2026-07-22 09:59:02,420","level":"INFO","node":3,"msg":"Checkpoint saved to C:\Users\mousu\OneDrive\Desktop\Set A\securefedhe\dashboard\model_latest.pt"}
{"time":"2026-07-22 09:59:02,420","level":"INFO","node":3,"msg":"Round 12 complete | accuracy=0.8545 | duration=38.18s"}
{"time":"2026-07-22 09:59:02,420","level":"INFO","node":3,"msg":"Round 13 belongs to node 0 — waiting for their proposal."}
{"time":"2026-07-22 09:59:02,425","level":"INFO","node":3,"msg":"Notified next proposer to node 0"}
{"time":"2026-07-22 09:59:02,425","level":"INFO","node":3,"msg":"[WATCHDOG SPAWNED] round=12 expected_proposer=0 timeout_s=600 spawned_at=09:59:02"}
{"time":"2026-07-22 09:59:08,627","level":"INFO","node":3,"msg":"Proposal received: round=12 origin=0 hash=c769529c2a23..."}
{"time":"2026-07-22 09:59:08,642","level":"INFO","node":3,"msg":"Consensus vote recorded: node 0 decision=True reason=zkp_ok round=12 new=True satisfied=False"}
{"time":"2026-07-22 09:59:18,525","level":"INFO","node":3,"msg":"Consensus vote recorded: node 1 decision=True reason=zkp_ok round=12 new=True satisfied=False"}
{"time":"2026-07-22 09:59:24,719","level":"INFO","node":3,"msg":"Received update from node 1, round 12"}
{"time":"2026-07-22 09:59:34,422","level":"INFO","node":3,"msg":"ZKP ACCEPTED from node 1"}
{"time":"2026-07-22 09:59:34,422","level":"INFO","node":3,"msg":"fc_in col7 delta self-cosine for node 0: 0.0880 (delta_norm=0.2243)"}
{"time":"2026-07-22 09:59:34,422","level":"INFO","node":3,"msg":"Per-class agreement with node 0: class0=0.931 class1=0.940 gap=0.009"}
{"time":"2026-07-22 09:59:34,429","level":"INFO","node":3,"msg":"Per-class rolling gap for node 0: mean=0.025 over last 3 round(s)"}
{"time":"2026-07-22 09:59:34,431","level":"INFO","node":3,"msg":"Trust score for node 0: S=0.786 (Z=1.00 A=0.93 P=0.45 R=1.00) advisory only"}
{"time":"2026-07-22 09:59:34,460","level":"INFO","node":3,"msg":"Sent consensus vote to node 0"}
{"time":"2026-07-22 09:59:34,469","level":"INFO","node":3,"msg":"Sent consensus vote to node 1"}
{"time":"2026-07-22 09:59:40,604","level":"INFO","node":3,"msg":"Forwarded to http://127.0.0.1:8000"}
{"time":"2026-07-22 09:59:40,711","level":"INFO","node":3,"msg":"Synced weights from master for round 12"}
{"time":"2026-07-22 09:59:40,721","level":"INFO","node":3,"msg":"Sent commit vote to node 0"}
{"time":"2026-07-22 09:59:46,905","level":"INFO","node":3,"msg":"Proposal received: round=13 origin=1 hash=b2fa896adf83..."}
{"time":"2026-07-22 09:59:46,916","level":"INFO","node":3,"msg":"Consensus vote recorded: node 1 decision=True reason=zkp_ok round=13 new=True satisfied=False"}
{"time":"2026-07-22 09:59:46,919","level":"INFO","node":3,"msg":"Received update from node 1, round 13"}
{"time":"2026-07-22 09:59:56,644","level":"INFO","node":3,"msg":"ZKP ACCEPTED from node 1"}
{"time":"2026-07-22 09:59:56,645","level":"INFO","node":3,"msg":"fc_in col7 delta self-cosine for node 1: -0.1110 (delta_norm=0.2322)"}
{"time":"2026-07-22 09:59:56,649","level":"INFO","node":3,"msg":"Per-class agreement with node 1: class0=0.949 class1=0.944 gap=0.005"}
{"time":"2026-07-22 09:59:56,649","level":"INFO","node":3,"msg":"Per-class rolling gap for node 1: mean=0.032 over last 4 round(s)"}
{"time":"2026-07-22 09:59:56,653","level":"INFO","node":3,"msg":"Trust score for node 1: S=0.787 (Z=1.00 A=0.95 P=0.41 R=1.00) advisory only"}
{"time":"2026-07-22 09:59:56,682","level":"INFO","node":3,"msg":"Sent consensus vote to node 0"}
{"time":"2026-07-22 09:59:56,691","level":"INFO","node":3,"msg":"Sent consensus vote to node 1"}
{"time":"2026-07-22 10:00:02,830","level":"INFO","node":3,"msg":"Forwarded to http://127.0.0.1:8000"}
{"time":"2026-07-22 10:00:12,550","level":"INFO","node":3,"msg":"Prediction agreement with node 0 round=13: A=0.968"}
{"time":"2026-07-22 10:00:12,550","level":"INFO","node":3,"msg":"Consensus vote recorded: node 0 decision=True reason=zkp_ok round=13 new=True satisfied=True"}
{"time":"2026-07-22 10:00:18,732","level":"INFO","node":3,"msg":"Synced weights from master for round 13"}
{"time":"2026-07-22 10:00:18,767","level":"INFO","node":3,"msg":"Sent commit vote to node 1"}
{"time":"2026-07-22 10:00:18,773","level":"INFO","node":3,"msg":"My turn — starting round 15 as proposer."}
{"time":"2026-07-22 10:00:18,774","level":"INFO","node":3,"msg":"Starting round 15"}
{"time":"2026-07-22 10:00:24,986","level":"INFO","node":3,"msg":"Sent proposal to node 0"}
{"time":"2026-07-22 10:00:25,003","level":"INFO","node":3,"msg":"Sent proposal to node 1"}
{"time":"2026-07-22 10:00:25,015","level":"INFO","node":3,"msg":"Sent consensus vote to node 0"}
{"time":"2026-07-22 10:00:25,020","level":"INFO","node":3,"msg":"Sent consensus vote to node 1"}
{"time":"2026-07-22 10:00:25,025","level":"INFO","node":3,"msg":"Forwarded to http://127.0.0.1:8000"}
{"time":"2026-07-22 10:00:34,825","level":"INFO","node":3,"msg":"Consensus vote recorded: node 0 decision=True reason=zkp_ok round=14 new=True satisfied=False"}
{"time":"2026-07-22 10:00:50,621","level":"INFO","node":3,"msg":"Consensus vote recorded: node 1 decision=True reason=zkp_ok round=14 new=True satisfied=True"}
{"time":"2026-07-22 10:00:56,720","level":"INFO","node":3,"msg":"Received update from node 1, round 14"}
{"time":"2026-07-22 10:00:56,720","level":"INFO","node":3,"msg":"Round 15 complete — aggregating"}
{"time":"2026-07-22 10:00:56,749","level":"INFO","node":3,"msg":"[BACKDOOR PROBE] Round 15 clean — worst case flip_rate=1.000 jump=0.282 (feature=1, value=-4.0)"}
{"time":"2026-07-22 10:00:56,791","level":"INFO","node":3,"msg":"Commit vote recorded: node 0 decision=True round=14 satisfied=False"}
{"time":"2026-07-22 10:00:56,797","level":"INFO","node":3,"msg":"Broadcast weights to node 0"}
{"time":"2026-07-22 10:00:56,812","level":"INFO","node":3,"msg":"Commit vote recorded: node 1 decision=True round=14 satisfied=True"}
{"time":"2026-07-22 10:00:56,813","level":"INFO","node":3,"msg":"Round 15 COMMITTED — model hash agreed by [3, 0, 1]"}
{"time":"2026-07-22 10:00:56,815","level":"INFO","node":3,"msg":"Commit certificate saved to C:\Users\mousu\OneDrive\Desktop\Set A\securefedhe\dashboard\certificates\round_14.json"}
{"time":"2026-07-22 10:00:56,819","level":"INFO","node":3,"msg":"Broadcast weights to node 1"}
{"time":"2026-07-22 10:00:56,822","level":"INFO","node":3,"msg":"Checkpoint saved to C:\Users\mousu\OneDrive\Desktop\Set A\securefedhe\dashboard\model_latest.pt"}
{"time":"2026-07-22 10:00:56,822","level":"INFO","node":3,"msg":"Round 15 complete | accuracy=0.8364 | duration=38.05s"}
{"time":"2026-07-22 10:00:57,329","level":"INFO","node":3,"msg":"Starting round 16"}
{"time":"2026-07-22 10:01:03,286","level":"INFO","node":3,"msg":"Sent proposal to node 0"}
{"time":"2026-07-22 10:01:03,304","level":"INFO","node":3,"msg":"Sent proposal to node 1"}
{"time":"2026-07-22 10:01:03,315","level":"INFO","node":3,"msg":"Sent consensus vote to node 0"}
{"time":"2026-07-22 10:01:03,320","level":"INFO","node":3,"msg":"Sent consensus vote to node 1"}
{"time":"2026-07-22 10:01:03,323","level":"INFO","node":3,"msg":"Forwarded to http://127.0.0.1:8000"}
{"time":"2026-07-22 10:01:12,933","level":"INFO","node":3,"msg":"Consensus vote recorded: node 0 decision=True reason=zkp_ok round=15 new=True satisfied=False"}
{"time":"2026-07-22 10:01:28,885","level":"INFO","node":3,"msg":"Consensus vote recorded: node 1 decision=True reason=zkp_ok round=15 new=True satisfied=True"}
{"time":"2026-07-22 10:01:35,068","level":"INFO","node":3,"msg":"Received update from node 1, round 15"}
{"time":"2026-07-22 10:01:35,068","level":"INFO","node":3,"msg":"Round 16 complete — aggregating"}
{"time":"2026-07-22 10:01:35,098","level":"INFO","node":3,"msg":"[BACKDOOR PROBE] Round 16 clean — worst case flip_rate=1.000 jump=0.282 (feature=1, value=-4.0)"}
{"time":"2026-07-22 10:01:35,124","level":"INFO","node":3,"msg":"Commit vote recorded: node 0 decision=True round=15 satisfied=False"}
{"time":"2026-07-22 10:01:35,126","level":"INFO","node":3,"msg":"Broadcast weights to node 0"}
{"time":"2026-07-22 10:01:35,140","level":"INFO","node":3,"msg":"Commit vote recorded: node 1 decision=True round=15 satisfied=True"}
{"time":"2026-07-22 10:01:35,142","level":"INFO","node":3,"msg":"Round 16 COMMITTED — model hash agreed by [3, 0, 1]"}
{"time":"2026-07-22 10:01:35,145","level":"INFO","node":3,"msg":"Commit certificate saved to C:\Users\mousu\OneDrive\Desktop\Set A\securefedhe\dashboard\certificates\round_15.json"}
{"time":"2026-07-22 10:01:35,148","level":"INFO","node":3,"msg":"Broadcast weights to node 1"}
{"time":"2026-07-22 10:01:35,153","level":"INFO","node":3,"msg":"Checkpoint saved to C:\Users\mousu\OneDrive\Desktop\Set A\securefedhe\dashboard\model_latest.pt"}
{"time":"2026-07-22 10:01:35,153","level":"INFO","node":3,"msg":"Round 16 complete | accuracy=0.8545 | duration=37.82s"}
{"time":"2026-07-22 10:01:35,154","level":"INFO","node":3,"msg":"Round 17 belongs to node 0 — waiting for their proposal."}
{"time":"2026-07-22 10:01:35,159","level":"INFO","node":3,"msg":"Notified next proposer to node 0"}
{"time":"2026-07-22 10:01:35,160","level":"INFO","node":3,"msg":"[WATCHDOG SPAWNED] round=16 expected_proposer=0 timeout_s=600 spawned_at=10:01:35"}
{"time":"2026-07-22 10:01:41,311","level":"INFO","node":3,"msg":"Proposal received: round=16 origin=0 hash=3d28d6742c7b..."}
{"time":"2026-07-22 10:01:41,331","level":"INFO","node":3,"msg":"Consensus vote recorded: node 0 decision=True reason=zkp_ok round=16 new=True satisfied=False"}
{"time":"2026-07-22 10:01:51,230","level":"INFO","node":3,"msg":"Consensus vote recorded: node 1 decision=True reason=zkp_ok round=16 new=True satisfied=False"}
{"time":"2026-07-22 10:01:57,284","level":"INFO","node":3,"msg":"Received update from node 1, round 16"}
{"time":"2026-07-22 10:02:07,004","level":"INFO","node":3,"msg":"ZKP ACCEPTED from node 1"}
{"time":"2026-07-22 10:02:07,004","level":"INFO","node":3,"msg":"fc_in col7 delta self-cosine for node 0: 0.1551 (delta_norm=0.2220)"}
{"time":"2026-07-22 10:02:07,020","level":"INFO","node":3,"msg":"Per-class agreement with node 0: class0=0.978 class1=0.972 gap=0.006"}
{"time":"2026-07-22 10:02:07,020","level":"INFO","node":3,"msg":"Per-class rolling gap for node 0: mean=0.020 over last 4 round(s)"}
{"time":"2026-07-22 10:02:07,023","level":"INFO","node":3,"msg":"Trust score for node 0: S=0.831 (Z=1.00 A=0.98 P=0.48 R=1.00) advisory only"}
{"time":"2026-07-22 10:02:07,050","level":"INFO","node":3,"msg":"Sent consensus vote to node 0"}
{"time":"2026-07-22 10:02:07,073","level":"INFO","node":3,"msg":"Sent consensus vote to node 1"}
{"time":"2026-07-22 10:02:13,086","level":"INFO","node":3,"msg":"Forwarded to http://127.0.0.1:8000"}
{"time":"2026-07-22 10:02:13,169","level":"INFO","node":3,"msg":"Synced weights from master for round 16"}
{"time":"2026-07-22 10:02:13,181","level":"INFO","node":3,"msg":"Sent commit vote to node 0"}
{"time":"2026-07-22 10:02:19,512","level":"INFO","node":3,"msg":"Proposal received: round=17 origin=1 hash=e90787166aad..."}
{"time":"2026-07-22 10:02:19,529","level":"INFO","node":3,"msg":"Consensus vote recorded: node 1 decision=True reason=zkp_ok round=17 new=True satisfied=False"}
{"time":"2026-07-22 10:02:19,540","level":"INFO","node":3,"msg":"Received update from node 1, round 17"}
{"time":"2026-07-22 10:02:30,809","level":"INFO","node":3,"msg":"ZKP ACCEPTED from node 1"}
{"time":"2026-07-22 10:02:30,810","level":"INFO","node":3,"msg":"fc_in col7 delta self-cosine for node 1: -0.1658 (delta_norm=0.2447)"}
{"time":"2026-07-22 10:02:30,820","level":"INFO","node":3,"msg":"Per-class agreement with node 1: class0=0.973 class1=0.959 gap=0.013"}
{"time":"2026-07-22 10:02:30,821","level":"INFO","node":3,"msg":"Per-class rolling gap for node 1: mean=0.017 over last 4 round(s)"}
{"time":"2026-07-22 10:02:30,827","level":"INFO","node":3,"msg":"Trust score for node 1: S=0.815 (Z=1.00 A=0.97 P=0.45 R=1.00) advisory only"}
{"time":"2026-07-22 10:02:30,870","level":"INFO","node":3,"msg":"Sent consensus vote to node 0"}
{"time":"2026-07-22 10:02:30,913","level":"INFO","node":3,"msg":"Sent consensus vote to node 1"}
{"time":"2026-07-22 10:02:51,917","level":"INFO","node":3,"msg":"Forwarded to http://127.0.0.1:8000"}
{"time":"2026-07-22 10:03:21,736","level":"INFO","node":3,"msg":"Prediction agreement with node 0 round=17: A=0.973"}
{"time":"2026-07-22 10:03:21,737","level":"INFO","node":3,"msg":"Consensus vote recorded: node 0 decision=True reason=zkp_ok round=17 new=True satisfied=True"}
{"time":"2026-07-22 10:03:40,299","level":"INFO","node":3,"msg":"Synced weights from master for round 17"}
{"time":"2026-07-22 10:03:40,323","level":"INFO","node":3,"msg":"Sent commit vote to node 1"}
{"time":"2026-07-22 10:03:40,335","level":"INFO","node":3,"msg":"My turn — starting round 19 as proposer."}
{"time":"2026-07-22 10:03:40,336","level":"INFO","node":3,"msg":"Starting round 19"}
{"time":"2026-07-22 10:03:59,092","level":"INFO","node":3,"msg":"Sent proposal to node 0"}
{"time":"2026-07-22 10:03:59,098","level":"INFO","node":3,"msg":"Sent proposal to node 1"}
{"time":"2026-07-22 10:03:59,120","level":"INFO","node":3,"msg":"Sent consensus vote to node 0"}
{"time":"2026-07-22 10:03:59,129","level":"INFO","node":3,"msg":"Sent consensus vote to node 1"}
{"time":"2026-07-22 10:03:59,138","level":"INFO","node":3,"msg":"Forwarded to http://127.0.0.1:8000"}
{"time":"2026-07-22 10:04:26,692","level":"INFO","node":3,"msg":"Consensus vote recorded: node 0 decision=True reason=zkp_ok round=18 new=True satisfied=False"}
{"time":"2026-07-22 10:05:14,355","level":"INFO","node":3,"msg":"Consensus vote recorded: node 1 decision=True reason=zkp_ok round=18 new=True satisfied=True"}
{"time":"2026-07-22 10:19:16,437","level":"INFO","node":3,"msg":"Starting node 3: Community Wellness Center"}
{"time":"2026-07-22 10:19:16,437","level":"INFO","node":3,"msg":"[CONFIG DEBUG] attack_simulation loaded: enabled=True target_node=2 type=stale_update config_path=config_dev.json"}
{"time":"2026-07-22 10:19:16,533","level":"WARNING","node":3,"msg":"DEV MODE: running without TLS"}
{"time":"2026-07-22 10:19:16,533","level":"INFO","node":3,"msg":"Listening on 127.0.0.1:8003 | TLS=False"}
{"time":"2026-07-22 10:19:16,801","level":"INFO","node":3,"msg":"Key exchange complete with node 1"}
{"time":"2026-07-22 10:19:16,814","level":"INFO","node":3,"msg":"Consensus pubkey received from node 1"}
{"time":"2026-07-22 10:19:18,273","level":"INFO","node":3,"msg":"Consensus pubkey received from node 2"}
{"time":"2026-07-22 10:19:18,288","level":"INFO","node":3,"msg":"Key exchange complete with node 2"}
{"time":"2026-07-22 10:19:21,562","level":"INFO","node":3,"msg":"Sent consensus pubkey to node 0"}
{"time":"2026-07-22 10:19:21,594","level":"INFO","node":3,"msg":"Sent public key to node 0"}
{"time":"2026-07-22 10:19:21,637","level":"INFO","node":3,"msg":"Sent consensus pubkey to node 1"}
{"time":"2026-07-22 10:19:21,674","level":"INFO","node":3,"msg":"Sent public key to node 1"}
{"time":"2026-07-22 10:19:21,687","level":"INFO","node":3,"msg":"Sent consensus pubkey to node 2"}
{"time":"2026-07-22 10:19:21,710","level":"INFO","node":3,"msg":"Sent public key to node 2"}
{"time":"2026-07-22 10:19:26,367","level":"INFO","node":3,"msg":"Key exchange complete with node 0"}
{"time":"2026-07-22 10:19:26,418","level":"INFO","node":3,"msg":"Consensus pubkey received from node 0"}
{"time":"2026-07-22 10:19:49,912","level":"INFO","node":3,"msg":"Proposal received: round=0 origin=0 hash=fe4373813700..."}
{"time":"2026-07-22 10:19:49,975","level":"INFO","node":3,"msg":"Consensus vote recorded: node 0 decision=True reason=zkp_ok round=0 new=True satisfied=False"}
{"time":"2026-07-22 10:20:19,105","level":"INFO","node":3,"msg":"Consensus vote recorded: node 1 decision=True reason=zkp_ok round=0 new=True satisfied=False"}
{"time":"2026-07-22 10:21:11,325","level":"INFO","node":3,"msg":"Consensus vote recorded: node 2 decision=True reason=zkp_ok round=0 new=True satisfied=True"}
{"time":"2026-07-22 10:21:34,234","level":"INFO","node":3,"msg":"Received update from node 2, round 0"}
{"time":"2026-07-22 10:22:03,108","level":"INFO","node":3,"msg":"ZKP ACCEPTED from node 2"}
{"time":"2026-07-22 10:22:03,131","level":"INFO","node":3,"msg":"Trust score for node 0: S=0.429 (Z=1.00 A=0.50 P=0.50 R=1.00) advisory only"}
{"time":"2026-07-22 10:22:03,142","level":"INFO","node":3,"msg":"Sent consensus vote to node 0"}
{"time":"2026-07-22 10:22:03,152","level":"INFO","node":3,"msg":"Sent consensus vote to node 1"}
{"time":"2026-07-22 10:22:03,181","level":"INFO","node":3,"msg":"Sent consensus vote to node 2"}
{"time":"2026-07-22 10:22:24,797","level":"INFO","node":3,"msg":"Forwarded to http://127.0.0.1:8000"}
{"time":"2026-07-22 10:22:24,981","level":"INFO","node":3,"msg":"Synced weights from master for round 0"}
{"time":"2026-07-22 10:22:25,058","level":"INFO","node":3,"msg":"Sent commit vote to node 0"}
{"time":"2026-07-22 10:22:43,821","level":"INFO","node":3,"msg":"Proposal received: round=1 origin=1 hash=4f27ec0c7487..."}
{"time":"2026-07-22 10:22:43,854","level":"INFO","node":3,"msg":"Consensus vote recorded: node 1 decision=True reason=zkp_ok round=1 new=True satisfied=False"}
{"time":"2026-07-22 10:23:10,825","level":"INFO","node":3,"msg":"Consensus vote recorded: node 2 decision=True reason=zkp_ok round=1 new=True satisfied=False"}
{"time":"2026-07-22 10:23:28,780","level":"INFO","node":3,"msg":"Received update from node 2, round 1"}
{"time":"2026-07-22 10:23:55,254","level":"INFO","node":3,"msg":"ZKP ACCEPTED from node 2"}
{"time":"2026-07-22 10:23:55,265","level":"INFO","node":3,"msg":"Trust score for node 1: S=0.429 (Z=1.00 A=0.50 P=0.50 R=1.00) advisory only"}
{"time":"2026-07-22 10:23:55,280","level":"INFO","node":3,"msg":"Sent consensus vote to node 0"}
{"time":"2026-07-22 10:23:55,317","level":"INFO","node":3,"msg":"Sent consensus vote to node 1"}
{"time":"2026-07-22 10:23:55,345","level":"INFO","node":3,"msg":"Sent consensus vote to node 2"}
{"time":"2026-07-22 10:24:12,804","level":"INFO","node":3,"msg":"Forwarded to http://127.0.0.1:8000"}
{"time":"2026-07-22 10:24:34,949","level":"INFO","node":3,"msg":"Prediction agreement with node 0 round=1: A=0.997"}
{"time":"2026-07-22 10:24:34,950","level":"INFO","node":3,"msg":"Consensus vote recorded: node 0 decision=True reason=zkp_ok round=1 new=True satisfied=True"}
{"time":"2026-07-22 10:24:42,923","level":"INFO","node":3,"msg":"Synced weights from master for round 1"}
{"time":"2026-07-22 10:24:42,936","level":"INFO","node":3,"msg":"Sent commit vote to node 1"}
{"time":"2026-07-22 10:25:01,695","level":"INFO","node":3,"msg":"Proposal received: round=2 origin=2 hash=4aac8def8cb6..."}
{"time":"2026-07-22 10:25:01,725","level":"INFO","node":3,"msg":"Consensus vote recorded: node 2 decision=True reason=zkp_ok round=2 new=True satisfied=False"}
{"time":"2026-07-22 10:25:01,743","level":"INFO","node":3,"msg":"Received update from node 2, round 2"}
{"time":"2026-07-22 10:25:30,966","level":"INFO","node":3,"msg":"ZKP ACCEPTED from node 2"}
{"time":"2026-07-22 10:25:30,978","level":"INFO","node":3,"msg":"Trust score for node 2: S=0.429 (Z=1.00 A=0.50 P=0.50 R=1.00) advisory only"}
{"time":"2026-07-22 10:25:31,006","level":"INFO","node":3,"msg":"Sent consensus vote to node 0"}
{"time":"2026-07-22 10:25:31,026","level":"INFO","node":3,"msg":"Sent consensus vote to node 1"}
{"time":"2026-07-22 10:25:31,051","level":"INFO","node":3,"msg":"Sent consensus vote to node 2"}
{"time":"2026-07-22 10:25:50,217","level":"INFO","node":3,"msg":"Forwarded to http://127.0.0.1:8000"}
{"time":"2026-07-22 10:26:19,084","level":"INFO","node":3,"msg":"Prediction agreement with node 0 round=2: A=0.961"}
{"time":"2026-07-22 10:26:19,086","level":"INFO","node":3,"msg":"Consensus vote recorded: node 0 decision=True reason=zkp_ok round=2 new=True satisfied=True"}
{"time":"2026-07-22 10:27:06,800","level":"INFO","node":3,"msg":"Prediction agreement with node 1 round=2: A=0.958"}
{"time":"2026-07-22 10:27:06,800","level":"INFO","node":3,"msg":"Consensus vote recorded: node 1 decision=True reason=zkp_ok round=2 new=True satisfied=True"}
{"time":"2026-07-22 10:27:27,048","level":"INFO","node":3,"msg":"Synced weights from master for round 2"}
{"time":"2026-07-22 10:27:27,061","level":"INFO","node":3,"msg":"Sent commit vote to node 2"}
{"time":"2026-07-22 10:27:27,092","level":"INFO","node":3,"msg":"My turn — starting round 4 as proposer."}
{"time":"2026-07-22 10:27:27,093","level":"INFO","node":3,"msg":"Starting round 4"}
{"time":"2026-07-22 10:27:46,768","level":"INFO","node":3,"msg":"Sent proposal to node 0"}
{"time":"2026-07-22 10:27:46,778","level":"INFO","node":3,"msg":"Sent proposal to node 1"}
{"time":"2026-07-22 10:27:46,801","level":"INFO","node":3,"msg":"Sent proposal to node 2"}
{"time":"2026-07-22 10:27:46,824","level":"INFO","node":3,"msg":"Sent consensus vote to node 0"}
{"time":"2026-07-22 10:27:46,835","level":"INFO","node":3,"msg":"Sent consensus vote to node 1"}
{"time":"2026-07-22 10:27:46,860","level":"INFO","node":3,"msg":"Sent consensus vote to node 2"}
{"time":"2026-07-22 10:27:46,868","level":"INFO","node":3,"msg":"Forwarded to http://127.0.0.1:8000"}
{"time":"2026-07-22 10:28:16,623","level":"INFO","node":3,"msg":"Consensus vote recorded: node 0 decision=True reason=zkp_ok round=3 new=True satisfied=False"}
{"time":"2026-07-22 10:29:04,139","level":"INFO","node":3,"msg":"Consensus vote recorded: node 1 decision=True reason=zkp_ok round=3 new=True satisfied=True"}
{"time":"2026-07-22 10:29:54,015","level":"INFO","node":3,"msg":"Consensus vote recorded: node 2 decision=True reason=zkp_ok round=3 new=True satisfied=True"}
{"time":"2026-07-22 10:30:13,418","level":"INFO","node":3,"msg":"Received update from node 2, round 3"}
{"time":"2026-07-22 10:30:13,422","level":"INFO","node":3,"msg":"Round 4 complete — aggregating"}
{"time":"2026-07-22 10:30:13,436","level":"INFO","node":3,"msg":"Round 4 accuracy gate skipped (warm-up period, candidate_acc=0.6818)"}
{"time":"2026-07-22 10:30:13,472","level":"INFO","node":3,"msg":"Commit vote recorded: node 0 decision=True round=3 satisfied=False"}
{"time":"2026-07-22 10:30:13,475","level":"INFO","node":3,"msg":"Broadcast weights to node 0"}
{"time":"2026-07-22 10:30:13,514","level":"INFO","node":3,"msg":"Commit vote recorded: node 1 decision=True round=3 satisfied=True"}
{"time":"2026-07-22 10:30:13,515","level":"INFO","node":3,"msg":"Round 4 COMMITTED — model hash agreed by [3, 0, 1]"}
{"time":"2026-07-22 10:30:13,517","level":"INFO","node":3,"msg":"Commit certificate saved to C:\Users\mousu\OneDrive\Desktop\Set A\securefedhe\dashboard\certificates\round_3.json"}
{"time":"2026-07-22 10:30:13,521","level":"INFO","node":3,"msg":"Broadcast weights to node 1"}
{"time":"2026-07-22 10:30:13,544","level":"INFO","node":3,"msg":"Commit vote recorded: node 2 decision=True round=3 satisfied=True"}
{"time":"2026-07-22 10:30:13,547","level":"INFO","node":3,"msg":"Broadcast weights to node 2"}
{"time":"2026-07-22 10:30:13,567","level":"INFO","node":3,"msg":"Checkpoint saved to C:\Users\mousu\OneDrive\Desktop\Set A\securefedhe\dashboard\model_latest.pt"}
{"time":"2026-07-22 10:30:13,567","level":"INFO","node":3,"msg":"Round 4 complete | accuracy=0.6818 | duration=166.47s"}
{"time":"2026-07-22 10:30:13,567","level":"INFO","node":3,"msg":"Round 5 belongs to node 0 — waiting for their proposal."}
{"time":"2026-07-22 10:30:13,575","level":"INFO","node":3,"msg":"Notified next proposer to node 0"}
{"time":"2026-07-22 10:30:13,577","level":"INFO","node":3,"msg":"[WATCHDOG SPAWNED] round=4 expected_proposer=0 timeout_s=600 spawned_at=10:30:13"}
{"time":"2026-07-22 10:30:32,712","level":"INFO","node":3,"msg":"Proposal received: round=4 origin=0 hash=b9b460968282..."}
{"time":"2026-07-22 10:30:32,761","level":"INFO","node":3,"msg":"Consensus vote recorded: node 0 decision=True reason=zkp_ok round=4 new=True satisfied=False"}
{"time":"2026-07-22 10:31:00,970","level":"INFO","node":3,"msg":"Consensus vote recorded: node 1 decision=True reason=zkp_ok round=4 new=True satisfied=False"}
{"time":"2026-07-22 10:31:47,010","level":"INFO","node":3,"msg":"Consensus vote recorded: node 2 decision=True reason=zkp_ok round=4 new=True satisfied=True"}
{"time":"2026-07-22 10:32:03,903","level":"INFO","node":3,"msg":"Received update from node 2, round 4"}
{"time":"2026-07-22 10:32:32,619","level":"INFO","node":3,"msg":"ZKP ACCEPTED from node 2"}
{"time":"2026-07-22 10:32:32,634","level":"INFO","node":3,"msg":"Per-class agreement with node 0: class0=0.825 class1=0.892 gap=0.067"}
{"time":"2026-07-22 10:32:32,635","level":"INFO","node":3,"msg":"Per-class rolling gap for node 0: mean=0.067 over last 1 round(s)"}
{"time":"2026-07-22 10:32:32,639","level":"INFO","node":3,"msg":"Trust score for node 0: S=0.730 (Z=1.00 A=0.85 P=0.52 R=1.00) advisory only"}
{"time":"2026-07-22 10:32:32,660","level":"INFO","node":3,"msg":"Sent consensus vote to node 0"}
{"time":"2026-07-22 10:32:32,689","level":"INFO","node":3,"msg":"Sent consensus vote to node 1"}
{"time":"2026-07-22 10:32:32,709","level":"INFO","node":3,"msg":"Sent consensus vote to node 2"}
{"time":"2026-07-22 10:32:52,107","level":"INFO","node":3,"msg":"Forwarded to http://127.0.0.1:8000"}
{"time":"2026-07-22 10:32:52,278","level":"INFO","node":3,"msg":"Synced weights from master for round 4"}
{"time":"2026-07-22 10:32:52,293","level":"INFO","node":3,"msg":"Sent commit vote to node 0"}
{"time":"2026-07-22 10:33:11,920","level":"INFO","node":3,"msg":"Proposal received: round=5 origin=1 hash=eb17ba5ee55f..."}
{"time":"2026-07-22 10:33:11,948","level":"INFO","node":3,"msg":"Consensus vote recorded: node 1 decision=True reason=zkp_ok round=5 new=True satisfied=False"}
{"time":"2026-07-22 10:33:40,734","level":"INFO","node":3,"msg":"Consensus vote recorded: node 2 decision=True reason=zkp_ok round=5 new=True satisfied=False"}
{"time":"2026-07-22 10:33:59,946","level":"INFO","node":3,"msg":"Received update from node 2, round 5"}
{"time":"2026-07-22 10:34:28,744","level":"INFO","node":3,"msg":"ZKP ACCEPTED from node 2"}
{"time":"2026-07-22 10:34:28,753","level":"INFO","node":3,"msg":"Per-class agreement with node 1: class0=0.839 class1=0.919 gap=0.080"}
{"time":"2026-07-22 10:34:28,753","level":"INFO","node":3,"msg":"Per-class rolling gap for node 1: mean=0.080 over last 1 round(s)"}
{"time":"2026-07-22 10:34:28,758","level":"INFO","node":3,"msg":"Trust score for node 1: S=0.764 (Z=1.00 A=0.86 P=0.59 R=1.00) advisory only"}
{"time":"2026-07-22 10:34:28,783","level":"INFO","node":3,"msg":"Sent consensus vote to node 0"}
{"time":"2026-07-22 10:34:28,800","level":"INFO","node":3,"msg":"Sent consensus vote to node 1"}
{"time":"2026-07-22 10:34:28,824","level":"INFO","node":3,"msg":"Sent consensus vote to node 2"}
{"time":"2026-07-22 10:34:48,460","level":"INFO","node":3,"msg":"Forwarded to http://127.0.0.1:8000"}
{"time":"2026-07-22 10:35:17,464","level":"INFO","node":3,"msg":"Prediction agreement with node 0 round=5: A=0.985"}
{"time":"2026-07-22 10:35:17,465","level":"INFO","node":3,"msg":"Consensus vote recorded: node 0 decision=True reason=zkp_ok round=5 new=True satisfied=True"}
{"time":"2026-07-22 10:35:36,659","level":"INFO","node":3,"msg":"Synced weights from master for round 5"}
{"time":"2026-07-22 10:35:36,673","level":"INFO","node":3,"msg":"Sent commit vote to node 1"}
{"time":"2026-07-22 10:35:56,234","level":"INFO","node":3,"msg":"Proposal received: round=6 origin=2 hash=709a19b873ee..."}
{"time":"2026-07-22 10:35:56,280","level":"INFO","node":3,"msg":"Consensus vote recorded: node 2 decision=True reason=zkp_ok round=6 new=True satisfied=False"}
{"time":"2026-07-22 10:35:56,290","level":"INFO","node":3,"msg":"Received update from node 2, round 6"}
{"time":"2026-07-22 10:36:24,868","level":"INFO","node":3,"msg":"ZKP ACCEPTED from node 2"}
{"time":"2026-07-22 10:36:24,868","level":"WARNING","node":3,"msg":"[STALE-UPDATE CHECK] node 3 observed node 2 resending identical slack (166762) as last round — REJECTING as replayed/stale update"}
{"time":"2026-07-22 10:36:24,879","level":"INFO","node":3,"msg":"Per-class agreement with node 2: class0=0.972 class1=0.956 gap=0.016"}
{"time":"2026-07-22 10:36:24,881","level":"INFO","node":3,"msg":"Per-class rolling gap for node 2: mean=0.016 over last 1 round(s)"}
{"time":"2026-07-22 10:36:24,885","level":"INFO","node":3,"msg":"Trust score for node 2: S=0.854 (Z=1.00 A=0.97 P=0.59 R=1.00) advisory only"}
{"time":"2026-07-22 10:36:24,885","level":"WARNING","node":3,"msg":"Update round=6 from node 2 REJECTED on stale-update replay: identical slack to previous round"}
{"time":"2026-07-22 10:36:24,909","level":"INFO","node":3,"msg":"Sent consensus vote to node 0"}
{"time":"2026-07-22 10:36:24,933","level":"INFO","node":3,"msg":"Sent consensus vote to node 1"}
{"time":"2026-07-22 10:36:24,953","level":"INFO","node":3,"msg":"Sent consensus vote to node 2"}
{"time":"2026-07-22 10:36:43,981","level":"INFO","node":3,"msg":"Forwarded to http://127.0.0.1:8000"}
{"time":"2026-07-22 10:37:13,360","level":"INFO","node":3,"msg":"Prediction agreement with node 0 round=6: A=0.951"}
{"time":"2026-07-22 10:37:13,360","level":"INFO","node":3,"msg":"Consensus vote recorded: node 0 decision=False reason=stale_update_replay round=6 new=True satisfied=False"}
{"time":"2026-07-22 10:38:02,984","level":"INFO","node":3,"msg":"Prediction agreement with node 1 round=6: A=0.945"}
{"time":"2026-07-22 10:38:02,987","level":"INFO","node":3,"msg":"Consensus vote recorded: node 1 decision=False reason=stale_update_replay round=6 new=True satisfied=False"}
{"time":"2026-07-22 10:38:43,033","level":"INFO","node":3,"msg":"Proposal received: round=6 origin=2 hash=709a19b873ee..."}
{"time":"2026-07-22 10:38:43,069","level":"INFO","node":3,"msg":"Consensus vote recorded: node 2 decision=True reason=zkp_ok round=6 new=False satisfied=False"}
{"time":"2026-07-22 10:38:43,087","level":"INFO","node":3,"msg":"Received update from node 2, round 6"}
{"time":"2026-07-22 10:39:12,214","level":"INFO","node":3,"msg":"ZKP ACCEPTED from node 2"}
{"time":"2026-07-22 10:39:12,215","level":"WARNING","node":3,"msg":"[STALE-UPDATE CHECK] node 3 observed node 2 resending identical slack (166762) as last round — REJECTING as replayed/stale update"}
{"time":"2026-07-22 10:39:12,216","level":"INFO","node":3,"msg":"fc_in col7 delta self-cosine for node 2: -0.6680 (delta_norm=0.1895)"}
{"time":"2026-07-22 10:39:12,227","level":"INFO","node":3,"msg":"Per-class agreement with node 2: class0=0.973 class1=0.967 gap=0.006"}
{"time":"2026-07-22 10:39:12,227","level":"INFO","node":3,"msg":"Per-class rolling gap for node 2: mean=0.011 over last 2 round(s)"}
{"time":"2026-07-22 10:39:12,232","level":"INFO","node":3,"msg":"Trust score for node 2: S=0.816 (Z=1.00 A=0.97 P=0.59 R=0.80) advisory only"}
{"time":"2026-07-22 10:39:12,232","level":"WARNING","node":3,"msg":"Update round=6 from node 2 REJECTED on stale-update replay: identical slack to previous round"}
{"time":"2026-07-22 10:39:12,261","level":"INFO","node":3,"msg":"Sent consensus vote to node 0"}
{"time":"2026-07-22 10:39:12,290","level":"INFO","node":3,"msg":"Sent consensus vote to node 1"}
{"time":"2026-07-22 10:39:12,317","level":"INFO","node":3,"msg":"Sent consensus vote to node 2"}
{"time":"2026-07-22 10:39:31,636","level":"INFO","node":3,"msg":"Forwarded to http://127.0.0.1:8000"}
{"time":"2026-07-22 10:39:58,978","level":"INFO","node":3,"msg":"Prediction agreement with node 0 round=6: A=0.939"}
{"time":"2026-07-22 10:39:58,979","level":"INFO","node":3,"msg":"Consensus vote recorded: node 0 decision=False reason=stale_update_replay round=6 new=False satisfied=False"}
{"time":"2026-07-22 10:40:43,920","level":"INFO","node":3,"msg":"Prediction agreement with node 1 round=6: A=0.875"}
{"time":"2026-07-22 10:40:43,920","level":"INFO","node":3,"msg":"Consensus vote recorded: node 1 decision=False reason=stale_update_replay round=6 new=False satisfied=False"}
{"time":"2026-07-22 10:41:20,052","level":"INFO","node":3,"msg":"Proposal received: round=6 origin=2 hash=709a19b873ee..."}
{"time":"2026-07-22 10:41:20,090","level":"INFO","node":3,"msg":"Consensus vote recorded: node 2 decision=True reason=zkp_ok round=6 new=False satisfied=False"}
{"time":"2026-07-22 10:41:20,106","level":"INFO","node":3,"msg":"Received update from node 2, round 6"}
{"time":"2026-07-22 10:41:47,081","level":"INFO","node":3,"msg":"ZKP ACCEPTED from node 2"}
{"time":"2026-07-22 10:41:47,081","level":"WARNING","node":3,"msg":"[STALE-UPDATE CHECK] node 3 observed node 2 resending identical slack (166762) as last round — REJECTING as replayed/stale update"}
{"time":"2026-07-22 10:41:47,082","level":"INFO","node":3,"msg":"fc_in col7 delta self-cosine for node 2: -0.4086 (delta_norm=0.1474)"}
{"time":"2026-07-22 10:41:47,095","level":"INFO","node":3,"msg":"Per-class agreement with node 2: class0=0.977 class1=0.969 gap=0.008"}
{"time":"2026-07-22 10:41:47,096","level":"INFO","node":3,"msg":"Per-class rolling gap for node 2: mean=0.010 over last 3 round(s)"}
{"time":"2026-07-22 10:41:47,100","level":"INFO","node":3,"msg":"Trust score for node 2: S=0.751 (Z=1.00 A=0.97 P=0.50 R=0.60) advisory only"}
{"time":"2026-07-22 10:41:47,100","level":"WARNING","node":3,"msg":"Update round=6 from node 2 REJECTED on stale-update replay: identical slack to previous round"}
{"time":"2026-07-22 10:41:47,126","level":"INFO","node":3,"msg":"Sent consensus vote to node 0"}
{"time":"2026-07-22 10:41:47,146","level":"INFO","node":3,"msg":"Sent consensus vote to node 1"}
{"time":"2026-07-22 10:41:47,170","level":"INFO","node":3,"msg":"Sent consensus vote to node 2"}
{"time":"2026-07-22 10:42:06,697","level":"INFO","node":3,"msg":"Forwarded to http://127.0.0.1:8000"}
{"time":"2026-07-22 10:42:35,816","level":"INFO","node":3,"msg":"Prediction agreement with node 0 round=6: A=0.924"}
{"time":"2026-07-22 10:42:35,816","level":"INFO","node":3,"msg":"Consensus vote recorded: node 0 decision=False reason=stale_update_replay round=6 new=False satisfied=False"}
{"time":"2026-07-22 10:43:23,888","level":"INFO","node":3,"msg":"Prediction agreement with node 1 round=6: A=0.850"}
{"time":"2026-07-22 10:43:23,889","level":"INFO","node":3,"msg":"Consensus vote recorded: node 1 decision=False reason=stale_update_replay round=6 new=False satisfied=False"}
{"time":"2026-07-22 10:44:03,563","level":"INFO","node":3,"msg":"Proposal received: round=6 origin=2 hash=709a19b873ee..."}
{"time":"2026-07-22 10:44:03,598","level":"INFO","node":3,"msg":"Consensus vote recorded: node 2 decision=True reason=zkp_ok round=6 new=False satisfied=False"}
{"time":"2026-07-22 10:44:03,612","level":"INFO","node":3,"msg":"Received update from node 2, round 6"}
{"time":"2026-07-22 10:44:15,627","level":"INFO","node":3,"msg":"ZKP ACCEPTED from node 2"}
{"time":"2026-07-22 10:44:15,627","level":"WARNING","node":3,"msg":"[STALE-UPDATE CHECK] node 3 observed node 2 resending identical slack (166762) as last round — REJECTING as replayed/stale update"}
{"time":"2026-07-22 10:44:15,627","level":"INFO","node":3,"msg":"fc_in col7 delta self-cosine for node 2: -0.2652 (delta_norm=0.1556)"}
{"time":"2026-07-22 10:44:15,632","level":"INFO","node":3,"msg":"Per-class agreement with node 2: class0=0.980 class1=0.975 gap=0.004"}
{"time":"2026-07-22 10:44:15,632","level":"INFO","node":3,"msg":"Per-class rolling gap for node 2: mean=0.009 over last 4 round(s)"}
{"time":"2026-07-22 10:44:15,635","level":"INFO","node":3,"msg":"Trust score for node 2: S=0.697 (Z=1.00 A=0.98 P=0.45 R=0.40) advisory only"}
{"time":"2026-07-22 10:44:15,635","level":"WARNING","node":3,"msg":"Update round=6 from node 2 REJECTED on stale-update replay: identical slack to previous round"}
{"time":"2026-07-22 10:44:15,658","level":"INFO","node":3,"msg":"Sent consensus vote to node 0"}
{"time":"2026-07-22 10:44:15,687","level":"INFO","node":3,"msg":"Sent consensus vote to node 1"}
{"time":"2026-07-22 10:44:15,711","level":"INFO","node":3,"msg":"Sent consensus vote to node 2"}
{"time":"2026-07-22 10:44:22,337","level":"INFO","node":3,"msg":"Forwarded to http://127.0.0.1:8000"}
{"time":"2026-07-22 10:44:39,360","level":"INFO","node":3,"msg":"Prediction agreement with node 0 round=6: A=0.914"}
{"time":"2026-07-22 10:44:39,361","level":"INFO","node":3,"msg":"Consensus vote recorded: node 0 decision=False reason=stale_update_replay round=6 new=False satisfied=False"}
{"time":"2026-07-22 10:45:27,180","level":"INFO","node":3,"msg":"Prediction agreement with node 1 round=6: A=0.837"}
{"time":"2026-07-22 10:45:27,180","level":"INFO","node":3,"msg":"Consensus vote recorded: node 1 decision=False reason=stale_update_replay round=6 new=False satisfied=False"}
{"time":"2026-07-22 10:45:47,198","level":"WARNING","node":3,"msg":"Node 2 accused by node 0, but only 1/3 distinct accusers so far (3f+1 quorum) — NOT excluding yet (avoids a single compromised node unilaterally removing an honest peer)."}
{"time":"2026-07-22 10:45:47,288","level":"WARNING","node":3,"msg":"Node 2 accused by node 1, but only 2/3 distinct accusers so far (3f+1 quorum) — NOT excluding yet (avoids a single compromised node unilaterally removing an honest peer)."}
{"time":"2026-07-22 10:45:47,309","level":"INFO","node":3,"msg":"Round 7 skip acknowledged — advancing to round 8"}
{"time":"2026-07-22 10:45:47,311","level":"WARNING","node":3,"msg":"[SKIP STRIKE] round 7 skipped, proposer=2, reason=quorum_failure — recording independent strike"}
{"time":"2026-07-22 10:45:47,311","level":"WARNING","node":3,"msg":"This node independently suspects node 2 (local strikes=5.0) — broadcasting accusation for peer corroboration, NOT excluding unilaterally"}
{"time":"2026-07-22 10:45:57,322","level":"WARNING","node":3,"msg":"Sent accusation to node 0 FAILED (hard timeout or exception) — consecutive failure streak 1/3"}
{"time":"2026-07-22 10:45:57,340","level":"INFO","node":3,"msg":"Sent accusation to node 1"}
{"time":"2026-07-22 10:46:07,358","level":"WARNING","node":3,"msg":"Sent accusation to node 2 FAILED (hard timeout or exception) — consecutive failure streak 1/3"}
{"time":"2026-07-22 10:46:07,360","level":"ERROR","node":3,"msg":"Node 2 accused by 3 independent peers ([0, 1, 3]) — quorum-corroborated, excluding."}
{"time":"2026-07-22 10:46:07,361","level":"ERROR","node":3,"msg":"Node 2 EXCLUDED from proposing and quorum. Quorum requirement adjusted to 3 of 3 remaining trusted nodes."}
{"time":"2026-07-22 10:46:07,368","level":"INFO","node":3,"msg":"Sent exclusion notice for node 2 to node 0"}
{"time":"2026-07-22 10:46:07,375","level":"INFO","node":3,"msg":"Sent exclusion notice for node 2 to node 1"}
{"time":"2026-07-22 10:46:07,382","level":"INFO","node":3,"msg":"My turn — starting round 8 as proposer."}
{"time":"2026-07-22 10:46:07,384","level":"INFO","node":3,"msg":"Starting round 8"}
{"time":"2026-07-22 10:46:09,353","level":"INFO","node":3,"msg":"My turn — starting round 8 as proposer."}
{"time":"2026-07-22 10:46:09,385","level":"INFO","node":3,"msg":"Starting round 8"}
{"time":"2026-07-22 10:46:25,562","level":"INFO","node":3,"msg":"Sent proposal to node 0"}
{"time":"2026-07-22 10:46:25,569","level":"INFO","node":3,"msg":"Sent proposal to node 1"}
{"time":"2026-07-22 10:46:25,587","level":"INFO","node":3,"msg":"Sent consensus vote to node 0"}
{"time":"2026-07-22 10:46:25,594","level":"INFO","node":3,"msg":"Sent consensus vote to node 1"}
{"time":"2026-07-22 10:46:25,606","level":"INFO","node":3,"msg":"Forwarded to http://127.0.0.1:8000"}
{"time":"2026-07-22 10:46:43,515","level":"INFO","node":3,"msg":"Sent proposal to node 0"}
{"time":"2026-07-22 10:46:43,524","level":"INFO","node":3,"msg":"Sent proposal to node 1"}
{"time":"2026-07-22 10:46:43,593","level":"INFO","node":3,"msg":"Sent consensus vote to node 0"}
{"time":"2026-07-22 10:46:43,605","level":"INFO","node":3,"msg":"Sent consensus vote to node 1"}
{"time":"2026-07-22 10:46:43,679","level":"INFO","node":3,"msg":"Forwarded to http://127.0.0.1:8000"}
{"time":"2026-07-22 10:47:05,132","level":"INFO","node":3,"msg":"Consensus vote recorded: node 0 decision=True reason=zkp_ok round=7 new=True satisfied=False"}
{"time":"2026-07-22 10:47:27,402","level":"INFO","node":3,"msg":"Consensus vote recorded: node 0 decision=True reason=zkp_ok round=7 new=False satisfied=False"}
{"time":"2026-07-22 10:48:29,274","level":"INFO","node":3,"msg":"Consensus vote recorded: node 1 decision=True reason=zkp_ok round=7 new=True satisfied=True"}
{"time":"2026-07-22 10:48:44,273","level":"INFO","node":3,"msg":"Consensus vote recorded: node 1 decision=True reason=zkp_ok round=7 new=False satisfied=True"}
{"time":"2026-07-22 10:48:51,156","level":"INFO","node":3,"msg":"Received update from node 1, round 7"}
{"time":"2026-07-22 10:48:51,156","level":"INFO","node":3,"msg":"Round 8 complete — aggregating"}
{"time":"2026-07-22 10:48:51,219","level":"WARNING","node":3,"msg":"[BACKDOOR PROBE] Round 8 SUSPICIOUS: feature=1 value=6.0 forces class=1 flip_rate=1.000 jump=0.645 (thresholds: flip>0.7, jump>0.3)"}
{"time":"2026-07-22 10:48:51,240","level":"INFO","node":3,"msg":"Commit vote recorded: node 0 decision=True round=7 satisfied=False"}
{"time":"2026-07-22 10:48:51,243","level":"INFO","node":3,"msg":"Broadcast weights to node 0"}
{"time":"2026-07-22 10:48:51,562","level":"INFO","node":3,"msg":"Commit vote recorded: node 1 decision=True round=7 satisfied=True"}
{"time":"2026-07-22 10:48:51,562","level":"INFO","node":3,"msg":"Round 8 COMMITTED — model hash agreed by [3, 0, 1]"}
{"time":"2026-07-22 10:48:51,564","level":"INFO","node":3,"msg":"Commit certificate saved to C:\Users\mousu\OneDrive\Desktop\Set A\securefedhe\dashboard\certificates\round_7.json"}
{"time":"2026-07-22 10:48:51,617","level":"INFO","node":3,"msg":"Broadcast weights to node 1"}
{"time":"2026-07-22 10:48:51,618","level":"INFO","node":3,"msg":"Checkpoint saved to C:\Users\mousu\OneDrive\Desktop\Set A\securefedhe\dashboard\model_latest.pt"}
{"time":"2026-07-22 10:48:51,618","level":"INFO","node":3,"msg":"Round 8 complete | accuracy=0.8545 | duration=162.20s"}
{"time":"2026-07-22 10:48:51,620","level":"INFO","node":3,"msg":"Round 9 belongs to node 0 — waiting for their proposal."}
{"time":"2026-07-22 10:48:51,622","level":"INFO","node":3,"msg":"Notified next proposer to node 0"}
{"time":"2026-07-22 10:48:51,624","level":"INFO","node":3,"msg":"[WATCHDOG SPAWNED] round=8 expected_proposer=0 timeout_s=600 spawned_at=10:48:51"}
{"time":"2026-07-22 10:48:57,943","level":"INFO","node":3,"msg":"Received update from node 1, round 7"}
{"time":"2026-07-22 10:48:57,943","level":"INFO","node":3,"msg":"Round 8 complete — aggregating"}
{"time":"2026-07-22 10:48:57,943","level":"INFO","node":3,"msg":"_finalize_round(7) skipped — already finalized by another thread."}
{"time":"2026-07-22 10:48:58,074","level":"INFO","node":3,"msg":"Proposal received: round=8 origin=0 hash=edad5ff247c9..."}
{"time":"2026-07-22 10:48:58,093","level":"INFO","node":3,"msg":"Consensus vote recorded: node 0 decision=True reason=zkp_ok round=8 new=True satisfied=False"}
{"time":"2026-07-22 10:49:07,885","level":"INFO","node":3,"msg":"Consensus vote recorded: node 1 decision=True reason=zkp_ok round=8 new=True satisfied=False"}
{"time":"2026-07-22 10:49:14,206","level":"INFO","node":3,"msg":"Received update from node 1, round 8"}
{"time":"2026-07-22 10:49:23,912","level":"INFO","node":3,"msg":"ZKP ACCEPTED from node 1"}
{"time":"2026-07-22 10:49:23,912","level":"INFO","node":3,"msg":"fc_in col7 delta self-cosine for node 0: -0.0448 (delta_norm=0.3346)"}
{"time":"2026-07-22 10:49:23,928","level":"INFO","node":3,"msg":"Per-class agreement with node 0: class0=0.861 class1=0.831 gap=0.030"}
{"time":"2026-07-22 10:49:23,928","level":"INFO","node":3,"msg":"Per-class rolling gap for node 0: mean=0.048 over last 2 round(s)"}
{"time":"2026-07-22 10:49:23,930","level":"INFO","node":3,"msg":"Trust score for node 0: S=0.717 (Z=1.00 A=0.85 P=0.45 R=1.00) advisory only"}
{"time":"2026-07-22 10:49:23,941","level":"INFO","node":3,"msg":"Sent consensus vote to node 0"}
{"time":"2026-07-22 10:49:23,966","level":"INFO","node":3,"msg":"Sent consensus vote to node 1"}
{"time":"2026-07-22 10:49:29,895","level":"INFO","node":3,"msg":"Forwarded to http://127.0.0.1:8000"}
{"time":"2026-07-22 10:49:29,954","level":"INFO","node":3,"msg":"Synced weights from master for round 8"}
{"time":"2026-07-22 10:49:29,966","level":"INFO","node":3,"msg":"Sent commit vote to node 0"}
{"time":"2026-07-22 10:49:36,433","level":"INFO","node":3,"msg":"Proposal received: round=9 origin=1 hash=aaba7659b4bb..."}
{"time":"2026-07-22 10:49:36,444","level":"INFO","node":3,"msg":"Consensus vote recorded: node 1 decision=True reason=zkp_ok round=9 new=True satisfied=False"}
{"time":"2026-07-22 10:49:36,451","level":"INFO","node":3,"msg":"Received update from node 1, round 9"}
{"time":"2026-07-22 10:49:46,161","level":"INFO","node":3,"msg":"ZKP ACCEPTED from node 1"}
{"time":"2026-07-22 10:49:46,161","level":"INFO","node":3,"msg":"fc_in col7 delta self-cosine for node 1: -0.1052 (delta_norm=0.3676)"}
{"time":"2026-07-22 10:49:46,170","level":"INFO","node":3,"msg":"Per-class agreement with node 1: class0=0.847 class1=0.865 gap=0.018"}
{"time":"2026-07-22 10:49:46,170","level":"INFO","node":3,"msg":"Per-class rolling gap for node 1: mean=0.049 over last 2 round(s)"}
{"time":"2026-07-22 10:49:46,175","level":"INFO","node":3,"msg":"Trust score for node 1: S=0.700 (Z=1.00 A=0.85 P=0.37 R=1.00) advisory only"}
{"time":"2026-07-22 10:49:46,202","level":"INFO","node":3,"msg":"Sent consensus vote to node 0"}
{"time":"2026-07-22 10:49:46,238","level":"INFO","node":3,"msg":"Sent consensus vote to node 1"}
{"time":"2026-07-22 10:49:52,122","level":"INFO","node":3,"msg":"Forwarded to http://127.0.0.1:8000"}
{"time":"2026-07-22 10:50:01,859","level":"INFO","node":3,"msg":"Prediction agreement with node 0 round=9: A=0.964"}
{"time":"2026-07-22 10:50:01,859","level":"INFO","node":3,"msg":"Consensus vote recorded: node 0 decision=True reason=zkp_ok round=9 new=True satisfied=True"}
{"time":"2026-07-22 10:50:08,092","level":"INFO","node":3,"msg":"Synced weights from master for round 9"}
{"time":"2026-07-22 10:50:08,103","level":"INFO","node":3,"msg":"Sent commit vote to node 1"}
{"time":"2026-07-22 10:50:08,109","level":"INFO","node":3,"msg":"My turn — starting round 11 as proposer."}
{"time":"2026-07-22 10:50:08,110","level":"INFO","node":3,"msg":"Starting round 11"}
{"time":"2026-07-22 10:50:14,410","level":"INFO","node":3,"msg":"Sent proposal to node 0"}
{"time":"2026-07-22 10:50:14,429","level":"INFO","node":3,"msg":"Sent proposal to node 1"}
{"time":"2026-07-22 10:50:14,443","level":"INFO","node":3,"msg":"Sent consensus vote to node 0"}
{"time":"2026-07-22 10:50:14,447","level":"INFO","node":3,"msg":"Sent consensus vote to node 1"}
{"time":"2026-07-22 10:50:14,452","level":"INFO","node":3,"msg":"Forwarded to http://127.0.0.1:8000"}
{"time":"2026-07-22 10:50:24,083","level":"INFO","node":3,"msg":"Consensus vote recorded: node 0 decision=True reason=zkp_ok round=10 new=True satisfied=False"}
{"time":"2026-07-22 10:50:40,025","level":"INFO","node":3,"msg":"Consensus vote recorded: node 1 decision=True reason=zkp_ok round=10 new=True satisfied=True"}
{"time":"2026-07-22 10:50:46,193","level":"INFO","node":3,"msg":"Received update from node 1, round 10"}
{"time":"2026-07-22 10:50:46,193","level":"INFO","node":3,"msg":"Round 11 complete — aggregating"}
{"time":"2026-07-22 10:50:46,222","level":"WARNING","node":3,"msg":"[BACKDOOR PROBE] Round 11 SUSPICIOUS: feature=1 value=7.0 forces class=1 flip_rate=1.000 jump=0.773 (thresholds: flip>0.7, jump>0.3)"}
{"time":"2026-07-22 10:50:46,246","level":"INFO","node":3,"msg":"Commit vote recorded: node 0 decision=True round=10 satisfied=False"}
{"time":"2026-07-22 10:50:46,248","level":"INFO","node":3,"msg":"Broadcast weights to node 0"}
{"time":"2026-07-22 10:50:46,262","level":"INFO","node":3,"msg":"Commit vote recorded: node 1 decision=True round=10 satisfied=True"}
{"time":"2026-07-22 10:50:46,262","level":"INFO","node":3,"msg":"Round 11 COMMITTED — model hash agreed by [3, 0, 1]"}
{"time":"2026-07-22 10:50:46,264","level":"INFO","node":3,"msg":"Commit certificate saved to C:\Users\mousu\OneDrive\Desktop\Set A\securefedhe\dashboard\certificates\round_10.json"}
{"time":"2026-07-22 10:50:46,266","level":"INFO","node":3,"msg":"Broadcast weights to node 1"}
{"time":"2026-07-22 10:50:46,268","level":"INFO","node":3,"msg":"Checkpoint saved to C:\Users\mousu\OneDrive\Desktop\Set A\securefedhe\dashboard\model_latest.pt"}
{"time":"2026-07-22 10:50:46,268","level":"INFO","node":3,"msg":"Round 11 complete | accuracy=0.8364 | duration=38.16s"}
{"time":"2026-07-22 10:50:46,780","level":"INFO","node":3,"msg":"Starting round 12"}
{"time":"2026-07-22 10:50:53,026","level":"INFO","node":3,"msg":"Sent proposal to node 0"}
{"time":"2026-07-22 10:50:53,032","level":"INFO","node":3,"msg":"Sent proposal to node 1"}
{"time":"2026-07-22 10:50:53,038","level":"INFO","node":3,"msg":"Sent consensus vote to node 0"}
{"time":"2026-07-22 10:50:53,042","level":"INFO","node":3,"msg":"Sent consensus vote to node 1"}
{"time":"2026-07-22 10:50:53,051","level":"INFO","node":3,"msg":"Forwarded to http://127.0.0.1:8000"}
{"time":"2026-07-22 10:51:02,822","level":"INFO","node":3,"msg":"Consensus vote recorded: node 0 decision=True reason=zkp_ok round=11 new=True satisfied=False"}
{"time":"2026-07-22 10:51:18,619","level":"INFO","node":3,"msg":"Consensus vote recorded: node 1 decision=True reason=zkp_ok round=11 new=True satisfied=True"}
{"time":"2026-07-22 10:51:24,878","level":"INFO","node":3,"msg":"Received update from node 1, round 11"}
{"time":"2026-07-22 10:51:24,878","level":"INFO","node":3,"msg":"Round 12 complete — aggregating"}
{"time":"2026-07-22 10:51:24,912","level":"WARNING","node":3,"msg":"[BACKDOOR PROBE] Round 12 SUSPICIOUS: feature=1 value=6.0 forces class=1 flip_rate=1.000 jump=0.745 (thresholds: flip>0.7, jump>0.3)"}
{"time":"2026-07-22 10:51:24,953","level":"INFO","node":3,"msg":"Commit vote recorded: node 0 decision=True round=11 satisfied=False"}
{"time":"2026-07-22 10:51:24,953","level":"INFO","node":3,"msg":"Broadcast weights to node 0"}
{"time":"2026-07-22 10:51:24,974","level":"INFO","node":3,"msg":"Commit vote recorded: node 1 decision=True round=11 satisfied=True"}
{"time":"2026-07-22 10:51:24,975","level":"INFO","node":3,"msg":"Round 12 COMMITTED — model hash agreed by [3, 0, 1]"}
{"time":"2026-07-22 10:51:24,977","level":"INFO","node":3,"msg":"Commit certificate saved to C:\Users\mousu\OneDrive\Desktop\Set A\securefedhe\dashboard\certificates\round_11.json"}
{"time":"2026-07-22 10:51:24,983","level":"INFO","node":3,"msg":"Broadcast weights to node 1"}
{"time":"2026-07-22 10:51:24,986","level":"INFO","node":3,"msg":"Checkpoint saved to C:\Users\mousu\OneDrive\Desktop\Set A\securefedhe\dashboard\model_latest.pt"}
{"time":"2026-07-22 10:51:24,986","level":"INFO","node":3,"msg":"Round 12 complete | accuracy=0.8455 | duration=38.21s"}
{"time":"2026-07-22 10:51:24,986","level":"INFO","node":3,"msg":"Round 13 belongs to node 0 — waiting for their proposal."}
{"time":"2026-07-22 10:51:24,991","level":"INFO","node":3,"msg":"Notified next proposer to node 0"}
{"time":"2026-07-22 10:51:24,991","level":"INFO","node":3,"msg":"[WATCHDOG SPAWNED] round=12 expected_proposer=0 timeout_s=600 spawned_at=10:51:24"}
{"time":"2026-07-22 10:51:31,247","level":"INFO","node":3,"msg":"Proposal received: round=12 origin=0 hash=04fa6e0f159f..."}
{"time":"2026-07-22 10:51:31,267","level":"INFO","node":3,"msg":"Consensus vote recorded: node 0 decision=True reason=zkp_ok round=12 new=True satisfied=False"}
{"time":"2026-07-22 10:51:41,065","level":"INFO","node":3,"msg":"Consensus vote recorded: node 1 decision=True reason=zkp_ok round=12 new=True satisfied=False"}
{"time":"2026-07-22 10:51:47,174","level":"INFO","node":3,"msg":"Received update from node 1, round 12"}
{"time":"2026-07-22 10:51:56,904","level":"INFO","node":3,"msg":"ZKP ACCEPTED from node 1"}
{"time":"2026-07-22 10:51:56,904","level":"INFO","node":3,"msg":"fc_in col7 delta self-cosine for node 0: 0.1699 (delta_norm=0.2289)"}
{"time":"2026-07-22 10:51:56,904","level":"INFO","node":3,"msg":"Per-class agreement with node 0: class0=0.925 class1=0.941 gap=0.016"}
{"time":"2026-07-22 10:51:56,910","level":"INFO","node":3,"msg":"Per-class rolling gap for node 0: mean=0.038 over last 3 round(s)"}
{"time":"2026-07-22 10:51:56,910","level":"INFO","node":3,"msg":"Trust score for node 0: S=0.788 (Z=1.00 A=0.93 P=0.46 R=1.00) advisory only"}
{"time":"2026-07-22 10:51:56,932","level":"INFO","node":3,"msg":"Sent consensus vote to node 0"}
{"time":"2026-07-22 10:51:56,962","level":"INFO","node":3,"msg":"Sent consensus vote to node 1"}
{"time":"2026-07-22 10:52:03,043","level":"INFO","node":3,"msg":"Forwarded to http://127.0.0.1:8000"}
{"time":"2026-07-22 10:52:03,135","level":"INFO","node":3,"msg":"Synced weights from master for round 12"}
{"time":"2026-07-22 10:52:03,147","level":"INFO","node":3,"msg":"Sent commit vote to node 0"}
{"time":"2026-07-22 10:52:09,578","level":"INFO","node":3,"msg":"Proposal received: round=13 origin=1 hash=3b53ec3f8fd5..."}
{"time":"2026-07-22 10:52:09,598","level":"INFO","node":3,"msg":"Consensus vote recorded: node 1 decision=True reason=zkp_ok round=13 new=True satisfied=False"}
{"time":"2026-07-22 10:52:09,604","level":"INFO","node":3,"msg":"Received update from node 1, round 13"}
{"time":"2026-07-22 10:52:19,161","level":"INFO","node":3,"msg":"ZKP ACCEPTED from node 1"}
{"time":"2026-07-22 10:52:19,162","level":"INFO","node":3,"msg":"fc_in col7 delta self-cosine for node 1: 0.2687 (delta_norm=0.2205)"}
{"time":"2026-07-22 10:52:19,167","level":"INFO","node":3,"msg":"Per-class agreement with node 1: class0=0.958 class1=0.953 gap=0.005"}
{"time":"2026-07-22 10:52:19,167","level":"INFO","node":3,"msg":"Per-class rolling gap for node 1: mean=0.034 over last 3 round(s)"}
{"time":"2026-07-22 10:52:19,171","level":"INFO","node":3,"msg":"Trust score for node 1: S=0.795 (Z=1.00 A=0.96 P=0.41 R=1.00) advisory only"}
{"time":"2026-07-22 10:52:19,201","level":"INFO","node":3,"msg":"Sent consensus vote to node 0"}
{"time":"2026-07-22 10:52:19,235","level":"INFO","node":3,"msg":"Sent consensus vote to node 1"}
{"time":"2026-07-22 10:52:25,360","level":"INFO","node":3,"msg":"Forwarded to http://127.0.0.1:8000"}
{"time":"2026-07-22 10:52:35,088","level":"INFO","node":3,"msg":"Prediction agreement with node 0 round=13: A=0.968"}
{"time":"2026-07-22 10:52:35,090","level":"INFO","node":3,"msg":"Consensus vote recorded: node 0 decision=True reason=zkp_ok round=13 new=True satisfied=True"}
{"time":"2026-07-22 10:52:41,245","level":"INFO","node":3,"msg":"Synced weights from master for round 13"}
{"time":"2026-07-22 10:52:41,263","level":"INFO","node":3,"msg":"Sent commit vote to node 1"}
{"time":"2026-07-22 10:52:41,274","level":"INFO","node":3,"msg":"My turn — starting round 15 as proposer."}
{"time":"2026-07-22 10:52:41,274","level":"INFO","node":3,"msg":"Starting round 15"}
{"time":"2026-07-22 10:52:47,503","level":"INFO","node":3,"msg":"Sent proposal to node 0"}
{"time":"2026-07-22 10:52:47,520","level":"INFO","node":3,"msg":"Sent proposal to node 1"}
{"time":"2026-07-22 10:52:47,525","level":"INFO","node":3,"msg":"Sent consensus vote to node 0"}
{"time":"2026-07-22 10:52:47,530","level":"INFO","node":3,"msg":"Sent consensus vote to node 1"}
{"time":"2026-07-22 10:52:47,535","level":"INFO","node":3,"msg":"Forwarded to http://127.0.0.1:8000"}
{"time":"2026-07-22 10:52:57,335","level":"INFO","node":3,"msg":"Consensus vote recorded: node 0 decision=True reason=zkp_ok round=14 new=True satisfied=False"}
{"time":"2026-07-22 10:53:13,183","level":"INFO","node":3,"msg":"Consensus vote recorded: node 1 decision=True reason=zkp_ok round=14 new=True satisfied=True"}
{"time":"2026-07-22 10:53:19,481","level":"INFO","node":3,"msg":"Received update from node 1, round 14"}
{"time":"2026-07-22 10:53:19,482","level":"INFO","node":3,"msg":"Round 15 complete — aggregating"}
{"time":"2026-07-22 10:53:19,509","level":"WARNING","node":3,"msg":"[BACKDOOR PROBE] Round 15 SUSPICIOUS: feature=1 value=7.0 forces class=1 flip_rate=1.000 jump=0.755 (thresholds: flip>0.7, jump>0.3)"}
{"time":"2026-07-22 10:53:19,542","level":"INFO","node":3,"msg":"Commit vote recorded: node 0 decision=True round=14 satisfied=False"}
{"time":"2026-07-22 10:53:19,546","level":"INFO","node":3,"msg":"Broadcast weights to node 0"}
{"time":"2026-07-22 10:53:19,572","level":"INFO","node":3,"msg":"Commit vote recorded: node 1 decision=True round=14 satisfied=True"}
{"time":"2026-07-22 10:53:19,573","level":"INFO","node":3,"msg":"Round 15 COMMITTED — model hash agreed by [3, 0, 1]"}
{"time":"2026-07-22 10:53:19,576","level":"INFO","node":3,"msg":"Commit certificate saved to C:\Users\mousu\OneDrive\Desktop\Set A\securefedhe\dashboard\certificates\round_14.json"}
{"time":"2026-07-22 10:53:19,579","level":"INFO","node":3,"msg":"Broadcast weights to node 1"}
{"time":"2026-07-22 10:53:19,582","level":"INFO","node":3,"msg":"Checkpoint saved to C:\Users\mousu\OneDrive\Desktop\Set A\securefedhe\dashboard\model_latest.pt"}
{"time":"2026-07-22 10:53:19,582","level":"INFO","node":3,"msg":"Round 15 complete | accuracy=0.8364 | duration=38.31s"}
{"time":"2026-07-22 10:53:20,087","level":"INFO","node":3,"msg":"Starting round 16"}
{"time":"2026-07-22 10:53:26,773","level":"INFO","node":3,"msg":"Sent proposal to node 0"}
{"time":"2026-07-22 10:53:26,790","level":"INFO","node":3,"msg":"Sent proposal to node 1"}
{"time":"2026-07-22 10:53:26,800","level":"INFO","node":3,"msg":"Sent consensus vote to node 0"}
{"time":"2026-07-22 10:53:26,805","level":"INFO","node":3,"msg":"Sent consensus vote to node 1"}
{"time":"2026-07-22 10:53:26,813","level":"INFO","node":3,"msg":"Forwarded to http://127.0.0.1:8000"}
{"time":"2026-07-22 10:53:36,762","level":"INFO","node":3,"msg":"Consensus vote recorded: node 0 decision=True reason=zkp_ok round=15 new=True satisfied=False"}
{"time":"2026-07-22 10:53:52,574","level":"INFO","node":3,"msg":"Consensus vote recorded: node 1 decision=True reason=zkp_ok round=15 new=True satisfied=True"}
{"time":"2026-07-22 10:53:58,660","level":"INFO","node":3,"msg":"Received update from node 1, round 15"}
{"time":"2026-07-22 10:53:58,660","level":"INFO","node":3,"msg":"Round 16 complete — aggregating"}
{"time":"2026-07-22 10:53:58,721","level":"WARNING","node":3,"msg":"[BACKDOOR PROBE] Round 16 SUSPICIOUS: feature=1 value=7.0 forces class=1 flip_rate=1.000 jump=0.773 (thresholds: flip>0.7, jump>0.3)"}
{"time":"2026-07-22 10:53:58,773","level":"INFO","node":3,"msg":"Commit vote recorded: node 0 decision=True round=15 satisfied=False"}
{"time":"2026-07-22 10:53:58,775","level":"INFO","node":3,"msg":"Broadcast weights to node 0"}
{"time":"2026-07-22 10:53:58,808","level":"INFO","node":3,"msg":"Commit vote recorded: node 1 decision=True round=15 satisfied=True"}
{"time":"2026-07-22 10:53:58,808","level":"INFO","node":3,"msg":"Round 16 COMMITTED — model hash agreed by [3, 0, 1]"}
{"time":"2026-07-22 10:53:58,811","level":"INFO","node":3,"msg":"Commit certificate saved to C:\Users\mousu\OneDrive\Desktop\Set A\securefedhe\dashboard\certificates\round_15.json"}
{"time":"2026-07-22 10:53:58,813","level":"INFO","node":3,"msg":"Broadcast weights to node 1"}
{"time":"2026-07-22 10:53:58,816","level":"INFO","node":3,"msg":"Checkpoint saved to C:\Users\mousu\OneDrive\Desktop\Set A\securefedhe\dashboard\model_latest.pt"}
{"time":"2026-07-22 10:53:58,816","level":"INFO","node":3,"msg":"Round 16 complete | accuracy=0.8182 | duration=38.73s"}
{"time":"2026-07-22 10:53:58,817","level":"INFO","node":3,"msg":"Round 17 belongs to node 0 — waiting for their proposal."}
{"time":"2026-07-22 10:53:58,822","level":"INFO","node":3,"msg":"Notified next proposer to node 0"}
{"time":"2026-07-22 10:53:58,823","level":"INFO","node":3,"msg":"[WATCHDOG SPAWNED] round=16 expected_proposer=0 timeout_s=600 spawned_at=10:53:58"}
{"time":"2026-07-22 10:54:05,043","level":"INFO","node":3,"msg":"Proposal received: round=16 origin=0 hash=84442e476743..."}
{"time":"2026-07-22 10:54:05,062","level":"INFO","node":3,"msg":"Consensus vote recorded: node 0 decision=True reason=zkp_ok round=16 new=True satisfied=False"}
{"time":"2026-07-22 10:54:14,813","level":"INFO","node":3,"msg":"Consensus vote recorded: node 1 decision=True reason=zkp_ok round=16 new=True satisfied=False"}
{"time":"2026-07-22 10:54:20,962","level":"INFO","node":3,"msg":"Received update from node 1, round 16"}
{"time":"2026-07-22 10:54:30,553","level":"INFO","node":3,"msg":"ZKP ACCEPTED from node 1"}
{"time":"2026-07-22 10:54:30,553","level":"INFO","node":3,"msg":"fc_in col7 delta self-cosine for node 0: -0.0364 (delta_norm=0.2102)"}
{"time":"2026-07-22 10:54:30,553","level":"INFO","node":3,"msg":"Per-class agreement with node 0: class0=0.971 class1=0.954 gap=0.017"}
{"time":"2026-07-22 10:54:30,553","level":"INFO","node":3,"msg":"Per-class rolling gap for node 0: mean=0.033 over last 4 round(s)"}
{"time":"2026-07-22 10:54:30,561","level":"INFO","node":3,"msg":"Trust score for node 0: S=0.827 (Z=1.00 A=0.97 P=0.50 R=1.00) advisory only"}
{"time":"2026-07-22 10:54:30,586","level":"INFO","node":3,"msg":"Sent consensus vote to node 0"}
{"time":"2026-07-22 10:54:30,609","level":"INFO","node":3,"msg":"Sent consensus vote to node 1"}
{"time":"2026-07-22 10:54:36,725","level":"INFO","node":3,"msg":"Forwarded to http://127.0.0.1:8000"}
{"time":"2026-07-22 10:54:36,830","level":"INFO","node":3,"msg":"Synced weights from master for round 16"}
{"time":"2026-07-22 10:54:36,838","level":"INFO","node":3,"msg":"Sent commit vote to node 0"}
{"time":"2026-07-22 10:54:43,179","level":"INFO","node":3,"msg":"Proposal received: round=17 origin=1 hash=4c8a548d7f65..."}
{"time":"2026-07-22 10:54:43,196","level":"INFO","node":3,"msg":"Consensus vote recorded: node 1 decision=True reason=zkp_ok round=17 new=True satisfied=False"}
{"time":"2026-07-22 10:54:43,202","level":"INFO","node":3,"msg":"Received update from node 1, round 17"}
{"time":"2026-07-22 10:54:52,851","level":"INFO","node":3,"msg":"ZKP ACCEPTED from node 1"}
{"time":"2026-07-22 10:54:52,853","level":"INFO","node":3,"msg":"fc_in col7 delta self-cosine for node 1: -0.1302 (delta_norm=0.2475)"}
{"time":"2026-07-22 10:54:52,855","level":"INFO","node":3,"msg":"Per-class agreement with node 1: class0=0.982 class1=0.962 gap=0.020"}
{"time":"2026-07-22 10:54:52,855","level":"INFO","node":3,"msg":"Per-class rolling gap for node 1: mean=0.031 over last 4 round(s)"}
{"time":"2026-07-22 10:54:52,857","level":"INFO","node":3,"msg":"Trust score for node 1: S=0.826 (Z=1.00 A=0.98 P=0.46 R=1.00) advisory only"}
{"time":"2026-07-22 10:54:52,885","level":"INFO","node":3,"msg":"Sent consensus vote to node 0"}
{"time":"2026-07-22 10:54:52,895","level":"INFO","node":3,"msg":"Sent consensus vote to node 1"}
{"time":"2026-07-22 10:54:58,948","level":"INFO","node":3,"msg":"Forwarded to http://127.0.0.1:8000"}
{"time":"2026-07-22 10:55:08,601","level":"INFO","node":3,"msg":"Prediction agreement with node 0 round=17: A=0.962"}
{"time":"2026-07-22 10:55:08,601","level":"INFO","node":3,"msg":"Consensus vote recorded: node 0 decision=True reason=zkp_ok round=17 new=True satisfied=True"}
{"time":"2026-07-22 10:55:14,865","level":"INFO","node":3,"msg":"Synced weights from master for round 17"}
{"time":"2026-07-22 10:55:14,878","level":"INFO","node":3,"msg":"Sent commit vote to node 1"}
{"time":"2026-07-22 10:55:14,885","level":"INFO","node":3,"msg":"My turn — starting round 19 as proposer."}
{"time":"2026-07-22 10:55:14,886","level":"INFO","node":3,"msg":"Starting round 19"}
{"time":"2026-07-22 10:55:21,110","level":"INFO","node":3,"msg":"Sent proposal to node 0"}
{"time":"2026-07-22 10:55:21,110","level":"INFO","node":3,"msg":"Sent proposal to node 1"}
{"time":"2026-07-22 10:55:21,118","level":"INFO","node":3,"msg":"Sent consensus vote to node 0"}
{"time":"2026-07-22 10:55:21,128","level":"INFO","node":3,"msg":"Sent consensus vote to node 1"}
{"time":"2026-07-22 10:55:21,134","level":"INFO","node":3,"msg":"Forwarded to http://127.0.0.1:8000"}
{"time":"2026-07-22 10:55:30,901","level":"INFO","node":3,"msg":"Consensus vote recorded: node 0 decision=True reason=zkp_ok round=18 new=True satisfied=False"}
{"time":"2026-07-22 10:55:46,690","level":"INFO","node":3,"msg":"Consensus vote recorded: node 1 decision=True reason=zkp_ok round=18 new=True satisfied=True"}
{"time":"2026-07-22 10:55:52,979","level":"INFO","node":3,"msg":"Received update from node 1, round 18"}
{"time":"2026-07-22 10:55:52,979","level":"INFO","node":3,"msg":"Round 19 complete — aggregating"}
{"time":"2026-07-22 10:55:53,008","level":"WARNING","node":3,"msg":"[BACKDOOR PROBE] Round 19 SUSPICIOUS: feature=1 value=7.0 forces class=1 flip_rate=1.000 jump=0.773 (thresholds: flip>0.7, jump>0.3)"}
{"time":"2026-07-22 10:55:53,036","level":"INFO","node":3,"msg":"Commit vote recorded: node 0 decision=True round=18 satisfied=False"}
{"time":"2026-07-22 10:55:53,038","level":"INFO","node":3,"msg":"Broadcast weights to node 0"}
{"time":"2026-07-22 10:55:53,052","level":"INFO","node":3,"msg":"Commit vote recorded: node 1 decision=True round=18 satisfied=True"}
{"time":"2026-07-22 10:55:53,052","level":"INFO","node":3,"msg":"Round 19 COMMITTED — model hash agreed by [3, 0, 1]"}
{"time":"2026-07-22 10:55:53,053","level":"INFO","node":3,"msg":"Commit certificate saved to C:\Users\mousu\OneDrive\Desktop\Set A\securefedhe\dashboard\certificates\round_18.json"}
{"time":"2026-07-22 10:55:53,058","level":"INFO","node":3,"msg":"Broadcast weights to node 1"}
{"time":"2026-07-22 10:55:53,061","level":"INFO","node":3,"msg":"Checkpoint saved to C:\Users\mousu\OneDrive\Desktop\Set A\securefedhe\dashboard\model_latest.pt"}
{"time":"2026-07-22 10:55:53,061","level":"INFO","node":3,"msg":"Round 19 complete | accuracy=0.8364 | duration=38.17s"}
{"time":"2026-07-22 10:55:53,567","level":"INFO","node":3,"msg":"Starting round 20"}
{"time":"2026-07-22 10:55:59,813","level":"INFO","node":3,"msg":"Sent proposal to node 0"}
{"time":"2026-07-22 10:55:59,832","level":"INFO","node":3,"msg":"Sent proposal to node 1"}
{"time":"2026-07-22 10:55:59,844","level":"INFO","node":3,"msg":"Sent consensus vote to node 0"}
{"time":"2026-07-22 10:55:59,849","level":"INFO","node":3,"msg":"Sent consensus vote to node 1"}
{"time":"2026-07-22 10:55:59,853","level":"INFO","node":3,"msg":"Forwarded to http://127.0.0.1:8000"}
{"time":"2026-07-22 10:56:09,597","level":"INFO","node":3,"msg":"Consensus vote recorded: node 0 decision=True reason=zkp_ok round=19 new=True satisfied=False"}
{"time":"2026-07-22 10:56:25,624","level":"INFO","node":3,"msg":"Consensus vote recorded: node 1 decision=True reason=zkp_ok round=19 new=True satisfied=True"}
{"time":"2026-07-22 10:56:31,871","level":"INFO","node":3,"msg":"Received update from node 1, round 19"}
{"time":"2026-07-22 10:56:31,871","level":"INFO","node":3,"msg":"Round 20 complete — aggregating"}
{"time":"2026-07-22 10:56:31,906","level":"WARNING","node":3,"msg":"[BACKDOOR PROBE] Round 20 SUSPICIOUS: feature=1 value=7.0 forces class=1 flip_rate=1.000 jump=0.745 (thresholds: flip>0.7, jump>0.3)"}
{"time":"2026-07-22 10:56:31,950","level":"INFO","node":3,"msg":"Commit vote recorded: node 0 decision=True round=19 satisfied=False"}
{"time":"2026-07-22 10:56:31,955","level":"INFO","node":3,"msg":"Broadcast weights to node 0"}
{"time":"2026-07-22 10:56:31,985","level":"INFO","node":3,"msg":"Commit vote recorded: node 1 decision=True round=19 satisfied=True"}
{"time":"2026-07-22 10:56:31,985","level":"INFO","node":3,"msg":"Round 20 COMMITTED — model hash agreed by [3, 0, 1]"}
{"time":"2026-07-22 10:56:31,986","level":"INFO","node":3,"msg":"Commit certificate saved to C:\Users\mousu\OneDrive\Desktop\Set A\securefedhe\dashboard\certificates\round_19.json"}
{"time":"2026-07-22 10:56:31,989","level":"INFO","node":3,"msg":"Broadcast weights to node 1"}
{"time":"2026-07-22 10:56:31,991","level":"INFO","node":3,"msg":"Checkpoint saved to C:\Users\mousu\OneDrive\Desktop\Set A\securefedhe\dashboard\model_latest.pt"}
{"time":"2026-07-22 10:56:31,991","level":"INFO","node":3,"msg":"Round 20 complete | accuracy=0.8455 | duration=38.42s"}
{"time":"2026-07-22 10:56:31,991","level":"INFO","node":3,"msg":"Training complete after 20 rounds"}
{"time":"2026-07-22 10:58:51,626","level":"INFO","node":3,"msg":"Watchdog fired but training already complete — ignoring, not excluding node 0."}
{"time":"2026-07-22 11:01:25,001","level":"INFO","node":3,"msg":"Watchdog fired but training already complete — ignoring, not excluding node 0."}
{"time":"2026-07-22 11:03:58,829","level":"INFO","node":3,"msg":"Watchdog fired but training already complete — ignoring, not excluding node 0."}
{"time":"2026-07-22 11:27:45,065","level":"INFO","node":3,"msg":"Starting node 3: Community Wellness Center"}
{"time":"2026-07-22 11:27:45,065","level":"INFO","node":3,"msg":"[CONFIG DEBUG] attack_simulation loaded: enabled=True target_node=2 type=stale_update config_path=config_dev.json"}
{"time":"2026-07-22 11:27:45,143","level":"WARNING","node":3,"msg":"DEV MODE: running without TLS"}
{"time":"2026-07-22 11:27:45,143","level":"INFO","node":3,"msg":"Listening on 127.0.0.1:8003 | TLS=False"}
{"time":"2026-07-22 11:27:45,539","level":"INFO","node":3,"msg":"Key exchange complete with node 1"}
{"time":"2026-07-22 11:27:45,571","level":"INFO","node":3,"msg":"Consensus pubkey received from node 1"}
{"time":"2026-07-22 11:27:47,899","level":"INFO","node":3,"msg":"Consensus pubkey received from node 2"}
{"time":"2026-07-22 11:27:47,903","level":"INFO","node":3,"msg":"Key exchange complete with node 2"}
{"time":"2026-07-22 11:27:50,169","level":"INFO","node":3,"msg":"Sent public key to node 0"}
{"time":"2026-07-22 11:27:50,169","level":"INFO","node":3,"msg":"Sent consensus pubkey to node 0"}
{"time":"2026-07-22 11:27:50,179","level":"INFO","node":3,"msg":"Sent consensus pubkey to node 1"}
{"time":"2026-07-22 11:27:50,182","level":"INFO","node":3,"msg":"Sent public key to node 1"}
{"time":"2026-07-22 11:27:50,186","level":"INFO","node":3,"msg":"Sent consensus pubkey to node 2"}
{"time":"2026-07-22 11:27:50,187","level":"INFO","node":3,"msg":"Sent public key to node 2"}
{"time":"2026-07-22 11:27:54,204","level":"INFO","node":3,"msg":"Key exchange complete with node 0"}
{"time":"2026-07-22 11:27:54,225","level":"INFO","node":3,"msg":"Consensus pubkey received from node 0"}
{"time":"2026-07-22 11:28:01,510","level":"INFO","node":3,"msg":"Proposal received: round=0 origin=0 hash=166e926cf16d..."}
{"time":"2026-07-22 11:28:01,538","level":"INFO","node":3,"msg":"Consensus vote recorded: node 0 decision=True reason=zkp_ok round=0 new=True satisfied=False"}
{"time":"2026-07-22 11:28:11,278","level":"INFO","node":3,"msg":"Consensus vote recorded: node 1 decision=True reason=zkp_ok round=0 new=True satisfied=False"}
{"time":"2026-07-22 11:28:28,168","level":"INFO","node":3,"msg":"Consensus vote recorded: node 2 decision=True reason=zkp_ok round=0 new=True satisfied=True"}
{"time":"2026-07-22 11:28:35,520","level":"INFO","node":3,"msg":"Received update from node 2, round 0"}
{"time":"2026-07-22 11:28:45,311","level":"INFO","node":3,"msg":"ZKP ACCEPTED from node 2"}
{"time":"2026-07-22 11:28:45,329","level":"INFO","node":3,"msg":"Trust score for node 0: S=0.429 (Z=1.00 A=0.50 P=0.50 R=1.00) advisory only"}
{"time":"2026-07-22 11:28:45,337","level":"INFO","node":3,"msg":"Sent consensus vote to node 0"}
{"time":"2026-07-22 11:28:45,360","level":"INFO","node":3,"msg":"Sent consensus vote to node 1"}
{"time":"2026-07-22 11:28:45,368","level":"INFO","node":3,"msg":"Sent consensus vote to node 2"}
{"time":"2026-07-22 11:28:46,506","level":"WARNING","node":3,"msg":"ZKP norm violation (clipping applied): slack=-307468, retry=0"}
{"time":"2026-07-22 11:28:52,502","level":"INFO","node":3,"msg":"Forwarded to http://127.0.0.1:8000"}
{"time":"2026-07-22 11:28:52,628","level":"INFO","node":3,"msg":"Synced weights from master for round 0"}
{"time":"2026-07-22 11:28:52,640","level":"INFO","node":3,"msg":"Sent commit vote to node 0"}
{"time":"2026-07-22 11:28:59,119","level":"INFO","node":3,"msg":"Proposal received: round=1 origin=1 hash=b4643332aed5..."}
{"time":"2026-07-22 11:28:59,138","level":"INFO","node":3,"msg":"Consensus vote recorded: node 1 decision=True reason=zkp_ok round=1 new=True satisfied=False"}
{"time":"2026-07-22 11:29:08,854","level":"INFO","node":3,"msg":"Consensus vote recorded: node 2 decision=True reason=zkp_ok round=1 new=True satisfied=False"}
{"time":"2026-07-22 11:29:14,975","level":"INFO","node":3,"msg":"Received update from node 2, round 1"}
{"time":"2026-07-22 11:29:24,748","level":"INFO","node":3,"msg":"ZKP ACCEPTED from node 2"}
{"time":"2026-07-22 11:29:24,754","level":"INFO","node":3,"msg":"Trust score for node 1: S=0.429 (Z=1.00 A=0.50 P=0.50 R=1.00) advisory only"}
{"time":"2026-07-22 11:29:24,769","level":"INFO","node":3,"msg":"Sent consensus vote to node 0"}
{"time":"2026-07-22 11:29:24,777","level":"INFO","node":3,"msg":"Sent consensus vote to node 1"}
{"time":"2026-07-22 11:29:24,789","level":"INFO","node":3,"msg":"Sent consensus vote to node 2"}
{"time":"2026-07-22 11:29:31,071","level":"INFO","node":3,"msg":"Forwarded to http://127.0.0.1:8000"}
{"time":"2026-07-22 11:29:40,765","level":"INFO","node":3,"msg":"Prediction agreement with node 0 round=1: A=0.995"}
{"time":"2026-07-22 11:29:40,765","level":"INFO","node":3,"msg":"Consensus vote recorded: node 0 decision=True reason=zkp_ok round=1 new=True satisfied=True"}
{"time":"2026-07-22 11:29:46,885","level":"INFO","node":3,"msg":"Synced weights from master for round 1"}
{"time":"2026-07-22 11:29:46,905","level":"INFO","node":3,"msg":"Sent commit vote to node 1"}
{"time":"2026-07-22 11:29:53,052","level":"INFO","node":3,"msg":"Proposal received: round=2 origin=2 hash=637a79700411..."}
{"time":"2026-07-22 11:29:53,066","level":"INFO","node":3,"msg":"Consensus vote recorded: node 2 decision=True reason=zkp_ok round=2 new=True satisfied=False"}
{"time":"2026-07-22 11:29:53,069","level":"INFO","node":3,"msg":"Received update from node 2, round 2"}
{"time":"2026-07-22 11:30:02,661","level":"INFO","node":3,"msg":"ZKP ACCEPTED from node 2"}
{"time":"2026-07-22 11:30:02,665","level":"INFO","node":3,"msg":"Trust score for node 2: S=0.429 (Z=1.00 A=0.50 P=0.50 R=1.00) advisory only"}
{"time":"2026-07-22 11:30:02,678","level":"INFO","node":3,"msg":"Sent consensus vote to node 0"}
{"time":"2026-07-22 11:30:02,702","level":"INFO","node":3,"msg":"Sent consensus vote to node 1"}
{"time":"2026-07-22 11:30:02,715","level":"INFO","node":3,"msg":"Sent consensus vote to node 2"}
{"time":"2026-07-22 11:30:08,882","level":"INFO","node":3,"msg":"Forwarded to http://127.0.0.1:8000"}
{"time":"2026-07-22 11:30:18,577","level":"INFO","node":3,"msg":"Prediction agreement with node 0 round=2: A=0.873"}
{"time":"2026-07-22 11:30:18,578","level":"INFO","node":3,"msg":"Consensus vote recorded: node 0 decision=True reason=zkp_ok round=2 new=True satisfied=True"}
{"time":"2026-07-22 11:30:34,798","level":"INFO","node":3,"msg":"Prediction agreement with node 1 round=2: A=0.864"}
{"time":"2026-07-22 11:30:34,799","level":"INFO","node":3,"msg":"Consensus vote recorded: node 1 decision=True reason=zkp_ok round=2 new=True satisfied=True"}
{"time":"2026-07-22 11:30:41,065","level":"INFO","node":3,"msg":"Synced weights from master for round 2"}
{"time":"2026-07-22 11:30:41,072","level":"INFO","node":3,"msg":"Sent commit vote to node 2"}
{"time":"2026-07-22 11:30:41,086","level":"INFO","node":3,"msg":"My turn — starting round 4 as proposer."}
{"time":"2026-07-22 11:30:41,086","level":"INFO","node":3,"msg":"Starting round 4"}
{"time":"2026-07-22 11:30:47,386","level":"INFO","node":3,"msg":"Sent proposal to node 0"}
{"time":"2026-07-22 11:30:47,406","level":"INFO","node":3,"msg":"Sent proposal to node 1"}
{"time":"2026-07-22 11:30:47,421","level":"INFO","node":3,"msg":"Sent proposal to node 2"}
{"time":"2026-07-22 11:30:47,429","level":"INFO","node":3,"msg":"Sent consensus vote to node 0"}
{"time":"2026-07-22 11:30:47,433","level":"INFO","node":3,"msg":"Sent consensus vote to node 1"}
{"time":"2026-07-22 11:30:47,436","level":"INFO","node":3,"msg":"Sent consensus vote to node 2"}
{"time":"2026-07-22 11:30:47,440","level":"INFO","node":3,"msg":"Forwarded to http://127.0.0.1:8000"}
{"time":"2026-07-22 11:30:57,274","level":"INFO","node":3,"msg":"Consensus vote recorded: node 0 decision=True reason=zkp_ok round=3 new=True satisfied=False"}
{"time":"2026-07-22 11:31:13,159","level":"INFO","node":3,"msg":"Consensus vote recorded: node 1 decision=True reason=zkp_ok round=3 new=True satisfied=True"}
{"time":"2026-07-22 11:31:29,242","level":"INFO","node":3,"msg":"Consensus vote recorded: node 2 decision=True reason=zkp_ok round=3 new=True satisfied=True"}
{"time":"2026-07-22 11:31:35,316","level":"INFO","node":3,"msg":"Received update from node 2, round 3"}
{"time":"2026-07-22 11:31:35,316","level":"INFO","node":3,"msg":"Round 4 complete — aggregating"}
{"time":"2026-07-22 11:31:35,332","level":"INFO","node":3,"msg":"Round 4 accuracy gate skipped (warm-up period, candidate_acc=0.6818)"}
{"time":"2026-07-22 11:31:35,373","level":"INFO","node":3,"msg":"Commit vote recorded: node 0 decision=True round=3 satisfied=False"}
{"time":"2026-07-22 11:31:35,377","level":"INFO","node":3,"msg":"Broadcast weights to node 0"}
{"time":"2026-07-22 11:31:35,413","level":"INFO","node":3,"msg":"Commit vote recorded: node 1 decision=True round=3 satisfied=True"}
{"time":"2026-07-22 11:31:35,413","level":"INFO","node":3,"msg":"Round 4 COMMITTED — model hash agreed by [3, 0, 1]"}
{"time":"2026-07-22 11:31:35,415","level":"INFO","node":3,"msg":"Commit certificate saved to C:\Users\mousu\OneDrive\Desktop\Set A\securefedhe\dashboard\certificates\round_3.json"}
{"time":"2026-07-22 11:31:35,417","level":"INFO","node":3,"msg":"Broadcast weights to node 1"}
{"time":"2026-07-22 11:31:35,449","level":"INFO","node":3,"msg":"Commit vote recorded: node 2 decision=True round=3 satisfied=True"}
{"time":"2026-07-22 11:31:35,453","level":"INFO","node":3,"msg":"Broadcast weights to node 2"}
{"time":"2026-07-22 11:31:35,460","level":"INFO","node":3,"msg":"Checkpoint saved to C:\Users\mousu\OneDrive\Desktop\Set A\securefedhe\dashboard\model_latest.pt"}
{"time":"2026-07-22 11:31:35,460","level":"INFO","node":3,"msg":"Round 4 complete | accuracy=0.6818 | duration=54.37s"}
{"time":"2026-07-22 11:31:35,460","level":"INFO","node":3,"msg":"Round 5 belongs to node 0 — waiting for their proposal."}
{"time":"2026-07-22 11:31:35,468","level":"INFO","node":3,"msg":"Notified next proposer to node 0"}
{"time":"2026-07-22 11:31:35,469","level":"INFO","node":3,"msg":"[WATCHDOG SPAWNED] round=4 expected_proposer=0 timeout_s=600 spawned_at=11:31:35"}
{"time":"2026-07-22 11:31:41,560","level":"INFO","node":3,"msg":"Proposal received: round=4 origin=0 hash=4a5a83383c01..."}
{"time":"2026-07-22 11:31:41,590","level":"INFO","node":3,"msg":"Consensus vote recorded: node 0 decision=True reason=zkp_ok round=4 new=True satisfied=False"}
{"time":"2026-07-22 11:31:51,467","level":"INFO","node":3,"msg":"Consensus vote recorded: node 1 decision=True reason=zkp_ok round=4 new=True satisfied=False"}
{"time":"2026-07-22 11:32:07,350","level":"INFO","node":3,"msg":"Consensus vote recorded: node 2 decision=True reason=zkp_ok round=4 new=True satisfied=True"}
{"time":"2026-07-22 11:32:13,482","level":"INFO","node":3,"msg":"Received update from node 2, round 4"}
{"time":"2026-07-22 11:32:23,294","level":"INFO","node":3,"msg":"ZKP ACCEPTED from node 2"}
{"time":"2026-07-22 11:32:23,297","level":"INFO","node":3,"msg":"Per-class agreement with node 0: class0=0.823 class1=0.870 gap=0.047"}
{"time":"2026-07-22 11:32:23,297","level":"INFO","node":3,"msg":"Per-class rolling gap for node 0: mean=0.047 over last 1 round(s)"}
{"time":"2026-07-22 11:32:23,300","level":"INFO","node":3,"msg":"Trust score for node 0: S=0.718 (Z=1.00 A=0.84 P=0.50 R=1.00) advisory only"}
{"time":"2026-07-22 11:32:23,333","level":"INFO","node":3,"msg":"Sent consensus vote to node 0"}
{"time":"2026-07-22 11:32:23,358","level":"INFO","node":3,"msg":"Sent consensus vote to node 1"}
{"time":"2026-07-22 11:32:23,390","level":"INFO","node":3,"msg":"Sent consensus vote to node 2"}
{"time":"2026-07-22 11:32:29,414","level":"INFO","node":3,"msg":"Forwarded to http://127.0.0.1:8000"}
{"time":"2026-07-22 11:32:29,541","level":"INFO","node":3,"msg":"Synced weights from master for round 4"}
{"time":"2026-07-22 11:32:29,548","level":"INFO","node":3,"msg":"Sent commit vote to node 0"}
{"time":"2026-07-22 11:32:35,993","level":"INFO","node":3,"msg":"Proposal received: round=5 origin=1 hash=338263fc2abc..."}
{"time":"2026-07-22 11:32:36,027","level":"INFO","node":3,"msg":"Consensus vote recorded: node 1 decision=True reason=zkp_ok round=5 new=True satisfied=False"}
{"time":"2026-07-22 11:32:45,799","level":"INFO","node":3,"msg":"Consensus vote recorded: node 2 decision=True reason=zkp_ok round=5 new=True satisfied=False"}
{"time":"2026-07-22 11:32:51,946","level":"INFO","node":3,"msg":"Received update from node 2, round 5"}
{"time":"2026-07-22 11:33:01,759","level":"INFO","node":3,"msg":"ZKP ACCEPTED from node 2"}
{"time":"2026-07-22 11:33:01,767","level":"INFO","node":3,"msg":"Per-class agreement with node 1: class0=0.816 class1=0.908 gap=0.092"}
{"time":"2026-07-22 11:33:01,767","level":"INFO","node":3,"msg":"Per-class rolling gap for node 1: mean=0.092 over last 1 round(s)"}
{"time":"2026-07-22 11:33:01,769","level":"INFO","node":3,"msg":"Trust score for node 1: S=0.725 (Z=1.00 A=0.85 P=0.50 R=1.00) advisory only"}
{"time":"2026-07-22 11:33:01,798","level":"INFO","node":3,"msg":"Sent consensus vote to node 0"}
{"time":"2026-07-22 11:33:01,820","level":"INFO","node":3,"msg":"Sent consensus vote to node 1"}
{"time":"2026-07-22 11:33:01,852","level":"INFO","node":3,"msg":"Sent consensus vote to node 2"}
{"time":"2026-07-22 11:33:08,058","level":"INFO","node":3,"msg":"Forwarded to http://127.0.0.1:8000"}
{"time":"2026-07-22 11:33:17,947","level":"INFO","node":3,"msg":"Prediction agreement with node 0 round=5: A=0.980"}
{"time":"2026-07-22 11:33:17,959","level":"INFO","node":3,"msg":"Consensus vote recorded: node 0 decision=True reason=zkp_ok round=5 new=True satisfied=True"}
{"time":"2026-07-22 11:33:24,547","level":"INFO","node":3,"msg":"Synced weights from master for round 5"}
{"time":"2026-07-22 11:33:24,571","level":"INFO","node":3,"msg":"Sent commit vote to node 1"}
{"time":"2026-07-22 11:33:30,929","level":"INFO","node":3,"msg":"Proposal received: round=6 origin=2 hash=b55ea0fab559..."}
{"time":"2026-07-22 11:33:30,946","level":"INFO","node":3,"msg":"Consensus vote recorded: node 2 decision=True reason=zkp_ok round=6 new=True satisfied=False"}
{"time":"2026-07-22 11:33:30,951","level":"INFO","node":3,"msg":"Received update from node 2, round 6"}
{"time":"2026-07-22 11:33:40,985","level":"INFO","node":3,"msg":"ZKP ACCEPTED from node 2"}
{"time":"2026-07-22 11:33:40,985","level":"WARNING","node":3,"msg":"[STALE-UPDATE CHECK] node 3 observed node 2 resending identical slack (262119) as last round — REJECTING as replayed/stale update"}
{"time":"2026-07-22 11:33:40,989","level":"INFO","node":3,"msg":"Per-class agreement with node 2: class0=0.955 class1=0.918 gap=0.037"}
{"time":"2026-07-22 11:33:40,991","level":"INFO","node":3,"msg":"Per-class rolling gap for node 2: mean=0.037 over last 1 round(s)"}
{"time":"2026-07-22 11:33:40,991","level":"INFO","node":3,"msg":"Trust score for node 2: S=0.808 (Z=1.00 A=0.94 P=0.50 R=1.00) advisory only"}
{"time":"2026-07-22 11:33:41,028","level":"INFO","node":3,"msg":"Sent consensus vote to node 0"}
{"time":"2026-07-22 11:33:41,063","level":"INFO","node":3,"msg":"Sent consensus vote to node 1"}
{"time":"2026-07-22 11:33:41,097","level":"INFO","node":3,"msg":"Sent consensus vote to node 2"}
{"time":"2026-07-22 11:33:47,148","level":"INFO","node":3,"msg":"Forwarded to http://127.0.0.1:8000"}
{"time":"2026-07-22 11:33:56,900","level":"INFO","node":3,"msg":"Prediction agreement with node 0 round=6: A=0.933"}
{"time":"2026-07-22 11:33:56,900","level":"INFO","node":3,"msg":"Consensus vote recorded: node 0 decision=True reason=zkp_ok round=6 new=True satisfied=True"}
{"time":"2026-07-22 11:34:13,025","level":"INFO","node":3,"msg":"Prediction agreement with node 1 round=6: A=0.927"}
{"time":"2026-07-22 11:34:13,025","level":"INFO","node":3,"msg":"Consensus vote recorded: node 1 decision=True reason=zkp_ok round=6 new=True satisfied=True"}
{"time":"2026-07-22 11:34:19,462","level":"INFO","node":3,"msg":"Synced weights from master for round 6"}
{"time":"2026-07-22 11:34:19,485","level":"INFO","node":3,"msg":"Sent commit vote to node 2"}
{"time":"2026-07-22 11:34:19,490","level":"INFO","node":3,"msg":"My turn — starting round 8 as proposer."}
{"time":"2026-07-22 11:34:19,490","level":"INFO","node":3,"msg":"Starting round 8"}
{"time":"2026-07-22 11:34:25,875","level":"INFO","node":3,"msg":"Sent proposal to node 0"}
{"time":"2026-07-22 11:34:25,893","level":"INFO","node":3,"msg":"Sent proposal to node 1"}
{"time":"2026-07-22 11:34:25,918","level":"INFO","node":3,"msg":"Sent proposal to node 2"}
{"time":"2026-07-22 11:34:25,926","level":"INFO","node":3,"msg":"Sent consensus vote to node 0"}
{"time":"2026-07-22 11:34:25,933","level":"INFO","node":3,"msg":"Sent consensus vote to node 1"}
{"time":"2026-07-22 11:34:25,940","level":"INFO","node":3,"msg":"Sent consensus vote to node 2"}
{"time":"2026-07-22 11:34:25,948","level":"INFO","node":3,"msg":"Forwarded to http://127.0.0.1:8000"}
{"time":"2026-07-22 11:34:35,850","level":"INFO","node":3,"msg":"Consensus vote recorded: node 0 decision=True reason=zkp_ok round=7 new=True satisfied=False"}
{"time":"2026-07-22 11:34:51,824","level":"INFO","node":3,"msg":"Consensus vote recorded: node 1 decision=True reason=zkp_ok round=7 new=True satisfied=True"}
{"time":"2026-07-22 11:35:07,936","level":"INFO","node":3,"msg":"Consensus vote recorded: node 2 decision=True reason=zkp_ok round=7 new=True satisfied=True"}
{"time":"2026-07-22 11:35:14,507","level":"INFO","node":3,"msg":"Received update from node 2, round 7"}
{"time":"2026-07-22 11:35:14,509","level":"INFO","node":3,"msg":"Round 8 complete — aggregating"}
{"time":"2026-07-22 11:35:14,578","level":"INFO","node":3,"msg":"[BACKDOOR PROBE] Round 8 clean — worst case flip_rate=1.000 jump=0.064 (feature=0, value=-4.0)"}
{"time":"2026-07-22 11:35:14,612","level":"INFO","node":3,"msg":"Commit vote recorded: node 0 decision=True round=7 satisfied=False"}
{"time":"2026-07-22 11:35:14,619","level":"INFO","node":3,"msg":"Broadcast weights to node 0"}
{"time":"2026-07-22 11:35:14,643","level":"INFO","node":3,"msg":"Commit vote recorded: node 1 decision=True round=7 satisfied=True"}
{"time":"2026-07-22 11:35:14,645","level":"INFO","node":3,"msg":"Round 8 COMMITTED — model hash agreed by [3, 0, 1]"}
{"time":"2026-07-22 11:35:14,645","level":"INFO","node":3,"msg":"Commit certificate saved to C:\Users\mousu\OneDrive\Desktop\Set A\securefedhe\dashboard\certificates\round_7.json"}
{"time":"2026-07-22 11:35:14,648","level":"INFO","node":3,"msg":"Broadcast weights to node 1"}
{"time":"2026-07-22 11:35:14,678","level":"INFO","node":3,"msg":"Commit vote recorded: node 2 decision=True round=7 satisfied=True"}
{"time":"2026-07-22 11:35:14,680","level":"INFO","node":3,"msg":"Broadcast weights to node 2"}
{"time":"2026-07-22 11:35:14,683","level":"INFO","node":3,"msg":"Checkpoint saved to C:\Users\mousu\OneDrive\Desktop\Set A\securefedhe\dashboard\model_latest.pt"}
{"time":"2026-07-22 11:35:14,683","level":"INFO","node":3,"msg":"Round 8 complete | accuracy=0.7091 | duration=55.19s"}
{"time":"2026-07-22 11:35:14,683","level":"INFO","node":3,"msg":"Round 9 belongs to node 0 — waiting for their proposal."}
{"time":"2026-07-22 11:35:14,687","level":"INFO","node":3,"msg":"Notified next proposer to node 0"}
{"time":"2026-07-22 11:35:14,690","level":"INFO","node":3,"msg":"[WATCHDOG SPAWNED] round=8 expected_proposer=0 timeout_s=600 spawned_at=11:35:14"}
{"time":"2026-07-22 11:35:20,994","level":"INFO","node":3,"msg":"Proposal received: round=8 origin=0 hash=67f5b0acfda2..."}
{"time":"2026-07-22 11:35:21,019","level":"INFO","node":3,"msg":"Consensus vote recorded: node 0 decision=True reason=zkp_ok round=8 new=True satisfied=False"}
{"time":"2026-07-22 11:35:30,934","level":"INFO","node":3,"msg":"Consensus vote recorded: node 1 decision=True reason=zkp_ok round=8 new=True satisfied=False"}
{"time":"2026-07-22 11:35:47,201","level":"INFO","node":3,"msg":"Consensus vote recorded: node 2 decision=True reason=zkp_ok round=8 new=True satisfied=True"}
{"time":"2026-07-22 11:35:53,377","level":"INFO","node":3,"msg":"Received update from node 2, round 8"}
{"time":"2026-07-22 11:36:03,175","level":"INFO","node":3,"msg":"ZKP ACCEPTED from node 2"}
{"time":"2026-07-22 11:36:03,175","level":"INFO","node":3,"msg":"fc_in col7 delta self-cosine for node 0: 0.7516 (delta_norm=0.3523)"}
{"time":"2026-07-22 11:36:03,175","level":"INFO","node":3,"msg":"Per-class agreement with node 0: class0=0.977 class1=0.960 gap=0.017"}
{"time":"2026-07-22 11:36:03,175","level":"INFO","node":3,"msg":"Per-class rolling gap for node 0: mean=0.032 over last 2 round(s)"}
{"time":"2026-07-22 11:36:03,175","level":"INFO","node":3,"msg":"Trust score for node 0: S=0.833 (Z=1.00 A=0.97 P=0.50 R=1.00) advisory only"}
{"time":"2026-07-22 11:36:03,215","level":"INFO","node":3,"msg":"Sent consensus vote to node 0"}
{"time":"2026-07-22 11:36:03,225","level":"INFO","node":3,"msg":"Sent consensus vote to node 1"}
{"time":"2026-07-22 11:36:03,240","level":"INFO","node":3,"msg":"Sent consensus vote to node 2"}
{"time":"2026-07-22 11:36:09,359","level":"INFO","node":3,"msg":"Forwarded to http://127.0.0.1:8000"}
{"time":"2026-07-22 11:36:09,462","level":"INFO","node":3,"msg":"Synced weights from master for round 8"}
{"time":"2026-07-22 11:36:09,471","level":"INFO","node":3,"msg":"Sent commit vote to node 0"}
{"time":"2026-07-22 11:36:15,954","level":"INFO","node":3,"msg":"Proposal received: round=9 origin=1 hash=3773e70f35fa..."}
{"time":"2026-07-22 11:36:15,974","level":"INFO","node":3,"msg":"Consensus vote recorded: node 1 decision=True reason=zkp_ok round=9 new=True satisfied=False"}
{"time":"2026-07-22 11:36:25,893","level":"INFO","node":3,"msg":"Consensus vote recorded: node 2 decision=True reason=zkp_ok round=9 new=True satisfied=False"}
{"time":"2026-07-22 11:36:32,064","level":"INFO","node":3,"msg":"Received update from node 2, round 9"}
{"time":"2026-07-22 11:36:41,681","level":"INFO","node":3,"msg":"ZKP ACCEPTED from node 2"}
{"time":"2026-07-22 11:36:41,681","level":"INFO","node":3,"msg":"fc_in col7 delta self-cosine for node 1: 0.6810 (delta_norm=0.2625)"}
{"time":"2026-07-22 11:36:41,681","level":"INFO","node":3,"msg":"Per-class agreement with node 1: class0=0.978 class1=0.964 gap=0.014"}
{"time":"2026-07-22 11:36:41,681","level":"INFO","node":3,"msg":"Per-class rolling gap for node 1: mean=0.053 over last 2 round(s)"}
{"time":"2026-07-22 11:36:41,681","level":"INFO","node":3,"msg":"Trust score for node 1: S=0.835 (Z=1.00 A=0.97 P=0.50 R=1.00) advisory only"}
{"time":"2026-07-22 11:36:41,699","level":"INFO","node":3,"msg":"Sent consensus vote to node 0"}
{"time":"2026-07-22 11:36:41,707","level":"INFO","node":3,"msg":"Sent consensus vote to node 1"}
{"time":"2026-07-22 11:36:41,719","level":"INFO","node":3,"msg":"Sent consensus vote to node 2"}
{"time":"2026-07-22 11:36:47,820","level":"INFO","node":3,"msg":"Forwarded to http://127.0.0.1:8000"}
{"time":"2026-07-22 11:36:57,432","level":"INFO","node":3,"msg":"Prediction agreement with node 0 round=9: A=0.986"}
{"time":"2026-07-22 11:36:57,433","level":"INFO","node":3,"msg":"Consensus vote recorded: node 0 decision=True reason=zkp_ok round=9 new=True satisfied=True"}
{"time":"2026-07-22 11:37:03,638","level":"INFO","node":3,"msg":"Synced weights from master for round 9"}
{"time":"2026-07-22 11:37:03,661","level":"INFO","node":3,"msg":"Sent commit vote to node 1"}
{"time":"2026-07-22 11:37:09,874","level":"INFO","node":3,"msg":"Proposal received: round=10 origin=2 hash=c551274afe08..."}
{"time":"2026-07-22 11:37:09,895","level":"INFO","node":3,"msg":"Consensus vote recorded: node 2 decision=True reason=zkp_ok round=10 new=True satisfied=False"}
{"time":"2026-07-22 11:37:09,901","level":"INFO","node":3,"msg":"Received update from node 2, round 10"}
{"time":"2026-07-22 11:37:19,743","level":"INFO","node":3,"msg":"ZKP ACCEPTED from node 2"}
{"time":"2026-07-22 11:37:19,743","level":"WARNING","node":3,"msg":"[STALE-UPDATE CHECK] node 3 observed node 2 resending identical slack (262119) as last round — REJECTING as replayed/stale update"}
{"time":"2026-07-22 11:37:19,743","level":"INFO","node":3,"msg":"fc_in col7 delta self-cosine for node 2: -0.6288 (delta_norm=0.1916)"}
{"time":"2026-07-22 11:37:19,750","level":"INFO","node":3,"msg":"Per-class agreement with node 2: class0=0.942 class1=0.923 gap=0.019"}
{"time":"2026-07-22 11:37:19,750","level":"INFO","node":3,"msg":"Per-class rolling gap for node 2: mean=0.028 over last 2 round(s)"}
{"time":"2026-07-22 11:37:19,756","level":"INFO","node":3,"msg":"Trust score for node 2: S=0.778 (Z=1.00 A=0.94 P=0.41 R=1.00) advisory only"}
{"time":"2026-07-22 11:37:19,789","level":"INFO","node":3,"msg":"Sent consensus vote to node 0"}
{"time":"2026-07-22 11:37:19,802","level":"INFO","node":3,"msg":"Sent consensus vote to node 1"}
{"time":"2026-07-22 11:37:19,825","level":"INFO","node":3,"msg":"Sent consensus vote to node 2"}
{"time":"2026-07-22 11:37:25,983","level":"INFO","node":3,"msg":"Forwarded to http://127.0.0.1:8000"}
{"time":"2026-07-22 11:37:35,701","level":"INFO","node":3,"msg":"Prediction agreement with node 0 round=10: A=0.943"}
{"time":"2026-07-22 11:37:35,701","level":"INFO","node":3,"msg":"Consensus vote recorded: node 0 decision=True reason=zkp_ok round=10 new=True satisfied=True"}
{"time":"2026-07-22 11:37:51,369","level":"INFO","node":3,"msg":"Prediction agreement with node 1 round=10: A=0.936"}
{"time":"2026-07-22 11:37:51,369","level":"INFO","node":3,"msg":"Consensus vote recorded: node 1 decision=True reason=zkp_ok round=10 new=True satisfied=True"}
{"time":"2026-07-22 11:37:57,618","level":"INFO","node":3,"msg":"Synced weights from master for round 10"}
{"time":"2026-07-22 11:37:57,634","level":"INFO","node":3,"msg":"Sent commit vote to node 2"}
{"time":"2026-07-22 11:37:57,639","level":"INFO","node":3,"msg":"My turn — starting round 12 as proposer."}
{"time":"2026-07-22 11:37:57,640","level":"INFO","node":3,"msg":"Starting round 12"}
{"time":"2026-07-22 11:38:03,888","level":"INFO","node":3,"msg":"Sent proposal to node 0"}
{"time":"2026-07-22 11:38:03,905","level":"INFO","node":3,"msg":"Sent proposal to node 1"}
{"time":"2026-07-22 11:38:03,910","level":"INFO","node":3,"msg":"Sent proposal to node 2"}
{"time":"2026-07-22 11:38:03,921","level":"INFO","node":3,"msg":"Sent consensus vote to node 0"}
{"time":"2026-07-22 11:38:03,925","level":"INFO","node":3,"msg":"Sent consensus vote to node 1"}
{"time":"2026-07-22 11:38:03,929","level":"INFO","node":3,"msg":"Sent consensus vote to node 2"}
{"time":"2026-07-22 11:38:03,936","level":"INFO","node":3,"msg":"Forwarded to http://127.0.0.1:8000"}
{"time":"2026-07-22 11:38:13,705","level":"INFO","node":3,"msg":"Consensus vote recorded: node 0 decision=True reason=zkp_ok round=11 new=True satisfied=False"}
{"time":"2026-07-22 11:38:29,564","level":"INFO","node":3,"msg":"Consensus vote recorded: node 1 decision=True reason=zkp_ok round=11 new=True satisfied=True"}
{"time":"2026-07-22 11:38:45,581","level":"INFO","node":3,"msg":"Consensus vote recorded: node 2 decision=True reason=zkp_ok round=11 new=True satisfied=True"}
{"time":"2026-07-22 11:38:51,660","level":"INFO","node":3,"msg":"Received update from node 2, round 11"}
{"time":"2026-07-22 11:38:51,660","level":"INFO","node":3,"msg":"Round 12 complete — aggregating"}
{"time":"2026-07-22 11:38:51,689","level":"INFO","node":3,"msg":"[BACKDOOR PROBE] Round 12 clean — worst case flip_rate=1.000 jump=0.118 (feature=0, value=-4.0)"}
{"time":"2026-07-22 11:38:51,733","level":"INFO","node":3,"msg":"Commit vote recorded: node 0 decision=True round=11 satisfied=False"}
{"time":"2026-07-22 11:38:51,736","level":"INFO","node":3,"msg":"Broadcast weights to node 0"}
{"time":"2026-07-22 11:38:51,767","level":"INFO","node":3,"msg":"Commit vote recorded: node 1 decision=True round=11 satisfied=True"}
{"time":"2026-07-22 11:38:51,768","level":"INFO","node":3,"msg":"Round 12 COMMITTED — model hash agreed by [3, 0, 1]"}
{"time":"2026-07-22 11:38:51,769","level":"INFO","node":3,"msg":"Commit certificate saved to C:\Users\mousu\OneDrive\Desktop\Set A\securefedhe\dashboard\certificates\round_11.json"}
{"time":"2026-07-22 11:38:51,772","level":"INFO","node":3,"msg":"Broadcast weights to node 1"}
{"time":"2026-07-22 11:38:51,795","level":"INFO","node":3,"msg":"Commit vote recorded: node 2 decision=True round=11 satisfied=True"}
{"time":"2026-07-22 11:38:51,797","level":"INFO","node":3,"msg":"Broadcast weights to node 2"}
{"time":"2026-07-22 11:38:51,799","level":"INFO","node":3,"msg":"Checkpoint saved to C:\Users\mousu\OneDrive\Desktop\Set A\securefedhe\dashboard\model_latest.pt"}
{"time":"2026-07-22 11:38:51,799","level":"INFO","node":3,"msg":"Round 12 complete | accuracy=0.7636 | duration=54.16s"}
{"time":"2026-07-22 11:38:51,800","level":"INFO","node":3,"msg":"Round 13 belongs to node 0 — waiting for their proposal."}
{"time":"2026-07-22 11:38:51,804","level":"INFO","node":3,"msg":"Notified next proposer to node 0"}
{"time":"2026-07-22 11:38:51,804","level":"INFO","node":3,"msg":"[WATCHDOG SPAWNED] round=12 expected_proposer=0 timeout_s=600 spawned_at=11:38:51"}
{"time":"2026-07-22 11:38:58,072","level":"INFO","node":3,"msg":"Proposal received: round=12 origin=0 hash=6bb51cd3ea48..."}
{"time":"2026-07-22 11:38:58,094","level":"INFO","node":3,"msg":"Consensus vote recorded: node 0 decision=True reason=zkp_ok round=12 new=True satisfied=False"}
{"time":"2026-07-22 11:39:08,026","level":"INFO","node":3,"msg":"Consensus vote recorded: node 1 decision=True reason=zkp_ok round=12 new=True satisfied=False"}
{"time":"2026-07-22 11:39:24,433","level":"INFO","node":3,"msg":"Consensus vote recorded: node 2 decision=True reason=zkp_ok round=12 new=True satisfied=True"}
{"time":"2026-07-22 11:39:30,469","level":"INFO","node":3,"msg":"Received update from node 2, round 12"}
{"time":"2026-07-22 11:39:40,188","level":"INFO","node":3,"msg":"ZKP ACCEPTED from node 2"}
{"time":"2026-07-22 11:39:40,188","level":"INFO","node":3,"msg":"fc_in col7 delta self-cosine for node 0: 0.5265 (delta_norm=0.1978)"}
{"time":"2026-07-22 11:39:40,189","level":"INFO","node":3,"msg":"Per-class agreement with node 0: class0=0.974 class1=0.983 gap=0.009"}
{"time":"2026-07-22 11:39:40,193","level":"INFO","node":3,"msg":"Per-class rolling gap for node 0: mean=0.024 over last 3 round(s)"}
{"time":"2026-07-22 11:39:40,196","level":"INFO","node":3,"msg":"Trust score for node 0: S=0.817 (Z=1.00 A=0.98 P=0.43 R=1.00) advisory only"}
{"time":"2026-07-22 11:39:40,208","level":"INFO","node":3,"msg":"Sent consensus vote to node 0"}
{"time":"2026-07-22 11:39:40,236","level":"INFO","node":3,"msg":"Sent consensus vote to node 1"}
{"time":"2026-07-22 11:39:40,269","level":"INFO","node":3,"msg":"Sent consensus vote to node 2"}
{"time":"2026-07-22 11:39:46,490","level":"INFO","node":3,"msg":"Forwarded to http://127.0.0.1:8000"}
{"time":"2026-07-22 11:39:46,622","level":"INFO","node":3,"msg":"Synced weights from master for round 12"}
{"time":"2026-07-22 11:39:46,631","level":"INFO","node":3,"msg":"Sent commit vote to node 0"}
{"time":"2026-07-22 11:39:53,042","level":"INFO","node":3,"msg":"Proposal received: round=13 origin=1 hash=53c917b6bf35..."}
{"time":"2026-07-22 11:39:53,061","level":"INFO","node":3,"msg":"Consensus vote recorded: node 1 decision=True reason=zkp_ok round=13 new=True satisfied=False"}
{"time":"2026-07-22 11:40:02,872","level":"INFO","node":3,"msg":"Consensus vote recorded: node 2 decision=True reason=zkp_ok round=13 new=True satisfied=False"}
{"time":"2026-07-22 11:40:09,019","level":"INFO","node":3,"msg":"Received update from node 2, round 13"}
{"time":"2026-07-22 11:40:18,803","level":"INFO","node":3,"msg":"ZKP ACCEPTED from node 2"}
{"time":"2026-07-22 11:40:18,803","level":"INFO","node":3,"msg":"fc_in col7 delta self-cosine for node 1: 0.3494 (delta_norm=0.1736)"}
{"time":"2026-07-22 11:40:18,808","level":"INFO","node":3,"msg":"Per-class agreement with node 1: class0=0.984 class1=0.986 gap=0.002"}
{"time":"2026-07-22 11:40:18,808","level":"INFO","node":3,"msg":"Per-class rolling gap for node 1: mean=0.036 over last 3 round(s)"}
{"time":"2026-07-22 11:40:18,810","level":"INFO","node":3,"msg":"Trust score for node 1: S=0.814 (Z=1.00 A=0.99 P=0.39 R=1.00) advisory only"}
{"time":"2026-07-22 11:40:18,832","level":"INFO","node":3,"msg":"Sent consensus vote to node 0"}
{"time":"2026-07-22 11:40:18,860","level":"INFO","node":3,"msg":"Sent consensus vote to node 1"}
{"time":"2026-07-22 11:40:18,877","level":"INFO","node":3,"msg":"Sent consensus vote to node 2"}
{"time":"2026-07-22 11:40:24,962","level":"INFO","node":3,"msg":"Forwarded to http://127.0.0.1:8000"}
{"time":"2026-07-22 11:40:34,729","level":"INFO","node":3,"msg":"Prediction agreement with node 0 round=13: A=0.988"}
{"time":"2026-07-22 11:40:34,729","level":"INFO","node":3,"msg":"Consensus vote recorded: node 0 decision=True reason=zkp_ok round=13 new=True satisfied=True"}
{"time":"2026-07-22 11:40:40,948","level":"INFO","node":3,"msg":"Synced weights from master for round 13"}
{"time":"2026-07-22 11:40:40,968","level":"INFO","node":3,"msg":"Sent commit vote to node 1"}
{"time":"2026-07-22 11:40:47,156","level":"INFO","node":3,"msg":"Proposal received: round=14 origin=2 hash=4ee3c13400c0..."}
{"time":"2026-07-22 11:40:47,191","level":"INFO","node":3,"msg":"Consensus vote recorded: node 2 decision=True reason=zkp_ok round=14 new=True satisfied=False"}
{"time":"2026-07-22 11:40:47,195","level":"INFO","node":3,"msg":"Received update from node 2, round 14"}
{"time":"2026-07-22 11:40:56,950","level":"INFO","node":3,"msg":"ZKP ACCEPTED from node 2"}
{"time":"2026-07-22 11:40:56,950","level":"WARNING","node":3,"msg":"[STALE-UPDATE CHECK] node 3 observed node 2 resending identical slack (262119) as last round — REJECTING as replayed/stale update"}
{"time":"2026-07-22 11:40:56,950","level":"INFO","node":3,"msg":"fc_in col7 delta self-cosine for node 2: -0.5499 (delta_norm=0.1907)"}
{"time":"2026-07-22 11:40:56,950","level":"INFO","node":3,"msg":"Per-class agreement with node 2: class0=0.983 class1=0.976 gap=0.006"}
{"time":"2026-07-22 11:40:56,950","level":"INFO","node":3,"msg":"Per-class rolling gap for node 2: mean=0.021 over last 3 round(s)"}
{"time":"2026-07-22 11:40:56,956","level":"INFO","node":3,"msg":"Trust score for node 2: S=0.790 (Z=1.00 A=0.98 P=0.32 R=1.00) advisory only"}
{"time":"2026-07-22 11:40:56,987","level":"INFO","node":3,"msg":"Sent consensus vote to node 0"}
{"time":"2026-07-22 11:40:57,008","level":"INFO","node":3,"msg":"Sent consensus vote to node 1"}
{"time":"2026-07-22 11:40:57,034","level":"INFO","node":3,"msg":"Sent consensus vote to node 2"}
{"time":"2026-07-22 11:41:03,188","level":"INFO","node":3,"msg":"Forwarded to http://127.0.0.1:8000"}
{"time":"2026-07-22 11:41:12,985","level":"INFO","node":3,"msg":"Prediction agreement with node 0 round=14: A=0.940"}
{"time":"2026-07-22 11:41:12,986","level":"INFO","node":3,"msg":"Consensus vote recorded: node 0 decision=True reason=zkp_ok round=14 new=True satisfied=True"}
{"time":"2026-07-22 11:41:29,042","level":"INFO","node":3,"msg":"Prediction agreement with node 1 round=14: A=0.933"}
{"time":"2026-07-22 11:41:29,042","level":"INFO","node":3,"msg":"Consensus vote recorded: node 1 decision=True reason=zkp_ok round=14 new=True satisfied=True"}
{"time":"2026-07-22 11:41:35,408","level":"INFO","node":3,"msg":"Synced weights from master for round 14"}
{"time":"2026-07-22 11:41:35,433","level":"INFO","node":3,"msg":"Sent commit vote to node 2"}
{"time":"2026-07-22 11:41:35,439","level":"INFO","node":3,"msg":"My turn — starting round 16 as proposer."}
{"time":"2026-07-22 11:41:35,439","level":"INFO","node":3,"msg":"Starting round 16"}
{"time":"2026-07-22 11:41:41,728","level":"INFO","node":3,"msg":"Sent proposal to node 0"}
{"time":"2026-07-22 11:41:41,740","level":"INFO","node":3,"msg":"Sent proposal to node 1"}
{"time":"2026-07-22 11:41:41,744","level":"INFO","node":3,"msg":"Sent proposal to node 2"}
{"time":"2026-07-22 11:41:41,752","level":"INFO","node":3,"msg":"Sent consensus vote to node 0"}
{"time":"2026-07-22 11:41:41,756","level":"INFO","node":3,"msg":"Sent consensus vote to node 1"}
{"time":"2026-07-22 11:41:41,759","level":"INFO","node":3,"msg":"Sent consensus vote to node 2"}
{"time":"2026-07-22 11:41:41,767","level":"INFO","node":3,"msg":"Forwarded to http://127.0.0.1:8000"}
{"time":"2026-07-22 11:41:51,509","level":"INFO","node":3,"msg":"Consensus vote recorded: node 0 decision=True reason=zkp_ok round=15 new=True satisfied=False"}
{"time":"2026-07-22 11:42:07,596","level":"INFO","node":3,"msg":"Consensus vote recorded: node 1 decision=True reason=zkp_ok round=15 new=True satisfied=True"}
{"time":"2026-07-22 11:42:23,559","level":"INFO","node":3,"msg":"Consensus vote recorded: node 2 decision=True reason=zkp_ok round=15 new=True satisfied=True"}
{"time":"2026-07-22 11:42:29,687","level":"INFO","node":3,"msg":"Received update from node 2, round 15"}
{"time":"2026-07-22 11:42:29,687","level":"INFO","node":3,"msg":"Round 16 complete — aggregating"}
{"time":"2026-07-22 11:42:29,720","level":"INFO","node":3,"msg":"[BACKDOOR PROBE] Round 16 clean — worst case flip_rate=1.000 jump=0.127 (feature=0, value=-4.0)"}
{"time":"2026-07-22 11:42:29,747","level":"INFO","node":3,"msg":"Commit vote recorded: node 0 decision=True round=15 satisfied=False"}
{"time":"2026-07-22 11:42:29,747","level":"INFO","node":3,"msg":"Broadcast weights to node 0"}
{"time":"2026-07-22 11:42:29,762","level":"INFO","node":3,"msg":"Commit vote recorded: node 1 decision=True round=15 satisfied=True"}
{"time":"2026-07-22 11:42:29,763","level":"INFO","node":3,"msg":"Round 16 COMMITTED — model hash agreed by [3, 0, 1]"}
{"time":"2026-07-22 11:42:29,765","level":"INFO","node":3,"msg":"Commit certificate saved to C:\Users\mousu\OneDrive\Desktop\Set A\securefedhe\dashboard\certificates\round_15.json"}
{"time":"2026-07-22 11:42:29,769","level":"INFO","node":3,"msg":"Broadcast weights to node 1"}
{"time":"2026-07-22 11:42:29,800","level":"INFO","node":3,"msg":"Commit vote recorded: node 2 decision=True round=15 satisfied=True"}
{"time":"2026-07-22 11:42:29,802","level":"INFO","node":3,"msg":"Broadcast weights to node 2"}
{"time":"2026-07-22 11:42:29,804","level":"INFO","node":3,"msg":"Checkpoint saved to C:\Users\mousu\OneDrive\Desktop\Set A\securefedhe\dashboard\model_latest.pt"}
{"time":"2026-07-22 11:42:29,804","level":"INFO","node":3,"msg":"Round 16 complete | accuracy=0.7545 | duration=54.36s"}
{"time":"2026-07-22 11:42:29,804","level":"INFO","node":3,"msg":"Round 17 belongs to node 0 — waiting for their proposal."}
{"time":"2026-07-22 11:42:29,807","level":"INFO","node":3,"msg":"Notified next proposer to node 0"}
{"time":"2026-07-22 11:42:29,808","level":"INFO","node":3,"msg":"[WATCHDOG SPAWNED] round=16 expected_proposer=0 timeout_s=600 spawned_at=11:42:29"}
{"time":"2026-07-22 11:42:36,061","level":"INFO","node":3,"msg":"Proposal received: round=16 origin=0 hash=e7e9a582fc16..."}
{"time":"2026-07-22 11:42:36,080","level":"INFO","node":3,"msg":"Consensus vote recorded: node 0 decision=True reason=zkp_ok round=16 new=True satisfied=False"}
{"time":"2026-07-22 11:42:45,896","level":"INFO","node":3,"msg":"Consensus vote recorded: node 1 decision=True reason=zkp_ok round=16 new=True satisfied=False"}
{"time":"2026-07-22 11:43:02,040","level":"INFO","node":3,"msg":"Consensus vote recorded: node 2 decision=True reason=zkp_ok round=16 new=True satisfied=True"}
{"time":"2026-07-22 11:43:08,208","level":"INFO","node":3,"msg":"Received update from node 2, round 16"}
{"time":"2026-07-22 11:43:17,838","level":"INFO","node":3,"msg":"ZKP ACCEPTED from node 2"}
{"time":"2026-07-22 11:43:17,840","level":"INFO","node":3,"msg":"fc_in col7 delta self-cosine for node 0: -0.1402 (delta_norm=0.1567)"}
{"time":"2026-07-22 11:43:17,844","level":"INFO","node":3,"msg":"Per-class agreement with node 0: class0=0.983 class1=0.974 gap=0.009"}
{"time":"2026-07-22 11:43:17,844","level":"INFO","node":3,"msg":"Per-class rolling gap for node 0: mean=0.020 over last 4 round(s)"}
{"time":"2026-07-22 11:43:17,846","level":"INFO","node":3,"msg":"Trust score for node 0: S=0.840 (Z=1.00 A=0.98 P=0.50 R=1.00) advisory only"}
{"time":"2026-07-22 11:43:17,877","level":"INFO","node":3,"msg":"Sent consensus vote to node 0"}
{"time":"2026-07-22 11:43:17,900","level":"INFO","node":3,"msg":"Sent consensus vote to node 1"}
{"time":"2026-07-22 11:43:17,925","level":"INFO","node":3,"msg":"Sent consensus vote to node 2"}
{"time":"2026-07-22 11:43:24,175","level":"INFO","node":3,"msg":"Forwarded to http://127.0.0.1:8000"}
{"time":"2026-07-22 11:43:24,282","level":"INFO","node":3,"msg":"Synced weights from master for round 16"}
{"time":"2026-07-22 11:43:24,292","level":"INFO","node":3,"msg":"Sent commit vote to node 0"}
{"time":"2026-07-22 11:43:30,725","level":"INFO","node":3,"msg":"Proposal received: round=17 origin=1 hash=8598eedaddfc..."}
{"time":"2026-07-22 11:43:30,750","level":"INFO","node":3,"msg":"Consensus vote recorded: node 1 decision=True reason=zkp_ok round=17 new=True satisfied=False"}
{"time":"2026-07-22 11:43:40,609","level":"INFO","node":3,"msg":"Consensus vote recorded: node 2 decision=True reason=zkp_ok round=17 new=True satisfied=False"}
{"time":"2026-07-22 11:43:46,728","level":"INFO","node":3,"msg":"Received update from node 2, round 17"}
{"time":"2026-07-22 11:43:56,515","level":"INFO","node":3,"msg":"ZKP ACCEPTED from node 2"}
{"time":"2026-07-22 11:43:56,516","level":"INFO","node":3,"msg":"fc_in col7 delta self-cosine for node 1: -0.1410 (delta_norm=0.1664)"}
{"time":"2026-07-22 11:43:56,516","level":"INFO","node":3,"msg":"Per-class agreement with node 1: class0=0.972 class1=0.973 gap=0.001"}
{"time":"2026-07-22 11:43:56,516","level":"INFO","node":3,"msg":"Per-class rolling gap for node 1: mean=0.027 over last 4 round(s)"}
{"time":"2026-07-22 11:43:56,522","level":"INFO","node":3,"msg":"Trust score for node 1: S=0.834 (Z=1.00 A=0.97 P=0.50 R=1.00) advisory only"}
{"time":"2026-07-22 11:43:56,556","level":"INFO","node":3,"msg":"Sent consensus vote to node 0"}
{"time":"2026-07-22 11:43:56,572","level":"INFO","node":3,"msg":"Sent consensus vote to node 1"}
{"time":"2026-07-22 11:43:56,599","level":"INFO","node":3,"msg":"Sent consensus vote to node 2"}
{"time":"2026-07-22 11:44:02,735","level":"INFO","node":3,"msg":"Forwarded to http://127.0.0.1:8000"}
{"time":"2026-07-22 11:44:12,623","level":"INFO","node":3,"msg":"Prediction agreement with node 0 round=17: A=0.985"}
{"time":"2026-07-22 11:44:12,623","level":"INFO","node":3,"msg":"Consensus vote recorded: node 0 decision=True reason=zkp_ok round=17 new=True satisfied=True"}
{"time":"2026-07-22 11:44:18,863","level":"INFO","node":3,"msg":"Synced weights from master for round 17"}
{"time":"2026-07-22 11:44:18,882","level":"INFO","node":3,"msg":"Sent commit vote to node 1"}
{"time":"2026-07-22 11:44:25,249","level":"INFO","node":3,"msg":"Proposal received: round=18 origin=2 hash=07fea38289be..."}
{"time":"2026-07-22 11:44:25,268","level":"INFO","node":3,"msg":"Consensus vote recorded: node 2 decision=True reason=zkp_ok round=18 new=True satisfied=False"}
{"time":"2026-07-22 11:44:25,278","level":"INFO","node":3,"msg":"Received update from node 2, round 18"}
{"time":"2026-07-22 11:44:34,933","level":"INFO","node":3,"msg":"ZKP ACCEPTED from node 2"}
{"time":"2026-07-22 11:44:34,933","level":"WARNING","node":3,"msg":"[STALE-UPDATE CHECK] node 3 observed node 2 resending identical slack (262119) as last round — REJECTING as replayed/stale update"}
{"time":"2026-07-22 11:44:34,933","level":"INFO","node":3,"msg":"fc_in col7 delta self-cosine for node 2: -0.5538 (delta_norm=0.1918)"}
{"time":"2026-07-22 11:44:34,933","level":"INFO","node":3,"msg":"Per-class agreement with node 2: class0=0.981 class1=0.980 gap=0.001"}
{"time":"2026-07-22 11:44:34,933","level":"INFO","node":3,"msg":"Per-class rolling gap for node 2: mean=0.016 over last 4 round(s)"}
{"time":"2026-07-22 11:44:34,933","level":"INFO","node":3,"msg":"Trust score for node 2: S=0.815 (Z=1.00 A=0.98 P=0.41 R=1.00) advisory only"}
{"time":"2026-07-22 11:44:34,950","level":"INFO","node":3,"msg":"Sent consensus vote to node 0"}
{"time":"2026-07-22 11:44:34,973","level":"INFO","node":3,"msg":"Sent consensus vote to node 1"}
{"time":"2026-07-22 11:44:34,985","level":"INFO","node":3,"msg":"Sent consensus vote to node 2"}
{"time":"2026-07-22 11:44:41,238","level":"INFO","node":3,"msg":"Forwarded to http://127.0.0.1:8000"}
{"time":"2026-07-22 11:44:50,918","level":"INFO","node":3,"msg":"Prediction agreement with node 0 round=18: A=0.936"}
{"time":"2026-07-22 11:44:50,919","level":"INFO","node":3,"msg":"Consensus vote recorded: node 0 decision=True reason=zkp_ok round=18 new=True satisfied=True"}
{"time":"2026-07-22 11:45:06,873","level":"INFO","node":3,"msg":"Prediction agreement with node 1 round=18: A=0.928"}
{"time":"2026-07-22 11:45:06,873","level":"INFO","node":3,"msg":"Consensus vote recorded: node 1 decision=True reason=zkp_ok round=18 new=True satisfied=True"}
{"time":"2026-07-22 11:45:13,312","level":"INFO","node":3,"msg":"Synced weights from master for round 18"}
{"time":"2026-07-22 11:45:13,319","level":"INFO","node":3,"msg":"Sent commit vote to node 2"}
{"time":"2026-07-22 11:45:13,325","level":"INFO","node":3,"msg":"My turn — starting round 20 as proposer."}
{"time":"2026-07-22 11:45:13,325","level":"INFO","node":3,"msg":"Starting round 20"}
{"time":"2026-07-22 11:45:19,583","level":"INFO","node":3,"msg":"Sent proposal to node 0"}
{"time":"2026-07-22 11:45:19,607","level":"INFO","node":3,"msg":"Sent proposal to node 1"}
{"time":"2026-07-22 11:45:19,611","level":"INFO","node":3,"msg":"Sent proposal to node 2"}
{"time":"2026-07-22 11:45:19,620","level":"INFO","node":3,"msg":"Sent consensus vote to node 0"}
{"time":"2026-07-22 11:45:19,624","level":"INFO","node":3,"msg":"Sent consensus vote to node 1"}
{"time":"2026-07-22 11:45:19,627","level":"INFO","node":3,"msg":"Sent consensus vote to node 2"}
{"time":"2026-07-22 11:45:19,632","level":"INFO","node":3,"msg":"Forwarded to http://127.0.0.1:8000"}
{"time":"2026-07-22 11:45:29,469","level":"INFO","node":3,"msg":"Consensus vote recorded: node 0 decision=True reason=zkp_ok round=19 new=True satisfied=False"}
{"time":"2026-07-22 11:45:45,278","level":"INFO","node":3,"msg":"Consensus vote recorded: node 1 decision=True reason=zkp_ok round=19 new=True satisfied=True"}
{"time":"2026-07-22 11:46:01,221","level":"INFO","node":3,"msg":"Consensus vote recorded: node 2 decision=True reason=zkp_ok round=19 new=True satisfied=True"}
{"time":"2026-07-22 11:46:07,339","level":"INFO","node":3,"msg":"Received update from node 2, round 19"}
{"time":"2026-07-22 11:46:07,339","level":"INFO","node":3,"msg":"Round 20 complete — aggregating"}
{"time":"2026-07-22 11:46:07,373","level":"INFO","node":3,"msg":"[BACKDOOR PROBE] Round 20 clean — worst case flip_rate=1.000 jump=0.173 (feature=0, value=-4.0)"}
{"time":"2026-07-22 11:46:07,421","level":"INFO","node":3,"msg":"Commit vote recorded: node 0 decision=True round=19 satisfied=False"}
{"time":"2026-07-22 11:46:07,424","level":"INFO","node":3,"msg":"Broadcast weights to node 0"}
{"time":"2026-07-22 11:46:07,474","level":"INFO","node":3,"msg":"Commit vote recorded: node 1 decision=True round=19 satisfied=True"}
{"time":"2026-07-22 11:46:07,474","level":"INFO","node":3,"msg":"Round 20 COMMITTED — model hash agreed by [3, 0, 1]"}
{"time":"2026-07-22 11:46:07,476","level":"INFO","node":3,"msg":"Commit certificate saved to C:\Users\mousu\OneDrive\Desktop\Set A\securefedhe\dashboard\certificates\round_19.json"}
{"time":"2026-07-22 11:46:07,480","level":"INFO","node":3,"msg":"Broadcast weights to node 1"}
{"time":"2026-07-22 11:46:07,504","level":"INFO","node":3,"msg":"Commit vote recorded: node 2 decision=True round=19 satisfied=True"}
{"time":"2026-07-22 11:46:07,505","level":"INFO","node":3,"msg":"Broadcast weights to node 2"}
{"time":"2026-07-22 11:46:07,508","level":"INFO","node":3,"msg":"Checkpoint saved to C:\Users\mousu\OneDrive\Desktop\Set A\securefedhe\dashboard\model_latest.pt"}
{"time":"2026-07-22 11:46:07,508","level":"INFO","node":3,"msg":"Round 20 complete | accuracy=0.7818 | duration=54.18s"}
{"time":"2026-07-22 11:46:07,508","level":"INFO","node":3,"msg":"Training complete after 20 rounds"}
{"time":"2026-07-22 11:48:51,815","level":"INFO","node":3,"msg":"Watchdog fired but training already complete — ignoring, not excluding node 0."}
{"time":"2026-07-22 11:53:23,856","level":"INFO","node":3,"msg":"Starting node 3: Community Wellness Center"}
{"time":"2026-07-22 11:53:23,856","level":"INFO","node":3,"msg":"[CONFIG DEBUG] attack_simulation loaded: enabled=True target_node=2 type=stale_update config_path=config_dev.json"}
{"time":"2026-07-22 11:53:23,954","level":"WARNING","node":3,"msg":"DEV MODE: running without TLS"}
{"time":"2026-07-22 11:53:23,954","level":"INFO","node":3,"msg":"Listening on 127.0.0.1:8003 | TLS=False"}
{"time":"2026-07-22 11:53:24,708","level":"INFO","node":3,"msg":"Consensus pubkey received from node 2"}
{"time":"2026-07-22 11:53:24,721","level":"INFO","node":3,"msg":"Key exchange complete with node 2"}
{"time":"2026-07-22 11:53:25,936","level":"INFO","node":3,"msg":"Key exchange complete with node 1"}
{"time":"2026-07-22 11:53:25,949","level":"INFO","node":3,"msg":"Consensus pubkey received from node 1"}
{"time":"2026-07-22 11:53:28,973","level":"INFO","node":3,"msg":"Sent public key to node 0"}
{"time":"2026-07-22 11:53:28,974","level":"INFO","node":3,"msg":"Sent consensus pubkey to node 0"}
{"time":"2026-07-22 11:53:28,979","level":"INFO","node":3,"msg":"Sent public key to node 1"}
{"time":"2026-07-22 11:53:28,981","level":"INFO","node":3,"msg":"Sent consensus pubkey to node 1"}
{"time":"2026-07-22 11:53:28,987","level":"INFO","node":3,"msg":"Sent public key to node 2"}
{"time":"2026-07-22 11:53:28,988","level":"INFO","node":3,"msg":"Sent consensus pubkey to node 2"}
{"time":"2026-07-22 11:53:32,076","level":"INFO","node":3,"msg":"Key exchange complete with node 0"}
{"time":"2026-07-22 11:53:32,092","level":"INFO","node":3,"msg":"Consensus pubkey received from node 0"}
{"time":"2026-07-22 11:53:39,658","level":"INFO","node":3,"msg":"Proposal received: round=0 origin=0 hash=f5ab9095955b..."}
{"time":"2026-07-22 11:53:39,696","level":"INFO","node":3,"msg":"Consensus vote recorded: node 0 decision=True reason=zkp_ok round=0 new=True satisfied=False"}
{"time":"2026-07-22 11:53:49,408","level":"INFO","node":3,"msg":"Consensus vote recorded: node 1 decision=True reason=zkp_ok round=0 new=True satisfied=False"}
{"time":"2026-07-22 11:54:06,329","level":"INFO","node":3,"msg":"Consensus vote recorded: node 2 decision=True reason=zkp_ok round=0 new=True satisfied=True"}
{"time":"2026-07-22 11:54:13,408","level":"INFO","node":3,"msg":"Received update from node 2, round 0"}
{"time":"2026-07-22 11:54:23,033","level":"INFO","node":3,"msg":"ZKP ACCEPTED from node 2"}
{"time":"2026-07-22 11:54:23,049","level":"INFO","node":3,"msg":"Trust score for node 0: S=0.429 (Z=1.00 A=0.50 P=0.50 R=1.00) advisory only"}
{"time":"2026-07-22 11:54:23,069","level":"INFO","node":3,"msg":"Sent consensus vote to node 0"}
{"time":"2026-07-22 11:54:23,076","level":"INFO","node":3,"msg":"Sent consensus vote to node 1"}
{"time":"2026-07-22 11:54:23,084","level":"INFO","node":3,"msg":"Sent consensus vote to node 2"}
{"time":"2026-07-22 11:54:30,177","level":"INFO","node":3,"msg":"Forwarded to http://127.0.0.1:8000"}
{"time":"2026-07-22 11:54:30,280","level":"INFO","node":3,"msg":"Synced weights from master for round 0"}
{"time":"2026-07-22 11:54:30,289","level":"INFO","node":3,"msg":"Sent commit vote to node 0"}
{"time":"2026-07-22 11:54:36,631","level":"INFO","node":3,"msg":"Proposal received: round=1 origin=1 hash=6425984a14c8..."}
{"time":"2026-07-22 11:54:36,656","level":"INFO","node":3,"msg":"Consensus vote recorded: node 1 decision=True reason=zkp_ok round=1 new=True satisfied=False"}
{"time":"2026-07-22 11:54:46,432","level":"INFO","node":3,"msg":"Consensus vote recorded: node 2 decision=True reason=zkp_ok round=1 new=True satisfied=False"}
{"time":"2026-07-22 11:54:52,458","level":"INFO","node":3,"msg":"Received update from node 2, round 1"}
{"time":"2026-07-22 11:55:02,150","level":"INFO","node":3,"msg":"ZKP ACCEPTED from node 2"}
{"time":"2026-07-22 11:55:02,159","level":"INFO","node":3,"msg":"Trust score for node 1: S=0.429 (Z=1.00 A=0.50 P=0.50 R=1.00) advisory only"}
{"time":"2026-07-22 11:55:02,178","level":"INFO","node":3,"msg":"Sent consensus vote to node 0"}
{"time":"2026-07-22 11:55:02,200","level":"INFO","node":3,"msg":"Sent consensus vote to node 1"}
{"time":"2026-07-22 11:55:02,212","level":"INFO","node":3,"msg":"Sent consensus vote to node 2"}
{"time":"2026-07-22 11:55:08,330","level":"INFO","node":3,"msg":"Forwarded to http://127.0.0.1:8000"}
{"time":"2026-07-22 11:55:18,143","level":"INFO","node":3,"msg":"Prediction agreement with node 0 round=1: A=0.995"}
{"time":"2026-07-22 11:55:18,144","level":"INFO","node":3,"msg":"Consensus vote recorded: node 0 decision=True reason=zkp_ok round=1 new=True satisfied=True"}
{"time":"2026-07-22 11:55:24,552","level":"INFO","node":3,"msg":"Synced weights from master for round 1"}
{"time":"2026-07-22 11:55:24,560","level":"INFO","node":3,"msg":"Sent commit vote to node 1"}
{"time":"2026-07-22 11:55:30,528","level":"INFO","node":3,"msg":"Proposal received: round=2 origin=2 hash=abca68bcc552..."}
{"time":"2026-07-22 11:55:30,551","level":"INFO","node":3,"msg":"Consensus vote recorded: node 2 decision=True reason=zkp_ok round=2 new=True satisfied=False"}
{"time":"2026-07-22 11:55:30,557","level":"INFO","node":3,"msg":"Received update from node 2, round 2"}
{"time":"2026-07-22 11:55:40,366","level":"INFO","node":3,"msg":"ZKP ACCEPTED from node 2"}
{"time":"2026-07-22 11:55:40,369","level":"INFO","node":3,"msg":"Trust score for node 2: S=0.429 (Z=1.00 A=0.50 P=0.50 R=1.00) advisory only"}
{"time":"2026-07-22 11:55:40,384","level":"INFO","node":3,"msg":"Sent consensus vote to node 0"}
{"time":"2026-07-22 11:55:40,394","level":"INFO","node":3,"msg":"Sent consensus vote to node 1"}
{"time":"2026-07-22 11:55:40,415","level":"INFO","node":3,"msg":"Sent consensus vote to node 2"}
{"time":"2026-07-22 11:55:46,683","level":"INFO","node":3,"msg":"Forwarded to http://127.0.0.1:8000"}
{"time":"2026-07-22 11:55:56,506","level":"INFO","node":3,"msg":"Prediction agreement with node 0 round=2: A=0.949"}
{"time":"2026-07-22 11:55:56,508","level":"INFO","node":3,"msg":"Consensus vote recorded: node 0 decision=True reason=zkp_ok round=2 new=True satisfied=True"}
{"time":"2026-07-22 11:56:12,393","level":"INFO","node":3,"msg":"Prediction agreement with node 1 round=2: A=0.944"}
{"time":"2026-07-22 11:56:12,393","level":"INFO","node":3,"msg":"Consensus vote recorded: node 1 decision=True reason=zkp_ok round=2 new=True satisfied=True"}
{"time":"2026-07-22 11:56:18,658","level":"INFO","node":3,"msg":"Synced weights from master for round 2"}
{"time":"2026-07-22 11:56:18,664","level":"INFO","node":3,"msg":"Sent commit vote to node 2"}
{"time":"2026-07-22 11:56:18,681","level":"INFO","node":3,"msg":"My turn — starting round 4 as proposer."}
{"time":"2026-07-22 11:56:18,682","level":"INFO","node":3,"msg":"Starting round 4"}
{"time":"2026-07-22 11:56:25,016","level":"INFO","node":3,"msg":"Sent proposal to node 0"}
{"time":"2026-07-22 11:56:25,037","level":"INFO","node":3,"msg":"Sent proposal to node 1"}
{"time":"2026-07-22 11:56:25,046","level":"INFO","node":3,"msg":"Sent proposal to node 2"}
{"time":"2026-07-22 11:56:25,055","level":"INFO","node":3,"msg":"Sent consensus vote to node 0"}
{"time":"2026-07-22 11:56:25,058","level":"INFO","node":3,"msg":"Sent consensus vote to node 1"}
{"time":"2026-07-22 11:56:25,061","level":"INFO","node":3,"msg":"Sent consensus vote to node 2"}
{"time":"2026-07-22 11:56:25,065","level":"INFO","node":3,"msg":"Forwarded to http://127.0.0.1:8000"}
{"time":"2026-07-22 11:56:34,842","level":"INFO","node":3,"msg":"Consensus vote recorded: node 0 decision=True reason=zkp_ok round=3 new=True satisfied=False"}
{"time":"2026-07-22 11:56:50,845","level":"INFO","node":3,"msg":"Consensus vote recorded: node 1 decision=True reason=zkp_ok round=3 new=True satisfied=True"}
{"time":"2026-07-22 11:57:06,853","level":"INFO","node":3,"msg":"Consensus vote recorded: node 2 decision=True reason=zkp_ok round=3 new=True satisfied=True"}
{"time":"2026-07-22 11:57:12,886","level":"INFO","node":3,"msg":"Received update from node 2, round 3"}
{"time":"2026-07-22 11:57:12,886","level":"INFO","node":3,"msg":"Round 4 complete — aggregating"}
{"time":"2026-07-22 11:57:12,902","level":"INFO","node":3,"msg":"Round 4 accuracy gate skipped (warm-up period, candidate_acc=0.6818)"}
{"time":"2026-07-22 11:57:12,937","level":"INFO","node":3,"msg":"Commit vote recorded: node 0 decision=True round=3 satisfied=False"}
{"time":"2026-07-22 11:57:12,941","level":"INFO","node":3,"msg":"Broadcast weights to node 0"}
{"time":"2026-07-22 11:57:12,973","level":"INFO","node":3,"msg":"Commit vote recorded: node 1 decision=True round=3 satisfied=True"}
{"time":"2026-07-22 11:57:12,974","level":"INFO","node":3,"msg":"Round 4 COMMITTED — model hash agreed by [3, 0, 1]"}
{"time":"2026-07-22 11:57:12,975","level":"INFO","node":3,"msg":"Commit certificate saved to C:\Users\mousu\OneDrive\Desktop\Set A\securefedhe\dashboard\certificates\round_3.json"}
{"time":"2026-07-22 11:57:12,977","level":"INFO","node":3,"msg":"Broadcast weights to node 1"}
{"time":"2026-07-22 11:57:13,004","level":"INFO","node":3,"msg":"Commit vote recorded: node 2 decision=True round=3 satisfied=True"}
{"time":"2026-07-22 11:57:13,007","level":"INFO","node":3,"msg":"Broadcast weights to node 2"}
{"time":"2026-07-22 11:57:13,014","level":"INFO","node":3,"msg":"Checkpoint saved to C:\Users\mousu\OneDrive\Desktop\Set A\securefedhe\dashboard\model_latest.pt"}
{"time":"2026-07-22 11:57:13,014","level":"INFO","node":3,"msg":"Round 4 complete | accuracy=0.6818 | duration=54.33s"}
{"time":"2026-07-22 11:57:13,014","level":"INFO","node":3,"msg":"Round 5 belongs to node 0 — waiting for their proposal."}
{"time":"2026-07-22 11:57:13,018","level":"INFO","node":3,"msg":"Notified next proposer to node 0"}
{"time":"2026-07-22 11:57:13,018","level":"INFO","node":3,"msg":"[WATCHDOG SPAWNED] round=4 expected_proposer=0 timeout_s=600 spawned_at=11:57:13"}
{"time":"2026-07-22 11:57:19,467","level":"INFO","node":3,"msg":"Proposal received: round=4 origin=0 hash=33beab521e04..."}
{"time":"2026-07-22 11:57:19,487","level":"INFO","node":3,"msg":"Consensus vote recorded: node 0 decision=True reason=zkp_ok round=4 new=True satisfied=False"}
{"time":"2026-07-22 11:57:29,370","level":"INFO","node":3,"msg":"Consensus vote recorded: node 1 decision=True reason=zkp_ok round=4 new=True satisfied=False"}
{"time":"2026-07-22 11:57:45,347","level":"INFO","node":3,"msg":"Consensus vote recorded: node 2 decision=True reason=zkp_ok round=4 new=True satisfied=True"}
{"time":"2026-07-22 11:57:51,402","level":"INFO","node":3,"msg":"Received update from node 2, round 4"}
{"time":"2026-07-22 11:58:01,026","level":"INFO","node":3,"msg":"ZKP ACCEPTED from node 2"}
{"time":"2026-07-22 11:58:01,026","level":"INFO","node":3,"msg":"Per-class agreement with node 0: class0=0.598 class1=0.817 gap=0.219"}
{"time":"2026-07-22 11:58:01,031","level":"INFO","node":3,"msg":"Per-class rolling gap for node 0: mean=0.219 over last 1 round(s)"}
{"time":"2026-07-22 11:58:01,033","level":"INFO","node":3,"msg":"Trust score for node 0: S=0.573 (Z=1.00 A=0.67 P=0.50 R=1.00) advisory only"}
{"time":"2026-07-22 11:58:01,044","level":"INFO","node":3,"msg":"Sent consensus vote to node 0"}
{"time":"2026-07-22 11:58:01,072","level":"INFO","node":3,"msg":"Sent consensus vote to node 1"}
{"time":"2026-07-22 11:58:01,097","level":"INFO","node":3,"msg":"Sent consensus vote to node 2"}
{"time":"2026-07-22 11:58:07,412","level":"INFO","node":3,"msg":"Forwarded to http://127.0.0.1:8000"}
{"time":"2026-07-22 11:58:07,499","level":"INFO","node":3,"msg":"Synced weights from master for round 4"}
{"time":"2026-07-22 11:58:07,513","level":"INFO","node":3,"msg":"Sent commit vote to node 0"}
{"time":"2026-07-22 11:58:14,441","level":"INFO","node":3,"msg":"Proposal received: round=5 origin=1 hash=6439c2179693..."}
{"time":"2026-07-22 11:58:14,457","level":"INFO","node":3,"msg":"Consensus vote recorded: node 1 decision=True reason=zkp_ok round=5 new=True satisfied=False"}
{"time":"2026-07-22 11:58:24,234","level":"INFO","node":3,"msg":"Consensus vote recorded: node 2 decision=True reason=zkp_ok round=5 new=True satisfied=False"}
{"time":"2026-07-22 11:58:30,172","level":"INFO","node":3,"msg":"Received update from node 2, round 5"}
{"time":"2026-07-22 11:58:39,685","level":"INFO","node":3,"msg":"ZKP ACCEPTED from node 2"}
{"time":"2026-07-22 11:58:39,692","level":"INFO","node":3,"msg":"Per-class agreement with node 1: class0=0.772 class1=0.921 gap=0.149"}
{"time":"2026-07-22 11:58:39,692","level":"INFO","node":3,"msg":"Per-class rolling gap for node 1: mean=0.149 over last 1 round(s)"}
{"time":"2026-07-22 11:58:39,694","level":"INFO","node":3,"msg":"Trust score for node 1: S=0.706 (Z=1.00 A=0.82 P=0.52 R=1.00) advisory only"}
{"time":"2026-07-22 11:58:39,720","level":"INFO","node":3,"msg":"Sent consensus vote to node 0"}
{"time":"2026-07-22 11:58:39,720","level":"INFO","node":3,"msg":"Sent consensus vote to node 1"}
{"time":"2026-07-22 11:58:39,742","level":"INFO","node":3,"msg":"Sent consensus vote to node 2"}
{"time":"2026-07-22 11:58:45,809","level":"INFO","node":3,"msg":"Forwarded to http://127.0.0.1:8000"}
{"time":"2026-07-22 11:58:55,718","level":"INFO","node":3,"msg":"Prediction agreement with node 0 round=5: A=0.985"}
{"time":"2026-07-22 11:58:55,718","level":"INFO","node":3,"msg":"Consensus vote recorded: node 0 decision=True reason=zkp_ok round=5 new=True satisfied=True"}
{"time":"2026-07-22 11:59:02,139","level":"INFO","node":3,"msg":"Synced weights from master for round 5"}
{"time":"2026-07-22 11:59:02,157","level":"INFO","node":3,"msg":"Sent commit vote to node 1"}
{"time":"2026-07-22 11:59:08,348","level":"INFO","node":3,"msg":"Proposal received: round=6 origin=2 hash=ce3df5ac5f4f..."}
{"time":"2026-07-22 11:59:08,370","level":"INFO","node":3,"msg":"Consensus vote recorded: node 2 decision=True reason=zkp_ok round=6 new=True satisfied=False"}
{"time":"2026-07-22 11:59:08,377","level":"INFO","node":3,"msg":"Received update from node 2, round 6"}
{"time":"2026-07-22 11:59:18,134","level":"INFO","node":3,"msg":"ZKP ACCEPTED from node 2"}
{"time":"2026-07-22 11:59:18,134","level":"WARNING","node":3,"msg":"[STALE-UPDATE CHECK] node 3 observed node 2 resending identical slack (90000170533) as last round — REJECTING as replayed/stale update"}
{"time":"2026-07-22 11:59:18,146","level":"INFO","node":3,"msg":"Per-class agreement with node 2: class0=0.954 class1=0.959 gap=0.005"}
{"time":"2026-07-22 11:59:18,146","level":"INFO","node":3,"msg":"Per-class rolling gap for node 2: mean=0.005 over last 1 round(s)"}
{"time":"2026-07-22 11:59:18,148","level":"INFO","node":3,"msg":"Trust score for node 2: S=0.829 (Z=1.00 A=0.96 P=0.54 R=1.00) advisory only"}
{"time":"2026-07-22 11:59:18,148","level":"WARNING","node":3,"msg":"Update round=6 from node 2 REJECTED on stale-update replay: identical slack to previous round"}
{"time":"2026-07-22 11:59:18,163","level":"INFO","node":3,"msg":"Sent consensus vote to node 0"}
{"time":"2026-07-22 11:59:18,173","level":"INFO","node":3,"msg":"Sent consensus vote to node 1"}
{"time":"2026-07-22 11:59:18,185","level":"INFO","node":3,"msg":"Sent consensus vote to node 2"}
{"time":"2026-07-22 11:59:23,993","level":"INFO","node":3,"msg":"Forwarded to http://127.0.0.1:8000"}
{"time":"2026-07-22 11:59:33,834","level":"INFO","node":3,"msg":"Prediction agreement with node 0 round=6: A=0.948"}
{"time":"2026-07-22 11:59:33,834","level":"INFO","node":3,"msg":"Consensus vote recorded: node 0 decision=False reason=stale_update_replay round=6 new=True satisfied=False"}
{"time":"2026-07-22 11:59:49,745","level":"INFO","node":3,"msg":"Prediction agreement with node 1 round=6: A=0.945"}
{"time":"2026-07-22 11:59:49,746","level":"INFO","node":3,"msg":"Consensus vote recorded: node 1 decision=False reason=stale_update_replay round=6 new=True satisfied=False"}
{"time":"2026-07-22 12:00:02,706","level":"INFO","node":3,"msg":"Proposal received: round=6 origin=2 hash=ce3df5ac5f4f..."}
{"time":"2026-07-22 12:00:02,723","level":"INFO","node":3,"msg":"Consensus vote recorded: node 2 decision=True reason=zkp_ok round=6 new=False satisfied=False"}
{"time":"2026-07-22 12:00:02,728","level":"INFO","node":3,"msg":"Received update from node 2, round 6"}
{"time":"2026-07-22 12:00:12,547","level":"INFO","node":3,"msg":"ZKP ACCEPTED from node 2"}
{"time":"2026-07-22 12:00:12,547","level":"WARNING","node":3,"msg":"[STALE-UPDATE CHECK] node 3 observed node 2 resending identical slack (90000170533) as last round — REJECTING as replayed/stale update"}
{"time":"2026-07-22 12:00:12,547","level":"INFO","node":3,"msg":"fc_in col7 delta self-cosine for node 2: -0.4906 (delta_norm=0.1895)"}
{"time":"2026-07-22 12:00:12,552","level":"INFO","node":3,"msg":"Per-class agreement with node 2: class0=0.958 class1=0.950 gap=0.008"}
{"time":"2026-07-22 12:00:12,552","level":"INFO","node":3,"msg":"Per-class rolling gap for node 2: mean=0.007 over last 2 round(s)"}
{"time":"2026-07-22 12:00:12,552","level":"INFO","node":3,"msg":"Trust score for node 2: S=0.803 (Z=1.00 A=0.96 P=0.59 R=0.80) advisory only"}
{"time":"2026-07-22 12:00:12,552","level":"WARNING","node":3,"msg":"Update round=6 from node 2 REJECTED on stale-update replay: identical slack to previous round"}
{"time":"2026-07-22 12:00:12,575","level":"INFO","node":3,"msg":"Sent consensus vote to node 0"}
{"time":"2026-07-22 12:00:12,601","level":"INFO","node":3,"msg":"Sent consensus vote to node 1"}
{"time":"2026-07-22 12:00:12,625","level":"INFO","node":3,"msg":"Sent consensus vote to node 2"}
{"time":"2026-07-22 12:00:18,569","level":"INFO","node":3,"msg":"Forwarded to http://127.0.0.1:8000"}
{"time":"2026-07-22 12:00:28,333","level":"INFO","node":3,"msg":"Prediction agreement with node 0 round=6: A=0.933"}
{"time":"2026-07-22 12:00:28,333","level":"INFO","node":3,"msg":"Consensus vote recorded: node 0 decision=False reason=stale_update_replay round=6 new=False satisfied=False"}
{"time":"2026-07-22 12:00:44,137","level":"INFO","node":3,"msg":"Prediction agreement with node 1 round=6: A=0.905"}
{"time":"2026-07-22 12:00:44,138","level":"INFO","node":3,"msg":"Consensus vote recorded: node 1 decision=False reason=stale_update_replay round=6 new=False satisfied=False"}
{"time":"2026-07-22 12:00:56,870","level":"INFO","node":3,"msg":"Proposal received: round=6 origin=2 hash=ce3df5ac5f4f..."}
{"time":"2026-07-22 12:00:56,889","level":"INFO","node":3,"msg":"Consensus vote recorded: node 2 decision=True reason=zkp_ok round=6 new=False satisfied=False"}
{"time":"2026-07-22 12:00:56,893","level":"INFO","node":3,"msg":"Received update from node 2, round 6"}
{"time":"2026-07-22 12:01:06,467","level":"INFO","node":3,"msg":"ZKP ACCEPTED from node 2"}
{"time":"2026-07-22 12:01:06,467","level":"WARNING","node":3,"msg":"[STALE-UPDATE CHECK] node 3 observed node 2 resending identical slack (90000170533) as last round — REJECTING as replayed/stale update"}
{"time":"2026-07-22 12:01:06,467","level":"INFO","node":3,"msg":"fc_in col7 delta self-cosine for node 2: -0.6415 (delta_norm=0.1787)"}
{"time":"2026-07-22 12:01:06,467","level":"INFO","node":3,"msg":"Per-class agreement with node 2: class0=0.970 class1=0.959 gap=0.012"}
{"time":"2026-07-22 12:01:06,467","level":"INFO","node":3,"msg":"Per-class rolling gap for node 2: mean=0.008 over last 3 round(s)"}
{"time":"2026-07-22 12:01:06,485","level":"INFO","node":3,"msg":"Trust score for node 2: S=0.766 (Z=1.00 A=0.97 P=0.57 R=0.60) advisory only"}
{"time":"2026-07-22 12:01:06,485","level":"WARNING","node":3,"msg":"Update round=6 from node 2 REJECTED on stale-update replay: identical slack to previous round"}
{"time":"2026-07-22 12:01:06,525","level":"INFO","node":3,"msg":"Sent consensus vote to node 0"}
{"time":"2026-07-22 12:01:06,539","level":"INFO","node":3,"msg":"Sent consensus vote to node 1"}
{"time":"2026-07-22 12:01:06,554","level":"INFO","node":3,"msg":"Sent consensus vote to node 2"}
{"time":"2026-07-22 12:01:12,635","level":"INFO","node":3,"msg":"Forwarded to http://127.0.0.1:8000"}
{"time":"2026-07-22 12:01:22,854","level":"INFO","node":3,"msg":"Prediction agreement with node 0 round=6: A=0.923"}
{"time":"2026-07-22 12:01:22,854","level":"INFO","node":3,"msg":"Consensus vote recorded: node 0 decision=False reason=stale_update_replay round=6 new=False satisfied=False"}
{"time":"2026-07-22 12:01:38,632","level":"INFO","node":3,"msg":"Prediction agreement with node 1 round=6: A=0.882"}
{"time":"2026-07-22 12:01:38,632","level":"INFO","node":3,"msg":"Consensus vote recorded: node 1 decision=False reason=stale_update_replay round=6 new=False satisfied=False"}
{"time":"2026-07-22 12:01:51,057","level":"INFO","node":3,"msg":"Proposal received: round=6 origin=2 hash=ce3df5ac5f4f..."}
{"time":"2026-07-22 12:01:51,084","level":"INFO","node":3,"msg":"Consensus vote recorded: node 2 decision=True reason=zkp_ok round=6 new=False satisfied=False"}
{"time":"2026-07-22 12:01:51,093","level":"INFO","node":3,"msg":"Received update from node 2, round 6"}
{"time":"2026-07-22 12:02:00,755","level":"INFO","node":3,"msg":"ZKP ACCEPTED from node 2"}
{"time":"2026-07-22 12:02:00,755","level":"WARNING","node":3,"msg":"[STALE-UPDATE CHECK] node 3 observed node 2 resending identical slack (90000170533) as last round — REJECTING as replayed/stale update"}
{"time":"2026-07-22 12:02:00,755","level":"INFO","node":3,"msg":"fc_in col7 delta self-cosine for node 2: -0.3770 (delta_norm=0.1541)"}
{"time":"2026-07-22 12:02:00,760","level":"INFO","node":3,"msg":"Per-class agreement with node 2: class0=0.972 class1=0.959 gap=0.013"}
{"time":"2026-07-22 12:02:00,760","level":"INFO","node":3,"msg":"Per-class rolling gap for node 2: mean=0.010 over last 4 round(s)"}
{"time":"2026-07-22 12:02:00,763","level":"INFO","node":3,"msg":"Trust score for node 2: S=0.751 (Z=1.00 A=0.97 P=0.66 R=0.40) advisory only"}
{"time":"2026-07-22 12:02:00,764","level":"WARNING","node":3,"msg":"Update round=6 from node 2 REJECTED on stale-update replay: identical slack to previous round"}
{"time":"2026-07-22 12:02:00,785","level":"INFO","node":3,"msg":"Sent consensus vote to node 0"}
{"time":"2026-07-22 12:02:00,810","level":"INFO","node":3,"msg":"Sent consensus vote to node 1"}
{"time":"2026-07-22 12:02:00,833","level":"INFO","node":3,"msg":"Sent consensus vote to node 2"}
{"time":"2026-07-22 12:02:06,789","level":"INFO","node":3,"msg":"Forwarded to http://127.0.0.1:8000"}
{"time":"2026-07-22 12:02:16,687","level":"INFO","node":3,"msg":"Prediction agreement with node 0 round=6: A=0.935"}
{"time":"2026-07-22 12:02:16,690","level":"INFO","node":3,"msg":"Consensus vote recorded: node 0 decision=False reason=stale_update_replay round=6 new=False satisfied=False"}
{"time":"2026-07-22 12:02:36,756","level":"INFO","node":3,"msg":"Prediction agreement with node 1 round=6: A=0.906"}
{"time":"2026-07-22 12:02:36,757","level":"INFO","node":3,"msg":"Consensus vote recorded: node 1 decision=False reason=stale_update_replay round=6 new=False satisfied=False"}
{"time":"2026-07-22 12:02:43,406","level":"WARNING","node":3,"msg":"Node 2 accused by node 0, but only 1/3 distinct accusers so far (3f+1 quorum) — NOT excluding yet (avoids a single compromised node unilaterally removing an honest peer)."}
{"time":"2026-07-22 12:02:43,481","level":"WARNING","node":3,"msg":"Node 2 accused by node 1, but only 2/3 distinct accusers so far (3f+1 quorum) — NOT excluding yet (avoids a single compromised node unilaterally removing an honest peer)."}
{"time":"2026-07-22 12:02:43,503","level":"INFO","node":3,"msg":"Round 7 skip acknowledged — advancing to round 8"}
{"time":"2026-07-22 12:02:43,504","level":"WARNING","node":3,"msg":"[SKIP STRIKE] round 7 skipped, proposer=2, reason=quorum_failure — recording independent strike"}
{"time":"2026-07-22 12:02:43,504","level":"WARNING","node":3,"msg":"This node independently suspects node 2 (local strikes=5.0) — broadcasting accusation for peer corroboration, NOT excluding unilaterally"}
{"time":"2026-07-22 12:02:53,515","level":"WARNING","node":3,"msg":"Sent accusation to node 0 FAILED (hard timeout or exception) — consecutive failure streak 1/3"}
{"time":"2026-07-22 12:02:53,534","level":"INFO","node":3,"msg":"Sent accusation to node 1"}
{"time":"2026-07-22 12:03:03,567","level":"WARNING","node":3,"msg":"Sent accusation to node 2 FAILED (hard timeout or exception) — consecutive failure streak 1/3"}
{"time":"2026-07-22 12:03:03,567","level":"ERROR","node":3,"msg":"Node 2 accused by 3 independent peers ([0, 1, 3]) — quorum-corroborated, excluding."}
{"time":"2026-07-22 12:03:03,567","level":"ERROR","node":3,"msg":"Node 2 EXCLUDED from proposing and quorum. Quorum requirement adjusted to 3 of 3 remaining trusted nodes."}
{"time":"2026-07-22 12:03:03,567","level":"INFO","node":3,"msg":"Sent exclusion notice for node 2 to node 0"}
{"time":"2026-07-22 12:03:03,603","level":"INFO","node":3,"msg":"Sent exclusion notice for node 2 to node 1"}
{"time":"2026-07-22 12:03:03,603","level":"INFO","node":3,"msg":"My turn — starting round 8 as proposer."}
{"time":"2026-07-22 12:03:03,603","level":"INFO","node":3,"msg":"Starting round 8"}
{"time":"2026-07-22 12:03:03,654","level":"WARNING","node":3,"msg":"ZKP norm violation (clipping applied): slack=-78154, retry=0"}
{"time":"2026-07-22 12:03:05,566","level":"INFO","node":3,"msg":"My turn — starting round 8 as proposer."}
{"time":"2026-07-22 12:03:05,593","level":"INFO","node":3,"msg":"Starting round 8"}
{"time":"2026-07-22 12:03:10,433","level":"INFO","node":3,"msg":"Sent proposal to node 0"}
{"time":"2026-07-22 12:03:10,441","level":"INFO","node":3,"msg":"Sent proposal to node 1"}
{"time":"2026-07-22 12:03:10,451","level":"INFO","node":3,"msg":"Sent consensus vote to node 0"}
{"time":"2026-07-22 12:03:10,459","level":"INFO","node":3,"msg":"Sent consensus vote to node 1"}
{"time":"2026-07-22 12:03:10,465","level":"INFO","node":3,"msg":"Forwarded to http://127.0.0.1:8000"}
{"time":"2026-07-22 12:03:10,503","level":"WARNING","node":3,"msg":"ZKP norm violation (clipping applied): slack=-349362, retry=0"}
{"time":"2026-07-22 12:03:16,802","level":"INFO","node":3,"msg":"Sent proposal to node 0"}
{"time":"2026-07-22 12:03:16,822","level":"INFO","node":3,"msg":"Sent proposal to node 1"}
{"time":"2026-07-22 12:03:16,866","level":"INFO","node":3,"msg":"Sent consensus vote to node 0"}
{"time":"2026-07-22 12:03:16,875","level":"INFO","node":3,"msg":"Sent consensus vote to node 1"}
{"time":"2026-07-22 12:03:17,017","level":"INFO","node":3,"msg":"Forwarded to http://127.0.0.1:8000"}
{"time":"2026-07-22 12:03:25,916","level":"INFO","node":3,"msg":"Consensus vote recorded: node 0 decision=True reason=zkp_ok round=7 new=True satisfied=False"}
{"time":"2026-07-22 12:03:33,733","level":"INFO","node":3,"msg":"Consensus vote recorded: node 0 decision=True reason=zkp_ok round=7 new=False satisfied=False"}
{"time":"2026-07-22 12:03:54,298","level":"INFO","node":3,"msg":"Consensus vote recorded: node 1 decision=True reason=zkp_ok round=7 new=True satisfied=True"}
{"time":"2026-07-22 12:04:00,601","level":"INFO","node":3,"msg":"Consensus vote recorded: node 1 decision=True reason=zkp_ok round=7 new=False satisfied=True"}
{"time":"2026-07-22 12:04:05,730","level":"INFO","node":3,"msg":"Received update from node 1, round 7"}
{"time":"2026-07-22 12:04:05,730","level":"INFO","node":3,"msg":"Round 8 complete — aggregating"}
{"time":"2026-07-22 12:04:05,788","level":"WARNING","node":3,"msg":"[BACKDOOR PROBE] Round 8 SUSPICIOUS: feature=1 value=7.0 forces class=1 flip_rate=1.000 jump=0.636 (thresholds: flip>0.7, jump>0.3)"}
{"time":"2026-07-22 12:04:05,819","level":"INFO","node":3,"msg":"Commit vote recorded: node 0 decision=True round=7 satisfied=False"}
{"time":"2026-07-22 12:04:05,823","level":"INFO","node":3,"msg":"Broadcast weights to node 0"}
{"time":"2026-07-22 12:04:06,407","level":"INFO","node":3,"msg":"Commit vote recorded: node 1 decision=True round=7 satisfied=True"}
{"time":"2026-07-22 12:04:06,407","level":"INFO","node":3,"msg":"Round 8 COMMITTED — model hash agreed by [3, 0, 1]"}
{"time":"2026-07-22 12:04:06,407","level":"INFO","node":3,"msg":"Commit certificate saved to C:\Users\mousu\OneDrive\Desktop\Set A\securefedhe\dashboard\certificates\round_7.json"}
{"time":"2026-07-22 12:04:06,496","level":"INFO","node":3,"msg":"Broadcast weights to node 1"}
{"time":"2026-07-22 12:04:06,497","level":"INFO","node":3,"msg":"Checkpoint saved to C:\Users\mousu\OneDrive\Desktop\Set A\securefedhe\dashboard\model_latest.pt"}
{"time":"2026-07-22 12:04:06,497","level":"INFO","node":3,"msg":"Round 8 complete | accuracy=0.8636 | duration=60.87s"}
{"time":"2026-07-22 12:04:06,497","level":"INFO","node":3,"msg":"Round 9 belongs to node 0 — waiting for their proposal."}
{"time":"2026-07-22 12:04:06,501","level":"INFO","node":3,"msg":"Notified next proposer to node 0"}
{"time":"2026-07-22 12:04:06,501","level":"INFO","node":3,"msg":"[WATCHDOG SPAWNED] round=8 expected_proposer=0 timeout_s=600 spawned_at=12:04:06"}
{"time":"2026-07-22 12:04:12,336","level":"INFO","node":3,"msg":"Received update from node 1, round 7"}
{"time":"2026-07-22 12:04:12,336","level":"INFO","node":3,"msg":"Round 8 complete — aggregating"}
{"time":"2026-07-22 12:04:12,336","level":"INFO","node":3,"msg":"_finalize_round(7) skipped — already finalized by another thread."}
{"time":"2026-07-22 12:04:12,856","level":"INFO","node":3,"msg":"Proposal received: round=8 origin=0 hash=eb8b9e51efe1..."}
{"time":"2026-07-22 12:04:12,868","level":"INFO","node":3,"msg":"Consensus vote recorded: node 0 decision=True reason=zkp_ok round=8 new=True satisfied=False"}
{"time":"2026-07-22 12:04:22,691","level":"INFO","node":3,"msg":"Consensus vote recorded: node 1 decision=True reason=zkp_ok round=8 new=True satisfied=False"}
{"time":"2026-07-22 12:04:28,908","level":"INFO","node":3,"msg":"Received update from node 1, round 8"}
{"time":"2026-07-22 12:04:38,609","level":"INFO","node":3,"msg":"ZKP ACCEPTED from node 1"}
{"time":"2026-07-22 12:04:38,609","level":"INFO","node":3,"msg":"fc_in col7 delta self-cosine for node 0: 0.2774 (delta_norm=0.3224)"}
{"time":"2026-07-22 12:04:38,609","level":"INFO","node":3,"msg":"Per-class agreement with node 0: class0=0.943 class1=0.876 gap=0.066"}
{"time":"2026-07-22 12:04:38,609","level":"INFO","node":3,"msg":"Per-class rolling gap for node 0: mean=0.143 over last 2 round(s)"}
{"time":"2026-07-22 12:04:38,616","level":"INFO","node":3,"msg":"Trust score for node 0: S=0.761 (Z=1.00 A=0.92 P=0.39 R=1.00) advisory only"}
{"time":"2026-07-22 12:04:38,628","level":"INFO","node":3,"msg":"Sent consensus vote to node 0"}
{"time":"2026-07-22 12:04:38,648","level":"INFO","node":3,"msg":"Sent consensus vote to node 1"}
{"time":"2026-07-22 12:04:44,703","level":"INFO","node":3,"msg":"Forwarded to http://127.0.0.1:8000"}
{"time":"2026-07-22 12:04:44,780","level":"INFO","node":3,"msg":"Synced weights from master for round 8"}
{"time":"2026-07-22 12:04:44,790","level":"INFO","node":3,"msg":"Sent commit vote to node 0"}
{"time":"2026-07-22 12:04:50,977","level":"INFO","node":3,"msg":"Proposal received: round=9 origin=1 hash=fe01a28eef37..."}
{"time":"2026-07-22 12:04:50,991","level":"INFO","node":3,"msg":"Consensus vote recorded: node 1 decision=True reason=zkp_ok round=9 new=True satisfied=False"}
{"time":"2026-07-22 12:04:50,995","level":"INFO","node":3,"msg":"Received update from node 1, round 9"}
{"time":"2026-07-22 12:05:00,717","level":"INFO","node":3,"msg":"ZKP ACCEPTED from node 1"}
{"time":"2026-07-22 12:05:00,717","level":"INFO","node":3,"msg":"fc_in col7 delta self-cosine for node 1: 0.0969 (delta_norm=0.3210)"}
{"time":"2026-07-22 12:05:00,730","level":"INFO","node":3,"msg":"Per-class agreement with node 1: class0=0.911 class1=0.866 gap=0.045"}
{"time":"2026-07-22 12:05:00,730","level":"INFO","node":3,"msg":"Per-class rolling gap for node 1: mean=0.097 over last 2 round(s)"}
{"time":"2026-07-22 12:05:00,733","level":"INFO","node":3,"msg":"Trust score for node 1: S=0.741 (Z=1.00 A=0.90 P=0.39 R=1.00) advisory only"}
{"time":"2026-07-22 12:05:00,757","level":"INFO","node":3,"msg":"Sent consensus vote to node 0"}
{"time":"2026-07-22 12:05:00,781","level":"INFO","node":3,"msg":"Sent consensus vote to node 1"}
{"time":"2026-07-22 12:05:06,613","level":"INFO","node":3,"msg":"Forwarded to http://127.0.0.1:8000"}
{"time":"2026-07-22 12:05:16,365","level":"INFO","node":3,"msg":"Prediction agreement with node 0 round=9: A=0.965"}
{"time":"2026-07-22 12:05:16,365","level":"INFO","node":3,"msg":"Consensus vote recorded: node 0 decision=True reason=zkp_ok round=9 new=True satisfied=True"}
{"time":"2026-07-22 12:05:22,594","level":"INFO","node":3,"msg":"Synced weights from master for round 9"}
{"time":"2026-07-22 12:05:22,627","level":"INFO","node":3,"msg":"Sent commit vote to node 1"}
{"time":"2026-07-22 12:05:22,634","level":"INFO","node":3,"msg":"My turn — starting round 11 as proposer."}
{"time":"2026-07-22 12:05:22,635","level":"INFO","node":3,"msg":"Starting round 11"}
{"time":"2026-07-22 12:05:28,877","level":"INFO","node":3,"msg":"Sent proposal to node 0"}
{"time":"2026-07-22 12:05:28,893","level":"INFO","node":3,"msg":"Sent proposal to node 1"}
{"time":"2026-07-22 12:05:28,893","level":"INFO","node":3,"msg":"Sent consensus vote to node 0"}
{"time":"2026-07-22 12:05:28,901","level":"INFO","node":3,"msg":"Sent consensus vote to node 1"}
{"time":"2026-07-22 12:05:28,904","level":"INFO","node":3,"msg":"Forwarded to http://127.0.0.1:8000"}
{"time":"2026-07-22 12:05:38,679","level":"INFO","node":3,"msg":"Consensus vote recorded: node 0 decision=True reason=zkp_ok round=10 new=True satisfied=False"}
{"time":"2026-07-22 12:05:54,407","level":"INFO","node":3,"msg":"Consensus vote recorded: node 1 decision=True reason=zkp_ok round=10 new=True satisfied=True"}
{"time":"2026-07-22 12:06:00,565","level":"INFO","node":3,"msg":"Received update from node 1, round 10"}
{"time":"2026-07-22 12:06:00,565","level":"INFO","node":3,"msg":"Round 11 complete — aggregating"}
{"time":"2026-07-22 12:06:00,602","level":"WARNING","node":3,"msg":"[BACKDOOR PROBE] Round 11 SUSPICIOUS: feature=1 value=7.0 forces class=1 flip_rate=1.000 jump=0.764 (thresholds: flip>0.7, jump>0.3)"}
{"time":"2026-07-22 12:06:00,648","level":"INFO","node":3,"msg":"Commit vote recorded: node 0 decision=True round=10 satisfied=False"}
{"time":"2026-07-22 12:06:00,653","level":"INFO","node":3,"msg":"Broadcast weights to node 0"}
{"time":"2026-07-22 12:06:00,673","level":"INFO","node":3,"msg":"Commit vote recorded: node 1 decision=True round=10 satisfied=True"}
{"time":"2026-07-22 12:06:00,673","level":"INFO","node":3,"msg":"Round 11 COMMITTED — model hash agreed by [3, 0, 1]"}
{"time":"2026-07-22 12:06:00,677","level":"INFO","node":3,"msg":"Commit certificate saved to C:\Users\mousu\OneDrive\Desktop\Set A\securefedhe\dashboard\certificates\round_10.json"}
{"time":"2026-07-22 12:06:00,680","level":"INFO","node":3,"msg":"Broadcast weights to node 1"}
{"time":"2026-07-22 12:06:00,683","level":"INFO","node":3,"msg":"Checkpoint saved to C:\Users\mousu\OneDrive\Desktop\Set A\securefedhe\dashboard\model_latest.pt"}
{"time":"2026-07-22 12:06:00,683","level":"INFO","node":3,"msg":"Round 11 complete | accuracy=0.8273 | duration=38.05s"}
{"time":"2026-07-22 12:06:01,192","level":"INFO","node":3,"msg":"Starting round 12"}
{"time":"2026-07-22 12:06:07,256","level":"INFO","node":3,"msg":"Sent proposal to node 0"}
{"time":"2026-07-22 12:06:07,263","level":"INFO","node":3,"msg":"Sent proposal to node 1"}
{"time":"2026-07-22 12:06:07,263","level":"INFO","node":3,"msg":"Sent consensus vote to node 0"}
{"time":"2026-07-22 12:06:07,274","level":"INFO","node":3,"msg":"Sent consensus vote to node 1"}
{"time":"2026-07-22 12:06:07,283","level":"INFO","node":3,"msg":"Forwarded to http://127.0.0.1:8000"}
{"time":"2026-07-22 12:06:17,176","level":"INFO","node":3,"msg":"Consensus vote recorded: node 0 decision=True reason=zkp_ok round=11 new=True satisfied=False"}
{"time":"2026-07-22 12:06:32,819","level":"INFO","node":3,"msg":"Consensus vote recorded: node 1 decision=True reason=zkp_ok round=11 new=True satisfied=True"}
{"time":"2026-07-22 12:06:39,103","level":"INFO","node":3,"msg":"Received update from node 1, round 11"}
{"time":"2026-07-22 12:06:39,103","level":"INFO","node":3,"msg":"Round 12 complete — aggregating"}
{"time":"2026-07-22 12:06:39,146","level":"WARNING","node":3,"msg":"[BACKDOOR PROBE] Round 12 SUSPICIOUS: feature=1 value=7.0 forces class=1 flip_rate=1.000 jump=0.718 (thresholds: flip>0.7, jump>0.3)"}
{"time":"2026-07-22 12:06:39,197","level":"INFO","node":3,"msg":"Commit vote recorded: node 0 decision=True round=11 satisfied=False"}
{"time":"2026-07-22 12:06:39,199","level":"INFO","node":3,"msg":"Broadcast weights to node 0"}
{"time":"2026-07-22 12:06:39,226","level":"INFO","node":3,"msg":"Commit vote recorded: node 1 decision=True round=11 satisfied=True"}
{"time":"2026-07-22 12:06:39,228","level":"INFO","node":3,"msg":"Round 12 COMMITTED — model hash agreed by [3, 0, 1]"}
{"time":"2026-07-22 12:06:39,230","level":"INFO","node":3,"msg":"Commit certificate saved to C:\Users\mousu\OneDrive\Desktop\Set A\securefedhe\dashboard\certificates\round_11.json"}
{"time":"2026-07-22 12:06:39,232","level":"INFO","node":3,"msg":"Broadcast weights to node 1"}
{"time":"2026-07-22 12:06:39,235","level":"INFO","node":3,"msg":"Checkpoint saved to C:\Users\mousu\OneDrive\Desktop\Set A\securefedhe\dashboard\model_latest.pt"}
{"time":"2026-07-22 12:06:39,235","level":"INFO","node":3,"msg":"Round 12 complete | accuracy=0.8182 | duration=38.04s"}
{"time":"2026-07-22 12:06:39,235","level":"INFO","node":3,"msg":"Round 13 belongs to node 0 — waiting for their proposal."}
{"time":"2026-07-22 12:06:39,238","level":"INFO","node":3,"msg":"Notified next proposer to node 0"}
{"time":"2026-07-22 12:06:39,238","level":"INFO","node":3,"msg":"[WATCHDOG SPAWNED] round=12 expected_proposer=0 timeout_s=600 spawned_at=12:06:39"}
{"time":"2026-07-22 12:06:45,487","level":"INFO","node":3,"msg":"Proposal received: round=12 origin=0 hash=5eea271bf71f..."}
{"time":"2026-07-22 12:06:45,501","level":"INFO","node":3,"msg":"Consensus vote recorded: node 0 decision=True reason=zkp_ok round=12 new=True satisfied=False"}
{"time":"2026-07-22 12:06:55,500","level":"INFO","node":3,"msg":"Consensus vote recorded: node 1 decision=True reason=zkp_ok round=12 new=True satisfied=False"}
{"time":"2026-07-22 12:07:01,641","level":"INFO","node":3,"msg":"Received update from node 1, round 12"}
{"time":"2026-07-22 12:07:11,268","level":"INFO","node":3,"msg":"ZKP ACCEPTED from node 1"}
{"time":"2026-07-22 12:07:11,268","level":"INFO","node":3,"msg":"fc_in col7 delta self-cosine for node 0: 0.0713 (delta_norm=0.2266)"}
{"time":"2026-07-22 12:07:11,272","level":"INFO","node":3,"msg":"Per-class agreement with node 0: class0=0.918 class1=0.911 gap=0.007"}
{"time":"2026-07-22 12:07:11,272","level":"INFO","node":3,"msg":"Per-class rolling gap for node 0: mean=0.098 over last 3 round(s)"}
{"time":"2026-07-22 12:07:11,275","level":"INFO","node":3,"msg":"Trust score for node 0: S=0.794 (Z=1.00 A=0.92 P=0.54 R=1.00) advisory only"}
{"time":"2026-07-22 12:07:11,288","level":"INFO","node":3,"msg":"Sent consensus vote to node 0"}
{"time":"2026-07-22 12:07:11,312","level":"INFO","node":3,"msg":"Sent consensus vote to node 1"}
{"time":"2026-07-22 12:07:17,319","level":"INFO","node":3,"msg":"Forwarded to http://127.0.0.1:8000"}
{"time":"2026-07-22 12:07:17,410","level":"INFO","node":3,"msg":"Synced weights from master for round 12"}
{"time":"2026-07-22 12:07:17,422","level":"INFO","node":3,"msg":"Sent commit vote to node 0"}
{"time":"2026-07-22 12:07:23,742","level":"INFO","node":3,"msg":"Proposal received: round=13 origin=1 hash=54c0880da7c6..."}
{"time":"2026-07-22 12:07:23,757","level":"INFO","node":3,"msg":"Consensus vote recorded: node 1 decision=True reason=zkp_ok round=13 new=True satisfied=False"}
{"time":"2026-07-22 12:07:23,764","level":"INFO","node":3,"msg":"Received update from node 1, round 13"}
{"time":"2026-07-22 12:07:33,449","level":"INFO","node":3,"msg":"ZKP ACCEPTED from node 1"}
{"time":"2026-07-22 12:07:33,449","level":"INFO","node":3,"msg":"fc_in col7 delta self-cosine for node 1: 0.1087 (delta_norm=0.2637)"}
{"time":"2026-07-22 12:07:33,455","level":"INFO","node":3,"msg":"Per-class agreement with node 1: class0=0.956 class1=0.940 gap=0.016"}
{"time":"2026-07-22 12:07:33,455","level":"INFO","node":3,"msg":"Per-class rolling gap for node 1: mean=0.070 over last 3 round(s)"}
{"time":"2026-07-22 12:07:33,455","level":"INFO","node":3,"msg":"Trust score for node 1: S=0.810 (Z=1.00 A=0.95 P=0.48 R=1.00) advisory only"}
{"time":"2026-07-22 12:07:33,487","level":"INFO","node":3,"msg":"Sent consensus vote to node 0"}
{"time":"2026-07-22 12:07:33,511","level":"INFO","node":3,"msg":"Sent consensus vote to node 1"}
{"time":"2026-07-22 12:07:39,564","level":"INFO","node":3,"msg":"Forwarded to http://127.0.0.1:8000"}
{"time":"2026-07-22 12:07:49,371","level":"INFO","node":3,"msg":"Prediction agreement with node 0 round=13: A=0.972"}
{"time":"2026-07-22 12:07:49,372","level":"INFO","node":3,"msg":"Consensus vote recorded: node 0 decision=True reason=zkp_ok round=13 new=True satisfied=True"}
{"time":"2026-07-22 12:07:55,485","level":"INFO","node":3,"msg":"Synced weights from master for round 13"}
{"time":"2026-07-22 12:07:55,513","level":"INFO","node":3,"msg":"Sent commit vote to node 1"}
{"time":"2026-07-22 12:07:55,517","level":"INFO","node":3,"msg":"My turn — starting round 15 as proposer."}
{"time":"2026-07-22 12:07:55,517","level":"INFO","node":3,"msg":"Starting round 15"}
{"time":"2026-07-22 12:08:01,677","level":"INFO","node":3,"msg":"Sent proposal to node 0"}
{"time":"2026-07-22 12:08:01,677","level":"INFO","node":3,"msg":"Sent proposal to node 1"}
{"time":"2026-07-22 12:08:01,686","level":"INFO","node":3,"msg":"Sent consensus vote to node 0"}
{"time":"2026-07-22 12:08:01,696","level":"INFO","node":3,"msg":"Sent consensus vote to node 1"}
{"time":"2026-07-22 12:08:01,701","level":"INFO","node":3,"msg":"Forwarded to http://127.0.0.1:8000"}
{"time":"2026-07-22 12:08:11,553","level":"INFO","node":3,"msg":"Consensus vote recorded: node 0 decision=True reason=zkp_ok round=14 new=True satisfied=False"}
{"time":"2026-07-22 12:08:27,362","level":"INFO","node":3,"msg":"Consensus vote recorded: node 1 decision=True reason=zkp_ok round=14 new=True satisfied=True"}
{"time":"2026-07-22 12:08:33,580","level":"INFO","node":3,"msg":"Received update from node 1, round 14"}
{"time":"2026-07-22 12:08:33,580","level":"INFO","node":3,"msg":"Round 15 complete — aggregating"}
{"time":"2026-07-22 12:08:33,608","level":"WARNING","node":3,"msg":"[BACKDOOR PROBE] Round 15 SUSPICIOUS: feature=1 value=7.0 forces class=1 flip_rate=1.000 jump=0.718 (thresholds: flip>0.7, jump>0.3)"}
{"time":"2026-07-22 12:08:33,653","level":"INFO","node":3,"msg":"Commit vote recorded: node 0 decision=True round=14 satisfied=False"}
{"time":"2026-07-22 12:08:33,656","level":"INFO","node":3,"msg":"Broadcast weights to node 0"}
{"time":"2026-07-22 12:08:33,691","level":"INFO","node":3,"msg":"Commit vote recorded: node 1 decision=True round=14 satisfied=True"}
{"time":"2026-07-22 12:08:33,691","level":"INFO","node":3,"msg":"Round 15 COMMITTED — model hash agreed by [3, 0, 1]"}
{"time":"2026-07-22 12:08:33,693","level":"INFO","node":3,"msg":"Commit certificate saved to C:\Users\mousu\OneDrive\Desktop\Set A\securefedhe\dashboard\certificates\round_14.json"}
{"time":"2026-07-22 12:08:33,696","level":"INFO","node":3,"msg":"Broadcast weights to node 1"}
{"time":"2026-07-22 12:08:33,699","level":"INFO","node":3,"msg":"Checkpoint saved to C:\Users\mousu\OneDrive\Desktop\Set A\securefedhe\dashboard\model_latest.pt"}
{"time":"2026-07-22 12:08:33,699","level":"INFO","node":3,"msg":"Round 15 complete | accuracy=0.8182 | duration=38.18s"}
{"time":"2026-07-22 12:08:34,214","level":"INFO","node":3,"msg":"Starting round 16"}
{"time":"2026-07-22 12:08:40,190","level":"INFO","node":3,"msg":"Sent proposal to node 0"}
{"time":"2026-07-22 12:08:40,190","level":"INFO","node":3,"msg":"Sent proposal to node 1"}
{"time":"2026-07-22 12:08:40,190","level":"INFO","node":3,"msg":"Sent consensus vote to node 0"}
{"time":"2026-07-22 12:08:40,208","level":"INFO","node":3,"msg":"Sent consensus vote to node 1"}
{"time":"2026-07-22 12:08:40,215","level":"INFO","node":3,"msg":"Forwarded to http://127.0.0.1:8000"}
{"time":"2026-07-22 12:08:50,023","level":"INFO","node":3,"msg":"Consensus vote recorded: node 0 decision=True reason=zkp_ok round=15 new=True satisfied=False"}
{"time":"2026-07-22 12:09:05,797","level":"INFO","node":3,"msg":"Consensus vote recorded: node 1 decision=True reason=zkp_ok round=15 new=True satisfied=True"}
{"time":"2026-07-22 12:09:11,852","level":"INFO","node":3,"msg":"Received update from node 1, round 15"}
{"time":"2026-07-22 12:09:11,852","level":"INFO","node":3,"msg":"Round 16 complete — aggregating"}
{"time":"2026-07-22 12:09:11,887","level":"WARNING","node":3,"msg":"[BACKDOOR PROBE] Round 16 SUSPICIOUS: feature=1 value=7.0 forces class=1 flip_rate=1.000 jump=0.764 (thresholds: flip>0.7, jump>0.3)"}
{"time":"2026-07-22 12:09:11,921","level":"INFO","node":3,"msg":"Commit vote recorded: node 0 decision=True round=15 satisfied=False"}
{"time":"2026-07-22 12:09:11,921","level":"INFO","node":3,"msg":"Broadcast weights to node 0"}
{"time":"2026-07-22 12:09:11,942","level":"INFO","node":3,"msg":"Commit vote recorded: node 1 decision=True round=15 satisfied=True"}
{"time":"2026-07-22 12:09:11,942","level":"INFO","node":3,"msg":"Round 16 COMMITTED — model hash agreed by [3, 0, 1]"}
{"time":"2026-07-22 12:09:11,945","level":"INFO","node":3,"msg":"Commit certificate saved to C:\Users\mousu\OneDrive\Desktop\Set A\securefedhe\dashboard\certificates\round_15.json"}
{"time":"2026-07-22 12:09:11,947","level":"INFO","node":3,"msg":"Broadcast weights to node 1"}
{"time":"2026-07-22 12:09:11,949","level":"INFO","node":3,"msg":"Checkpoint saved to C:\Users\mousu\OneDrive\Desktop\Set A\securefedhe\dashboard\model_latest.pt"}
{"time":"2026-07-22 12:09:11,950","level":"INFO","node":3,"msg":"Round 16 complete | accuracy=0.8273 | duration=37.74s"}
{"time":"2026-07-22 12:09:11,950","level":"INFO","node":3,"msg":"Round 17 belongs to node 0 — waiting for their proposal."}
{"time":"2026-07-22 12:09:11,953","level":"INFO","node":3,"msg":"Notified next proposer to node 0"}
{"time":"2026-07-22 12:09:11,953","level":"INFO","node":3,"msg":"[WATCHDOG SPAWNED] round=16 expected_proposer=0 timeout_s=600 spawned_at=12:09:11"}
{"time":"2026-07-22 12:09:18,047","level":"INFO","node":3,"msg":"Proposal received: round=16 origin=0 hash=2d33213a3304..."}
{"time":"2026-07-22 12:09:18,060","level":"INFO","node":3,"msg":"Consensus vote recorded: node 0 decision=True reason=zkp_ok round=16 new=True satisfied=False"}
{"time":"2026-07-22 12:09:27,895","level":"INFO","node":3,"msg":"Consensus vote recorded: node 1 decision=True reason=zkp_ok round=16 new=True satisfied=False"}
{"time":"2026-07-22 12:09:34,092","level":"INFO","node":3,"msg":"Received update from node 1, round 16"}
{"time":"2026-07-22 12:09:43,776","level":"INFO","node":3,"msg":"ZKP ACCEPTED from node 1"}
{"time":"2026-07-22 12:09:43,776","level":"INFO","node":3,"msg":"fc_in col7 delta self-cosine for node 0: -0.0228 (delta_norm=0.1816)"}
{"time":"2026-07-22 12:09:43,792","level":"INFO","node":3,"msg":"Per-class agreement with node 0: class0=0.976 class1=0.955 gap=0.021"}
{"time":"2026-07-22 12:09:43,792","level":"INFO","node":3,"msg":"Per-class rolling gap for node 0: mean=0.078 over last 4 round(s)"}
{"time":"2026-07-22 12:09:43,792","level":"WARNING","node":3,"msg":"[PER-CLASS AGREEMENT CHECK] node 3 observed node 0: SUSTAINED class agreement gap, rolling mean=0.078 over 4 rounds — possible asymmetric/label_flip-style corruption"}
{"time":"2026-07-22 12:09:43,797","level":"INFO","node":3,"msg":"Trust score for node 0: S=0.826 (Z=1.00 A=0.97 P=0.48 R=1.00) advisory only"}
{"time":"2026-07-22 12:09:43,807","level":"INFO","node":3,"msg":"Sent consensus vote to node 0"}
{"time":"2026-07-22 12:09:43,854","level":"INFO","node":3,"msg":"Sent consensus vote to node 1"}
{"time":"2026-07-22 12:09:49,795","level":"INFO","node":3,"msg":"Forwarded to http://127.0.0.1:8000"}
{"time":"2026-07-22 12:09:49,856","level":"INFO","node":3,"msg":"Synced weights from master for round 16"}
{"time":"2026-07-22 12:09:49,868","level":"INFO","node":3,"msg":"Sent commit vote to node 0"}
{"time":"2026-07-22 12:09:56,121","level":"INFO","node":3,"msg":"Proposal received: round=17 origin=1 hash=9eee230f47d0..."}
{"time":"2026-07-22 12:09:56,136","level":"INFO","node":3,"msg":"Consensus vote recorded: node 1 decision=True reason=zkp_ok round=17 new=True satisfied=False"}
{"time":"2026-07-22 12:09:56,142","level":"INFO","node":3,"msg":"Received update from node 1, round 17"}
{"time":"2026-07-22 12:10:05,732","level":"INFO","node":3,"msg":"ZKP ACCEPTED from node 1"}
{"time":"2026-07-22 12:10:05,732","level":"INFO","node":3,"msg":"fc_in col7 delta self-cosine for node 1: -0.0743 (delta_norm=0.2313)"}
{"time":"2026-07-22 12:10:05,744","level":"INFO","node":3,"msg":"Per-class agreement with node 1: class0=0.970 class1=0.950 gap=0.020"}
{"time":"2026-07-22 12:10:05,744","level":"INFO","node":3,"msg":"Per-class rolling gap for node 1: mean=0.057 over last 4 round(s)"}
{"time":"2026-07-22 12:10:05,748","level":"INFO","node":3,"msg":"Trust score for node 1: S=0.836 (Z=1.00 A=0.96 P=0.54 R=1.00) advisory only"}
{"time":"2026-07-22 12:10:05,759","level":"INFO","node":3,"msg":"Sent consensus vote to node 0"}
{"time":"2026-07-22 12:10:05,771","level":"INFO","node":3,"msg":"Sent consensus vote to node 1"}
{"time":"2026-07-22 12:10:11,777","level":"INFO","node":3,"msg":"Forwarded to http://127.0.0.1:8000"}
{"time":"2026-07-22 12:10:21,686","level":"INFO","node":3,"msg":"Prediction agreement with node 0 round=17: A=0.967"}
{"time":"2026-07-22 12:10:21,686","level":"INFO","node":3,"msg":"Consensus vote recorded: node 0 decision=True reason=zkp_ok round=17 new=True satisfied=True"}
{"time":"2026-07-22 12:10:27,918","level":"INFO","node":3,"msg":"Synced weights from master for round 17"}
{"time":"2026-07-22 12:10:27,943","level":"INFO","node":3,"msg":"Sent commit vote to node 1"}
{"time":"2026-07-22 12:10:27,949","level":"INFO","node":3,"msg":"My turn — starting round 19 as proposer."}
{"time":"2026-07-22 12:10:27,951","level":"INFO","node":3,"msg":"Starting round 19"}
{"time":"2026-07-22 12:10:34,018","level":"INFO","node":3,"msg":"Sent proposal to node 0"}
{"time":"2026-07-22 12:10:34,052","level":"INFO","node":3,"msg":"Sent proposal to node 1"}
{"time":"2026-07-22 12:10:34,057","level":"INFO","node":3,"msg":"Sent consensus vote to node 0"}
{"time":"2026-07-22 12:10:34,061","level":"INFO","node":3,"msg":"Sent consensus vote to node 1"}
{"time":"2026-07-22 12:10:34,066","level":"INFO","node":3,"msg":"Forwarded to http://127.0.0.1:8000"}
{"time":"2026-07-22 12:10:43,813","level":"INFO","node":3,"msg":"Consensus vote recorded: node 0 decision=True reason=zkp_ok round=18 new=True satisfied=False"}
{"time":"2026-07-22 12:10:59,744","level":"INFO","node":3,"msg":"Consensus vote recorded: node 1 decision=True reason=zkp_ok round=18 new=True satisfied=True"}
{"time":"2026-07-22 12:11:05,914","level":"INFO","node":3,"msg":"Received update from node 1, round 18"}
{"time":"2026-07-22 12:11:05,914","level":"INFO","node":3,"msg":"Round 19 complete — aggregating"}
{"time":"2026-07-22 12:11:05,942","level":"WARNING","node":3,"msg":"[BACKDOOR PROBE] Round 19 SUSPICIOUS: feature=1 value=6.0 forces class=1 flip_rate=1.000 jump=0.727 (thresholds: flip>0.7, jump>0.3)"}
{"time":"2026-07-22 12:11:05,974","level":"INFO","node":3,"msg":"Commit vote recorded: node 0 decision=True round=18 satisfied=False"}
{"time":"2026-07-22 12:11:05,978","level":"INFO","node":3,"msg":"Broadcast weights to node 0"}
{"time":"2026-07-22 12:11:06,002","level":"INFO","node":3,"msg":"Commit vote recorded: node 1 decision=True round=18 satisfied=True"}
{"time":"2026-07-22 12:11:06,002","level":"INFO","node":3,"msg":"Round 19 COMMITTED — model hash agreed by [3, 0, 1]"}
{"time":"2026-07-22 12:11:06,003","level":"INFO","node":3,"msg":"Commit certificate saved to C:\Users\mousu\OneDrive\Desktop\Set A\securefedhe\dashboard\certificates\round_18.json"}
{"time":"2026-07-22 12:11:06,005","level":"INFO","node":3,"msg":"Broadcast weights to node 1"}
{"time":"2026-07-22 12:11:06,007","level":"INFO","node":3,"msg":"Checkpoint saved to C:\Users\mousu\OneDrive\Desktop\Set A\securefedhe\dashboard\model_latest.pt"}
{"time":"2026-07-22 12:11:06,007","level":"INFO","node":3,"msg":"Round 19 complete | accuracy=0.8455 | duration=38.06s"}
{"time":"2026-07-22 12:11:06,517","level":"INFO","node":3,"msg":"Starting round 20"}
{"time":"2026-07-22 12:11:12,729","level":"INFO","node":3,"msg":"Sent proposal to node 0"}
{"time":"2026-07-22 12:11:12,748","level":"INFO","node":3,"msg":"Sent proposal to node 1"}
{"time":"2026-07-22 12:11:12,758","level":"INFO","node":3,"msg":"Sent consensus vote to node 0"}
{"time":"2026-07-22 12:11:12,765","level":"INFO","node":3,"msg":"Sent consensus vote to node 1"}
{"time":"2026-07-22 12:11:12,770","level":"INFO","node":3,"msg":"Forwarded to http://127.0.0.1:8000"}
{"time":"2026-07-22 12:11:22,486","level":"INFO","node":3,"msg":"Consensus vote recorded: node 0 decision=True reason=zkp_ok round=19 new=True satisfied=False"}
{"time":"2026-07-22 12:11:38,360","level":"INFO","node":3,"msg":"Consensus vote recorded: node 1 decision=True reason=zkp_ok round=19 new=True satisfied=True"}
{"time":"2026-07-22 12:11:44,611","level":"INFO","node":3,"msg":"Received update from node 1, round 19"}
{"time":"2026-07-22 12:11:44,611","level":"INFO","node":3,"msg":"Round 20 complete — aggregating"}
{"time":"2026-07-22 12:11:44,642","level":"WARNING","node":3,"msg":"[BACKDOOR PROBE] Round 20 SUSPICIOUS: feature=1 value=6.0 forces class=1 flip_rate=1.000 jump=0.736 (thresholds: flip>0.7, jump>0.3)"}
{"time":"2026-07-22 12:11:44,670","level":"INFO","node":3,"msg":"Commit vote recorded: node 0 decision=True round=19 satisfied=False"}
{"time":"2026-07-22 12:11:44,673","level":"INFO","node":3,"msg":"Broadcast weights to node 0"}
{"time":"2026-07-22 12:11:44,711","level":"INFO","node":3,"msg":"Commit vote recorded: node 1 decision=True round=19 satisfied=True"}
{"time":"2026-07-22 12:11:44,712","level":"INFO","node":3,"msg":"Round 20 COMMITTED — model hash agreed by [3, 0, 1]"}
{"time":"2026-07-22 12:11:44,713","level":"INFO","node":3,"msg":"Commit certificate saved to C:\Users\mousu\OneDrive\Desktop\Set A\securefedhe\dashboard\certificates\round_19.json"}
{"time":"2026-07-22 12:11:44,716","level":"INFO","node":3,"msg":"Broadcast weights to node 1"}
{"time":"2026-07-22 12:11:44,720","level":"INFO","node":3,"msg":"Checkpoint saved to C:\Users\mousu\OneDrive\Desktop\Set A\securefedhe\dashboard\model_latest.pt"}
{"time":"2026-07-22 12:11:44,720","level":"INFO","node":3,"msg":"Round 20 complete | accuracy=0.8364 | duration=38.20s"}
{"time":"2026-07-22 12:11:44,720","level":"INFO","node":3,"msg":"Training complete after 20 rounds"}
{"time":"2026-07-22 12:14:23,567","level":"INFO","node":3,"msg":"Starting node 3: Community Wellness Center"}
{"time":"2026-07-22 12:14:23,568","level":"INFO","node":3,"msg":"[CONFIG DEBUG] attack_simulation loaded: enabled=True target_node=2 type=stale_update config_path=config_dev.json"}
{"time":"2026-07-22 12:14:23,612","level":"WARNING","node":3,"msg":"DEV MODE: running without TLS"}
{"time":"2026-07-22 12:14:23,612","level":"INFO","node":3,"msg":"Listening on 127.0.0.1:8003 | TLS=False"}
{"time":"2026-07-22 12:14:24,942","level":"INFO","node":3,"msg":"Consensus pubkey received from node 1"}
{"time":"2026-07-22 12:14:24,977","level":"INFO","node":3,"msg":"Key exchange complete with node 1"}
{"time":"2026-07-22 12:14:25,677","level":"INFO","node":3,"msg":"Key exchange complete with node 2"}
{"time":"2026-07-22 12:14:25,684","level":"INFO","node":3,"msg":"Consensus pubkey received from node 2"}
{"time":"2026-07-22 12:14:28,614","level":"INFO","node":3,"msg":"Sent consensus pubkey to node 0"}
{"time":"2026-07-22 12:14:28,633","level":"INFO","node":3,"msg":"Sent consensus pubkey to node 1"}
{"time":"2026-07-22 12:14:28,633","level":"INFO","node":3,"msg":"Sent public key to node 0"}
{"time":"2026-07-22 12:14:28,643","level":"INFO","node":3,"msg":"Sent public key to node 1"}
{"time":"2026-07-22 12:14:28,654","level":"INFO","node":3,"msg":"Sent consensus pubkey to node 2"}
{"time":"2026-07-22 12:14:28,669","level":"INFO","node":3,"msg":"Sent public key to node 2"}
{"time":"2026-07-22 12:14:29,035","level":"INFO","node":3,"msg":"Key exchange complete with node 0"}
{"time":"2026-07-22 12:14:29,056","level":"INFO","node":3,"msg":"Consensus pubkey received from node 0"}
{"time":"2026-07-22 12:14:36,458","level":"INFO","node":3,"msg":"Proposal received: round=0 origin=0 hash=5bce39cf9d1f..."}
{"time":"2026-07-22 12:14:36,497","level":"INFO","node":3,"msg":"Consensus vote recorded: node 0 decision=True reason=zkp_ok round=0 new=True satisfied=False"}
{"time":"2026-07-22 12:14:46,134","level":"INFO","node":3,"msg":"Consensus vote recorded: node 1 decision=True reason=zkp_ok round=0 new=True satisfied=False"}
{"time":"2026-07-22 12:15:03,127","level":"INFO","node":3,"msg":"Consensus vote recorded: node 2 decision=True reason=zkp_ok round=0 new=True satisfied=True"}
{"time":"2026-07-22 12:15:10,259","level":"INFO","node":3,"msg":"Received update from node 2, round 0"}
{"time":"2026-07-22 12:15:19,946","level":"INFO","node":3,"msg":"ZKP ACCEPTED from node 2"}
{"time":"2026-07-22 12:15:19,955","level":"INFO","node":3,"msg":"Trust score for node 0: S=0.429 (Z=1.00 A=0.50 P=0.50 R=1.00) advisory only"}
{"time":"2026-07-22 12:15:19,985","level":"INFO","node":3,"msg":"Sent consensus vote to node 0"}
{"time":"2026-07-22 12:15:19,989","level":"INFO","node":3,"msg":"Sent consensus vote to node 1"}
{"time":"2026-07-22 12:15:19,994","level":"INFO","node":3,"msg":"Sent consensus vote to node 2"}
{"time":"2026-07-22 12:15:21,167","level":"WARNING","node":3,"msg":"ZKP norm violation (clipping applied): slack=-52702, retry=0"}
{"time":"2026-07-22 12:15:27,128","level":"INFO","node":3,"msg":"Forwarded to http://127.0.0.1:8000"}
{"time":"2026-07-22 12:15:27,222","level":"INFO","node":3,"msg":"Synced weights from master for round 0"}
{"time":"2026-07-22 12:15:27,237","level":"INFO","node":3,"msg":"Sent commit vote to node 0"}
{"time":"2026-07-22 12:15:33,571","level":"INFO","node":3,"msg":"Proposal received: round=1 origin=1 hash=2bd0a0c2187a..."}
{"time":"2026-07-22 12:15:33,589","level":"INFO","node":3,"msg":"Consensus vote recorded: node 1 decision=True reason=zkp_ok round=1 new=True satisfied=False"}
{"time":"2026-07-22 12:15:43,383","level":"INFO","node":3,"msg":"Consensus vote recorded: node 2 decision=True reason=zkp_ok round=1 new=True satisfied=False"}
{"time":"2026-07-22 12:15:49,304","level":"INFO","node":3,"msg":"Received update from node 2, round 1"}
{"time":"2026-07-22 12:15:59,084","level":"INFO","node":3,"msg":"ZKP ACCEPTED from node 2"}
{"time":"2026-07-22 12:15:59,089","level":"INFO","node":3,"msg":"Trust score for node 1: S=0.429 (Z=1.00 A=0.50 P=0.50 R=1.00) advisory only"}
{"time":"2026-07-22 12:15:59,102","level":"INFO","node":3,"msg":"Sent consensus vote to node 0"}
{"time":"2026-07-22 12:15:59,124","level":"INFO","node":3,"msg":"Sent consensus vote to node 1"}
{"time":"2026-07-22 12:15:59,135","level":"INFO","node":3,"msg":"Sent consensus vote to node 2"}
{"time":"2026-07-22 12:16:05,152","level":"INFO","node":3,"msg":"Forwarded to http://127.0.0.1:8000"}
{"time":"2026-07-22 12:16:14,970","level":"INFO","node":3,"msg":"Prediction agreement with node 0 round=1: A=0.994"}
{"time":"2026-07-22 12:16:14,971","level":"INFO","node":3,"msg":"Consensus vote recorded: node 0 decision=True reason=zkp_ok round=1 new=True satisfied=True"}
{"time":"2026-07-22 12:16:21,185","level":"INFO","node":3,"msg":"Synced weights from master for round 1"}
{"time":"2026-07-22 12:16:21,195","level":"INFO","node":3,"msg":"Sent commit vote to node 1"}
{"time":"2026-07-22 12:16:27,395","level":"INFO","node":3,"msg":"Proposal received: round=2 origin=2 hash=fce24263b16d..."}
{"time":"2026-07-22 12:16:27,414","level":"INFO","node":3,"msg":"Consensus vote recorded: node 2 decision=True reason=zkp_ok round=2 new=True satisfied=False"}
{"time":"2026-07-22 12:16:27,423","level":"INFO","node":3,"msg":"Received update from node 2, round 2"}
{"time":"2026-07-22 12:16:37,055","level":"INFO","node":3,"msg":"ZKP ACCEPTED from node 2"}
{"time":"2026-07-22 12:16:37,060","level":"INFO","node":3,"msg":"Trust score for node 2: S=0.429 (Z=1.00 A=0.50 P=0.50 R=1.00) advisory only"}
{"time":"2026-07-22 12:16:37,089","level":"INFO","node":3,"msg":"Sent consensus vote to node 0"}
{"time":"2026-07-22 12:16:37,112","level":"INFO","node":3,"msg":"Sent consensus vote to node 1"}
{"time":"2026-07-22 12:16:37,126","level":"INFO","node":3,"msg":"Sent consensus vote to node 2"}
{"time":"2026-07-22 12:16:43,242","level":"INFO","node":3,"msg":"Forwarded to http://127.0.0.1:8000"}
{"time":"2026-07-22 12:16:52,874","level":"INFO","node":3,"msg":"Prediction agreement with node 0 round=2: A=0.852"}
{"time":"2026-07-22 12:16:52,874","level":"INFO","node":3,"msg":"Consensus vote recorded: node 0 decision=True reason=zkp_ok round=2 new=True satisfied=True"}
{"time":"2026-07-22 12:17:08,633","level":"INFO","node":3,"msg":"Prediction agreement with node 1 round=2: A=0.842"}
{"time":"2026-07-22 12:17:08,633","level":"INFO","node":3,"msg":"Consensus vote recorded: node 1 decision=True reason=zkp_ok round=2 new=True satisfied=True"}
{"time":"2026-07-22 12:17:14,785","level":"INFO","node":3,"msg":"Synced weights from master for round 2"}
{"time":"2026-07-22 12:17:14,806","level":"INFO","node":3,"msg":"Sent commit vote to node 2"}
{"time":"2026-07-22 12:17:14,820","level":"INFO","node":3,"msg":"My turn — starting round 4 as proposer."}
{"time":"2026-07-22 12:17:14,821","level":"INFO","node":3,"msg":"Starting round 4"}
{"time":"2026-07-22 12:17:21,056","level":"INFO","node":3,"msg":"Sent proposal to node 0"}
{"time":"2026-07-22 12:17:21,072","level":"INFO","node":3,"msg":"Sent proposal to node 1"}
{"time":"2026-07-22 12:17:21,072","level":"INFO","node":3,"msg":"Sent proposal to node 2"}
{"time":"2026-07-22 12:17:21,084","level":"INFO","node":3,"msg":"Sent consensus vote to node 0"}
{"time":"2026-07-22 12:17:21,091","level":"INFO","node":3,"msg":"Sent consensus vote to node 1"}
{"time":"2026-07-22 12:17:21,095","level":"INFO","node":3,"msg":"Sent consensus vote to node 2"}
{"time":"2026-07-22 12:17:21,103","level":"INFO","node":3,"msg":"Forwarded to http://127.0.0.1:8000"}
{"time":"2026-07-22 12:17:30,803","level":"INFO","node":3,"msg":"Consensus vote recorded: node 0 decision=True reason=zkp_ok round=3 new=True satisfied=False"}
{"time":"2026-07-22 12:17:46,673","level":"INFO","node":3,"msg":"Consensus vote recorded: node 1 decision=True reason=zkp_ok round=3 new=True satisfied=True"}
{"time":"2026-07-22 12:18:02,519","level":"INFO","node":3,"msg":"Consensus vote recorded: node 2 decision=True reason=zkp_ok round=3 new=True satisfied=True"}
{"time":"2026-07-22 12:18:08,439","level":"INFO","node":3,"msg":"Received update from node 2, round 3"}
{"time":"2026-07-22 12:18:08,439","level":"INFO","node":3,"msg":"Round 4 complete — aggregating"}
{"time":"2026-07-22 12:18:08,439","level":"INFO","node":3,"msg":"Round 4 accuracy gate skipped (warm-up period, candidate_acc=0.6909)"}
{"time":"2026-07-22 12:18:08,495","level":"INFO","node":3,"msg":"Commit vote recorded: node 0 decision=True round=3 satisfied=False"}
{"time":"2026-07-22 12:18:08,498","level":"INFO","node":3,"msg":"Broadcast weights to node 0"}
{"time":"2026-07-22 12:18:08,512","level":"INFO","node":3,"msg":"Commit vote recorded: node 1 decision=True round=3 satisfied=True"}
{"time":"2026-07-22 12:18:08,512","level":"INFO","node":3,"msg":"Round 4 COMMITTED — model hash agreed by [3, 0, 1]"}
{"time":"2026-07-22 12:18:08,514","level":"INFO","node":3,"msg":"Commit certificate saved to C:\Users\mousu\OneDrive\Desktop\Set A\securefedhe\dashboard\certificates\round_3.json"}
{"time":"2026-07-22 12:18:08,517","level":"INFO","node":3,"msg":"Broadcast weights to node 1"}
{"time":"2026-07-22 12:18:08,531","level":"INFO","node":3,"msg":"Commit vote recorded: node 2 decision=True round=3 satisfied=True"}
{"time":"2026-07-22 12:18:08,533","level":"INFO","node":3,"msg":"Broadcast weights to node 2"}
{"time":"2026-07-22 12:18:08,538","level":"INFO","node":3,"msg":"Checkpoint saved to C:\Users\mousu\OneDrive\Desktop\Set A\securefedhe\dashboard\model_latest.pt"}
{"time":"2026-07-22 12:18:08,538","level":"INFO","node":3,"msg":"Round 4 complete | accuracy=0.6909 | duration=53.72s"}
{"time":"2026-07-22 12:18:08,538","level":"INFO","node":3,"msg":"Round 5 belongs to node 0 — waiting for their proposal."}
{"time":"2026-07-22 12:18:08,544","level":"INFO","node":3,"msg":"Notified next proposer to node 0"}
{"time":"2026-07-22 12:18:08,546","level":"INFO","node":3,"msg":"[WATCHDOG SPAWNED] round=4 expected_proposer=0 timeout_s=600 spawned_at=12:18:08"}
{"time":"2026-07-22 12:18:14,816","level":"INFO","node":3,"msg":"Proposal received: round=4 origin=0 hash=33c31c9212f0..."}
{"time":"2026-07-22 12:18:14,837","level":"INFO","node":3,"msg":"Consensus vote recorded: node 0 decision=True reason=zkp_ok round=4 new=True satisfied=False"}
{"time":"2026-07-22 12:18:24,624","level":"INFO","node":3,"msg":"Consensus vote recorded: node 1 decision=True reason=zkp_ok round=4 new=True satisfied=False"}
{"time":"2026-07-22 12:18:40,408","level":"INFO","node":3,"msg":"Consensus vote recorded: node 2 decision=True reason=zkp_ok round=4 new=True satisfied=True"}
{"time":"2026-07-22 12:18:46,389","level":"INFO","node":3,"msg":"Received update from node 2, round 4"}
{"time":"2026-07-22 12:18:56,065","level":"INFO","node":3,"msg":"ZKP ACCEPTED from node 2"}
{"time":"2026-07-22 12:18:56,065","level":"INFO","node":3,"msg":"Per-class agreement with node 0: class0=0.674 class1=0.741 gap=0.066"}
{"time":"2026-07-22 12:18:56,065","level":"INFO","node":3,"msg":"Per-class rolling gap for node 0: mean=0.066 over last 1 round(s)"}
{"time":"2026-07-22 12:18:56,080","level":"INFO","node":3,"msg":"Trust score for node 0: S=0.593 (Z=1.00 A=0.70 P=0.48 R=1.00) advisory only"}
{"time":"2026-07-22 12:18:56,113","level":"INFO","node":3,"msg":"Sent consensus vote to node 0"}
{"time":"2026-07-22 12:18:56,133","level":"INFO","node":3,"msg":"Sent consensus vote to node 1"}
{"time":"2026-07-22 12:18:56,145","level":"INFO","node":3,"msg":"Sent consensus vote to node 2"}
{"time":"2026-07-22 12:19:02,205","level":"INFO","node":3,"msg":"Forwarded to http://127.0.0.1:8000"}
{"time":"2026-07-22 12:19:02,371","level":"INFO","node":3,"msg":"Synced weights from master for round 4"}
{"time":"2026-07-22 12:19:02,383","level":"INFO","node":3,"msg":"Sent commit vote to node 0"}
{"time":"2026-07-22 12:19:08,768","level":"INFO","node":3,"msg":"Proposal received: round=5 origin=1 hash=e10188e43509..."}
{"time":"2026-07-22 12:19:08,783","level":"INFO","node":3,"msg":"Consensus vote recorded: node 1 decision=True reason=zkp_ok round=5 new=True satisfied=False"}
{"time":"2026-07-22 12:19:18,600","level":"INFO","node":3,"msg":"Consensus vote recorded: node 2 decision=True reason=zkp_ok round=5 new=True satisfied=False"}
{"time":"2026-07-22 12:19:24,469","level":"INFO","node":3,"msg":"Received update from node 2, round 5"}
{"time":"2026-07-22 12:19:34,273","level":"INFO","node":3,"msg":"ZKP ACCEPTED from node 2"}
{"time":"2026-07-22 12:19:34,277","level":"INFO","node":3,"msg":"Per-class agreement with node 1: class0=0.805 class1=0.915 gap=0.110"}
{"time":"2026-07-22 12:19:34,277","level":"INFO","node":3,"msg":"Per-class rolling gap for node 1: mean=0.110 over last 1 round(s)"}
{"time":"2026-07-22 12:19:34,280","level":"INFO","node":3,"msg":"Trust score for node 1: S=0.729 (Z=1.00 A=0.84 P=0.54 R=1.00) advisory only"}
{"time":"2026-07-22 12:19:34,292","level":"INFO","node":3,"msg":"Sent consensus vote to node 0"}
{"time":"2026-07-22 12:19:34,302","level":"INFO","node":3,"msg":"Sent consensus vote to node 1"}
{"time":"2026-07-22 12:19:34,319","level":"INFO","node":3,"msg":"Sent consensus vote to node 2"}
{"time":"2026-07-22 12:19:40,420","level":"INFO","node":3,"msg":"Forwarded to http://127.0.0.1:8000"}
{"time":"2026-07-22 12:19:50,155","level":"INFO","node":3,"msg":"Prediction agreement with node 0 round=5: A=0.976"}
{"time":"2026-07-22 12:19:50,156","level":"INFO","node":3,"msg":"Consensus vote recorded: node 0 decision=True reason=zkp_ok round=5 new=True satisfied=True"}
{"time":"2026-07-22 12:19:56,395","level":"INFO","node":3,"msg":"Synced weights from master for round 5"}
{"time":"2026-07-22 12:19:56,402","level":"INFO","node":3,"msg":"Sent commit vote to node 1"}
{"time":"2026-07-22 12:20:02,500","level":"INFO","node":3,"msg":"Proposal received: round=6 origin=2 hash=fbba826ee4cc..."}
{"time":"2026-07-22 12:20:02,518","level":"INFO","node":3,"msg":"Consensus vote recorded: node 2 decision=True reason=zkp_ok round=6 new=True satisfied=False"}
{"time":"2026-07-22 12:20:02,526","level":"INFO","node":3,"msg":"Received update from node 2, round 6"}
{"time":"2026-07-22 12:20:12,321","level":"INFO","node":3,"msg":"ZKP ACCEPTED from node 2"}
{"time":"2026-07-22 12:20:12,321","level":"WARNING","node":3,"msg":"[STALE-UPDATE CHECK] node 3 observed node 2 resending identical slack (238939) as last round — REJECTING as replayed/stale update"}
{"time":"2026-07-22 12:20:12,333","level":"INFO","node":3,"msg":"Per-class agreement with node 2: class0=0.911 class1=0.897 gap=0.014"}
{"time":"2026-07-22 12:20:12,333","level":"INFO","node":3,"msg":"Per-class rolling gap for node 2: mean=0.014 over last 1 round(s)"}
{"time":"2026-07-22 12:20:12,337","level":"INFO","node":3,"msg":"Trust score for node 2: S=0.763 (Z=1.00 A=0.91 P=0.45 R=1.00) advisory only"}
{"time":"2026-07-22 12:20:12,362","level":"INFO","node":3,"msg":"Sent consensus vote to node 0"}
{"time":"2026-07-22 12:20:12,384","level":"INFO","node":3,"msg":"Sent consensus vote to node 1"}
{"time":"2026-07-22 12:20:12,397","level":"INFO","node":3,"msg":"Sent consensus vote to node 2"}
{"time":"2026-07-22 12:20:18,284","level":"INFO","node":3,"msg":"Forwarded to http://127.0.0.1:8000"}
{"time":"2026-07-22 12:20:28,042","level":"INFO","node":3,"msg":"Prediction agreement with node 0 round=6: A=0.928"}
{"time":"2026-07-22 12:20:28,043","level":"INFO","node":3,"msg":"Consensus vote recorded: node 0 decision=True reason=zkp_ok round=6 new=True satisfied=True"}
{"time":"2026-07-22 12:20:43,850","level":"INFO","node":3,"msg":"Prediction agreement with node 1 round=6: A=0.921"}
{"time":"2026-07-22 12:20:43,851","level":"INFO","node":3,"msg":"Consensus vote recorded: node 1 decision=True reason=zkp_ok round=6 new=True satisfied=True"}
{"time":"2026-07-22 12:20:50,089","level":"INFO","node":3,"msg":"Synced weights from master for round 6"}
{"time":"2026-07-22 12:20:50,109","level":"INFO","node":3,"msg":"Sent commit vote to node 2"}
{"time":"2026-07-22 12:20:50,114","level":"INFO","node":3,"msg":"My turn — starting round 8 as proposer."}
{"time":"2026-07-22 12:20:50,114","level":"INFO","node":3,"msg":"Starting round 8"}
{"time":"2026-07-22 12:20:56,174","level":"INFO","node":3,"msg":"Sent proposal to node 0"}
{"time":"2026-07-22 12:20:56,208","level":"INFO","node":3,"msg":"Sent proposal to node 1"}
{"time":"2026-07-22 12:20:56,221","level":"INFO","node":3,"msg":"Sent proposal to node 2"}
{"time":"2026-07-22 12:20:56,225","level":"INFO","node":3,"msg":"Sent consensus vote to node 0"}
{"time":"2026-07-22 12:20:56,228","level":"INFO","node":3,"msg":"Sent consensus vote to node 1"}
{"time":"2026-07-22 12:20:56,231","level":"INFO","node":3,"msg":"Sent consensus vote to node 2"}
{"time":"2026-07-22 12:20:56,235","level":"INFO","node":3,"msg":"Forwarded to http://127.0.0.1:8000"}
{"time":"2026-07-22 12:21:05,895","level":"INFO","node":3,"msg":"Consensus vote recorded: node 0 decision=True reason=zkp_ok round=7 new=True satisfied=False"}
{"time":"2026-07-22 12:21:21,795","level":"INFO","node":3,"msg":"Consensus vote recorded: node 1 decision=True reason=zkp_ok round=7 new=True satisfied=True"}
{"time":"2026-07-22 12:21:37,806","level":"INFO","node":3,"msg":"Consensus vote recorded: node 2 decision=True reason=zkp_ok round=7 new=True satisfied=True"}
{"time":"2026-07-22 12:21:43,785","level":"INFO","node":3,"msg":"Received update from node 2, round 7"}
{"time":"2026-07-22 12:21:43,787","level":"INFO","node":3,"msg":"Round 8 complete — aggregating"}
{"time":"2026-07-22 12:21:43,815","level":"INFO","node":3,"msg":"[BACKDOOR PROBE] Round 8 clean — worst case flip_rate=1.000 jump=0.218 (feature=0, value=-8.0)"}
{"time":"2026-07-22 12:21:43,856","level":"INFO","node":3,"msg":"Commit vote recorded: node 0 decision=True round=7 satisfied=False"}
{"time":"2026-07-22 12:21:43,861","level":"INFO","node":3,"msg":"Broadcast weights to node 0"}
{"time":"2026-07-22 12:21:43,877","level":"INFO","node":3,"msg":"Commit vote recorded: node 1 decision=True round=7 satisfied=True"}
{"time":"2026-07-22 12:21:43,877","level":"INFO","node":3,"msg":"Round 8 COMMITTED — model hash agreed by [3, 0, 1]"}
{"time":"2026-07-22 12:21:43,881","level":"INFO","node":3,"msg":"Commit certificate saved to C:\Users\mousu\OneDrive\Desktop\Set A\securefedhe\dashboard\certificates\round_7.json"}
{"time":"2026-07-22 12:21:43,881","level":"INFO","node":3,"msg":"Broadcast weights to node 1"}
{"time":"2026-07-22 12:21:43,895","level":"INFO","node":3,"msg":"Commit vote recorded: node 2 decision=True round=7 satisfied=True"}
{"time":"2026-07-22 12:21:43,897","level":"INFO","node":3,"msg":"Broadcast weights to node 2"}
{"time":"2026-07-22 12:21:43,900","level":"INFO","node":3,"msg":"Checkpoint saved to C:\Users\mousu\OneDrive\Desktop\Set A\securefedhe\dashboard\model_latest.pt"}
{"time":"2026-07-22 12:21:43,900","level":"INFO","node":3,"msg":"Round 8 complete | accuracy=0.7545 | duration=53.79s"}
{"time":"2026-07-22 12:21:43,900","level":"INFO","node":3,"msg":"Round 9 belongs to node 0 — waiting for their proposal."}
{"time":"2026-07-22 12:21:43,904","level":"INFO","node":3,"msg":"Notified next proposer to node 0"}
{"time":"2026-07-22 12:21:43,905","level":"INFO","node":3,"msg":"[WATCHDOG SPAWNED] round=8 expected_proposer=0 timeout_s=600 spawned_at=12:21:43"}
{"time":"2026-07-22 12:21:50,066","level":"INFO","node":3,"msg":"Proposal received: round=8 origin=0 hash=7ea264b920c5..."}
{"time":"2026-07-22 12:21:50,084","level":"INFO","node":3,"msg":"Consensus vote recorded: node 0 decision=True reason=zkp_ok round=8 new=True satisfied=False"}
{"time":"2026-07-22 12:21:59,961","level":"INFO","node":3,"msg":"Consensus vote recorded: node 1 decision=True reason=zkp_ok round=8 new=True satisfied=False"}
{"time":"2026-07-22 12:22:15,802","level":"INFO","node":3,"msg":"Consensus vote recorded: node 2 decision=True reason=zkp_ok round=8 new=True satisfied=True"}
{"time":"2026-07-22 12:22:21,784","level":"INFO","node":3,"msg":"Received update from node 2, round 8"}
{"time":"2026-07-22 12:22:31,482","level":"INFO","node":3,"msg":"ZKP ACCEPTED from node 2"}
{"time":"2026-07-22 12:22:31,482","level":"INFO","node":3,"msg":"fc_in col7 delta self-cosine for node 0: 0.6449 (delta_norm=0.2942)"}
{"time":"2026-07-22 12:22:31,482","level":"INFO","node":3,"msg":"Per-class agreement with node 0: class0=0.965 class1=0.932 gap=0.033"}
{"time":"2026-07-22 12:22:31,482","level":"INFO","node":3,"msg":"Per-class rolling gap for node 0: mean=0.050 over last 2 round(s)"}
{"time":"2026-07-22 12:22:31,490","level":"INFO","node":3,"msg":"Trust score for node 0: S=0.843 (Z=1.00 A=0.95 P=0.59 R=1.00) advisory only"}
{"time":"2026-07-22 12:22:31,502","level":"INFO","node":3,"msg":"Sent consensus vote to node 0"}
{"time":"2026-07-22 12:22:31,524","level":"INFO","node":3,"msg":"Sent consensus vote to node 1"}
{"time":"2026-07-22 12:22:31,551","level":"INFO","node":3,"msg":"Sent consensus vote to node 2"}
{"time":"2026-07-22 12:22:37,522","level":"INFO","node":3,"msg":"Forwarded to http://127.0.0.1:8000"}
{"time":"2026-07-22 12:22:37,665","level":"INFO","node":3,"msg":"Synced weights from master for round 8"}
{"time":"2026-07-22 12:22:37,676","level":"INFO","node":3,"msg":"Sent commit vote to node 0"}
{"time":"2026-07-22 12:22:44,011","level":"INFO","node":3,"msg":"Proposal received: round=9 origin=1 hash=1312f459acc5..."}
{"time":"2026-07-22 12:22:44,037","level":"INFO","node":3,"msg":"Consensus vote recorded: node 1 decision=True reason=zkp_ok round=9 new=True satisfied=False"}
{"time":"2026-07-22 12:22:53,842","level":"INFO","node":3,"msg":"Consensus vote recorded: node 2 decision=True reason=zkp_ok round=9 new=True satisfied=False"}
{"time":"2026-07-22 12:22:59,842","level":"INFO","node":3,"msg":"Received update from node 2, round 9"}
{"time":"2026-07-22 12:23:09,625","level":"INFO","node":3,"msg":"ZKP ACCEPTED from node 2"}
{"time":"2026-07-22 12:23:09,625","level":"INFO","node":3,"msg":"fc_in col7 delta self-cosine for node 1: 0.6091 (delta_norm=0.2857)"}
{"time":"2026-07-22 12:23:09,625","level":"INFO","node":3,"msg":"Per-class agreement with node 1: class0=0.957 class1=0.934 gap=0.023"}
{"time":"2026-07-22 12:23:09,625","level":"INFO","node":3,"msg":"Per-class rolling gap for node 1: mean=0.067 over last 2 round(s)"}
{"time":"2026-07-22 12:23:09,625","level":"INFO","node":3,"msg":"Trust score for node 1: S=0.839 (Z=1.00 A=0.95 P=0.59 R=1.00) advisory only"}
{"time":"2026-07-22 12:23:09,668","level":"INFO","node":3,"msg":"Sent consensus vote to node 0"}
{"time":"2026-07-22 12:23:09,689","level":"INFO","node":3,"msg":"Sent consensus vote to node 1"}
{"time":"2026-07-22 12:23:09,718","level":"INFO","node":3,"msg":"Sent consensus vote to node 2"}
{"time":"2026-07-22 12:23:15,806","level":"INFO","node":3,"msg":"Forwarded to http://127.0.0.1:8000"}
{"time":"2026-07-22 12:23:25,600","level":"INFO","node":3,"msg":"Prediction agreement with node 0 round=9: A=0.983"}
{"time":"2026-07-22 12:23:25,600","level":"INFO","node":3,"msg":"Consensus vote recorded: node 0 decision=True reason=zkp_ok round=9 new=True satisfied=True"}
{"time":"2026-07-22 12:23:31,501","level":"INFO","node":3,"msg":"Synced weights from master for round 9"}
{"time":"2026-07-22 12:23:31,508","level":"INFO","node":3,"msg":"Sent commit vote to node 1"}
{"time":"2026-07-22 12:23:37,580","level":"INFO","node":3,"msg":"Proposal received: round=10 origin=2 hash=db0a2203f8a5..."}
{"time":"2026-07-22 12:23:37,596","level":"INFO","node":3,"msg":"Consensus vote recorded: node 2 decision=True reason=zkp_ok round=10 new=True satisfied=False"}
{"time":"2026-07-22 12:23:37,604","level":"INFO","node":3,"msg":"Received update from node 2, round 10"}
{"time":"2026-07-22 12:23:47,417","level":"INFO","node":3,"msg":"ZKP ACCEPTED from node 2"}
{"time":"2026-07-22 12:23:47,417","level":"WARNING","node":3,"msg":"[STALE-UPDATE CHECK] node 3 observed node 2 resending identical slack (238939) as last round — REJECTING as replayed/stale update"}
{"time":"2026-07-22 12:23:47,417","level":"INFO","node":3,"msg":"fc_in col7 delta self-cosine for node 2: -0.5390 (delta_norm=0.1738)"}
{"time":"2026-07-22 12:23:47,435","level":"INFO","node":3,"msg":"Per-class agreement with node 2: class0=0.940 class1=0.927 gap=0.014"}
{"time":"2026-07-22 12:23:47,435","level":"INFO","node":3,"msg":"Per-class rolling gap for node 2: mean=0.014 over last 2 round(s)"}
{"time":"2026-07-22 12:23:47,435","level":"INFO","node":3,"msg":"Trust score for node 2: S=0.759 (Z=1.00 A=0.94 P=0.34 R=1.00) advisory only"}
{"time":"2026-07-22 12:23:47,465","level":"INFO","node":3,"msg":"Sent consensus vote to node 0"}
{"time":"2026-07-22 12:23:47,490","level":"INFO","node":3,"msg":"Sent consensus vote to node 1"}
{"time":"2026-07-22 12:23:47,498","level":"INFO","node":3,"msg":"Sent consensus vote to node 2"}
{"time":"2026-07-22 12:23:53,598","level":"INFO","node":3,"msg":"Forwarded to http://127.0.0.1:8000"}
{"time":"2026-07-22 12:24:03,347","level":"INFO","node":3,"msg":"Prediction agreement with node 0 round=10: A=0.935"}
{"time":"2026-07-22 12:24:03,347","level":"INFO","node":3,"msg":"Consensus vote recorded: node 0 decision=True reason=zkp_ok round=10 new=True satisfied=True"}
{"time":"2026-07-22 12:24:19,207","level":"INFO","node":3,"msg":"Prediction agreement with node 1 round=10: A=0.927"}
{"time":"2026-07-22 12:24:19,207","level":"INFO","node":3,"msg":"Consensus vote recorded: node 1 decision=True reason=zkp_ok round=10 new=True satisfied=True"}
{"time":"2026-07-22 12:24:25,531","level":"INFO","node":3,"msg":"Synced weights from master for round 10"}
{"time":"2026-07-22 12:24:25,569","level":"INFO","node":3,"msg":"Sent commit vote to node 2"}
{"time":"2026-07-22 12:24:25,575","level":"INFO","node":3,"msg":"My turn — starting round 12 as proposer."}
{"time":"2026-07-22 12:24:25,576","level":"INFO","node":3,"msg":"Starting round 12"}
{"time":"2026-07-22 12:24:31,718","level":"INFO","node":3,"msg":"Sent proposal to node 0"}
{"time":"2026-07-22 12:24:31,718","level":"INFO","node":3,"msg":"Sent proposal to node 1"}
{"time":"2026-07-22 12:24:31,736","level":"INFO","node":3,"msg":"Sent proposal to node 2"}
{"time":"2026-07-22 12:24:31,740","level":"INFO","node":3,"msg":"Sent consensus vote to node 0"}
{"time":"2026-07-22 12:24:31,745","level":"INFO","node":3,"msg":"Sent consensus vote to node 1"}
{"time":"2026-07-22 12:24:31,752","level":"INFO","node":3,"msg":"Sent consensus vote to node 2"}
{"time":"2026-07-22 12:24:31,761","level":"INFO","node":3,"msg":"Forwarded to http://127.0.0.1:8000"}
{"time":"2026-07-22 12:24:41,519","level":"INFO","node":3,"msg":"Consensus vote recorded: node 0 decision=True reason=zkp_ok round=11 new=True satisfied=False"}
{"time":"2026-07-22 12:24:57,207","level":"INFO","node":3,"msg":"Consensus vote recorded: node 1 decision=True reason=zkp_ok round=11 new=True satisfied=True"}
{"time":"2026-07-22 12:25:13,328","level":"INFO","node":3,"msg":"Consensus vote recorded: node 2 decision=True reason=zkp_ok round=11 new=True satisfied=True"}
{"time":"2026-07-22 12:25:19,327","level":"INFO","node":3,"msg":"Received update from node 2, round 11"}
{"time":"2026-07-22 12:25:19,327","level":"INFO","node":3,"msg":"Round 12 complete — aggregating"}
{"time":"2026-07-22 12:25:19,365","level":"INFO","node":3,"msg":"[BACKDOOR PROBE] Round 12 clean — worst case flip_rate=1.000 jump=0.255 (feature=0, value=-8.0)"}
{"time":"2026-07-22 12:25:19,398","level":"INFO","node":3,"msg":"Commit vote recorded: node 0 decision=True round=11 satisfied=False"}
{"time":"2026-07-22 12:25:19,400","level":"INFO","node":3,"msg":"Broadcast weights to node 0"}
{"time":"2026-07-22 12:25:19,423","level":"INFO","node":3,"msg":"Commit vote recorded: node 1 decision=True round=11 satisfied=True"}
{"time":"2026-07-22 12:25:19,427","level":"INFO","node":3,"msg":"Round 12 COMMITTED — model hash agreed by [3, 0, 1]"}
{"time":"2026-07-22 12:25:19,429","level":"INFO","node":3,"msg":"Commit certificate saved to C:\Users\mousu\OneDrive\Desktop\Set A\securefedhe\dashboard\certificates\round_11.json"}
{"time":"2026-07-22 12:25:19,431","level":"INFO","node":3,"msg":"Broadcast weights to node 1"}
{"time":"2026-07-22 12:25:19,442","level":"INFO","node":3,"msg":"Commit vote recorded: node 2 decision=True round=11 satisfied=True"}
{"time":"2026-07-22 12:25:19,443","level":"INFO","node":3,"msg":"Broadcast weights to node 2"}
{"time":"2026-07-22 12:25:19,445","level":"INFO","node":3,"msg":"Checkpoint saved to C:\Users\mousu\OneDrive\Desktop\Set A\securefedhe\dashboard\model_latest.pt"}
{"time":"2026-07-22 12:25:19,445","level":"INFO","node":3,"msg":"Round 12 complete | accuracy=0.8273 | duration=53.87s"}
{"time":"2026-07-22 12:25:19,445","level":"INFO","node":3,"msg":"Round 13 belongs to node 0 — waiting for their proposal."}
{"time":"2026-07-22 12:25:19,448","level":"INFO","node":3,"msg":"Notified next proposer to node 0"}
{"time":"2026-07-22 12:25:19,449","level":"INFO","node":3,"msg":"[WATCHDOG SPAWNED] round=12 expected_proposer=0 timeout_s=600 spawned_at=12:25:19"}
{"time":"2026-07-22 12:25:25,506","level":"INFO","node":3,"msg":"Proposal received: round=12 origin=0 hash=ba99fb05f4e3..."}
{"time":"2026-07-22 12:25:25,523","level":"INFO","node":3,"msg":"Consensus vote recorded: node 0 decision=True reason=zkp_ok round=12 new=True satisfied=False"}
{"time":"2026-07-22 12:25:35,212","level":"INFO","node":3,"msg":"Consensus vote recorded: node 1 decision=True reason=zkp_ok round=12 new=True satisfied=False"}
{"time":"2026-07-22 12:25:50,984","level":"INFO","node":3,"msg":"Consensus vote recorded: node 2 decision=True reason=zkp_ok round=12 new=True satisfied=True"}
{"time":"2026-07-22 12:25:56,941","level":"INFO","node":3,"msg":"Received update from node 2, round 12"}
{"time":"2026-07-22 12:26:06,687","level":"INFO","node":3,"msg":"ZKP ACCEPTED from node 2"}
{"time":"2026-07-22 12:26:06,687","level":"INFO","node":3,"msg":"fc_in col7 delta self-cosine for node 0: 0.4246 (delta_norm=0.1884)"}
{"time":"2026-07-22 12:26:06,692","level":"INFO","node":3,"msg":"Per-class agreement with node 0: class0=0.980 class1=0.976 gap=0.005"}
{"time":"2026-07-22 12:26:06,694","level":"INFO","node":3,"msg":"Per-class rolling gap for node 0: mean=0.035 over last 3 round(s)"}
{"time":"2026-07-22 12:26:06,697","level":"INFO","node":3,"msg":"Trust score for node 0: S=0.829 (Z=1.00 A=0.98 P=0.46 R=1.00) advisory only"}
{"time":"2026-07-22 12:26:06,723","level":"INFO","node":3,"msg":"Sent consensus vote to node 0"}
{"time":"2026-07-22 12:26:06,747","level":"INFO","node":3,"msg":"Sent consensus vote to node 1"}
{"time":"2026-07-22 12:26:06,766","level":"INFO","node":3,"msg":"Sent consensus vote to node 2"}
{"time":"2026-07-22 12:26:12,638","level":"INFO","node":3,"msg":"Forwarded to http://127.0.0.1:8000"}
{"time":"2026-07-22 12:26:12,725","level":"INFO","node":3,"msg":"Synced weights from master for round 12"}
{"time":"2026-07-22 12:26:12,734","level":"INFO","node":3,"msg":"Sent commit vote to node 0"}
{"time":"2026-07-22 12:26:19,086","level":"INFO","node":3,"msg":"Proposal received: round=13 origin=1 hash=4b6393d0fd7e..."}
{"time":"2026-07-22 12:26:19,102","level":"INFO","node":3,"msg":"Consensus vote recorded: node 1 decision=True reason=zkp_ok round=13 new=True satisfied=False"}
{"time":"2026-07-22 12:26:28,955","level":"INFO","node":3,"msg":"Consensus vote recorded: node 2 decision=True reason=zkp_ok round=13 new=True satisfied=False"}
{"time":"2026-07-22 12:26:34,937","level":"INFO","node":3,"msg":"Received update from node 2, round 13"}
{"time":"2026-07-22 12:26:44,659","level":"INFO","node":3,"msg":"ZKP ACCEPTED from node 2"}
{"time":"2026-07-22 12:26:44,659","level":"INFO","node":3,"msg":"fc_in col7 delta self-cosine for node 1: 0.2675 (delta_norm=0.1788)"}
{"time":"2026-07-22 12:26:44,659","level":"INFO","node":3,"msg":"Per-class agreement with node 1: class0=0.980 class1=0.969 gap=0.011"}
{"time":"2026-07-22 12:26:44,663","level":"INFO","node":3,"msg":"Per-class rolling gap for node 1: mean=0.048 over last 3 round(s)"}
{"time":"2026-07-22 12:26:44,663","level":"INFO","node":3,"msg":"Trust score for node 1: S=0.827 (Z=1.00 A=0.98 P=0.46 R=1.00) advisory only"}
{"time":"2026-07-22 12:26:44,700","level":"INFO","node":3,"msg":"Sent consensus vote to node 0"}
{"time":"2026-07-22 12:26:44,717","level":"INFO","node":3,"msg":"Sent consensus vote to node 1"}
{"time":"2026-07-22 12:26:44,736","level":"INFO","node":3,"msg":"Sent consensus vote to node 2"}
{"time":"2026-07-22 12:26:50,687","level":"INFO","node":3,"msg":"Forwarded to http://127.0.0.1:8000"}
{"time":"2026-07-22 12:27:00,380","level":"INFO","node":3,"msg":"Prediction agreement with node 0 round=13: A=0.983"}
{"time":"2026-07-22 12:27:00,381","level":"INFO","node":3,"msg":"Consensus vote recorded: node 0 decision=True reason=zkp_ok round=13 new=True satisfied=True"}
{"time":"2026-07-22 12:27:06,367","level":"INFO","node":3,"msg":"Synced weights from master for round 13"}
{"time":"2026-07-22 12:27:06,390","level":"INFO","node":3,"msg":"Sent commit vote to node 1"}
{"time":"2026-07-22 12:27:12,522","level":"INFO","node":3,"msg":"Proposal received: round=14 origin=2 hash=ade4d5c17b18..."}
{"time":"2026-07-22 12:27:12,541","level":"INFO","node":3,"msg":"Consensus vote recorded: node 2 decision=True reason=zkp_ok round=14 new=True satisfied=False"}
{"time":"2026-07-22 12:27:12,548","level":"INFO","node":3,"msg":"Received update from node 2, round 14"}
{"time":"2026-07-22 12:27:22,335","level":"INFO","node":3,"msg":"ZKP ACCEPTED from node 2"}
{"time":"2026-07-22 12:27:22,335","level":"WARNING","node":3,"msg":"[STALE-UPDATE CHECK] node 3 observed node 2 resending identical slack (238939) as last round — REJECTING as replayed/stale update"}
{"time":"2026-07-22 12:27:22,335","level":"INFO","node":3,"msg":"fc_in col7 delta self-cosine for node 2: -0.4637 (delta_norm=0.1775)"}
{"time":"2026-07-22 12:27:22,346","level":"INFO","node":3,"msg":"Per-class agreement with node 2: class0=0.973 class1=0.965 gap=0.008"}
{"time":"2026-07-22 12:27:22,346","level":"INFO","node":3,"msg":"Per-class rolling gap for node 2: mean=0.012 over last 3 round(s)"}
{"time":"2026-07-22 12:27:22,348","level":"INFO","node":3,"msg":"Trust score for node 2: S=0.711 (Z=1.00 A=0.97 P=0.06 R=1.00) advisory only"}
{"time":"2026-07-22 12:27:22,358","level":"INFO","node":3,"msg":"Sent consensus vote to node 0"}
{"time":"2026-07-22 12:27:22,376","level":"INFO","node":3,"msg":"Sent consensus vote to node 1"}
{"time":"2026-07-22 12:27:22,390","level":"INFO","node":3,"msg":"Sent consensus vote to node 2"}
{"time":"2026-07-22 12:27:28,329","level":"INFO","node":3,"msg":"Forwarded to http://127.0.0.1:8000"}
{"time":"2026-07-22 12:27:38,101","level":"INFO","node":3,"msg":"Prediction agreement with node 0 round=14: A=0.928"}
{"time":"2026-07-22 12:27:38,102","level":"INFO","node":3,"msg":"Consensus vote recorded: node 0 decision=True reason=zkp_ok round=14 new=True satisfied=True"}
{"time":"2026-07-22 12:27:53,906","level":"INFO","node":3,"msg":"Prediction agreement with node 1 round=14: A=0.921"}
{"time":"2026-07-22 12:27:53,906","level":"INFO","node":3,"msg":"Consensus vote recorded: node 1 decision=True reason=zkp_ok round=14 new=True satisfied=True"}
{"time":"2026-07-22 12:28:00,124","level":"INFO","node":3,"msg":"Synced weights from master for round 14"}
{"time":"2026-07-22 12:28:00,146","level":"INFO","node":3,"msg":"Sent commit vote to node 2"}
{"time":"2026-07-22 12:28:00,151","level":"INFO","node":3,"msg":"My turn — starting round 16 as proposer."}
{"time":"2026-07-22 12:28:00,152","level":"INFO","node":3,"msg":"Starting round 16"}
{"time":"2026-07-22 12:28:06,023","level":"INFO","node":3,"msg":"Sent proposal to node 0"}
{"time":"2026-07-22 12:28:06,041","level":"INFO","node":3,"msg":"Sent proposal to node 1"}
{"time":"2026-07-22 12:28:06,050","level":"INFO","node":3,"msg":"Sent proposal to node 2"}
{"time":"2026-07-22 12:28:06,059","level":"INFO","node":3,"msg":"Sent consensus vote to node 0"}
{"time":"2026-07-22 12:28:06,062","level":"INFO","node":3,"msg":"Sent consensus vote to node 1"}
{"time":"2026-07-22 12:28:06,065","level":"INFO","node":3,"msg":"Sent consensus vote to node 2"}
{"time":"2026-07-22 12:28:06,069","level":"INFO","node":3,"msg":"Forwarded to http://127.0.0.1:8000"}
{"time":"2026-07-22 12:28:15,988","level":"INFO","node":3,"msg":"Consensus vote recorded: node 0 decision=True reason=zkp_ok round=15 new=True satisfied=False"}
{"time":"2026-07-22 12:28:31,779","level":"INFO","node":3,"msg":"Consensus vote recorded: node 1 decision=True reason=zkp_ok round=15 new=True satisfied=True"}
{"time":"2026-07-22 12:28:47,718","level":"INFO","node":3,"msg":"Consensus vote recorded: node 2 decision=True reason=zkp_ok round=15 new=True satisfied=True"}
{"time":"2026-07-22 12:28:53,683","level":"INFO","node":3,"msg":"Received update from node 2, round 15"}
{"time":"2026-07-22 12:28:53,683","level":"INFO","node":3,"msg":"Round 16 complete — aggregating"}
{"time":"2026-07-22 12:28:53,717","level":"INFO","node":3,"msg":"[BACKDOOR PROBE] Round 16 clean — worst case flip_rate=1.000 jump=0.218 (feature=1, value=-4.0)"}
{"time":"2026-07-22 12:28:53,744","level":"INFO","node":3,"msg":"Commit vote recorded: node 0 decision=True round=15 satisfied=False"}
{"time":"2026-07-22 12:28:53,744","level":"INFO","node":3,"msg":"Broadcast weights to node 0"}
{"time":"2026-07-22 12:28:53,797","level":"INFO","node":3,"msg":"Commit vote recorded: node 1 decision=True round=15 satisfied=True"}
{"time":"2026-07-22 12:28:53,797","level":"INFO","node":3,"msg":"Round 16 COMMITTED — model hash agreed by [3, 0, 1]"}
{"time":"2026-07-22 12:28:53,797","level":"INFO","node":3,"msg":"Commit certificate saved to C:\Users\mousu\OneDrive\Desktop\Set A\securefedhe\dashboard\certificates\round_15.json"}
{"time":"2026-07-22 12:28:53,799","level":"INFO","node":3,"msg":"Broadcast weights to node 1"}
{"time":"2026-07-22 12:28:53,823","level":"INFO","node":3,"msg":"Commit vote recorded: node 2 decision=True round=15 satisfied=True"}
{"time":"2026-07-22 12:28:53,825","level":"INFO","node":3,"msg":"Broadcast weights to node 2"}
{"time":"2026-07-22 12:28:53,826","level":"INFO","node":3,"msg":"Checkpoint saved to C:\Users\mousu\OneDrive\Desktop\Set A\securefedhe\dashboard\model_latest.pt"}
{"time":"2026-07-22 12:28:53,826","level":"INFO","node":3,"msg":"Round 16 complete | accuracy=0.8091 | duration=53.67s"}
{"time":"2026-07-22 12:28:53,827","level":"INFO","node":3,"msg":"Round 17 belongs to node 0 — waiting for their proposal."}
{"time":"2026-07-22 12:28:53,829","level":"INFO","node":3,"msg":"Notified next proposer to node 0"}
{"time":"2026-07-22 12:28:53,831","level":"INFO","node":3,"msg":"[WATCHDOG SPAWNED] round=16 expected_proposer=0 timeout_s=600 spawned_at=12:28:53"}
{"time":"2026-07-22 12:28:59,925","level":"INFO","node":3,"msg":"Proposal received: round=16 origin=0 hash=28017c4ca85a..."}
{"time":"2026-07-22 12:28:59,942","level":"INFO","node":3,"msg":"Consensus vote recorded: node 0 decision=True reason=zkp_ok round=16 new=True satisfied=False"}
{"time":"2026-07-22 12:29:09,561","level":"INFO","node":3,"msg":"Consensus vote recorded: node 1 decision=True reason=zkp_ok round=16 new=True satisfied=False"}
{"time":"2026-07-22 12:29:25,434","level":"INFO","node":3,"msg":"Consensus vote recorded: node 2 decision=True reason=zkp_ok round=16 new=True satisfied=True"}
{"time":"2026-07-22 12:29:31,436","level":"INFO","node":3,"msg":"Received update from node 2, round 16"}
{"time":"2026-07-22 12:29:41,099","level":"INFO","node":3,"msg":"ZKP ACCEPTED from node 2"}
{"time":"2026-07-22 12:29:41,099","level":"INFO","node":3,"msg":"fc_in col7 delta self-cosine for node 0: 0.0314 (delta_norm=0.1606)"}
{"time":"2026-07-22 12:29:41,099","level":"INFO","node":3,"msg":"Per-class agreement with node 0: class0=0.984 class1=0.975 gap=0.009"}
{"time":"2026-07-22 12:29:41,099","level":"INFO","node":3,"msg":"Per-class rolling gap for node 0: mean=0.028 over last 4 round(s)"}
{"time":"2026-07-22 12:29:41,106","level":"INFO","node":3,"msg":"Trust score for node 0: S=0.841 (Z=1.00 A=0.98 P=0.50 R=1.00) advisory only"}
{"time":"2026-07-22 12:29:41,118","level":"INFO","node":3,"msg":"Sent consensus vote to node 0"}
{"time":"2026-07-22 12:29:41,142","level":"INFO","node":3,"msg":"Sent consensus vote to node 1"}
{"time":"2026-07-22 12:29:41,175","level":"INFO","node":3,"msg":"Sent consensus vote to node 2"}
{"time":"2026-07-22 12:29:47,028","level":"INFO","node":3,"msg":"Forwarded to http://127.0.0.1:8000"}
{"time":"2026-07-22 12:29:47,180","level":"INFO","node":3,"msg":"Synced weights from master for round 16"}
{"time":"2026-07-22 12:29:47,187","level":"INFO","node":3,"msg":"Sent commit vote to node 0"}
{"time":"2026-07-22 12:29:53,501","level":"INFO","node":3,"msg":"Proposal received: round=17 origin=1 hash=5e8a20f673ac..."}
{"time":"2026-07-22 12:29:53,515","level":"INFO","node":3,"msg":"Consensus vote recorded: node 1 decision=True reason=zkp_ok round=17 new=True satisfied=False"}
{"time":"2026-07-22 12:30:03,334","level":"INFO","node":3,"msg":"Consensus vote recorded: node 2 decision=True reason=zkp_ok round=17 new=True satisfied=False"}
{"time":"2026-07-22 12:30:09,326","level":"INFO","node":3,"msg":"Received update from node 2, round 17"}
{"time":"2026-07-22 12:30:19,067","level":"INFO","node":3,"msg":"ZKP ACCEPTED from node 2"}
{"time":"2026-07-22 12:30:19,067","level":"INFO","node":3,"msg":"fc_in col7 delta self-cosine for node 1: -0.0682 (delta_norm=0.1427)"}
{"time":"2026-07-22 12:30:19,076","level":"INFO","node":3,"msg":"Per-class agreement with node 1: class0=0.974 class1=0.974 gap=0.000"}
{"time":"2026-07-22 12:30:19,076","level":"INFO","node":3,"msg":"Per-class rolling gap for node 1: mean=0.036 over last 4 round(s)"}
{"time":"2026-07-22 12:30:19,080","level":"INFO","node":3,"msg":"Trust score for node 1: S=0.825 (Z=1.00 A=0.97 P=0.46 R=1.00) advisory only"}
{"time":"2026-07-22 12:30:19,104","level":"INFO","node":3,"msg":"Sent consensus vote to node 0"}
{"time":"2026-07-22 12:30:19,126","level":"INFO","node":3,"msg":"Sent consensus vote to node 1"}
{"time":"2026-07-22 12:30:19,153","level":"INFO","node":3,"msg":"Sent consensus vote to node 2"}
{"time":"2026-07-22 12:30:25,250","level":"INFO","node":3,"msg":"Forwarded to http://127.0.0.1:8000"}
{"time":"2026-07-22 12:30:35,161","level":"INFO","node":3,"msg":"Prediction agreement with node 0 round=17: A=0.984"}
{"time":"2026-07-22 12:30:35,162","level":"INFO","node":3,"msg":"Consensus vote recorded: node 0 decision=True reason=zkp_ok round=17 new=True satisfied=True"}
{"time":"2026-07-22 12:30:41,172","level":"INFO","node":3,"msg":"Synced weights from master for round 17"}
{"time":"2026-07-22 12:30:41,192","level":"INFO","node":3,"msg":"Sent commit vote to node 1"}
{"time":"2026-07-22 12:30:47,485","level":"INFO","node":3,"msg":"Proposal received: round=18 origin=2 hash=c6bae0e5deed..."}
{"time":"2026-07-22 12:30:47,512","level":"INFO","node":3,"msg":"Consensus vote recorded: node 2 decision=True reason=zkp_ok round=18 new=True satisfied=False"}
{"time":"2026-07-22 12:30:47,526","level":"INFO","node":3,"msg":"Received update from node 2, round 18"}
{"time":"2026-07-22 12:30:57,314","level":"INFO","node":3,"msg":"ZKP ACCEPTED from node 2"}
{"time":"2026-07-22 12:30:57,314","level":"WARNING","node":3,"msg":"[STALE-UPDATE CHECK] node 3 observed node 2 resending identical slack (238939) as last round — REJECTING as replayed/stale update"}
{"time":"2026-07-22 12:30:57,314","level":"INFO","node":3,"msg":"fc_in col7 delta self-cosine for node 2: -0.4008 (delta_norm=0.1831)"}
{"time":"2026-07-22 12:30:57,328","level":"INFO","node":3,"msg":"Per-class agreement with node 2: class0=0.976 class1=0.974 gap=0.002"}
{"time":"2026-07-22 12:30:57,328","level":"INFO","node":3,"msg":"Per-class rolling gap for node 2: mean=0.010 over last 4 round(s)"}
{"time":"2026-07-22 12:30:57,332","level":"INFO","node":3,"msg":"Trust score for node 2: S=0.697 (Z=1.00 A=0.98 P=0.00 R=1.00) advisory only"}
{"time":"2026-07-22 12:30:57,347","level":"INFO","node":3,"msg":"Sent consensus vote to node 0"}
{"time":"2026-07-22 12:30:57,372","level":"INFO","node":3,"msg":"Sent consensus vote to node 1"}
{"time":"2026-07-22 12:30:57,397","level":"INFO","node":3,"msg":"Sent consensus vote to node 2"}
{"time":"2026-07-22 12:31:03,338","level":"INFO","node":3,"msg":"Forwarded to http://127.0.0.1:8000"}
{"time":"2026-07-22 12:31:13,264","level":"INFO","node":3,"msg":"Prediction agreement with node 0 round=18: A=0.917"}
{"time":"2026-07-22 12:31:13,264","level":"INFO","node":3,"msg":"Consensus vote recorded: node 0 decision=True reason=zkp_ok round=18 new=True satisfied=True"}
{"time":"2026-07-22 12:31:29,095","level":"INFO","node":3,"msg":"Prediction agreement with node 1 round=18: A=0.907"}
{"time":"2026-07-22 12:31:29,095","level":"INFO","node":3,"msg":"Consensus vote recorded: node 1 decision=True reason=zkp_ok round=18 new=True satisfied=True"}
{"time":"2026-07-22 12:31:35,366","level":"INFO","node":3,"msg":"Synced weights from master for round 18"}
{"time":"2026-07-22 12:31:35,373","level":"INFO","node":3,"msg":"Sent commit vote to node 2"}
{"time":"2026-07-22 12:31:35,377","level":"INFO","node":3,"msg":"My turn — starting round 20 as proposer."}
{"time":"2026-07-22 12:31:35,377","level":"INFO","node":3,"msg":"Starting round 20"}
{"time":"2026-07-22 12:31:41,363","level":"INFO","node":3,"msg":"Sent proposal to node 0"}
{"time":"2026-07-22 12:31:41,382","level":"INFO","node":3,"msg":"Sent proposal to node 1"}
{"time":"2026-07-22 12:31:41,405","level":"INFO","node":3,"msg":"Sent proposal to node 2"}
{"time":"2026-07-22 12:31:41,411","level":"INFO","node":3,"msg":"Sent consensus vote to node 0"}
{"time":"2026-07-22 12:31:41,415","level":"INFO","node":3,"msg":"Sent consensus vote to node 1"}
{"time":"2026-07-22 12:31:41,421","level":"INFO","node":3,"msg":"Sent consensus vote to node 2"}
{"time":"2026-07-22 12:31:41,428","level":"INFO","node":3,"msg":"Forwarded to http://127.0.0.1:8000"}
{"time":"2026-07-22 12:31:51,303","level":"INFO","node":3,"msg":"Consensus vote recorded: node 0 decision=True reason=zkp_ok round=19 new=True satisfied=False"}
{"time":"2026-07-22 12:32:06,968","level":"INFO","node":3,"msg":"Consensus vote recorded: node 1 decision=True reason=zkp_ok round=19 new=True satisfied=True"}
{"time":"2026-07-22 12:32:22,806","level":"INFO","node":3,"msg":"Consensus vote recorded: node 2 decision=True reason=zkp_ok round=19 new=True satisfied=True"}
{"time":"2026-07-22 12:32:28,864","level":"INFO","node":3,"msg":"Received update from node 2, round 19"}
{"time":"2026-07-22 12:32:28,864","level":"INFO","node":3,"msg":"Round 20 complete — aggregating"}
{"time":"2026-07-22 12:32:28,889","level":"INFO","node":3,"msg":"[BACKDOOR PROBE] Round 20 clean — worst case flip_rate=1.000 jump=0.218 (feature=0, value=-8.0)"}
{"time":"2026-07-22 12:32:28,931","level":"INFO","node":3,"msg":"Commit vote recorded: node 0 decision=True round=19 satisfied=False"}
{"time":"2026-07-22 12:32:28,937","level":"INFO","node":3,"msg":"Broadcast weights to node 0"}
{"time":"2026-07-22 12:32:28,960","level":"INFO","node":3,"msg":"Commit vote recorded: node 1 decision=True round=19 satisfied=True"}
{"time":"2026-07-22 12:32:28,961","level":"INFO","node":3,"msg":"Round 20 COMMITTED — model hash agreed by [3, 0, 1]"}
{"time":"2026-07-22 12:32:28,964","level":"INFO","node":3,"msg":"Commit certificate saved to C:\Users\mousu\OneDrive\Desktop\Set A\securefedhe\dashboard\certificates\round_19.json"}
{"time":"2026-07-22 12:32:28,967","level":"INFO","node":3,"msg":"Broadcast weights to node 1"}
{"time":"2026-07-22 12:32:28,986","level":"INFO","node":3,"msg":"Commit vote recorded: node 2 decision=True round=19 satisfied=True"}
{"time":"2026-07-22 12:32:28,988","level":"INFO","node":3,"msg":"Broadcast weights to node 2"}
{"time":"2026-07-22 12:32:28,992","level":"INFO","node":3,"msg":"Checkpoint saved to C:\Users\mousu\OneDrive\Desktop\Set A\securefedhe\dashboard\model_latest.pt"}
{"time":"2026-07-22 12:32:28,993","level":"INFO","node":3,"msg":"Round 20 complete | accuracy=0.8091 | duration=53.61s"}
{"time":"2026-07-22 12:32:28,993","level":"INFO","node":3,"msg":"Training complete after 20 rounds"}
{"time":"2026-07-22 13:10:34,659","level":"INFO","node":3,"msg":"Starting node 3: Community Wellness Center"}
{"time":"2026-07-22 13:10:34,666","level":"INFO","node":3,"msg":"[CONFIG DEBUG] attack_simulation loaded: enabled=True target_node=2 type=gradient_norm config_path=config_dev.json"}
{"time":"2026-07-22 13:10:34,829","level":"WARNING","node":3,"msg":"DEV MODE: running without TLS"}
{"time":"2026-07-22 13:10:34,829","level":"INFO","node":3,"msg":"Listening on 127.0.0.1:8003 | TLS=False"}
{"time":"2026-07-22 13:10:38,584","level":"INFO","node":3,"msg":"Key exchange complete with node 2"}
{"time":"2026-07-22 13:10:38,592","level":"INFO","node":3,"msg":"Consensus pubkey received from node 2"}
{"time":"2026-07-22 13:10:38,843","level":"INFO","node":3,"msg":"Consensus pubkey received from node 1"}
{"time":"2026-07-22 13:10:38,845","level":"INFO","node":3,"msg":"Key exchange complete with node 1"}
{"time":"2026-07-22 13:10:39,848","level":"INFO","node":3,"msg":"Sent public key to node 0"}
{"time":"2026-07-22 13:10:39,853","level":"INFO","node":3,"msg":"Sent consensus pubkey to node 0"}
{"time":"2026-07-22 13:10:39,860","level":"INFO","node":3,"msg":"Sent public key to node 1"}
{"time":"2026-07-22 13:10:39,861","level":"INFO","node":3,"msg":"Sent consensus pubkey to node 1"}
{"time":"2026-07-22 13:10:39,882","level":"INFO","node":3,"msg":"Sent public key to node 2"}
{"time":"2026-07-22 13:10:39,894","level":"INFO","node":3,"msg":"Sent consensus pubkey to node 2"}
{"time":"2026-07-22 13:10:51,819","level":"INFO","node":3,"msg":"Key exchange complete with node 0"}
{"time":"2026-07-22 13:10:51,874","level":"INFO","node":3,"msg":"Consensus pubkey received from node 0"}
{"time":"2026-07-22 13:11:12,833","level":"INFO","node":3,"msg":"Proposal received: round=0 origin=0 hash=7b7bfae17a05..."}
{"time":"2026-07-22 13:11:12,905","level":"INFO","node":3,"msg":"Consensus vote recorded: node 0 decision=True reason=zkp_ok round=0 new=True satisfied=False"}
{"time":"2026-07-22 13:11:42,356","level":"INFO","node":3,"msg":"Consensus vote recorded: node 1 decision=True reason=zkp_ok round=0 new=True satisfied=False"}
{"time":"2026-07-22 13:12:32,548","level":"INFO","node":3,"msg":"Consensus vote recorded: node 2 decision=True reason=zkp_ok round=0 new=True satisfied=True"}
{"time":"2026-07-22 13:12:54,933","level":"INFO","node":3,"msg":"Received update from node 2, round 0"}
{"time":"2026-07-22 13:13:14,037","level":"INFO","node":3,"msg":"ZKP ACCEPTED from node 2"}
{"time":"2026-07-22 13:13:14,064","level":"INFO","node":3,"msg":"Trust score for node 0: S=0.429 (Z=1.00 A=0.50 P=0.50 R=1.00) advisory only"}
{"time":"2026-07-22 13:13:14,079","level":"INFO","node":3,"msg":"Sent consensus vote to node 0"}
{"time":"2026-07-22 13:13:14,089","level":"INFO","node":3,"msg":"Sent consensus vote to node 1"}
{"time":"2026-07-22 13:13:14,089","level":"INFO","node":3,"msg":"Sent consensus vote to node 2"}
{"time":"2026-07-22 13:13:17,620","level":"WARNING","node":3,"msg":"ZKP norm violation (clipping applied): slack=-260020, retry=0"}
{"time":"2026-07-22 13:13:38,956","level":"INFO","node":3,"msg":"Forwarded to http://127.0.0.1:8000"}
{"time":"2026-07-22 13:13:39,066","level":"INFO","node":3,"msg":"Synced weights from master for round 0"}
{"time":"2026-07-22 13:13:39,078","level":"INFO","node":3,"msg":"Sent commit vote to node 0"}
{"time":"2026-07-22 13:13:59,876","level":"INFO","node":3,"msg":"Proposal received: round=1 origin=1 hash=e5a261f9c3da..."}
{"time":"2026-07-22 13:13:59,908","level":"INFO","node":3,"msg":"Consensus vote recorded: node 1 decision=True reason=zkp_ok round=1 new=True satisfied=False"}
{"time":"2026-07-22 13:14:45,283","level":"INFO","node":3,"msg":"Received update from node 2, round 1"}
{"time":"2026-07-22 13:15:13,017","level":"INFO","node":3,"msg":"ZKP ACCEPTED from node 2"}
{"time":"2026-07-22 13:15:13,029","level":"INFO","node":3,"msg":"Trust score for node 1: S=0.429 (Z=1.00 A=0.50 P=0.50 R=1.00) advisory only"}
{"time":"2026-07-22 13:15:13,037","level":"WARNING","node":3,"msg":"Sent consensus vote to node 0 FAILED (hard timeout or exception) — consecutive failure streak 1/3"}
{"time":"2026-07-22 13:15:13,039","level":"WARNING","node":3,"msg":"Sent consensus vote to node 1 FAILED (hard timeout or exception) — consecutive failure streak 1/3"}
{"time":"2026-07-22 13:15:13,042","level":"WARNING","node":3,"msg":"Sent consensus vote to node 2 FAILED (hard timeout or exception) — consecutive failure streak 1/3"}
{"time":"2026-07-22 13:15:31,484","level":"INFO","node":3,"msg":"Forwarded to http://127.0.0.1:8000"}
{"time":"2026-07-22 13:16:40,061","level":"INFO","node":3,"msg":"Proposal for round=1 origin=1 changed hash after 160.21s — treating as a legitimate round retry, not equivocation."}
{"time":"2026-07-22 13:16:40,062","level":"INFO","node":3,"msg":"Proposal received: round=1 origin=1 hash=7d74707f3281..."}
{"time":"2026-07-22 13:16:40,091","level":"INFO","node":3,"msg":"Consensus vote recorded: node 1 decision=True reason=zkp_ok round=1 new=True satisfied=False"}
{"time":"2026-07-22 13:17:27,956","level":"INFO","node":3,"msg":"Received update from node 2, round 1"}
{"time":"2026-07-22 13:17:57,140","level":"INFO","node":3,"msg":"ZKP ACCEPTED from node 2"}
{"time":"2026-07-22 13:17:57,151","level":"INFO","node":3,"msg":"Per-class agreement with node 1: class0=nan class1=nan gap=nan"}
{"time":"2026-07-22 13:17:57,151","level":"INFO","node":3,"msg":"Per-class rolling gap for node 1: mean=nan over last 1 round(s)"}
{"time":"2026-07-22 13:17:57,151","level":"INFO","node":3,"msg":"Trust score for node 1: S=nan (Z=1.00 A=nan P=0.50 R=1.00) advisory only"}
{"time":"2026-07-22 13:17:57,157","level":"WARNING","node":3,"msg":"Sent consensus vote to node 0 FAILED (hard timeout or exception) — consecutive failure streak 2/3"}
{"time":"2026-07-22 13:17:57,159","level":"WARNING","node":3,"msg":"Sent consensus vote to node 1 FAILED (hard timeout or exception) — consecutive failure streak 2/3"}
{"time":"2026-07-22 13:17:57,160","level":"WARNING","node":3,"msg":"Sent consensus vote to node 2 FAILED (hard timeout or exception) — consecutive failure streak 2/3"}
{"time":"2026-07-22 13:18:17,604","level":"INFO","node":3,"msg":"Forwarded to http://127.0.0.1:8000"}
{"time":"2026-07-22 13:19:26,242","level":"INFO","node":3,"msg":"Proposal for round=1 origin=1 changed hash after 166.18s — treating as a legitimate round retry, not equivocation."}
{"time":"2026-07-22 13:19:26,242","level":"INFO","node":3,"msg":"Proposal received: round=1 origin=1 hash=ced1e6f227f7..."}
{"time":"2026-07-22 13:19:26,269","level":"INFO","node":3,"msg":"Consensus vote recorded: node 1 decision=True reason=zkp_ok round=1 new=True satisfied=False"}
{"time":"2026-07-22 13:19:55,273","level":"ERROR","node":3,"msg":"Node 0 EXCLUDED from proposing and quorum. Quorum requirement adjusted to 3 of 3 remaining trusted nodes."}
{"time":"2026-07-22 13:19:55,287","level":"ERROR","node":3,"msg":"Node 1 EXCLUDED from proposing and quorum. Quorum requirement adjusted to 2 of 2 remaining trusted nodes."}
{"time":"2026-07-22 13:20:14,496","level":"INFO","node":3,"msg":"Received update from node 2, round 1"}
{"time":"2026-07-22 13:20:44,384","level":"INFO","node":3,"msg":"ZKP ACCEPTED from node 2"}
{"time":"2026-07-22 13:20:44,385","level":"INFO","node":3,"msg":"fc_in col7 delta self-cosine for node 1: -0.3326 (delta_norm=0.3761)"}
{"time":"2026-07-22 13:20:44,397","level":"INFO","node":3,"msg":"Per-class agreement with node 1: class0=nan class1=nan gap=nan"}
{"time":"2026-07-22 13:20:44,397","level":"INFO","node":3,"msg":"Per-class rolling gap for node 1: mean=nan over last 2 round(s)"}
{"time":"2026-07-22 13:20:44,398","level":"INFO","node":3,"msg":"Trust score for node 1: S=nan (Z=1.00 A=nan P=0.50 R=1.00) advisory only"}
{"time":"2026-07-22 13:20:44,423","level":"INFO","node":3,"msg":"Sent consensus vote to node 2"}
{"time":"2026-07-22 13:21:03,590","level":"INFO","node":3,"msg":"Forwarded to http://127.0.0.1:8002"}
{"time":"2026-07-22 13:21:51,634","level":"INFO","node":3,"msg":"Received update from node 2, round 1"}
{"time":"2026-07-22 13:22:20,475","level":"INFO","node":3,"msg":"ZKP ACCEPTED from node 2"}
{"time":"2026-07-22 13:22:20,476","level":"WARNING","node":3,"msg":"[STALE-UPDATE CHECK] node 3 observed node 1 resending identical slack (23413352131) as last round — REJECTING as replayed/stale update"}
{"time":"2026-07-22 13:22:20,477","level":"INFO","node":3,"msg":"fc_in col7 delta self-cosine for node 1: -0.1451 (delta_norm=0.2209)"}
{"time":"2026-07-22 13:22:20,489","level":"INFO","node":3,"msg":"Per-class agreement with node 1: class0=0.958 class1=0.955 gap=0.003"}
{"time":"2026-07-22 13:22:20,489","level":"INFO","node":3,"msg":"Per-class rolling gap for node 1: mean=nan over last 3 round(s)"}
{"time":"2026-07-22 13:22:20,490","level":"INFO","node":3,"msg":"Trust score for node 1: S=0.820 (Z=1.00 A=0.96 P=0.50 R=1.00) advisory only"}
{"time":"2026-07-22 13:22:20,490","level":"WARNING","node":3,"msg":"Update round=1 from node 1 REJECTED on stale-update replay: identical slack to previous round"}
{"time":"2026-07-22 13:22:20,513","level":"INFO","node":3,"msg":"Sent consensus vote to node 2"}
{"time":"2026-07-22 13:22:39,873","level":"INFO","node":3,"msg":"Forwarded to http://127.0.0.1:8002"}
{"time":"2026-07-22 13:23:27,666","level":"INFO","node":3,"msg":"Received update from node 2, round 1"}
{"time":"2026-07-22 13:23:55,974","level":"INFO","node":3,"msg":"ZKP ACCEPTED from node 2"}
{"time":"2026-07-22 13:23:55,975","level":"WARNING","node":3,"msg":"[STALE-UPDATE CHECK] node 3 observed node 1 resending identical slack (23413352131) as last round — REJECTING as replayed/stale update"}
{"time":"2026-07-22 13:23:55,976","level":"INFO","node":3,"msg":"fc_in col7 delta self-cosine for node 1: -0.2768 (delta_norm=0.1446)"}
{"time":"2026-07-22 13:23:55,985","level":"INFO","node":3,"msg":"Per-class agreement with node 1: class0=0.953 class1=0.920 gap=0.033"}
{"time":"2026-07-22 13:23:55,986","level":"INFO","node":3,"msg":"Per-class rolling gap for node 1: mean=nan over last 4 round(s)"}
{"time":"2026-07-22 13:23:55,986","level":"INFO","node":3,"msg":"Trust score for node 1: S=0.767 (Z=1.00 A=0.94 P=0.50 R=0.80) advisory only"}
{"time":"2026-07-22 13:23:55,987","level":"WARNING","node":3,"msg":"Update round=1 from node 1 REJECTED on stale-update replay: identical slack to previous round"}
{"time":"2026-07-22 13:23:56,015","level":"INFO","node":3,"msg":"Sent consensus vote to node 2"}
{"time":"2026-07-22 13:24:14,507","level":"INFO","node":3,"msg":"Forwarded to http://127.0.0.1:8002"}
{"time":"2026-07-22 13:25:01,572","level":"INFO","node":3,"msg":"Received update from node 2, round 1"}
{"time":"2026-07-22 13:25:30,208","level":"INFO","node":3,"msg":"ZKP ACCEPTED from node 2"}
{"time":"2026-07-22 13:25:30,208","level":"WARNING","node":3,"msg":"[STALE-UPDATE CHECK] node 3 observed node 1 resending identical slack (23413352131) as last round — REJECTING as replayed/stale update"}
{"time":"2026-07-22 13:25:30,209","level":"INFO","node":3,"msg":"fc_in col7 delta self-cosine for node 1: 0.0537 (delta_norm=0.1080)"}
{"time":"2026-07-22 13:25:30,221","level":"INFO","node":3,"msg":"Per-class agreement with node 1: class0=0.968 class1=0.958 gap=0.010"}
{"time":"2026-07-22 13:25:30,221","level":"INFO","node":3,"msg":"Per-class rolling gap for node 1: mean=nan over last 4 round(s)"}
{"time":"2026-07-22 13:25:30,222","level":"INFO","node":3,"msg":"Trust score for node 1: S=0.744 (Z=1.00 A=0.96 P=0.50 R=0.60) advisory only"}
{"time":"2026-07-22 13:25:30,222","level":"WARNING","node":3,"msg":"Update round=1 from node 1 REJECTED on stale-update replay: identical slack to previous round"}
{"time":"2026-07-22 13:25:30,252","level":"INFO","node":3,"msg":"Sent consensus vote to node 2"}
{"time":"2026-07-22 13:25:49,269","level":"INFO","node":3,"msg":"Forwarded to http://127.0.0.1:8002"}
{"time":"2026-07-22 13:26:36,938","level":"INFO","node":3,"msg":"Received update from node 2, round 1"}
{"time":"2026-07-22 13:27:05,872","level":"INFO","node":3,"msg":"ZKP ACCEPTED from node 2"}
{"time":"2026-07-22 13:27:05,873","level":"WARNING","node":3,"msg":"[STALE-UPDATE CHECK] node 3 observed node 1 resending identical slack (23413352131) as last round — REJECTING as replayed/stale update"}
{"time":"2026-07-22 13:27:05,874","level":"INFO","node":3,"msg":"fc_in col7 delta self-cosine for node 1: 0.1776 (delta_norm=0.0634)"}
{"time":"2026-07-22 13:27:05,885","level":"INFO","node":3,"msg":"Per-class agreement with node 1: class0=0.971 class1=0.972 gap=0.002"}
{"time":"2026-07-22 13:27:05,886","level":"INFO","node":3,"msg":"Per-class rolling gap for node 1: mean=0.012 over last 4 round(s)"}
{"time":"2026-07-22 13:27:05,886","level":"INFO","node":3,"msg":"Trust score for node 1: S=0.708 (Z=1.00 A=0.97 P=0.50 R=0.40) advisory only"}
{"time":"2026-07-22 13:27:05,886","level":"WARNING","node":3,"msg":"Update round=1 from node 1 REJECTED on stale-update replay: identical slack to previous round"}
{"time":"2026-07-22 13:27:05,911","level":"INFO","node":3,"msg":"Sent consensus vote to node 2"}
{"time":"2026-07-22 13:27:06,042","level":"WARNING","node":3,"msg":"ZKP norm violation (clipping applied): slack=-17550, retry=0"}
{"time":"2026-07-22 13:27:25,780","level":"INFO","node":3,"msg":"Forwarded to http://127.0.0.1:8002"}
{"time":"2026-07-22 13:28:14,836","level":"INFO","node":3,"msg":"Received update from node 2, round 1"}
{"time":"2026-07-22 13:28:43,828","level":"INFO","node":3,"msg":"ZKP ACCEPTED from node 2"}
{"time":"2026-07-22 13:28:43,829","level":"WARNING","node":3,"msg":"[STALE-UPDATE CHECK] node 3 observed node 1 resending identical slack (23413352131) as last round — REJECTING as replayed/stale update"}
{"time":"2026-07-22 13:28:43,830","level":"INFO","node":3,"msg":"fc_in col7 delta self-cosine for node 1: 0.1030 (delta_norm=0.0633)"}
{"time":"2026-07-22 13:28:43,840","level":"INFO","node":3,"msg":"Per-class agreement with node 1: class0=0.972 class1=0.952 gap=0.020"}
{"time":"2026-07-22 13:28:43,840","level":"INFO","node":3,"msg":"Per-class rolling gap for node 1: mean=0.016 over last 4 round(s)"}
{"time":"2026-07-22 13:28:43,840","level":"INFO","node":3,"msg":"Trust score for node 1: S=0.662 (Z=1.00 A=0.97 P=0.50 R=0.20) advisory only"}
{"time":"2026-07-22 13:28:43,840","level":"WARNING","node":3,"msg":"Update round=1 from node 1 REJECTED on stale-update replay: identical slack to previous round"}
{"time":"2026-07-22 13:28:43,868","level":"INFO","node":3,"msg":"Sent consensus vote to node 2"}
{"time":"2026-07-22 13:29:03,451","level":"INFO","node":3,"msg":"Forwarded to http://127.0.0.1:8002"}
{"time":"2026-07-22 13:29:52,371","level":"INFO","node":3,"msg":"Received update from node 2, round 1"}
{"time":"2026-07-22 13:30:22,163","level":"INFO","node":3,"msg":"ZKP ACCEPTED from node 2"}
{"time":"2026-07-22 13:30:22,164","level":"WARNING","node":3,"msg":"[STALE-UPDATE CHECK] node 3 observed node 1 resending identical slack (23413352131) as last round — REJECTING as replayed/stale update"}
{"time":"2026-07-22 13:30:22,165","level":"INFO","node":3,"msg":"fc_in col7 delta self-cosine for node 1: 0.0919 (delta_norm=0.0599)"}
{"time":"2026-07-22 13:30:22,174","level":"INFO","node":3,"msg":"Per-class agreement with node 1: class0=0.979 class1=0.985 gap=0.006"}
{"time":"2026-07-22 13:30:22,175","level":"INFO","node":3,"msg":"Per-class rolling gap for node 1: mean=0.009 over last 4 round(s)"}
{"time":"2026-07-22 13:30:22,175","level":"INFO","node":3,"msg":"Trust score for node 1: S=0.630 (Z=1.00 A=0.98 P=0.50 R=0.00) advisory only"}
{"time":"2026-07-22 13:30:22,175","level":"WARNING","node":3,"msg":"Update round=1 from node 1 REJECTED on stale-update replay: identical slack to previous round"}
{"time":"2026-07-22 13:30:22,200","level":"INFO","node":3,"msg":"Sent consensus vote to node 2"}
{"time":"2026-07-22 13:30:41,491","level":"INFO","node":3,"msg":"Forwarded to http://127.0.0.1:8002"}
{"time":"2026-07-22 13:31:01,558","level":"INFO","node":3,"msg":"Received update from node 2, round 1"}
{"time":"2026-07-22 13:31:29,359","level":"INFO","node":3,"msg":"ZKP ACCEPTED from node 2"}
{"time":"2026-07-22 13:31:29,360","level":"WARNING","node":3,"msg":"[STALE-UPDATE CHECK] node 3 observed node 1 resending identical slack (23413352131) as last round — REJECTING as replayed/stale update"}
{"time":"2026-07-22 13:31:29,361","level":"INFO","node":3,"msg":"fc_in col7 delta self-cosine for node 1: 0.0667 (delta_norm=0.0399)"}
{"time":"2026-07-22 13:31:29,369","level":"INFO","node":3,"msg":"Per-class agreement with node 1: class0=0.960 class1=0.983 gap=0.023"}
{"time":"2026-07-22 13:31:29,370","level":"INFO","node":3,"msg":"Per-class rolling gap for node 1: mean=0.013 over last 4 round(s)"}
{"time":"2026-07-22 13:31:29,370","level":"INFO","node":3,"msg":"Trust score for node 1: S=0.622 (Z=1.00 A=0.97 P=0.50 R=0.00) advisory only"}
{"time":"2026-07-22 13:31:29,371","level":"WARNING","node":3,"msg":"Update round=1 from node 1 REJECTED on stale-update replay: identical slack to previous round"}
{"time":"2026-07-22 13:31:29,399","level":"INFO","node":3,"msg":"Sent consensus vote to node 2"}
{"time":"2026-07-22 13:31:48,447","level":"INFO","node":3,"msg":"Forwarded to http://127.0.0.1:8002"}
{"time":"2026-07-22 13:32:24,500","level":"INFO","node":3,"msg":"Received update from node 2, round 1"}
{"time":"2026-07-22 13:32:39,125","level":"INFO","node":3,"msg":"ZKP ACCEPTED from node 2"}
{"time":"2026-07-22 13:32:39,125","level":"WARNING","node":3,"msg":"[STALE-UPDATE CHECK] node 3 observed node 1 resending identical slack (23413352131) as last round — REJECTING as replayed/stale update"}
{"time":"2026-07-22 13:32:39,125","level":"INFO","node":3,"msg":"fc_in col7 delta self-cosine for node 1: -0.1308 (delta_norm=0.0420)"}
{"time":"2026-07-22 13:32:39,125","level":"INFO","node":3,"msg":"Per-class agreement with node 1: class0=0.983 class1=0.978 gap=0.005"}
{"time":"2026-07-22 13:32:39,125","level":"INFO","node":3,"msg":"Per-class rolling gap for node 1: mean=0.013 over last 4 round(s)"}
{"time":"2026-07-22 13:32:39,125","level":"INFO","node":3,"msg":"Trust score for node 1: S=0.631 (Z=1.00 A=0.98 P=0.50 R=0.00) advisory only"}
{"time":"2026-07-22 13:32:39,125","level":"WARNING","node":3,"msg":"Update round=1 from node 1 REJECTED on stale-update replay: identical slack to previous round"}
{"time":"2026-07-22 13:32:39,154","level":"INFO","node":3,"msg":"Sent consensus vote to node 2"}
{"time":"2026-07-22 13:32:39,204","level":"WARNING","node":3,"msg":"ZKP norm violation (clipping applied): slack=-84684, retry=0"}
{"time":"2026-07-22 13:32:47,368","level":"INFO","node":3,"msg":"Forwarded to http://127.0.0.1:8002"}
{"time":"2026-07-22 13:33:28,175","level":"INFO","node":3,"msg":"Received update from node 2, round 1"}
