{"time":"2026-07-22 09:40:38,476","level":"INFO","node":1,"msg":"Starting node 1: Suburban Medical Clinic"}
{"time":"2026-07-22 09:40:38,476","level":"INFO","node":1,"msg":"[CONFIG DEBUG] attack_simulation loaded: enabled=True target_node=2 type=stale_update config_path=config_dev.json"}
{"time":"2026-07-22 09:40:38,524","level":"WARNING","node":1,"msg":"DEV MODE: running without TLS"}
{"time":"2026-07-22 09:40:38,524","level":"INFO","node":1,"msg":"Listening on 127.0.0.1:8001 | TLS=False"}
{"time":"2026-07-22 09:40:43,549","level":"INFO","node":1,"msg":"Sent consensus pubkey to node 0"}
{"time":"2026-07-22 09:40:43,549","level":"INFO","node":1,"msg":"Sent public key to node 0"}
{"time":"2026-07-22 09:40:43,549","level":"INFO","node":1,"msg":"Sent consensus pubkey to node 2"}
{"time":"2026-07-22 09:40:43,566","level":"INFO","node":1,"msg":"Sent public key to node 2"}
{"time":"2026-07-22 09:40:44,574","level":"INFO","node":1,"msg":"Sent consensus pubkey to node 3"}
{"time":"2026-07-22 09:40:44,589","level":"INFO","node":1,"msg":"Sent public key to node 3"}
{"time":"2026-07-22 09:40:45,859","level":"INFO","node":1,"msg":"Key exchange complete with node 2"}
{"time":"2026-07-22 09:40:45,879","level":"INFO","node":1,"msg":"Consensus pubkey received from node 2"}
{"time":"2026-07-22 09:40:49,335","level":"INFO","node":1,"msg":"Consensus pubkey received from node 3"}
{"time":"2026-07-22 09:40:49,346","level":"INFO","node":1,"msg":"Key exchange complete with node 3"}
{"time":"2026-07-22 09:40:54,452","level":"INFO","node":1,"msg":"Key exchange complete with node 0"}
{"time":"2026-07-22 09:40:54,491","level":"INFO","node":1,"msg":"Consensus pubkey received from node 0"}
{"time":"2026-07-22 09:41:20,733","level":"INFO","node":1,"msg":"Proposal received: round=0 origin=0 hash=2cb107a45922..."}
{"time":"2026-07-22 09:41:20,790","level":"INFO","node":1,"msg":"Consensus vote recorded: node 0 decision=True reason=zkp_ok round=0 new=True satisfied=False"}
{"time":"2026-07-22 09:41:20,829","level":"INFO","node":1,"msg":"Received update from node 0, round 0"}
{"time":"2026-07-22 09:41:51,385","level":"INFO","node":1,"msg":"ZKP ACCEPTED from node 0"}
{"time":"2026-07-22 09:41:51,413","level":"INFO","node":1,"msg":"Trust score for node 0: S=0.429 (Z=1.00 A=0.50 P=0.50 R=1.00) advisory only"}
{"time":"2026-07-22 09:41:51,433","level":"INFO","node":1,"msg":"Sent consensus vote to node 0"}
{"time":"2026-07-22 09:41:51,444","level":"INFO","node":1,"msg":"Sent consensus vote to node 2"}
{"time":"2026-07-22 09:41:51,453","level":"INFO","node":1,"msg":"Sent consensus vote to node 3"}
{"time":"2026-07-22 09:42:14,410","level":"INFO","node":1,"msg":"Forwarded to http://127.0.0.1:8002"}
{"time":"2026-07-22 09:42:43,636","level":"INFO","node":1,"msg":"Prediction agreement with node 2 round=0: A=0.713"}
{"time":"2026-07-22 09:42:43,637","level":"INFO","node":1,"msg":"Consensus vote recorded: node 2 decision=True reason=zkp_ok round=0 new=True satisfied=True"}
{"time":"2026-07-22 09:43:37,226","level":"INFO","node":1,"msg":"Prediction agreement with node 3 round=0: A=0.574"}
{"time":"2026-07-22 09:43:37,228","level":"INFO","node":1,"msg":"Consensus vote recorded: node 3 decision=True reason=zkp_ok round=0 new=True satisfied=True"}
{"time":"2026-07-22 09:44:01,367","level":"INFO","node":1,"msg":"Synced weights from master for round 0"}
{"time":"2026-07-22 09:44:01,388","level":"INFO","node":1,"msg":"Sent commit vote to node 0"}
{"time":"2026-07-22 09:44:01,515","level":"INFO","node":1,"msg":"My turn — starting round 2 as proposer."}
{"time":"2026-07-22 09:44:01,516","level":"INFO","node":1,"msg":"Starting round 2"}
{"time":"2026-07-22 09:44:21,900","level":"INFO","node":1,"msg":"Sent proposal to node 0"}
{"time":"2026-07-22 09:44:21,915","level":"INFO","node":1,"msg":"Sent proposal to node 2"}
{"time":"2026-07-22 09:44:21,934","level":"INFO","node":1,"msg":"Sent proposal to node 3"}
{"time":"2026-07-22 09:44:21,963","level":"INFO","node":1,"msg":"Sent consensus vote to node 0"}
{"time":"2026-07-22 09:44:21,977","level":"INFO","node":1,"msg":"Sent consensus vote to node 2"}
{"time":"2026-07-22 09:44:21,987","level":"INFO","node":1,"msg":"Sent consensus vote to node 3"}
{"time":"2026-07-22 09:44:21,998","level":"INFO","node":1,"msg":"Forwarded to http://127.0.0.1:8002"}
{"time":"2026-07-22 09:44:51,786","level":"INFO","node":1,"msg":"Consensus vote recorded: node 2 decision=True reason=zkp_ok round=1 new=True satisfied=False"}
{"time":"2026-07-22 09:45:41,529","level":"INFO","node":1,"msg":"Consensus vote recorded: node 3 decision=True reason=zkp_ok round=1 new=True satisfied=True"}
{"time":"2026-07-22 09:46:29,331","level":"INFO","node":1,"msg":"Consensus vote recorded: node 0 decision=True reason=zkp_ok round=1 new=True satisfied=True"}
{"time":"2026-07-22 09:46:38,949","level":"INFO","node":1,"msg":"Received update from node 0, round 1"}
{"time":"2026-07-22 09:46:38,949","level":"INFO","node":1,"msg":"Round 2 complete — aggregating"}
{"time":"2026-07-22 09:46:38,959","level":"INFO","node":1,"msg":"Round 2 accuracy gate skipped (warm-up period, candidate_acc=0.6818)"}
{"time":"2026-07-22 09:46:38,998","level":"INFO","node":1,"msg":"Commit vote recorded: node 0 decision=True round=1 satisfied=False"}
{"time":"2026-07-22 09:46:39,002","level":"INFO","node":1,"msg":"Broadcast weights to node 0"}
{"time":"2026-07-22 09:46:39,033","level":"INFO","node":1,"msg":"Commit vote recorded: node 2 decision=True round=1 satisfied=True"}
{"time":"2026-07-22 09:46:39,033","level":"INFO","node":1,"msg":"Round 2 COMMITTED — model hash agreed by [1, 0, 2]"}
{"time":"2026-07-22 09:46:39,038","level":"INFO","node":1,"msg":"Commit certificate saved to C:\Users\mousu\OneDrive\Desktop\Set A\securefedhe\dashboard\certificates\round_1.json"}
{"time":"2026-07-22 09:46:39,042","level":"INFO","node":1,"msg":"Broadcast weights to node 2"}
{"time":"2026-07-22 09:46:39,082","level":"INFO","node":1,"msg":"Commit vote recorded: node 3 decision=True round=1 satisfied=True"}
{"time":"2026-07-22 09:46:39,083","level":"INFO","node":1,"msg":"Broadcast weights to node 3"}
{"time":"2026-07-22 09:46:39,092","level":"INFO","node":1,"msg":"Checkpoint saved to C:\Users\mousu\OneDrive\Desktop\Set A\securefedhe\dashboard\model_latest.pt"}
{"time":"2026-07-22 09:46:39,092","level":"INFO","node":1,"msg":"Round 2 complete | accuracy=0.6818 | duration=157.57s"}
{"time":"2026-07-22 09:46:39,092","level":"INFO","node":1,"msg":"Round 3 belongs to node 2 — waiting for their proposal."}
{"time":"2026-07-22 09:46:39,096","level":"INFO","node":1,"msg":"Notified next proposer to node 2"}
{"time":"2026-07-22 09:46:39,097","level":"INFO","node":1,"msg":"[WATCHDOG SPAWNED] round=2 expected_proposer=2 timeout_s=600 spawned_at=09:46:39"}
{"time":"2026-07-22 09:46:45,529","level":"INFO","node":1,"msg":"Proposal received: round=2 origin=2 hash=10c2f0cdd6a1..."}
{"time":"2026-07-22 09:46:45,578","level":"INFO","node":1,"msg":"Consensus vote recorded: node 2 decision=True reason=zkp_ok round=2 new=True satisfied=False"}
{"time":"2026-07-22 09:46:55,502","level":"INFO","node":1,"msg":"Consensus vote recorded: node 3 decision=True reason=zkp_ok round=2 new=True satisfied=False"}
{"time":"2026-07-22 09:47:11,839","level":"INFO","node":1,"msg":"Consensus vote recorded: node 0 decision=True reason=zkp_ok round=2 new=True satisfied=True"}
{"time":"2026-07-22 09:47:18,913","level":"INFO","node":1,"msg":"Received update from node 0, round 2"}
{"time":"2026-07-22 09:47:28,845","level":"INFO","node":1,"msg":"ZKP ACCEPTED from node 0"}
{"time":"2026-07-22 09:47:28,852","level":"INFO","node":1,"msg":"Trust score for node 2: S=0.429 (Z=1.00 A=0.50 P=0.50 R=1.00) advisory only"}
{"time":"2026-07-22 09:47:28,882","level":"INFO","node":1,"msg":"Sent consensus vote to node 0"}
{"time":"2026-07-22 09:47:28,904","level":"INFO","node":1,"msg":"Sent consensus vote to node 2"}
{"time":"2026-07-22 09:47:28,938","level":"INFO","node":1,"msg":"Sent consensus vote to node 3"}
{"time":"2026-07-22 09:47:35,101","level":"INFO","node":1,"msg":"Forwarded to http://127.0.0.1:8002"}
{"time":"2026-07-22 09:47:35,203","level":"INFO","node":1,"msg":"Synced weights from master for round 2"}
{"time":"2026-07-22 09:47:35,218","level":"INFO","node":1,"msg":"Sent commit vote to node 2"}
{"time":"2026-07-22 09:47:41,719","level":"INFO","node":1,"msg":"Proposal received: round=3 origin=3 hash=d4c1880f5930..."}
{"time":"2026-07-22 09:47:41,733","level":"INFO","node":1,"msg":"Consensus vote recorded: node 3 decision=True reason=zkp_ok round=3 new=True satisfied=False"}
{"time":"2026-07-22 09:47:51,761","level":"INFO","node":1,"msg":"Consensus vote recorded: node 0 decision=True reason=zkp_ok round=3 new=True satisfied=False"}
{"time":"2026-07-22 09:47:58,106","level":"INFO","node":1,"msg":"Received update from node 0, round 3"}
{"time":"2026-07-22 09:48:08,099","level":"INFO","node":1,"msg":"ZKP ACCEPTED from node 0"}
{"time":"2026-07-22 09:48:08,115","level":"INFO","node":1,"msg":"Trust score for node 3: S=0.429 (Z=1.00 A=0.50 P=0.50 R=1.00) advisory only"}
{"time":"2026-07-22 09:48:08,148","level":"INFO","node":1,"msg":"Sent consensus vote to node 0"}
{"time":"2026-07-22 09:48:08,156","level":"INFO","node":1,"msg":"Sent consensus vote to node 2"}
{"time":"2026-07-22 09:48:08,184","level":"INFO","node":1,"msg":"Sent consensus vote to node 3"}
{"time":"2026-07-22 09:48:14,646","level":"INFO","node":1,"msg":"Forwarded to http://127.0.0.1:8002"}
{"time":"2026-07-22 09:48:24,809","level":"INFO","node":1,"msg":"Prediction agreement with node 2 round=3: A=0.973"}
{"time":"2026-07-22 09:48:24,810","level":"INFO","node":1,"msg":"Consensus vote recorded: node 2 decision=True reason=zkp_ok round=3 new=True satisfied=True"}
{"time":"2026-07-22 09:48:31,474","level":"INFO","node":1,"msg":"Synced weights from master for round 3"}
{"time":"2026-07-22 09:48:31,506","level":"INFO","node":1,"msg":"Sent commit vote to node 3"}
{"time":"2026-07-22 09:48:37,883","level":"INFO","node":1,"msg":"Proposal received: round=4 origin=0 hash=fd6b1079fd1b..."}
{"time":"2026-07-22 09:48:37,926","level":"INFO","node":1,"msg":"Consensus vote recorded: node 0 decision=True reason=zkp_ok round=4 new=True satisfied=False"}
{"time":"2026-07-22 09:48:37,944","level":"INFO","node":1,"msg":"Received update from node 0, round 4"}
{"time":"2026-07-22 09:48:47,865","level":"INFO","node":1,"msg":"ZKP ACCEPTED from node 0"}
{"time":"2026-07-22 09:48:47,875","level":"INFO","node":1,"msg":"Per-class agreement with node 0: class0=0.613 class1=0.646 gap=0.032"}
{"time":"2026-07-22 09:48:47,875","level":"INFO","node":1,"msg":"Per-class rolling gap for node 0: mean=0.032 over last 1 round(s)"}
{"time":"2026-07-22 09:48:47,877","level":"INFO","node":1,"msg":"Trust score for node 0: S=0.535 (Z=1.00 A=0.62 P=0.50 R=1.00) advisory only"}
{"time":"2026-07-22 09:48:47,912","level":"INFO","node":1,"msg":"Sent consensus vote to node 0"}
{"time":"2026-07-22 09:48:47,932","level":"INFO","node":1,"msg":"Sent consensus vote to node 2"}
{"time":"2026-07-22 09:48:47,962","level":"INFO","node":1,"msg":"Sent consensus vote to node 3"}
{"time":"2026-07-22 09:48:54,226","level":"INFO","node":1,"msg":"Forwarded to http://127.0.0.1:8002"}
{"time":"2026-07-22 09:49:04,284","level":"INFO","node":1,"msg":"Prediction agreement with node 2 round=4: A=0.945"}
{"time":"2026-07-22 09:49:04,284","level":"INFO","node":1,"msg":"Consensus vote recorded: node 2 decision=True reason=zkp_ok round=4 new=True satisfied=True"}
{"time":"2026-07-22 09:49:20,561","level":"INFO","node":1,"msg":"Prediction agreement with node 3 round=4: A=0.961"}
{"time":"2026-07-22 09:49:20,562","level":"INFO","node":1,"msg":"Consensus vote recorded: node 3 decision=True reason=zkp_ok round=4 new=True satisfied=True"}
{"time":"2026-07-22 09:49:27,120","level":"INFO","node":1,"msg":"Synced weights from master for round 4"}
{"time":"2026-07-22 09:49:27,150","level":"INFO","node":1,"msg":"Sent commit vote to node 0"}
{"time":"2026-07-22 09:49:27,252","level":"INFO","node":1,"msg":"My turn — starting round 6 as proposer."}
{"time":"2026-07-22 09:49:27,252","level":"INFO","node":1,"msg":"Starting round 6"}
{"time":"2026-07-22 09:49:33,777","level":"INFO","node":1,"msg":"Sent proposal to node 0"}
{"time":"2026-07-22 09:49:33,796","level":"INFO","node":1,"msg":"Sent proposal to node 2"}
{"time":"2026-07-22 09:49:33,800","level":"INFO","node":1,"msg":"Sent proposal to node 3"}
{"time":"2026-07-22 09:49:33,810","level":"INFO","node":1,"msg":"Sent consensus vote to node 0"}
{"time":"2026-07-22 09:49:33,814","level":"INFO","node":1,"msg":"Sent consensus vote to node 2"}
{"time":"2026-07-22 09:49:33,818","level":"INFO","node":1,"msg":"Sent consensus vote to node 3"}
{"time":"2026-07-22 09:49:33,824","level":"INFO","node":1,"msg":"Forwarded to http://127.0.0.1:8002"}
{"time":"2026-07-22 09:49:43,821","level":"INFO","node":1,"msg":"Consensus vote recorded: node 2 decision=True reason=zkp_ok round=5 new=True satisfied=False"}
{"time":"2026-07-22 09:50:00,255","level":"INFO","node":1,"msg":"Consensus vote recorded: node 3 decision=True reason=zkp_ok round=5 new=True satisfied=True"}
{"time":"2026-07-22 09:50:16,639","level":"INFO","node":1,"msg":"Consensus vote recorded: node 0 decision=True reason=zkp_ok round=5 new=True satisfied=True"}
{"time":"2026-07-22 09:50:23,031","level":"INFO","node":1,"msg":"Received update from node 0, round 5"}
{"time":"2026-07-22 09:50:23,031","level":"INFO","node":1,"msg":"Round 6 complete — aggregating"}
{"time":"2026-07-22 09:50:23,037","level":"WARNING","node":1,"msg":"Round 6 accuracy check FAILED: candidate_acc=0.6909 below floor=0.7 — likely collapse, rejecting round"}
{"time":"2026-07-22 09:50:23,037","level":"WARNING","node":1,"msg":"Round 6 REJECTED on accuracy gate (attempt 1/3). Retrying round."}
{"time":"2026-07-22 09:50:23,547","level":"INFO","node":1,"msg":"Starting round 6"}
{"time":"2026-07-22 09:50:29,924","level":"INFO","node":1,"msg":"Sent proposal to node 0"}
{"time":"2026-07-22 09:50:29,924","level":"INFO","node":1,"msg":"Sent proposal to node 2"}
{"time":"2026-07-22 09:50:29,934","level":"INFO","node":1,"msg":"Sent proposal to node 3"}
{"time":"2026-07-22 09:50:29,939","level":"INFO","node":1,"msg":"Sent consensus vote to node 0"}
{"time":"2026-07-22 09:50:29,945","level":"INFO","node":1,"msg":"Sent consensus vote to node 2"}
{"time":"2026-07-22 09:50:29,954","level":"INFO","node":1,"msg":"Sent consensus vote to node 3"}
{"time":"2026-07-22 09:50:29,960","level":"INFO","node":1,"msg":"Forwarded to http://127.0.0.1:8002"}
{"time":"2026-07-22 09:50:40,052","level":"INFO","node":1,"msg":"Consensus vote recorded: node 2 decision=True reason=zkp_ok round=5 new=True satisfied=False"}
{"time":"2026-07-22 09:50:56,438","level":"INFO","node":1,"msg":"Consensus vote recorded: node 3 decision=True reason=zkp_ok round=5 new=True satisfied=True"}
{"time":"2026-07-22 09:51:12,882","level":"INFO","node":1,"msg":"Consensus vote recorded: node 0 decision=True reason=zkp_ok round=5 new=True satisfied=True"}
{"time":"2026-07-22 09:51:19,000","level":"INFO","node":1,"msg":"Received update from node 0, round 5"}
{"time":"2026-07-22 09:51:19,000","level":"INFO","node":1,"msg":"Round 6 complete — aggregating"}
{"time":"2026-07-22 09:51:19,032","level":"INFO","node":1,"msg":"[BACKDOOR PROBE] Round 6 clean — worst case flip_rate=1.000 jump=0.045 (feature=0, value=5.0)"}
{"time":"2026-07-22 09:51:19,048","level":"INFO","node":1,"msg":"Commit vote recorded: node 0 decision=True round=5 satisfied=False"}
{"time":"2026-07-22 09:51:19,049","level":"INFO","node":1,"msg":"Broadcast weights to node 0"}
{"time":"2026-07-22 09:51:19,064","level":"INFO","node":1,"msg":"Commit vote recorded: node 2 decision=True round=5 satisfied=True"}
{"time":"2026-07-22 09:51:19,064","level":"INFO","node":1,"msg":"Round 6 COMMITTED — model hash agreed by [1, 0, 2]"}
{"time":"2026-07-22 09:51:19,066","level":"INFO","node":1,"msg":"Commit certificate saved to C:\Users\mousu\OneDrive\Desktop\Set A\securefedhe\dashboard\certificates\round_5.json"}
{"time":"2026-07-22 09:51:19,072","level":"INFO","node":1,"msg":"Broadcast weights to node 2"}
{"time":"2026-07-22 09:51:19,094","level":"INFO","node":1,"msg":"Commit vote recorded: node 3 decision=True round=5 satisfied=True"}
{"time":"2026-07-22 09:51:19,097","level":"INFO","node":1,"msg":"Broadcast weights to node 3"}
{"time":"2026-07-22 09:51:19,099","level":"INFO","node":1,"msg":"Checkpoint saved to C:\Users\mousu\OneDrive\Desktop\Set A\securefedhe\dashboard\model_latest.pt"}
{"time":"2026-07-22 09:51:19,099","level":"INFO","node":1,"msg":"Round 6 complete | accuracy=0.7091 | duration=55.55s"}
{"time":"2026-07-22 09:51:19,099","level":"INFO","node":1,"msg":"Round 7 belongs to node 2 — waiting for their proposal."}
{"time":"2026-07-22 09:51:19,102","level":"INFO","node":1,"msg":"Notified next proposer to node 2"}
{"time":"2026-07-22 09:51:19,103","level":"INFO","node":1,"msg":"[WATCHDOG SPAWNED] round=6 expected_proposer=2 timeout_s=600 spawned_at=09:51:19"}
{"time":"2026-07-22 09:51:25,627","level":"INFO","node":1,"msg":"Proposal received: round=6 origin=2 hash=3e9b67a0a888..."}
{"time":"2026-07-22 09:51:25,660","level":"INFO","node":1,"msg":"Consensus vote recorded: node 2 decision=True reason=zkp_ok round=6 new=True satisfied=False"}
{"time":"2026-07-22 09:51:35,742","level":"INFO","node":1,"msg":"Consensus vote recorded: node 3 decision=False reason=stale_update_replay round=6 new=True satisfied=False"}
{"time":"2026-07-22 09:51:52,085","level":"INFO","node":1,"msg":"Consensus vote recorded: node 0 decision=False reason=stale_update_replay round=6 new=True satisfied=False"}
{"time":"2026-07-22 09:51:58,308","level":"INFO","node":1,"msg":"Received update from node 0, round 6"}
{"time":"2026-07-22 09:52:08,190","level":"INFO","node":1,"msg":"ZKP ACCEPTED from node 0"}
{"time":"2026-07-22 09:52:08,190","level":"WARNING","node":1,"msg":"[STALE-UPDATE CHECK] node 1 observed node 2 resending identical slack (90000102217) as last round — REJECTING as replayed/stale update"}
{"time":"2026-07-22 09:52:08,194","level":"INFO","node":1,"msg":"Per-class agreement with node 2: class0=0.951 class1=0.971 gap=0.020"}
{"time":"2026-07-22 09:52:08,196","level":"INFO","node":1,"msg":"Per-class rolling gap for node 2: mean=0.020 over last 1 round(s)"}
{"time":"2026-07-22 09:52:08,198","level":"INFO","node":1,"msg":"Trust score for node 2: S=0.831 (Z=1.00 A=0.96 P=0.54 R=1.00) advisory only"}
{"time":"2026-07-22 09:52:08,198","level":"WARNING","node":1,"msg":"Update round=6 from node 2 REJECTED on stale-update replay: identical slack to previous round"}
{"time":"2026-07-22 09:52:08,226","level":"INFO","node":1,"msg":"Sent consensus vote to node 0"}
{"time":"2026-07-22 09:52:08,252","level":"INFO","node":1,"msg":"Sent consensus vote to node 2"}
{"time":"2026-07-22 09:52:08,280","level":"INFO","node":1,"msg":"Sent consensus vote to node 3"}
{"time":"2026-07-22 09:52:14,565","level":"INFO","node":1,"msg":"Forwarded to http://127.0.0.1:8002"}
{"time":"2026-07-22 09:52:21,591","level":"INFO","node":1,"msg":"Proposal received: round=6 origin=2 hash=3e9b67a0a888..."}
{"time":"2026-07-22 09:52:21,627","level":"INFO","node":1,"msg":"Consensus vote recorded: node 2 decision=True reason=zkp_ok round=6 new=False satisfied=False"}
{"time":"2026-07-22 09:52:31,561","level":"INFO","node":1,"msg":"Prediction agreement with node 3 round=6: A=0.941"}
{"time":"2026-07-22 09:52:31,562","level":"INFO","node":1,"msg":"Consensus vote recorded: node 3 decision=False reason=stale_update_replay round=6 new=False satisfied=False"}
{"time":"2026-07-22 09:52:47,677","level":"INFO","node":1,"msg":"Prediction agreement with node 0 round=6: A=0.960"}
{"time":"2026-07-22 09:52:47,678","level":"INFO","node":1,"msg":"Consensus vote recorded: node 0 decision=False reason=stale_update_replay round=6 new=False satisfied=False"}
{"time":"2026-07-22 09:52:53,859","level":"INFO","node":1,"msg":"Received update from node 0, round 6"}
{"time":"2026-07-22 09:53:03,858","level":"INFO","node":1,"msg":"ZKP ACCEPTED from node 0"}
{"time":"2026-07-22 09:53:03,858","level":"WARNING","node":1,"msg":"[STALE-UPDATE CHECK] node 1 observed node 2 resending identical slack (90000102217) as last round — REJECTING as replayed/stale update"}
{"time":"2026-07-22 09:53:03,858","level":"INFO","node":1,"msg":"fc_in col7 delta self-cosine for node 2: 0.0097 (delta_norm=0.0980)"}
{"time":"2026-07-22 09:53:03,858","level":"INFO","node":1,"msg":"Per-class agreement with node 2: class0=0.865 class1=0.878 gap=0.012"}
{"time":"2026-07-22 09:53:03,858","level":"INFO","node":1,"msg":"Per-class rolling gap for node 2: mean=0.016 over last 2 round(s)"}
{"time":"2026-07-22 09:53:03,866","level":"INFO","node":1,"msg":"Trust score for node 2: S=0.694 (Z=1.00 A=0.87 P=0.45 R=0.80) advisory only"}
{"time":"2026-07-22 09:53:03,866","level":"WARNING","node":1,"msg":"Update round=6 from node 2 REJECTED on stale-update replay: identical slack to previous round"}
{"time":"2026-07-22 09:53:03,891","level":"INFO","node":1,"msg":"Sent consensus vote to node 0"}
{"time":"2026-07-22 09:53:03,911","level":"INFO","node":1,"msg":"Sent consensus vote to node 2"}
{"time":"2026-07-22 09:53:03,936","level":"INFO","node":1,"msg":"Sent consensus vote to node 3"}
{"time":"2026-07-22 09:53:10,196","level":"INFO","node":1,"msg":"Forwarded to http://127.0.0.1:8002"}
{"time":"2026-07-22 09:53:17,269","level":"INFO","node":1,"msg":"Proposal received: round=6 origin=2 hash=3e9b67a0a888..."}
{"time":"2026-07-22 09:53:17,294","level":"INFO","node":1,"msg":"Consensus vote recorded: node 2 decision=True reason=zkp_ok round=6 new=False satisfied=False"}
{"time":"2026-07-22 09:53:27,285","level":"INFO","node":1,"msg":"Prediction agreement with node 3 round=6: A=0.806"}
{"time":"2026-07-22 09:53:27,285","level":"INFO","node":1,"msg":"Consensus vote recorded: node 3 decision=False reason=stale_update_replay round=6 new=False satisfied=False"}
{"time":"2026-07-22 09:53:43,306","level":"INFO","node":1,"msg":"Prediction agreement with node 0 round=6: A=0.803"}
{"time":"2026-07-22 09:53:43,306","level":"INFO","node":1,"msg":"Consensus vote recorded: node 0 decision=False reason=stale_update_replay round=6 new=False satisfied=False"}
{"time":"2026-07-22 09:53:49,571","level":"INFO","node":1,"msg":"Received update from node 0, round 6"}
{"time":"2026-07-22 09:53:59,425","level":"INFO","node":1,"msg":"ZKP ACCEPTED from node 0"}
{"time":"2026-07-22 09:53:59,425","level":"WARNING","node":1,"msg":"[STALE-UPDATE CHECK] node 1 observed node 2 resending identical slack (90000102217) as last round — REJECTING as replayed/stale update"}
{"time":"2026-07-22 09:53:59,425","level":"INFO","node":1,"msg":"fc_in col7 delta self-cosine for node 2: -0.4235 (delta_norm=0.1036)"}
{"time":"2026-07-22 09:53:59,433","level":"INFO","node":1,"msg":"Per-class agreement with node 2: class0=0.981 class1=0.978 gap=0.003"}
{"time":"2026-07-22 09:53:59,433","level":"INFO","node":1,"msg":"Per-class rolling gap for node 2: mean=0.012 over last 3 round(s)"}
{"time":"2026-07-22 09:53:59,435","level":"INFO","node":1,"msg":"Trust score for node 2: S=0.751 (Z=1.00 A=0.98 P=0.48 R=0.60) advisory only"}
{"time":"2026-07-22 09:53:59,435","level":"WARNING","node":1,"msg":"Update round=6 from node 2 REJECTED on stale-update replay: identical slack to previous round"}
{"time":"2026-07-22 09:53:59,454","level":"INFO","node":1,"msg":"Sent consensus vote to node 0"}
{"time":"2026-07-22 09:53:59,483","level":"INFO","node":1,"msg":"Sent consensus vote to node 2"}
{"time":"2026-07-22 09:53:59,517","level":"INFO","node":1,"msg":"Sent consensus vote to node 3"}
{"time":"2026-07-22 09:53:59,636","level":"WARNING","node":1,"msg":"ZKP norm violation (clipping applied): slack=-431316, retry=0"}
{"time":"2026-07-22 09:54:05,843","level":"INFO","node":1,"msg":"Forwarded to http://127.0.0.1:8002"}
{"time":"2026-07-22 09:54:12,764","level":"INFO","node":1,"msg":"Proposal received: round=6 origin=2 hash=3e9b67a0a888..."}
{"time":"2026-07-22 09:54:12,806","level":"INFO","node":1,"msg":"Consensus vote recorded: node 2 decision=True reason=zkp_ok round=6 new=False satisfied=False"}
{"time":"2026-07-22 09:54:22,784","level":"INFO","node":1,"msg":"Prediction agreement with node 3 round=6: A=0.796"}
{"time":"2026-07-22 09:54:22,785","level":"INFO","node":1,"msg":"Consensus vote recorded: node 3 decision=False reason=stale_update_replay round=6 new=False satisfied=False"}
{"time":"2026-07-22 09:54:39,034","level":"INFO","node":1,"msg":"Prediction agreement with node 0 round=6: A=0.758"}
{"time":"2026-07-22 09:54:39,034","level":"INFO","node":1,"msg":"Consensus vote recorded: node 0 decision=False reason=stale_update_replay round=6 new=False satisfied=False"}
{"time":"2026-07-22 09:54:45,311","level":"INFO","node":1,"msg":"Received update from node 0, round 6"}
{"time":"2026-07-22 09:54:55,261","level":"INFO","node":1,"msg":"ZKP ACCEPTED from node 0"}
{"time":"2026-07-22 09:54:55,261","level":"WARNING","node":1,"msg":"[STALE-UPDATE CHECK] node 1 observed node 2 resending identical slack (90000102217) as last round — REJECTING as replayed/stale update"}
{"time":"2026-07-22 09:54:55,261","level":"INFO","node":1,"msg":"fc_in col7 delta self-cosine for node 2: -0.3363 (delta_norm=0.1185)"}
{"time":"2026-07-22 09:54:55,277","level":"INFO","node":1,"msg":"Per-class agreement with node 2: class0=0.981 class1=0.980 gap=0.001"}
{"time":"2026-07-22 09:54:55,277","level":"INFO","node":1,"msg":"Per-class rolling gap for node 2: mean=0.009 over last 4 round(s)"}
{"time":"2026-07-22 09:54:55,279","level":"INFO","node":1,"msg":"Trust score for node 2: S=0.709 (Z=1.00 A=0.98 P=0.48 R=0.40) advisory only"}
{"time":"2026-07-22 09:54:55,279","level":"WARNING","node":1,"msg":"Update round=6 from node 2 REJECTED on stale-update replay: identical slack to previous round"}
{"time":"2026-07-22 09:54:55,300","level":"INFO","node":1,"msg":"Sent consensus vote to node 0"}
{"time":"2026-07-22 09:54:55,325","level":"INFO","node":1,"msg":"Sent consensus vote to node 2"}
{"time":"2026-07-22 09:54:55,354","level":"INFO","node":1,"msg":"Sent consensus vote to node 3"}
{"time":"2026-07-22 09:54:55,468","level":"WARNING","node":1,"msg":"ZKP norm violation (clipping applied): slack=-11682, retry=0"}
{"time":"2026-07-22 09:55:01,550","level":"INFO","node":1,"msg":"Forwarded to http://127.0.0.1:8002"}
{"time":"2026-07-22 09:55:01,583","level":"WARNING","node":1,"msg":"Node 2 accused by node 0, but only 1/3 distinct accusers so far (3f+1 quorum) — NOT excluding yet (avoids a single compromised node unilaterally removing an honest peer)."}
{"time":"2026-07-22 09:55:01,645","level":"INFO","node":1,"msg":"Round 7 skip acknowledged — advancing to round 8"}
{"time":"2026-07-22 09:55:01,645","level":"WARNING","node":1,"msg":"[SKIP STRIKE] round 7 skipped, proposer=2, reason=quorum_failure — recording independent strike"}
{"time":"2026-07-22 09:55:01,645","level":"WARNING","node":1,"msg":"This node independently suspects node 2 (local strikes=5.0) — broadcasting accusation for peer corroboration, NOT excluding unilaterally"}
{"time":"2026-07-22 09:55:01,655","level":"INFO","node":1,"msg":"Sent accusation to node 0"}
{"time":"2026-07-22 09:55:01,659","level":"INFO","node":1,"msg":"Sent accusation to node 2"}
{"time":"2026-07-22 09:55:01,676","level":"INFO","node":1,"msg":"Sent accusation to node 3"}
{"time":"2026-07-22 09:55:01,676","level":"WARNING","node":1,"msg":"Node 2 accused by node 1, but only 2/3 distinct accusers so far (3f+1 quorum) — NOT excluding yet (avoids a single compromised node unilaterally removing an honest peer)."}
{"time":"2026-07-22 09:55:01,723","level":"ERROR","node":1,"msg":"Node 2 EXCLUDED from proposing and quorum. Quorum requirement adjusted to 3 of 3 remaining trusted nodes."}
{"time":"2026-07-22 09:55:11,743","level":"INFO","node":1,"msg":"Node 2 accused by node 3 — already excluded, this accusation is redundant (late-arriving vote)."}
{"time":"2026-07-22 09:55:28,689","level":"INFO","node":1,"msg":"Proposal received: round=7 origin=3 hash=652a0a32d363..."}
{"time":"2026-07-22 09:55:28,706","level":"INFO","node":1,"msg":"Consensus vote recorded: node 3 decision=True reason=zkp_ok round=7 new=True satisfied=False"}
{"time":"2026-07-22 09:55:35,103","level":"INFO","node":1,"msg":"Proposal for round=7 origin=3 changed hash after 6.38s — treating as a legitimate round retry, not equivocation."}
{"time":"2026-07-22 09:55:35,103","level":"INFO","node":1,"msg":"Proposal received: round=7 origin=3 hash=523a3fbbd206..."}
{"time":"2026-07-22 09:55:35,164","level":"INFO","node":1,"msg":"Consensus vote recorded: node 3 decision=True reason=zkp_ok round=7 new=True satisfied=False"}
{"time":"2026-07-22 09:55:44,782","level":"INFO","node":1,"msg":"Consensus vote recorded: node 0 decision=True reason=zkp_ok round=7 new=True satisfied=False"}
{"time":"2026-07-22 09:55:51,501","level":"INFO","node":1,"msg":"Consensus vote recorded: node 0 decision=True reason=zkp_ok round=7 new=False satisfied=False"}
{"time":"2026-07-22 09:55:57,071","level":"INFO","node":1,"msg":"Received update from node 0, round 7"}
{"time":"2026-07-22 09:56:03,627","level":"INFO","node":1,"msg":"Received update from node 0, round 7"}
{"time":"2026-07-22 09:56:10,814","level":"INFO","node":1,"msg":"ZKP ACCEPTED from node 0"}
{"time":"2026-07-22 09:56:11,893","level":"INFO","node":1,"msg":"Per-class agreement with node 3: class0=0.799 class1=0.905 gap=0.106"}
{"time":"2026-07-22 09:56:11,925","level":"INFO","node":1,"msg":"Per-class rolling gap for node 3: mean=0.106 over last 1 round(s)"}
{"time":"2026-07-22 09:56:12,640","level":"INFO","node":1,"msg":"Trust score for node 3: S=0.740 (Z=1.00 A=0.83 P=0.61 R=1.00) advisory only"}
{"time":"2026-07-22 09:56:12,866","level":"INFO","node":1,"msg":"Sent consensus vote to node 0"}
{"time":"2026-07-22 09:56:13,065","level":"INFO","node":1,"msg":"Sent consensus vote to node 3"}
{"time":"2026-07-22 09:56:17,797","level":"INFO","node":1,"msg":"ZKP ACCEPTED from node 0"}
{"time":"2026-07-22 09:56:17,797","level":"INFO","node":1,"msg":"fc_in col7 delta self-cosine for node 3: -0.3158 (delta_norm=0.1417)"}
{"time":"2026-07-22 09:56:19,304","level":"INFO","node":1,"msg":"Per-class agreement with node 3: class0=0.980 class1=0.977 gap=0.003"}
{"time":"2026-07-22 09:56:19,320","level":"INFO","node":1,"msg":"Per-class rolling gap for node 3: mean=0.055 over last 2 round(s)"}
{"time":"2026-07-22 09:56:20,045","level":"INFO","node":1,"msg":"Trust score for node 3: S=0.885 (Z=1.00 A=0.98 P=0.66 R=1.00) advisory only"}
{"time":"2026-07-22 09:56:20,293","level":"INFO","node":1,"msg":"Sent consensus vote to node 0"}
{"time":"2026-07-22 09:56:20,485","level":"INFO","node":1,"msg":"Sent consensus vote to node 3"}
{"time":"2026-07-22 09:56:24,954","level":"INFO","node":1,"msg":"Forwarded to http://127.0.0.1:8003"}
{"time":"2026-07-22 09:56:25,207","level":"WARNING","node":1,"msg":"ZKP norm violation (clipping applied): slack=-481048, retry=0"}
{"time":"2026-07-22 09:56:25,551","level":"INFO","node":1,"msg":"Synced weights from master for round 7"}
{"time":"2026-07-22 09:56:25,726","level":"INFO","node":1,"msg":"Sent commit vote to node 3"}
{"time":"2026-07-22 09:56:31,882","level":"INFO","node":1,"msg":"Forwarded to http://127.0.0.1:8003"}
{"time":"2026-07-22 09:56:32,317","level":"INFO","node":1,"msg":"Proposal received: round=8 origin=0 hash=2de9dd076786..."}
{"time":"2026-07-22 09:56:32,339","level":"INFO","node":1,"msg":"Consensus vote recorded: node 0 decision=True reason=zkp_ok round=8 new=True satisfied=False"}
{"time":"2026-07-22 09:56:32,356","level":"INFO","node":1,"msg":"Received update from node 0, round 8"}
{"time":"2026-07-22 09:56:42,458","level":"INFO","node":1,"msg":"ZKP ACCEPTED from node 0"}
{"time":"2026-07-22 09:56:42,458","level":"INFO","node":1,"msg":"fc_in col7 delta self-cosine for node 0: 0.1668 (delta_norm=0.4195)"}
{"time":"2026-07-22 09:56:42,458","level":"INFO","node":1,"msg":"Per-class agreement with node 0: class0=0.865 class1=0.865 gap=0.001"}
{"time":"2026-07-22 09:56:42,458","level":"INFO","node":1,"msg":"Per-class rolling gap for node 0: mean=0.017 over last 2 round(s)"}
{"time":"2026-07-22 09:56:42,465","level":"INFO","node":1,"msg":"Trust score for node 0: S=0.827 (Z=1.00 A=0.87 P=0.85 R=1.00) advisory only"}
{"time":"2026-07-22 09:56:42,496","level":"INFO","node":1,"msg":"Sent consensus vote to node 0"}
{"time":"2026-07-22 09:56:42,525","level":"INFO","node":1,"msg":"Sent consensus vote to node 3"}
{"time":"2026-07-22 09:56:42,636","level":"WARNING","node":1,"msg":"ZKP norm violation (clipping applied): slack=-67960, retry=0"}
{"time":"2026-07-22 09:56:48,878","level":"INFO","node":1,"msg":"Forwarded to http://127.0.0.1:8003"}
{"time":"2026-07-22 09:56:58,937","level":"INFO","node":1,"msg":"Prediction agreement with node 3 round=8: A=0.961"}
{"time":"2026-07-22 09:56:58,937","level":"INFO","node":1,"msg":"Consensus vote recorded: node 3 decision=True reason=zkp_ok round=8 new=True satisfied=True"}
{"time":"2026-07-22 09:57:05,307","level":"INFO","node":1,"msg":"Synced weights from master for round 8"}
{"time":"2026-07-22 09:57:05,325","level":"INFO","node":1,"msg":"Sent commit vote to node 0"}
{"time":"2026-07-22 09:57:05,350","level":"INFO","node":1,"msg":"My turn — starting round 10 as proposer."}
{"time":"2026-07-22 09:57:05,351","level":"INFO","node":1,"msg":"Starting round 10"}
{"time":"2026-07-22 09:57:05,555","level":"WARNING","node":1,"msg":"ZKP norm violation (clipping applied): slack=-318852, retry=0"}
{"time":"2026-07-22 09:57:11,743","level":"INFO","node":1,"msg":"Sent proposal to node 0"}
{"time":"2026-07-22 09:57:11,761","level":"INFO","node":1,"msg":"Sent proposal to node 3"}
{"time":"2026-07-22 09:57:11,766","level":"INFO","node":1,"msg":"Sent consensus vote to node 0"}
{"time":"2026-07-22 09:57:11,770","level":"INFO","node":1,"msg":"Sent consensus vote to node 3"}
{"time":"2026-07-22 09:57:11,779","level":"INFO","node":1,"msg":"Forwarded to http://127.0.0.1:8003"}
{"time":"2026-07-22 09:57:21,849","level":"INFO","node":1,"msg":"Consensus vote recorded: node 3 decision=True reason=zkp_ok round=9 new=True satisfied=False"}
{"time":"2026-07-22 09:57:38,060","level":"INFO","node":1,"msg":"Consensus vote recorded: node 0 decision=True reason=zkp_ok round=9 new=True satisfied=True"}
{"time":"2026-07-22 09:57:44,194","level":"INFO","node":1,"msg":"Received update from node 0, round 9"}
{"time":"2026-07-22 09:57:44,194","level":"INFO","node":1,"msg":"Round 10 complete — aggregating"}
{"time":"2026-07-22 09:57:44,241","level":"WARNING","node":1,"msg":"[BACKDOOR PROBE] Round 10 SUSPICIOUS: feature=1 value=-4.0 forces class=0 flip_rate=1.000 jump=0.309 (thresholds: flip>0.7, jump>0.3)"}
{"time":"2026-07-22 09:57:44,266","level":"INFO","node":1,"msg":"Commit vote recorded: node 0 decision=True round=9 satisfied=False"}
{"time":"2026-07-22 09:57:44,266","level":"INFO","node":1,"msg":"Broadcast weights to node 0"}
{"time":"2026-07-22 09:57:44,320","level":"INFO","node":1,"msg":"Commit vote recorded: node 3 decision=True round=9 satisfied=True"}
{"time":"2026-07-22 09:57:44,320","level":"INFO","node":1,"msg":"Round 10 COMMITTED — model hash agreed by [1, 0, 3]"}
{"time":"2026-07-22 09:57:44,321","level":"INFO","node":1,"msg":"Commit certificate saved to C:\Users\mousu\OneDrive\Desktop\Set A\securefedhe\dashboard\certificates\round_9.json"}
{"time":"2026-07-22 09:57:44,323","level":"INFO","node":1,"msg":"Broadcast weights to node 3"}
{"time":"2026-07-22 09:57:44,325","level":"INFO","node":1,"msg":"Checkpoint saved to C:\Users\mousu\OneDrive\Desktop\Set A\securefedhe\dashboard\model_latest.pt"}
{"time":"2026-07-22 09:57:44,325","level":"INFO","node":1,"msg":"Round 10 complete | accuracy=0.8636 | duration=38.97s"}
{"time":"2026-07-22 09:57:44,325","level":"INFO","node":1,"msg":"Round 11 belongs to node 3 — waiting for their proposal."}
{"time":"2026-07-22 09:57:44,328","level":"INFO","node":1,"msg":"Notified next proposer to node 3"}
{"time":"2026-07-22 09:57:44,329","level":"INFO","node":1,"msg":"[WATCHDOG SPAWNED] round=10 expected_proposer=3 timeout_s=600 spawned_at=09:57:44"}
{"time":"2026-07-22 09:57:50,852","level":"INFO","node":1,"msg":"Proposal received: round=10 origin=3 hash=242128730b32..."}
{"time":"2026-07-22 09:57:50,869","level":"INFO","node":1,"msg":"Consensus vote recorded: node 3 decision=True reason=zkp_ok round=10 new=True satisfied=False"}
{"time":"2026-07-22 09:58:00,822","level":"INFO","node":1,"msg":"Consensus vote recorded: node 0 decision=True reason=zkp_ok round=10 new=True satisfied=False"}
{"time":"2026-07-22 09:58:07,066","level":"INFO","node":1,"msg":"Received update from node 0, round 10"}
{"time":"2026-07-22 09:58:17,129","level":"INFO","node":1,"msg":"ZKP ACCEPTED from node 0"}
{"time":"2026-07-22 09:58:17,129","level":"INFO","node":1,"msg":"fc_in col7 delta self-cosine for node 3: -0.3823 (delta_norm=0.2725)"}
{"time":"2026-07-22 09:58:17,148","level":"INFO","node":1,"msg":"Per-class agreement with node 3: class0=0.945 class1=0.908 gap=0.037"}
{"time":"2026-07-22 09:58:17,148","level":"INFO","node":1,"msg":"Per-class rolling gap for node 3: mean=0.049 over last 3 round(s)"}
{"time":"2026-07-22 09:58:17,152","level":"INFO","node":1,"msg":"Trust score for node 3: S=0.786 (Z=1.00 A=0.93 P=0.45 R=1.00) advisory only"}
{"time":"2026-07-22 09:58:17,178","level":"INFO","node":1,"msg":"Sent consensus vote to node 0"}
{"time":"2026-07-22 09:58:17,209","level":"INFO","node":1,"msg":"Sent consensus vote to node 3"}
{"time":"2026-07-22 09:58:23,568","level":"INFO","node":1,"msg":"Forwarded to http://127.0.0.1:8003"}
{"time":"2026-07-22 09:58:23,711","level":"INFO","node":1,"msg":"Synced weights from master for round 10"}
{"time":"2026-07-22 09:58:23,724","level":"INFO","node":1,"msg":"Sent commit vote to node 3"}
{"time":"2026-07-22 09:58:30,522","level":"INFO","node":1,"msg":"Proposal received: round=11 origin=3 hash=ca1153fe1596..."}
{"time":"2026-07-22 09:58:30,541","level":"INFO","node":1,"msg":"Consensus vote recorded: node 3 decision=True reason=zkp_ok round=11 new=True satisfied=False"}
{"time":"2026-07-22 09:58:40,328","level":"INFO","node":1,"msg":"Consensus vote recorded: node 0 decision=True reason=zkp_ok round=11 new=True satisfied=False"}
{"time":"2026-07-22 09:58:46,428","level":"INFO","node":1,"msg":"Received update from node 0, round 11"}
{"time":"2026-07-22 09:58:56,123","level":"INFO","node":1,"msg":"ZKP ACCEPTED from node 0"}
{"time":"2026-07-22 09:58:56,125","level":"INFO","node":1,"msg":"fc_in col7 delta self-cosine for node 3: -0.2383 (delta_norm=0.1381)"}
{"time":"2026-07-22 09:58:56,127","level":"INFO","node":1,"msg":"Per-class agreement with node 3: class0=0.958 class1=0.978 gap=0.020"}
{"time":"2026-07-22 09:58:56,127","level":"INFO","node":1,"msg":"Per-class rolling gap for node 3: mean=0.042 over last 4 round(s)"}
{"time":"2026-07-22 09:58:56,129","level":"INFO","node":1,"msg":"Trust score for node 3: S=0.816 (Z=1.00 A=0.96 P=0.46 R=1.00) advisory only"}
{"time":"2026-07-22 09:58:56,139","level":"INFO","node":1,"msg":"Sent consensus vote to node 0"}
{"time":"2026-07-22 09:58:56,158","level":"INFO","node":1,"msg":"Sent consensus vote to node 3"}
{"time":"2026-07-22 09:59:02,305","level":"INFO","node":1,"msg":"Forwarded to http://127.0.0.1:8003"}
{"time":"2026-07-22 09:59:02,403","level":"INFO","node":1,"msg":"Synced weights from master for round 11"}
{"time":"2026-07-22 09:59:02,415","level":"INFO","node":1,"msg":"Sent commit vote to node 3"}
{"time":"2026-07-22 09:59:08,610","level":"INFO","node":1,"msg":"Proposal received: round=12 origin=0 hash=c769529c2a23..."}
{"time":"2026-07-22 09:59:08,634","level":"INFO","node":1,"msg":"Consensus vote recorded: node 0 decision=True reason=zkp_ok round=12 new=True satisfied=False"}
{"time":"2026-07-22 09:59:08,648","level":"INFO","node":1,"msg":"Received update from node 0, round 12"}
{"time":"2026-07-22 09:59:18,461","level":"INFO","node":1,"msg":"ZKP ACCEPTED from node 0"}
{"time":"2026-07-22 09:59:18,461","level":"INFO","node":1,"msg":"fc_in col7 delta self-cosine for node 0: -0.0006 (delta_norm=0.2455)"}
{"time":"2026-07-22 09:59:18,477","level":"INFO","node":1,"msg":"Per-class agreement with node 0: class0=0.928 class1=0.936 gap=0.008"}
{"time":"2026-07-22 09:59:18,477","level":"INFO","node":1,"msg":"Per-class rolling gap for node 0: mean=0.014 over last 3 round(s)"}
{"time":"2026-07-22 09:59:18,479","level":"INFO","node":1,"msg":"Trust score for node 0: S=0.788 (Z=1.00 A=0.93 P=0.46 R=1.00) advisory only"}
{"time":"2026-07-22 09:59:18,506","level":"INFO","node":1,"msg":"Sent consensus vote to node 0"}
{"time":"2026-07-22 09:59:18,528","level":"INFO","node":1,"msg":"Sent consensus vote to node 3"}
{"time":"2026-07-22 09:59:24,719","level":"INFO","node":1,"msg":"Forwarded to http://127.0.0.1:8003"}
{"time":"2026-07-22 09:59:34,468","level":"INFO","node":1,"msg":"Prediction agreement with node 3 round=12: A=0.960"}
{"time":"2026-07-22 09:59:34,468","level":"INFO","node":1,"msg":"Consensus vote recorded: node 3 decision=True reason=zkp_ok round=12 new=True satisfied=True"}
{"time":"2026-07-22 09:59:40,680","level":"INFO","node":1,"msg":"Synced weights from master for round 12"}
{"time":"2026-07-22 09:59:40,704","level":"INFO","node":1,"msg":"Sent commit vote to node 0"}
{"time":"2026-07-22 09:59:40,729","level":"INFO","node":1,"msg":"My turn — starting round 14 as proposer."}
{"time":"2026-07-22 09:59:40,729","level":"INFO","node":1,"msg":"Starting round 14"}
{"time":"2026-07-22 09:59:46,905","level":"INFO","node":1,"msg":"Sent proposal to node 0"}
{"time":"2026-07-22 09:59:46,905","level":"INFO","node":1,"msg":"Sent proposal to node 3"}
{"time":"2026-07-22 09:59:46,905","level":"INFO","node":1,"msg":"Sent consensus vote to node 0"}
{"time":"2026-07-22 09:59:46,917","level":"INFO","node":1,"msg":"Sent consensus vote to node 3"}
{"time":"2026-07-22 09:59:46,920","level":"INFO","node":1,"msg":"Forwarded to http://127.0.0.1:8003"}
{"time":"2026-07-22 09:59:56,691","level":"INFO","node":1,"msg":"Consensus vote recorded: node 3 decision=True reason=zkp_ok round=13 new=True satisfied=False"}
{"time":"2026-07-22 10:00:12,526","level":"INFO","node":1,"msg":"Consensus vote recorded: node 0 decision=True reason=zkp_ok round=13 new=True satisfied=True"}
{"time":"2026-07-22 10:00:18,617","level":"INFO","node":1,"msg":"Received update from node 0, round 13"}
{"time":"2026-07-22 10:00:18,617","level":"INFO","node":1,"msg":"Round 14 complete — aggregating"}
{"time":"2026-07-22 10:00:18,664","level":"INFO","node":1,"msg":"[BACKDOOR PROBE] Round 14 clean — worst case flip_rate=1.000 jump=0.264 (feature=1, value=-4.0)"}
{"time":"2026-07-22 10:00:18,700","level":"INFO","node":1,"msg":"Commit vote recorded: node 0 decision=True round=13 satisfied=False"}
{"time":"2026-07-22 10:00:18,704","level":"INFO","node":1,"msg":"Broadcast weights to node 0"}
{"time":"2026-07-22 10:00:18,765","level":"INFO","node":1,"msg":"Commit vote recorded: node 3 decision=True round=13 satisfied=True"}
{"time":"2026-07-22 10:00:18,765","level":"INFO","node":1,"msg":"Round 14 COMMITTED — model hash agreed by [1, 0, 3]"}
{"time":"2026-07-22 10:00:18,766","level":"INFO","node":1,"msg":"Commit certificate saved to C:\Users\mousu\OneDrive\Desktop\Set A\securefedhe\dashboard\certificates\round_13.json"}
{"time":"2026-07-22 10:00:18,768","level":"INFO","node":1,"msg":"Broadcast weights to node 3"}
{"time":"2026-07-22 10:00:18,770","level":"INFO","node":1,"msg":"Checkpoint saved to C:\Users\mousu\OneDrive\Desktop\Set A\securefedhe\dashboard\model_latest.pt"}
{"time":"2026-07-22 10:00:18,770","level":"INFO","node":1,"msg":"Round 14 complete | accuracy=0.8364 | duration=38.04s"}
{"time":"2026-07-22 10:00:18,771","level":"INFO","node":1,"msg":"Round 15 belongs to node 3 — waiting for their proposal."}
{"time":"2026-07-22 10:00:18,774","level":"INFO","node":1,"msg":"Notified next proposer to node 3"}
{"time":"2026-07-22 10:00:18,775","level":"INFO","node":1,"msg":"[WATCHDOG SPAWNED] round=14 expected_proposer=3 timeout_s=600 spawned_at=10:00:18"}
{"time":"2026-07-22 10:00:25,002","level":"INFO","node":1,"msg":"Proposal received: round=14 origin=3 hash=8c9bdd250bf2..."}
{"time":"2026-07-22 10:00:25,018","level":"INFO","node":1,"msg":"Consensus vote recorded: node 3 decision=True reason=zkp_ok round=14 new=True satisfied=False"}
{"time":"2026-07-22 10:00:34,812","level":"INFO","node":1,"msg":"Consensus vote recorded: node 0 decision=True reason=zkp_ok round=14 new=True satisfied=False"}
{"time":"2026-07-22 10:00:40,792","level":"INFO","node":1,"msg":"Received update from node 0, round 14"}
{"time":"2026-07-22 10:00:50,571","level":"INFO","node":1,"msg":"ZKP ACCEPTED from node 0"}
{"time":"2026-07-22 10:00:50,571","level":"INFO","node":1,"msg":"fc_in col7 delta self-cosine for node 3: -0.0461 (delta_norm=0.1756)"}
{"time":"2026-07-22 10:00:50,583","level":"INFO","node":1,"msg":"Per-class agreement with node 3: class0=0.978 class1=0.972 gap=0.005"}
{"time":"2026-07-22 10:00:50,583","level":"INFO","node":1,"msg":"Per-class rolling gap for node 3: mean=0.016 over last 4 round(s)"}
{"time":"2026-07-22 10:00:50,589","level":"INFO","node":1,"msg":"Trust score for node 3: S=0.842 (Z=1.00 A=0.98 P=0.52 R=1.00) advisory only"}
{"time":"2026-07-22 10:00:50,601","level":"INFO","node":1,"msg":"Sent consensus vote to node 0"}
{"time":"2026-07-22 10:00:50,623","level":"INFO","node":1,"msg":"Sent consensus vote to node 3"}
{"time":"2026-07-22 10:00:50,732","level":"WARNING","node":1,"msg":"ZKP norm violation (clipping applied): slack=-274162, retry=0"}
{"time":"2026-07-22 10:00:56,720","level":"INFO","node":1,"msg":"Forwarded to http://127.0.0.1:8003"}
{"time":"2026-07-22 10:00:56,807","level":"INFO","node":1,"msg":"Synced weights from master for round 14"}
{"time":"2026-07-22 10:00:56,816","level":"INFO","node":1,"msg":"Sent commit vote to node 3"}
{"time":"2026-07-22 10:01:03,303","level":"INFO","node":1,"msg":"Proposal received: round=15 origin=3 hash=a53142ce4966..."}
{"time":"2026-07-22 10:01:03,319","level":"INFO","node":1,"msg":"Consensus vote recorded: node 3 decision=True reason=zkp_ok round=15 new=True satisfied=False"}
{"time":"2026-07-22 10:01:12,921","level":"INFO","node":1,"msg":"Consensus vote recorded: node 0 decision=True reason=zkp_ok round=15 new=True satisfied=False"}
{"time":"2026-07-22 10:01:19,040","level":"INFO","node":1,"msg":"Received update from node 0, round 15"}
{"time":"2026-07-22 10:01:28,831","level":"INFO","node":1,"msg":"ZKP ACCEPTED from node 0"}
{"time":"2026-07-22 10:01:28,831","level":"INFO","node":1,"msg":"fc_in col7 delta self-cosine for node 3: -0.1531 (delta_norm=0.1341)"}
{"time":"2026-07-22 10:01:28,831","level":"INFO","node":1,"msg":"Per-class agreement with node 3: class0=0.983 class1=0.980 gap=0.003"}
{"time":"2026-07-22 10:01:28,831","level":"INFO","node":1,"msg":"Per-class rolling gap for node 3: mean=0.016 over last 4 round(s)"}
{"time":"2026-07-22 10:01:28,843","level":"INFO","node":1,"msg":"Trust score for node 3: S=0.852 (Z=1.00 A=0.98 P=0.54 R=1.00) advisory only"}
{"time":"2026-07-22 10:01:28,874","level":"INFO","node":1,"msg":"Sent consensus vote to node 0"}
{"time":"2026-07-22 10:01:28,886","level":"INFO","node":1,"msg":"Sent consensus vote to node 3"}
{"time":"2026-07-22 10:01:29,024","level":"WARNING","node":1,"msg":"ZKP norm violation (clipping applied): slack=-506553, retry=0"}
{"time":"2026-07-22 10:01:35,068","level":"INFO","node":1,"msg":"Forwarded to http://127.0.0.1:8003"}
{"time":"2026-07-22 10:01:35,135","level":"INFO","node":1,"msg":"Synced weights from master for round 15"}
{"time":"2026-07-22 10:01:35,147","level":"INFO","node":1,"msg":"Sent commit vote to node 3"}
{"time":"2026-07-22 10:01:41,295","level":"INFO","node":1,"msg":"Proposal received: round=16 origin=0 hash=3d28d6742c7b..."}
{"time":"2026-07-22 10:01:41,322","level":"INFO","node":1,"msg":"Consensus vote recorded: node 0 decision=True reason=zkp_ok round=16 new=True satisfied=False"}
{"time":"2026-07-22 10:01:41,341","level":"INFO","node":1,"msg":"Received update from node 0, round 16"}
{"time":"2026-07-22 10:01:51,167","level":"INFO","node":1,"msg":"ZKP ACCEPTED from node 0"}
{"time":"2026-07-22 10:01:51,167","level":"INFO","node":1,"msg":"fc_in col7 delta self-cosine for node 0: -0.1075 (delta_norm=0.2569)"}
{"time":"2026-07-22 10:01:51,167","level":"INFO","node":1,"msg":"Per-class agreement with node 0: class0=0.964 class1=0.975 gap=0.011"}
{"time":"2026-07-22 10:01:51,181","level":"INFO","node":1,"msg":"Per-class rolling gap for node 0: mean=0.013 over last 4 round(s)"}
{"time":"2026-07-22 10:01:51,183","level":"INFO","node":1,"msg":"Trust score for node 0: S=0.840 (Z=1.00 A=0.97 P=0.54 R=1.00) advisory only"}
{"time":"2026-07-22 10:01:51,219","level":"INFO","node":1,"msg":"Sent consensus vote to node 0"}
{"time":"2026-07-22 10:01:51,232","level":"INFO","node":1,"msg":"Sent consensus vote to node 3"}
{"time":"2026-07-22 10:01:57,284","level":"INFO","node":1,"msg":"Forwarded to http://127.0.0.1:8003"}
{"time":"2026-07-22 10:02:07,071","level":"INFO","node":1,"msg":"Prediction agreement with node 3 round=16: A=0.955"}
{"time":"2026-07-22 10:02:07,072","level":"INFO","node":1,"msg":"Consensus vote recorded: node 3 decision=True reason=zkp_ok round=16 new=True satisfied=True"}
{"time":"2026-07-22 10:02:13,140","level":"INFO","node":1,"msg":"Synced weights from master for round 16"}
{"time":"2026-07-22 10:02:13,161","level":"INFO","node":1,"msg":"Sent commit vote to node 0"}
{"time":"2026-07-22 10:02:13,187","level":"INFO","node":1,"msg":"My turn — starting round 18 as proposer."}
{"time":"2026-07-22 10:02:13,189","level":"INFO","node":1,"msg":"Starting round 18"}
{"time":"2026-07-22 10:02:19,496","level":"INFO","node":1,"msg":"Sent proposal to node 0"}
{"time":"2026-07-22 10:02:19,513","level":"INFO","node":1,"msg":"Sent proposal to node 3"}
{"time":"2026-07-22 10:02:19,521","level":"INFO","node":1,"msg":"Sent consensus vote to node 0"}
{"time":"2026-07-22 10:02:19,531","level":"INFO","node":1,"msg":"Sent consensus vote to node 3"}
{"time":"2026-07-22 10:02:19,543","level":"INFO","node":1,"msg":"Forwarded to http://127.0.0.1:8003"}
{"time":"2026-07-22 10:02:30,909","level":"INFO","node":1,"msg":"Consensus vote recorded: node 3 decision=True reason=zkp_ok round=17 new=True satisfied=False"}
{"time":"2026-07-22 10:03:21,713","level":"INFO","node":1,"msg":"Consensus vote recorded: node 0 decision=True reason=zkp_ok round=17 new=True satisfied=True"}
{"time":"2026-07-22 10:03:40,144","level":"INFO","node":1,"msg":"Received update from node 0, round 17"}
{"time":"2026-07-22 10:03:40,146","level":"INFO","node":1,"msg":"Round 18 complete — aggregating"}
{"time":"2026-07-22 10:03:40,246","level":"WARNING","node":1,"msg":"[BACKDOOR PROBE] Round 18 SUSPICIOUS: feature=5 value=6.0 forces class=1 flip_rate=1.000 jump=0.718 (thresholds: flip>0.7, jump>0.3)"}
{"time":"2026-07-22 10:03:40,278","level":"INFO","node":1,"msg":"Commit vote recorded: node 0 decision=True round=17 satisfied=False"}
{"time":"2026-07-22 10:03:40,282","level":"INFO","node":1,"msg":"Broadcast weights to node 0"}
{"time":"2026-07-22 10:03:40,318","level":"INFO","node":1,"msg":"Commit vote recorded: node 3 decision=True round=17 satisfied=True"}
{"time":"2026-07-22 10:03:40,319","level":"INFO","node":1,"msg":"Round 18 COMMITTED — model hash agreed by [1, 0, 3]"}
{"time":"2026-07-22 10:03:40,321","level":"INFO","node":1,"msg":"Commit certificate saved to C:\Users\mousu\OneDrive\Desktop\Set A\securefedhe\dashboard\certificates\round_17.json"}
{"time":"2026-07-22 10:03:40,325","level":"INFO","node":1,"msg":"Broadcast weights to node 3"}
{"time":"2026-07-22 10:03:40,330","level":"INFO","node":1,"msg":"Checkpoint saved to C:\Users\mousu\OneDrive\Desktop\Set A\securefedhe\dashboard\model_latest.pt"}
{"time":"2026-07-22 10:03:40,331","level":"INFO","node":1,"msg":"Round 18 complete | accuracy=0.8364 | duration=87.14s"}
{"time":"2026-07-22 10:03:40,331","level":"INFO","node":1,"msg":"Round 19 belongs to node 3 — waiting for their proposal."}
{"time":"2026-07-22 10:03:40,338","level":"INFO","node":1,"msg":"Notified next proposer to node 3"}
{"time":"2026-07-22 10:03:40,339","level":"INFO","node":1,"msg":"[WATCHDOG SPAWNED] round=18 expected_proposer=3 timeout_s=600 spawned_at=10:03:40"}
{"time":"2026-07-22 10:03:59,098","level":"INFO","node":1,"msg":"Proposal received: round=18 origin=3 hash=da011bc54a9f..."}
{"time":"2026-07-22 10:03:59,127","level":"INFO","node":1,"msg":"Consensus vote recorded: node 3 decision=True reason=zkp_ok round=18 new=True satisfied=False"}
{"time":"2026-07-22 10:04:26,674","level":"INFO","node":1,"msg":"Consensus vote recorded: node 0 decision=True reason=zkp_ok round=18 new=True satisfied=False"}
{"time":"2026-07-22 10:04:45,498","level":"INFO","node":1,"msg":"Received update from node 0, round 18"}
{"time":"2026-07-22 10:05:14,294","level":"INFO","node":1,"msg":"ZKP ACCEPTED from node 0"}
{"time":"2026-07-22 10:05:14,296","level":"INFO","node":1,"msg":"fc_in col7 delta self-cosine for node 3: -0.2391 (delta_norm=0.1991)"}
{"time":"2026-07-22 10:05:14,305","level":"INFO","node":1,"msg":"Per-class agreement with node 3: class0=0.965 class1=0.935 gap=0.031"}
{"time":"2026-07-22 10:05:14,306","level":"INFO","node":1,"msg":"Per-class rolling gap for node 3: mean=0.015 over last 4 round(s)"}
{"time":"2026-07-22 10:05:14,313","level":"INFO","node":1,"msg":"Trust score for node 3: S=0.819 (Z=1.00 A=0.96 P=0.50 R=1.00) advisory only"}
{"time":"2026-07-22 10:05:14,336","level":"INFO","node":1,"msg":"Sent consensus vote to node 0"}
{"time":"2026-07-22 10:05:14,358","level":"INFO","node":1,"msg":"Sent consensus vote to node 3"}
{"time":"2026-07-22 10:05:14,814","level":"WARNING","node":1,"msg":"ZKP norm violation (clipping applied): slack=-139892, retry=0"}
{"time":"2026-07-22 10:05:23,978","level":"ERROR","node":1,"msg":"Node 3 EXCLUDED from proposing and quorum. Quorum requirement adjusted to 2 of 2 remaining trusted nodes."}
{"time":"2026-07-22 10:05:33,412","level":"INFO","node":1,"msg":"Forwarded to http://127.0.0.1:8000"}
{"time":"2026-07-22 10:05:51,462","level":"INFO","node":1,"msg":"Proposal received: round=18 origin=0 hash=ce5ee3725965..."}
{"time":"2026-07-22 10:05:51,590","level":"INFO","node":1,"msg":"Consensus vote recorded: node 0 decision=True reason=zkp_ok round=18 new=True satisfied=False"}
{"time":"2026-07-22 10:05:51,737","level":"INFO","node":1,"msg":"Received update from node 0, round 18"}
{"time":"2026-07-22 10:06:10,401","level":"INFO","node":1,"msg":"Prediction agreement with node 0 round=18: A=0.941"}
{"time":"2026-07-22 10:06:10,415","level":"INFO","node":1,"msg":"Consensus vote recorded: node 0 decision=False reason=stale_update_replay round=18 new=False satisfied=True"}
{"time":"2026-07-22 10:06:16,980","level":"INFO","node":1,"msg":"ZKP ACCEPTED from node 0"}
{"time":"2026-07-22 10:06:16,981","level":"INFO","node":1,"msg":"fc_in col7 delta self-cosine for node 0: -0.2442 (delta_norm=0.2141)"}
{"time":"2026-07-22 10:06:16,992","level":"INFO","node":1,"msg":"Per-class agreement with node 0: class0=0.950 class1=0.923 gap=0.026"}
{"time":"2026-07-22 10:06:16,992","level":"INFO","node":1,"msg":"Per-class rolling gap for node 0: mean=0.012 over last 4 round(s)"}
{"time":"2026-07-22 10:06:17,000","level":"INFO","node":1,"msg":"Trust score for node 0: S=0.812 (Z=1.00 A=0.94 P=0.52 R=1.00) advisory only"}
{"time":"2026-07-22 10:06:17,243","level":"INFO","node":1,"msg":"Sent consensus vote to node 0"}
{"time":"2026-07-22 10:06:26,020","level":"INFO","node":1,"msg":"Received update from node 0, round 18"}
{"time":"2026-07-22 10:06:45,790","level":"INFO","node":1,"msg":"Forwarded to http://127.0.0.1:8000"}
{"time":"2026-07-22 10:06:46,205","level":"INFO","node":1,"msg":"Synced weights from master for round 18"}
{"time":"2026-07-22 10:06:46,617","level":"INFO","node":1,"msg":"Sent commit vote to node 0"}
{"time":"2026-07-22 10:07:03,708","level":"INFO","node":1,"msg":"ZKP ACCEPTED from node 0"}
{"time":"2026-07-22 10:07:03,709","level":"WARNING","node":1,"msg":"[STALE-UPDATE CHECK] node 1 observed node 3 resending identical slack (64743349000) as last round — REJECTING as replayed/stale update"}
{"time":"2026-07-22 10:07:03,709","level":"INFO","node":1,"msg":"fc_in col7 delta self-cosine for node 3: -0.1982 (delta_norm=0.0961)"}
{"time":"2026-07-22 10:07:03,720","level":"INFO","node":1,"msg":"Per-class agreement with node 3: class0=0.960 class1=0.937 gap=0.023"}
{"time":"2026-07-22 10:07:03,720","level":"INFO","node":1,"msg":"Per-class rolling gap for node 3: mean=0.015 over last 4 round(s)"}
{"time":"2026-07-22 10:07:03,726","level":"INFO","node":1,"msg":"Trust score for node 3: S=0.811 (Z=1.00 A=0.95 P=0.48 R=1.00) advisory only"}
{"time":"2026-07-22 10:07:03,993","level":"INFO","node":1,"msg":"Sent consensus vote to node 0"}
{"time":"2026-07-22 10:07:04,743","level":"INFO","node":1,"msg":"Proposal received: round=19 origin=0 hash=1471b1b7af3c..."}
{"time":"2026-07-22 10:07:04,849","level":"INFO","node":1,"msg":"Consensus vote recorded: node 0 decision=True reason=zkp_ok round=19 new=True satisfied=False"}
{"time":"2026-07-22 10:07:04,910","level":"INFO","node":1,"msg":"Received update from node 0, round 19"}
{"time":"2026-07-22 10:07:42,585","level":"INFO","node":1,"msg":"Forwarded to http://127.0.0.1:8000"}
{"time":"2026-07-22 10:07:52,253","level":"INFO","node":1,"msg":"ZKP ACCEPTED from node 0"}
{"time":"2026-07-22 10:07:52,254","level":"INFO","node":1,"msg":"fc_in col7 delta self-cosine for node 0: -0.3170 (delta_norm=0.2172)"}
{"time":"2026-07-22 10:07:52,266","level":"INFO","node":1,"msg":"Per-class agreement with node 0: class0=0.951 class1=0.927 gap=0.024"}
{"time":"2026-07-22 10:07:52,266","level":"INFO","node":1,"msg":"Per-class rolling gap for node 0: mean=0.017 over last 4 round(s)"}
{"time":"2026-07-22 10:07:52,271","level":"INFO","node":1,"msg":"Trust score for node 0: S=0.809 (Z=1.00 A=0.94 P=0.50 R=1.00) advisory only"}
{"time":"2026-07-22 10:07:52,480","level":"INFO","node":1,"msg":"Sent consensus vote to node 0"}
{"time":"2026-07-22 10:07:52,967","level":"WARNING","node":1,"msg":"ZKP norm violation (clipping applied): slack=-449706, retry=0"}
{"time":"2026-07-22 10:08:09,406","level":"INFO","node":1,"msg":"Prediction agreement with node 0 round=18: A=0.967"}
{"time":"2026-07-22 10:08:09,421","level":"INFO","node":1,"msg":"Consensus vote recorded: node 0 decision=False reason=wrong_round round=18 new=False satisfied=True"}
{"time":"2026-07-22 10:08:10,556","level":"INFO","node":1,"msg":"Forwarded to http://127.0.0.1:8000"}
{"time":"2026-07-22 10:08:27,269","level":"INFO","node":1,"msg":"Received update from node 0, round 18"}
{"time":"2026-07-22 10:08:27,562","level":"INFO","node":1,"msg":"Synced weights from master for round 19"}
{"time":"2026-07-22 10:08:27,577","level":"INFO","node":1,"msg":"Training complete after 20 rounds"}
{"time":"2026-07-22 10:08:27,859","level":"INFO","node":1,"msg":"Sent commit vote to node 0"}
{"time":"2026-07-22 10:08:55,914","level":"INFO","node":1,"msg":"ZKP ACCEPTED from node 0"}
{"time":"2026-07-22 10:08:55,915","level":"WARNING","node":1,"msg":"[STALE-UPDATE CHECK] node 1 observed node 3 resending identical slack (64743349000) as last round — REJECTING as replayed/stale update"}
{"time":"2026-07-22 10:08:55,916","level":"INFO","node":1,"msg":"fc_in col7 delta self-cosine for node 3: -0.0783 (delta_norm=0.0631)"}
{"time":"2026-07-22 10:08:55,933","level":"INFO","node":1,"msg":"Per-class agreement with node 3: class0=0.942 class1=0.965 gap=0.022"}
{"time":"2026-07-22 10:08:55,934","level":"INFO","node":1,"msg":"Per-class rolling gap for node 3: mean=0.020 over last 4 round(s)"}
{"time":"2026-07-22 10:08:55,938","level":"INFO","node":1,"msg":"Trust score for node 3: S=0.819 (Z=1.00 A=0.95 P=0.52 R=1.00) advisory only"}
{"time":"2026-07-22 10:08:55,962","level":"INFO","node":1,"msg":"Sent consensus vote to node 0"}
{"time":"2026-07-22 10:09:14,692","level":"INFO","node":1,"msg":"Forwarded to http://127.0.0.1:8000"}
{"time":"2026-07-22 10:09:43,637","level":"INFO","node":1,"msg":"Prediction agreement with node 0 round=18: A=0.989"}
{"time":"2026-07-22 10:09:43,639","level":"INFO","node":1,"msg":"Consensus vote recorded: node 0 decision=False reason=wrong_round round=18 new=False satisfied=True"}
{"time":"2026-07-22 10:10:02,615","level":"INFO","node":1,"msg":"Received update from node 0, round 18"}
{"time":"2026-07-22 10:10:18,796","level":"INFO","node":1,"msg":"Watchdog fired but training already complete — ignoring, not excluding node 3."}
{"time":"2026-07-22 10:10:30,942","level":"INFO","node":1,"msg":"ZKP ACCEPTED from node 0"}
{"time":"2026-07-22 10:10:30,942","level":"WARNING","node":1,"msg":"[STALE-UPDATE CHECK] node 1 observed node 3 resending identical slack (64743349000) as last round — REJECTING as replayed/stale update"}
{"time":"2026-07-22 10:10:30,943","level":"INFO","node":1,"msg":"fc_in col7 delta self-cosine for node 3: 0.3004 (delta_norm=0.0552)"}
{"time":"2026-07-22 10:10:30,952","level":"INFO","node":1,"msg":"Per-class agreement with node 3: class0=0.929 class1=0.953 gap=0.024"}
{"time":"2026-07-22 10:10:30,953","level":"INFO","node":1,"msg":"Per-class rolling gap for node 3: mean=0.025 over last 4 round(s)"}
{"time":"2026-07-22 10:10:30,958","level":"INFO","node":1,"msg":"Trust score for node 3: S=0.803 (Z=1.00 A=0.94 P=0.50 R=1.00) advisory only"}
{"time":"2026-07-22 10:10:30,986","level":"INFO","node":1,"msg":"Sent consensus vote to node 0"}
{"time":"2026-07-22 10:10:48,680","level":"INFO","node":1,"msg":"Forwarded to http://127.0.0.1:8000"}
{"time":"2026-07-22 10:11:15,968","level":"INFO","node":1,"msg":"Prediction agreement with node 0 round=18: A=0.945"}
{"time":"2026-07-22 10:11:15,969","level":"INFO","node":1,"msg":"Consensus vote recorded: node 0 decision=False reason=wrong_round round=18 new=False satisfied=True"}
{"time":"2026-07-22 10:11:34,033","level":"INFO","node":1,"msg":"Received update from node 0, round 18"}
{"time":"2026-07-22 10:12:02,065","level":"INFO","node":1,"msg":"ZKP ACCEPTED from node 0"}
{"time":"2026-07-22 10:12:02,065","level":"WARNING","node":1,"msg":"[STALE-UPDATE CHECK] node 1 observed node 3 resending identical slack (64743349000) as last round — REJECTING as replayed/stale update"}
{"time":"2026-07-22 10:12:02,067","level":"INFO","node":1,"msg":"fc_in col7 delta self-cosine for node 3: 0.5958 (delta_norm=0.0370)"}
{"time":"2026-07-22 10:12:02,080","level":"INFO","node":1,"msg":"Per-class agreement with node 3: class0=0.977 class1=0.977 gap=0.000"}
{"time":"2026-07-22 10:12:02,081","level":"INFO","node":1,"msg":"Per-class rolling gap for node 3: mean=0.017 over last 4 round(s)"}
{"time":"2026-07-22 10:12:02,085","level":"INFO","node":1,"msg":"Trust score for node 3: S=0.843 (Z=1.00 A=0.98 P=0.52 R=1.00) advisory only"}
{"time":"2026-07-22 10:12:02,114","level":"INFO","node":1,"msg":"Sent consensus vote to node 0"}
{"time":"2026-07-22 10:12:02,524","level":"WARNING","node":1,"msg":"ZKP norm violation (clipping applied): slack=-304065, retry=0"}
{"time":"2026-07-22 10:12:22,026","level":"INFO","node":1,"msg":"Forwarded to http://127.0.0.1:8000"}
{"time":"2026-07-22 10:12:51,640","level":"INFO","node":1,"msg":"Prediction agreement with node 0 round=18: A=0.921"}
{"time":"2026-07-22 10:12:51,640","level":"INFO","node":1,"msg":"Consensus vote recorded: node 0 decision=False reason=wrong_round round=18 new=False satisfied=True"}
{"time":"2026-07-22 10:13:11,108","level":"INFO","node":1,"msg":"Received update from node 0, round 18"}
{"time":"2026-07-22 10:13:40,281","level":"INFO","node":1,"msg":"ZKP ACCEPTED from node 0"}
{"time":"2026-07-22 10:13:40,283","level":"WARNING","node":1,"msg":"[STALE-UPDATE CHECK] node 1 observed node 3 resending identical slack (64743349000) as last round — REJECTING as replayed/stale update"}
{"time":"2026-07-22 10:13:40,283","level":"INFO","node":1,"msg":"fc_in col7 delta self-cosine for node 3: 0.4553 (delta_norm=0.0344)"}
{"time":"2026-07-22 10:13:40,297","level":"INFO","node":1,"msg":"Per-class agreement with node 3: class0=0.976 class1=0.981 gap=0.005"}
{"time":"2026-07-22 10:13:40,297","level":"INFO","node":1,"msg":"Per-class rolling gap for node 3: mean=0.013 over last 4 round(s)"}
{"time":"2026-07-22 10:13:40,301","level":"INFO","node":1,"msg":"Trust score for node 3: S=0.848 (Z=1.00 A=0.98 P=0.54 R=1.00) advisory only"}
{"time":"2026-07-22 10:13:40,339","level":"INFO","node":1,"msg":"Sent consensus vote to node 0"}
{"time":"2026-07-22 10:13:40,348","level":"INFO","node":1,"msg":"Watchdog fired but training already complete — ignoring, not excluding node 3."}
{"time":"2026-07-22 10:13:59,988","level":"INFO","node":1,"msg":"Forwarded to http://127.0.0.1:8000"}
{"time":"2026-07-22 10:14:29,317","level":"INFO","node":1,"msg":"Prediction agreement with node 0 round=18: A=0.859"}
{"time":"2026-07-22 10:14:29,318","level":"INFO","node":1,"msg":"Consensus vote recorded: node 0 decision=False reason=wrong_round round=18 new=False satisfied=True"}
{"time":"2026-07-22 10:14:47,973","level":"INFO","node":1,"msg":"Received update from node 0, round 18"}
{"time":"2026-07-22 10:15:16,392","level":"INFO","node":1,"msg":"ZKP ACCEPTED from node 0"}
{"time":"2026-07-22 10:15:16,392","level":"WARNING","node":1,"msg":"[STALE-UPDATE CHECK] node 1 observed node 3 resending identical slack (64743349000) as last round — REJECTING as replayed/stale update"}
{"time":"2026-07-22 10:15:16,393","level":"INFO","node":1,"msg":"fc_in col7 delta self-cosine for node 3: 0.4538 (delta_norm=0.0222)"}
{"time":"2026-07-22 10:15:16,405","level":"INFO","node":1,"msg":"Per-class agreement with node 3: class0=0.986 class1=0.987 gap=0.001"}
{"time":"2026-07-22 10:15:16,405","level":"INFO","node":1,"msg":"Per-class rolling gap for node 3: mean=0.008 over last 4 round(s)"}
{"time":"2026-07-22 10:15:16,411","level":"INFO","node":1,"msg":"Trust score for node 3: S=0.845 (Z=1.00 A=0.99 P=0.50 R=1.00) advisory only"}
{"time":"2026-07-22 10:15:16,437","level":"INFO","node":1,"msg":"Sent consensus vote to node 0"}
{"time":"2026-07-22 10:15:36,403","level":"INFO","node":1,"msg":"Forwarded to http://127.0.0.1:8000"}
{"time":"2026-07-22 10:16:04,735","level":"INFO","node":1,"msg":"Prediction agreement with node 0 round=18: A=0.823"}
{"time":"2026-07-22 10:16:04,736","level":"INFO","node":1,"msg":"Consensus vote recorded: node 0 decision=False reason=wrong_round round=18 new=False satisfied=True"}
{"time":"2026-07-22 10:16:23,908","level":"INFO","node":1,"msg":"Received update from node 0, round 18"}
{"time":"2026-07-22 10:16:40,165","level":"INFO","node":1,"msg":"ZKP ACCEPTED from node 0"}
{"time":"2026-07-22 10:16:40,165","level":"WARNING","node":1,"msg":"[STALE-UPDATE CHECK] node 1 observed node 3 resending identical slack (64743349000) as last round — REJECTING as replayed/stale update"}
{"time":"2026-07-22 10:16:40,165","level":"INFO","node":1,"msg":"fc_in col7 delta self-cosine for node 3: 0.3505 (delta_norm=0.0228)"}
{"time":"2026-07-22 10:16:40,171","level":"INFO","node":1,"msg":"Per-class agreement with node 3: class0=0.986 class1=0.985 gap=0.001"}
{"time":"2026-07-22 10:16:40,172","level":"INFO","node":1,"msg":"Per-class rolling gap for node 3: mean=0.002 over last 4 round(s)"}
{"time":"2026-07-22 10:16:40,176","level":"INFO","node":1,"msg":"Trust score for node 3: S=0.855 (Z=1.00 A=0.99 P=0.54 R=1.00) advisory only"}
{"time":"2026-07-22 10:16:40,197","level":"INFO","node":1,"msg":"Sent consensus vote to node 0"}
{"time":"2026-07-22 10:16:46,370","level":"INFO","node":1,"msg":"Forwarded to http://127.0.0.1:8000"}
{"time":"2026-07-22 10:16:56,147","level":"INFO","node":1,"msg":"Prediction agreement with node 0 round=18: A=0.802"}
{"time":"2026-07-22 10:16:56,148","level":"INFO","node":1,"msg":"Consensus vote recorded: node 0 decision=False reason=wrong_round round=18 new=False satisfied=True"}
{"time":"2026-07-22 10:17:03,029","level":"INFO","node":1,"msg":"Received update from node 0, round 18"}
{"time":"2026-07-22 10:17:15,772","level":"INFO","node":1,"msg":"ZKP ACCEPTED from node 0"}
{"time":"2026-07-22 10:17:15,778","level":"WARNING","node":1,"msg":"[STALE-UPDATE CHECK] node 1 observed node 3 resending identical slack (64743349000) as last round — REJECTING as replayed/stale update"}
{"time":"2026-07-22 10:17:15,778","level":"INFO","node":1,"msg":"fc_in col7 delta self-cosine for node 3: 0.4650 (delta_norm=0.0196)"}
{"time":"2026-07-22 10:17:15,794","level":"INFO","node":1,"msg":"Per-class agreement with node 3: class0=0.988 class1=0.981 gap=0.007"}
{"time":"2026-07-22 10:17:15,794","level":"INFO","node":1,"msg":"Per-class rolling gap for node 3: mean=0.004 over last 4 round(s)"}
{"time":"2026-07-22 10:17:15,806","level":"INFO","node":1,"msg":"Trust score for node 3: S=0.845 (Z=1.00 A=0.99 P=0.50 R=1.00) advisory only"}
{"time":"2026-07-22 10:17:15,853","level":"INFO","node":1,"msg":"Sent consensus vote to node 0"}
{"time":"2026-07-22 10:17:16,044","level":"WARNING","node":1,"msg":"ZKP norm violation (clipping applied): slack=-68263, retry=0"}
{"time":"2026-07-22 10:17:33,974","level":"INFO","node":1,"msg":"Forwarded to http://127.0.0.1:8000"}
{"time":"2026-07-22 10:17:53,779","level":"INFO","node":1,"msg":"Prediction agreement with node 0 round=18: A=0.810"}
{"time":"2026-07-22 10:17:53,779","level":"INFO","node":1,"msg":"Consensus vote recorded: node 0 decision=False reason=wrong_round round=18 new=False satisfied=True"}
{"time":"2026-07-22 10:18:02,298","level":"INFO","node":1,"msg":"Received update from node 0, round 18"}
{"time":"2026-07-22 10:18:36,651","level":"INFO","node":1,"msg":"ZKP ACCEPTED from node 0"}
{"time":"2026-07-22 10:18:36,651","level":"WARNING","node":1,"msg":"[STALE-UPDATE CHECK] node 1 observed node 3 resending identical slack (64743349000) as last round — REJECTING as replayed/stale update"}
{"time":"2026-07-22 10:18:36,651","level":"INFO","node":1,"msg":"fc_in col7 delta self-cosine for node 3: 0.5667 (delta_norm=0.0178)"}
{"time":"2026-07-22 10:18:36,651","level":"INFO","node":1,"msg":"Per-class agreement with node 3: class0=0.990 class1=0.987 gap=0.003"}
{"time":"2026-07-22 10:18:36,651","level":"INFO","node":1,"msg":"Per-class rolling gap for node 3: mean=0.003 over last 4 round(s)"}
{"time":"2026-07-22 10:18:36,658","level":"INFO","node":1,"msg":"Trust score for node 3: S=0.858 (Z=1.00 A=0.99 P=0.54 R=1.00) advisory only"}
{"time":"2026-07-22 10:18:36,670","level":"INFO","node":1,"msg":"Sent consensus vote to node 0"}
{"time":"2026-07-22 10:19:10,718","level":"INFO","node":1,"msg":"Starting node 1: Suburban Medical Clinic"}
{"time":"2026-07-22 10:19:10,718","level":"INFO","node":1,"msg":"[CONFIG DEBUG] attack_simulation loaded: enabled=True target_node=2 type=stale_update config_path=config_dev.json"}
{"time":"2026-07-22 10:19:10,755","level":"WARNING","node":1,"msg":"DEV MODE: running without TLS"}
{"time":"2026-07-22 10:19:10,755","level":"INFO","node":1,"msg":"Listening on 127.0.0.1:8001 | TLS=False"}
{"time":"2026-07-22 10:19:15,770","level":"INFO","node":1,"msg":"Sent public key to node 0"}
{"time":"2026-07-22 10:19:15,779","level":"INFO","node":1,"msg":"Sent consensus pubkey to node 0"}
{"time":"2026-07-22 10:19:15,786","level":"INFO","node":1,"msg":"Sent public key to node 2"}
{"time":"2026-07-22 10:19:15,801","level":"INFO","node":1,"msg":"Sent consensus pubkey to node 2"}
{"time":"2026-07-22 10:19:16,802","level":"INFO","node":1,"msg":"Sent public key to node 3"}
{"time":"2026-07-22 10:19:16,815","level":"INFO","node":1,"msg":"Sent consensus pubkey to node 3"}
{"time":"2026-07-22 10:19:18,257","level":"INFO","node":1,"msg":"Consensus pubkey received from node 2"}
{"time":"2026-07-22 10:19:18,278","level":"INFO","node":1,"msg":"Key exchange complete with node 2"}
{"time":"2026-07-22 10:19:21,622","level":"INFO","node":1,"msg":"Consensus pubkey received from node 3"}
{"time":"2026-07-22 10:19:21,653","level":"INFO","node":1,"msg":"Key exchange complete with node 3"}
{"time":"2026-07-22 10:19:26,349","level":"INFO","node":1,"msg":"Key exchange complete with node 0"}
{"time":"2026-07-22 10:19:26,390","level":"INFO","node":1,"msg":"Consensus pubkey received from node 0"}
{"time":"2026-07-22 10:19:49,850","level":"INFO","node":1,"msg":"Proposal received: round=0 origin=0 hash=fe4373813700..."}
{"time":"2026-07-22 10:19:49,946","level":"INFO","node":1,"msg":"Consensus vote recorded: node 0 decision=True reason=zkp_ok round=0 new=True satisfied=False"}
{"time":"2026-07-22 10:19:50,004","level":"INFO","node":1,"msg":"Received update from node 0, round 0"}
{"time":"2026-07-22 10:20:19,046","level":"INFO","node":1,"msg":"ZKP ACCEPTED from node 0"}
{"time":"2026-07-22 10:20:19,072","level":"INFO","node":1,"msg":"Trust score for node 0: S=0.429 (Z=1.00 A=0.50 P=0.50 R=1.00) advisory only"}
{"time":"2026-07-22 10:20:19,093","level":"INFO","node":1,"msg":"Sent consensus vote to node 0"}
{"time":"2026-07-22 10:20:19,100","level":"INFO","node":1,"msg":"Sent consensus vote to node 2"}
{"time":"2026-07-22 10:20:19,109","level":"INFO","node":1,"msg":"Sent consensus vote to node 3"}
{"time":"2026-07-22 10:20:42,339","level":"INFO","node":1,"msg":"Forwarded to http://127.0.0.1:8002"}
{"time":"2026-07-22 10:21:11,307","level":"INFO","node":1,"msg":"Prediction agreement with node 2 round=0: A=0.610"}
{"time":"2026-07-22 10:21:11,309","level":"INFO","node":1,"msg":"Consensus vote recorded: node 2 decision=True reason=zkp_ok round=0 new=True satisfied=True"}
{"time":"2026-07-22 10:22:03,149","level":"INFO","node":1,"msg":"Prediction agreement with node 3 round=0: A=0.577"}
{"time":"2026-07-22 10:22:03,150","level":"INFO","node":1,"msg":"Consensus vote recorded: node 3 decision=True reason=zkp_ok round=0 new=True satisfied=True"}
{"time":"2026-07-22 10:22:24,842","level":"INFO","node":1,"msg":"Synced weights from master for round 0"}
{"time":"2026-07-22 10:22:24,861","level":"INFO","node":1,"msg":"Sent commit vote to node 0"}
{"time":"2026-07-22 10:22:25,166","level":"INFO","node":1,"msg":"My turn — starting round 2 as proposer."}
{"time":"2026-07-22 10:22:25,191","level":"INFO","node":1,"msg":"Starting round 2"}
{"time":"2026-07-22 10:22:43,796","level":"INFO","node":1,"msg":"Sent proposal to node 0"}
{"time":"2026-07-22 10:22:43,807","level":"INFO","node":1,"msg":"Sent proposal to node 2"}
{"time":"2026-07-22 10:22:43,825","level":"INFO","node":1,"msg":"Sent proposal to node 3"}
{"time":"2026-07-22 10:22:43,840","level":"INFO","node":1,"msg":"Sent consensus vote to node 0"}
{"time":"2026-07-22 10:22:43,848","level":"INFO","node":1,"msg":"Sent consensus vote to node 2"}
{"time":"2026-07-22 10:22:43,857","level":"INFO","node":1,"msg":"Sent consensus vote to node 3"}
{"time":"2026-07-22 10:22:43,872","level":"INFO","node":1,"msg":"Forwarded to http://127.0.0.1:8002"}
{"time":"2026-07-22 10:23:10,800","level":"INFO","node":1,"msg":"Consensus vote recorded: node 2 decision=True reason=zkp_ok round=1 new=True satisfied=False"}
{"time":"2026-07-22 10:23:55,315","level":"INFO","node":1,"msg":"Consensus vote recorded: node 3 decision=True reason=zkp_ok round=1 new=True satisfied=True"}
{"time":"2026-07-22 10:24:34,898","level":"INFO","node":1,"msg":"Consensus vote recorded: node 0 decision=True reason=zkp_ok round=1 new=True satisfied=True"}
{"time":"2026-07-22 10:24:42,775","level":"INFO","node":1,"msg":"Received update from node 0, round 1"}
{"time":"2026-07-22 10:24:42,778","level":"INFO","node":1,"msg":"Round 2 complete — aggregating"}
{"time":"2026-07-22 10:24:42,811","level":"INFO","node":1,"msg":"Round 2 accuracy gate skipped (warm-up period, candidate_acc=0.6818)"}
{"time":"2026-07-22 10:24:42,860","level":"INFO","node":1,"msg":"Commit vote recorded: node 0 decision=True round=1 satisfied=False"}
{"time":"2026-07-22 10:24:42,868","level":"INFO","node":1,"msg":"Broadcast weights to node 0"}
{"time":"2026-07-22 10:24:42,903","level":"INFO","node":1,"msg":"Commit vote recorded: node 2 decision=True round=1 satisfied=True"}
{"time":"2026-07-22 10:24:42,903","level":"INFO","node":1,"msg":"Round 2 COMMITTED — model hash agreed by [1, 0, 2]"}
{"time":"2026-07-22 10:24:42,906","level":"INFO","node":1,"msg":"Commit certificate saved to C:\Users\mousu\OneDrive\Desktop\Set A\securefedhe\dashboard\certificates\round_1.json"}
{"time":"2026-07-22 10:24:42,910","level":"INFO","node":1,"msg":"Broadcast weights to node 2"}
{"time":"2026-07-22 10:24:42,935","level":"INFO","node":1,"msg":"Commit vote recorded: node 3 decision=True round=1 satisfied=True"}
{"time":"2026-07-22 10:24:42,938","level":"INFO","node":1,"msg":"Broadcast weights to node 3"}
{"time":"2026-07-22 10:24:42,958","level":"INFO","node":1,"msg":"Checkpoint saved to C:\Users\mousu\OneDrive\Desktop\Set A\securefedhe\dashboard\model_latest.pt"}
{"time":"2026-07-22 10:24:42,959","level":"INFO","node":1,"msg":"Round 2 complete | accuracy=0.6818 | duration=137.75s"}
{"time":"2026-07-22 10:24:42,959","level":"INFO","node":1,"msg":"Round 3 belongs to node 2 — waiting for their proposal."}
{"time":"2026-07-22 10:24:42,966","level":"INFO","node":1,"msg":"Notified next proposer to node 2"}
{"time":"2026-07-22 10:24:42,968","level":"INFO","node":1,"msg":"[WATCHDOG SPAWNED] round=2 expected_proposer=2 timeout_s=600 spawned_at=10:24:42"}
{"time":"2026-07-22 10:25:01,666","level":"INFO","node":1,"msg":"Proposal received: round=2 origin=2 hash=4aac8def8cb6..."}
{"time":"2026-07-22 10:25:01,718","level":"INFO","node":1,"msg":"Consensus vote recorded: node 2 decision=True reason=zkp_ok round=2 new=True satisfied=False"}
{"time":"2026-07-22 10:25:31,024","level":"INFO","node":1,"msg":"Consensus vote recorded: node 3 decision=True reason=zkp_ok round=2 new=True satisfied=False"}
{"time":"2026-07-22 10:26:19,033","level":"INFO","node":1,"msg":"Consensus vote recorded: node 0 decision=True reason=zkp_ok round=2 new=True satisfied=True"}
{"time":"2026-07-22 10:26:38,276","level":"INFO","node":1,"msg":"Received update from node 0, round 2"}
{"time":"2026-07-22 10:27:06,717","level":"INFO","node":1,"msg":"ZKP ACCEPTED from node 0"}
{"time":"2026-07-22 10:27:06,732","level":"INFO","node":1,"msg":"Trust score for node 2: S=0.429 (Z=1.00 A=0.50 P=0.50 R=1.00) advisory only"}
{"time":"2026-07-22 10:27:06,758","level":"INFO","node":1,"msg":"Sent consensus vote to node 0"}
{"time":"2026-07-22 10:27:06,779","level":"INFO","node":1,"msg":"Sent consensus vote to node 2"}
{"time":"2026-07-22 10:27:06,802","level":"INFO","node":1,"msg":"Sent consensus vote to node 3"}
{"time":"2026-07-22 10:27:26,936","level":"INFO","node":1,"msg":"Forwarded to http://127.0.0.1:8002"}
{"time":"2026-07-22 10:27:27,011","level":"INFO","node":1,"msg":"Synced weights from master for round 2"}
{"time":"2026-07-22 10:27:27,031","level":"INFO","node":1,"msg":"Sent commit vote to node 2"}
{"time":"2026-07-22 10:27:46,775","level":"INFO","node":1,"msg":"Proposal received: round=3 origin=3 hash=64ccc3959457..."}
{"time":"2026-07-22 10:27:46,830","level":"INFO","node":1,"msg":"Consensus vote recorded: node 3 decision=True reason=zkp_ok round=3 new=True satisfied=False"}
{"time":"2026-07-22 10:28:16,578","level":"INFO","node":1,"msg":"Consensus vote recorded: node 0 decision=True reason=zkp_ok round=3 new=True satisfied=False"}
{"time":"2026-07-22 10:28:35,627","level":"INFO","node":1,"msg":"Received update from node 0, round 3"}
{"time":"2026-07-22 10:29:04,048","level":"INFO","node":1,"msg":"ZKP ACCEPTED from node 0"}
{"time":"2026-07-22 10:29:04,065","level":"INFO","node":1,"msg":"Trust score for node 3: S=0.429 (Z=1.00 A=0.50 P=0.50 R=1.00) advisory only"}
{"time":"2026-07-22 10:29:04,093","level":"INFO","node":1,"msg":"Sent consensus vote to node 0"}
{"time":"2026-07-22 10:29:04,120","level":"INFO","node":1,"msg":"Sent consensus vote to node 2"}
{"time":"2026-07-22 10:29:04,141","level":"INFO","node":1,"msg":"Sent consensus vote to node 3"}
{"time":"2026-07-22 10:29:04,592","level":"WARNING","node":1,"msg":"ZKP norm violation (clipping applied): slack=-89416, retry=0"}
{"time":"2026-07-22 10:29:23,355","level":"INFO","node":1,"msg":"Forwarded to http://127.0.0.1:8002"}
{"time":"2026-07-22 10:29:53,937","level":"INFO","node":1,"msg":"Prediction agreement with node 2 round=3: A=0.956"}
{"time":"2026-07-22 10:29:53,953","level":"INFO","node":1,"msg":"Consensus vote recorded: node 2 decision=True reason=zkp_ok round=3 new=True satisfied=True"}
{"time":"2026-07-22 10:30:13,496","level":"INFO","node":1,"msg":"Synced weights from master for round 3"}
{"time":"2026-07-22 10:30:13,518","level":"INFO","node":1,"msg":"Sent commit vote to node 3"}
{"time":"2026-07-22 10:30:32,686","level":"INFO","node":1,"msg":"Proposal received: round=4 origin=0 hash=b9b460968282..."}
{"time":"2026-07-22 10:30:32,738","level":"INFO","node":1,"msg":"Consensus vote recorded: node 0 decision=True reason=zkp_ok round=4 new=True satisfied=False"}
{"time":"2026-07-22 10:30:32,776","level":"INFO","node":1,"msg":"Received update from node 0, round 4"}
{"time":"2026-07-22 10:31:00,876","level":"INFO","node":1,"msg":"ZKP ACCEPTED from node 0"}
{"time":"2026-07-22 10:31:00,888","level":"INFO","node":1,"msg":"Per-class agreement with node 0: class0=0.454 class1=0.532 gap=0.078"}
{"time":"2026-07-22 10:31:00,888","level":"INFO","node":1,"msg":"Per-class rolling gap for node 0: mean=0.078 over last 1 round(s)"}
{"time":"2026-07-22 10:31:00,888","level":"INFO","node":1,"msg":"Trust score for node 0: S=0.413 (Z=1.00 A=0.48 P=0.52 R=1.00) advisory only"}
{"time":"2026-07-22 10:31:00,923","level":"INFO","node":1,"msg":"Sent consensus vote to node 0"}
{"time":"2026-07-22 10:31:00,951","level":"INFO","node":1,"msg":"Sent consensus vote to node 2"}
{"time":"2026-07-22 10:31:00,972","level":"INFO","node":1,"msg":"Sent consensus vote to node 3"}
{"time":"2026-07-22 10:31:20,607","level":"INFO","node":1,"msg":"Forwarded to http://127.0.0.1:8002"}
{"time":"2026-07-22 10:31:46,996","level":"INFO","node":1,"msg":"Prediction agreement with node 2 round=4: A=0.918"}
{"time":"2026-07-22 10:31:46,997","level":"INFO","node":1,"msg":"Consensus vote recorded: node 2 decision=True reason=zkp_ok round=4 new=True satisfied=True"}
{"time":"2026-07-22 10:32:32,687","level":"INFO","node":1,"msg":"Prediction agreement with node 3 round=4: A=0.948"}
{"time":"2026-07-22 10:32:32,688","level":"INFO","node":1,"msg":"Consensus vote recorded: node 3 decision=True reason=zkp_ok round=4 new=True satisfied=True"}
{"time":"2026-07-22 10:32:52,165","level":"INFO","node":1,"msg":"Synced weights from master for round 4"}
{"time":"2026-07-22 10:32:52,184","level":"INFO","node":1,"msg":"Sent commit vote to node 0"}
{"time":"2026-07-22 10:32:52,312","level":"INFO","node":1,"msg":"My turn — starting round 6 as proposer."}
{"time":"2026-07-22 10:32:52,315","level":"INFO","node":1,"msg":"Starting round 6"}
{"time":"2026-07-22 10:33:11,893","level":"INFO","node":1,"msg":"Sent proposal to node 0"}
{"time":"2026-07-22 10:33:11,905","level":"INFO","node":1,"msg":"Sent proposal to node 2"}
{"time":"2026-07-22 10:33:11,922","level":"INFO","node":1,"msg":"Sent proposal to node 3"}
{"time":"2026-07-22 10:33:11,934","level":"INFO","node":1,"msg":"Sent consensus vote to node 0"}
{"time":"2026-07-22 10:33:11,942","level":"INFO","node":1,"msg":"Sent consensus vote to node 2"}
{"time":"2026-07-22 10:33:11,957","level":"INFO","node":1,"msg":"Sent consensus vote to node 3"}
{"time":"2026-07-22 10:33:11,966","level":"INFO","node":1,"msg":"Forwarded to http://127.0.0.1:8002"}
{"time":"2026-07-22 10:33:40,712","level":"INFO","node":1,"msg":"Consensus vote recorded: node 2 decision=True reason=zkp_ok round=5 new=True satisfied=False"}
{"time":"2026-07-22 10:34:28,799","level":"INFO","node":1,"msg":"Consensus vote recorded: node 3 decision=True reason=zkp_ok round=5 new=True satisfied=True"}
{"time":"2026-07-22 10:35:17,404","level":"INFO","node":1,"msg":"Consensus vote recorded: node 0 decision=True reason=zkp_ok round=5 new=True satisfied=True"}
{"time":"2026-07-22 10:35:36,452","level":"INFO","node":1,"msg":"Received update from node 0, round 5"}
{"time":"2026-07-22 10:35:36,458","level":"INFO","node":1,"msg":"Round 6 complete — aggregating"}
{"time":"2026-07-22 10:35:36,569","level":"INFO","node":1,"msg":"[BACKDOOR PROBE] Round 6 clean — worst case flip_rate=1.000 jump=0.082 (feature=0, value=-5.0)"}
{"time":"2026-07-22 10:35:36,601","level":"INFO","node":1,"msg":"Commit vote recorded: node 0 decision=True round=5 satisfied=False"}
{"time":"2026-07-22 10:35:36,605","level":"INFO","node":1,"msg":"Broadcast weights to node 0"}
{"time":"2026-07-22 10:35:36,633","level":"INFO","node":1,"msg":"Commit vote recorded: node 2 decision=True round=5 satisfied=True"}
{"time":"2026-07-22 10:35:36,634","level":"INFO","node":1,"msg":"Round 6 COMMITTED — model hash agreed by [1, 0, 2]"}
{"time":"2026-07-22 10:35:36,639","level":"INFO","node":1,"msg":"Commit certificate saved to C:\Users\mousu\OneDrive\Desktop\Set A\securefedhe\dashboard\certificates\round_5.json"}
{"time":"2026-07-22 10:35:36,646","level":"INFO","node":1,"msg":"Broadcast weights to node 2"}
{"time":"2026-07-22 10:35:36,672","level":"INFO","node":1,"msg":"Commit vote recorded: node 3 decision=True round=5 satisfied=True"}
{"time":"2026-07-22 10:35:36,676","level":"INFO","node":1,"msg":"Broadcast weights to node 3"}
{"time":"2026-07-22 10:35:36,682","level":"INFO","node":1,"msg":"Checkpoint saved to C:\Users\mousu\OneDrive\Desktop\Set A\securefedhe\dashboard\model_latest.pt"}
{"time":"2026-07-22 10:35:36,682","level":"INFO","node":1,"msg":"Round 6 complete | accuracy=0.7273 | duration=164.36s"}
{"time":"2026-07-22 10:35:36,683","level":"INFO","node":1,"msg":"Round 7 belongs to node 2 — waiting for their proposal."}
{"time":"2026-07-22 10:35:36,689","level":"INFO","node":1,"msg":"Notified next proposer to node 2"}
{"time":"2026-07-22 10:35:36,689","level":"INFO","node":1,"msg":"[WATCHDOG SPAWNED] round=6 expected_proposer=2 timeout_s=600 spawned_at=10:35:36"}
{"time":"2026-07-22 10:35:56,211","level":"INFO","node":1,"msg":"Proposal received: round=6 origin=2 hash=709a19b873ee..."}
{"time":"2026-07-22 10:35:56,263","level":"INFO","node":1,"msg":"Consensus vote recorded: node 2 decision=True reason=zkp_ok round=6 new=True satisfied=False"}
{"time":"2026-07-22 10:36:24,931","level":"INFO","node":1,"msg":"Consensus vote recorded: node 3 decision=False reason=stale_update_replay round=6 new=True satisfied=False"}
{"time":"2026-07-22 10:37:13,284","level":"INFO","node":1,"msg":"Consensus vote recorded: node 0 decision=False reason=stale_update_replay round=6 new=True satisfied=False"}
{"time":"2026-07-22 10:37:32,585","level":"INFO","node":1,"msg":"Received update from node 0, round 6"}
{"time":"2026-07-22 10:38:02,878","level":"INFO","node":1,"msg":"ZKP ACCEPTED from node 0"}
{"time":"2026-07-22 10:38:02,878","level":"WARNING","node":1,"msg":"[STALE-UPDATE CHECK] node 1 observed node 2 resending identical slack (166762) as last round — REJECTING as replayed/stale update"}
{"time":"2026-07-22 10:38:02,890","level":"INFO","node":1,"msg":"Per-class agreement with node 2: class0=0.921 class1=0.941 gap=0.020"}
{"time":"2026-07-22 10:38:02,890","level":"INFO","node":1,"msg":"Per-class rolling gap for node 2: mean=0.020 over last 1 round(s)"}
{"time":"2026-07-22 10:38:02,896","level":"INFO","node":1,"msg":"Trust score for node 2: S=0.814 (Z=1.00 A=0.93 P=0.57 R=1.00) advisory only"}
{"time":"2026-07-22 10:38:02,897","level":"WARNING","node":1,"msg":"Update round=6 from node 2 REJECTED on stale-update replay: identical slack to previous round"}
{"time":"2026-07-22 10:38:02,942","level":"INFO","node":1,"msg":"Sent consensus vote to node 0"}
{"time":"2026-07-22 10:38:02,966","level":"INFO","node":1,"msg":"Sent consensus vote to node 2"}
{"time":"2026-07-22 10:38:02,988","level":"INFO","node":1,"msg":"Sent consensus vote to node 3"}
{"time":"2026-07-22 10:38:03,419","level":"WARNING","node":1,"msg":"ZKP norm violation (clipping applied): slack=-190157, retry=0"}
{"time":"2026-07-22 10:38:23,023","level":"INFO","node":1,"msg":"Forwarded to http://127.0.0.1:8002"}
{"time":"2026-07-22 10:38:43,022","level":"INFO","node":1,"msg":"Proposal received: round=6 origin=2 hash=709a19b873ee..."}
{"time":"2026-07-22 10:38:43,061","level":"INFO","node":1,"msg":"Consensus vote recorded: node 2 decision=True reason=zkp_ok round=6 new=False satisfied=False"}
{"time":"2026-07-22 10:39:12,285","level":"INFO","node":1,"msg":"Prediction agreement with node 3 round=6: A=0.935"}
{"time":"2026-07-22 10:39:12,286","level":"INFO","node":1,"msg":"Consensus vote recorded: node 3 decision=False reason=stale_update_replay round=6 new=False satisfied=False"}
{"time":"2026-07-22 10:39:58,928","level":"INFO","node":1,"msg":"Prediction agreement with node 0 round=6: A=0.974"}
{"time":"2026-07-22 10:39:58,928","level":"INFO","node":1,"msg":"Consensus vote recorded: node 0 decision=False reason=stale_update_replay round=6 new=False satisfied=False"}
{"time":"2026-07-22 10:40:16,968","level":"INFO","node":1,"msg":"Received update from node 0, round 6"}
{"time":"2026-07-22 10:40:43,804","level":"INFO","node":1,"msg":"ZKP ACCEPTED from node 0"}
{"time":"2026-07-22 10:40:43,805","level":"WARNING","node":1,"msg":"[STALE-UPDATE CHECK] node 1 observed node 2 resending identical slack (166762) as last round — REJECTING as replayed/stale update"}
{"time":"2026-07-22 10:40:43,806","level":"INFO","node":1,"msg":"fc_in col7 delta self-cosine for node 2: -0.2920 (delta_norm=0.1145)"}
{"time":"2026-07-22 10:40:43,817","level":"INFO","node":1,"msg":"Per-class agreement with node 2: class0=0.919 class1=0.950 gap=0.031"}
{"time":"2026-07-22 10:40:43,838","level":"INFO","node":1,"msg":"Per-class rolling gap for node 2: mean=0.026 over last 2 round(s)"}
{"time":"2026-07-22 10:40:43,843","level":"INFO","node":1,"msg":"Trust score for node 2: S=0.771 (Z=1.00 A=0.93 P=0.55 R=0.80) advisory only"}
{"time":"2026-07-22 10:40:43,843","level":"WARNING","node":1,"msg":"Update round=6 from node 2 REJECTED on stale-update replay: identical slack to previous round"}
{"time":"2026-07-22 10:40:43,871","level":"INFO","node":1,"msg":"Sent consensus vote to node 0"}
{"time":"2026-07-22 10:40:43,898","level":"INFO","node":1,"msg":"Sent consensus vote to node 2"}
{"time":"2026-07-22 10:40:43,922","level":"INFO","node":1,"msg":"Sent consensus vote to node 3"}
{"time":"2026-07-22 10:41:01,878","level":"INFO","node":1,"msg":"Forwarded to http://127.0.0.1:8002"}
{"time":"2026-07-22 10:41:20,038","level":"INFO","node":1,"msg":"Proposal received: round=6 origin=2 hash=709a19b873ee..."}
{"time":"2026-07-22 10:41:20,080","level":"INFO","node":1,"msg":"Consensus vote recorded: node 2 decision=True reason=zkp_ok round=6 new=False satisfied=False"}
{"time":"2026-07-22 10:41:47,144","level":"INFO","node":1,"msg":"Prediction agreement with node 3 round=6: A=0.858"}
{"time":"2026-07-22 10:41:47,145","level":"INFO","node":1,"msg":"Consensus vote recorded: node 3 decision=False reason=stale_update_replay round=6 new=False satisfied=False"}
{"time":"2026-07-22 10:42:35,736","level":"INFO","node":1,"msg":"Prediction agreement with node 0 round=6: A=0.885"}
{"time":"2026-07-22 10:42:35,738","level":"INFO","node":1,"msg":"Consensus vote recorded: node 0 decision=False reason=stale_update_replay round=6 new=False satisfied=False"}
{"time":"2026-07-22 10:42:54,926","level":"INFO","node":1,"msg":"Received update from node 0, round 6"}
{"time":"2026-07-22 10:43:23,812","level":"INFO","node":1,"msg":"ZKP ACCEPTED from node 0"}
{"time":"2026-07-22 10:43:23,812","level":"WARNING","node":1,"msg":"[STALE-UPDATE CHECK] node 1 observed node 2 resending identical slack (166762) as last round — REJECTING as replayed/stale update"}
{"time":"2026-07-22 10:43:23,812","level":"INFO","node":1,"msg":"fc_in col7 delta self-cosine for node 2: -0.5001 (delta_norm=0.1082)"}
{"time":"2026-07-22 10:43:23,819","level":"INFO","node":1,"msg":"Per-class agreement with node 2: class0=0.977 class1=0.978 gap=0.001"}
{"time":"2026-07-22 10:43:23,819","level":"INFO","node":1,"msg":"Per-class rolling gap for node 2: mean=0.017 over last 3 round(s)"}
{"time":"2026-07-22 10:43:23,827","level":"INFO","node":1,"msg":"Trust score for node 2: S=0.790 (Z=1.00 A=0.98 P=0.63 R=0.60) advisory only"}
{"time":"2026-07-22 10:43:23,827","level":"WARNING","node":1,"msg":"Update round=6 from node 2 REJECTED on stale-update replay: identical slack to previous round"}
{"time":"2026-07-22 10:43:23,849","level":"INFO","node":1,"msg":"Sent consensus vote to node 0"}
{"time":"2026-07-22 10:43:23,867","level":"INFO","node":1,"msg":"Sent consensus vote to node 2"}
{"time":"2026-07-22 10:43:23,891","level":"INFO","node":1,"msg":"Sent consensus vote to node 3"}
{"time":"2026-07-22 10:43:43,459","level":"INFO","node":1,"msg":"Forwarded to http://127.0.0.1:8002"}
{"time":"2026-07-22 10:44:03,550","level":"INFO","node":1,"msg":"Proposal received: round=6 origin=2 hash=709a19b873ee..."}
{"time":"2026-07-22 10:44:03,591","level":"INFO","node":1,"msg":"Consensus vote recorded: node 2 decision=True reason=zkp_ok round=6 new=False satisfied=False"}
{"time":"2026-07-22 10:44:15,681","level":"INFO","node":1,"msg":"Prediction agreement with node 3 round=6: A=0.853"}
{"time":"2026-07-22 10:44:15,681","level":"INFO","node":1,"msg":"Consensus vote recorded: node 3 decision=False reason=stale_update_replay round=6 new=False satisfied=False"}
{"time":"2026-07-22 10:44:39,308","level":"INFO","node":1,"msg":"Prediction agreement with node 0 round=6: A=0.866"}
{"time":"2026-07-22 10:44:39,309","level":"INFO","node":1,"msg":"Consensus vote recorded: node 0 decision=False reason=stale_update_replay round=6 new=False satisfied=False"}
{"time":"2026-07-22 10:44:58,227","level":"INFO","node":1,"msg":"Received update from node 0, round 6"}
{"time":"2026-07-22 10:45:27,075","level":"INFO","node":1,"msg":"ZKP ACCEPTED from node 0"}
{"time":"2026-07-22 10:45:27,076","level":"WARNING","node":1,"msg":"[STALE-UPDATE CHECK] node 1 observed node 2 resending identical slack (166762) as last round — REJECTING as replayed/stale update"}
{"time":"2026-07-22 10:45:27,077","level":"INFO","node":1,"msg":"fc_in col7 delta self-cosine for node 2: -0.2491 (delta_norm=0.0888)"}
{"time":"2026-07-22 10:45:27,087","level":"INFO","node":1,"msg":"Per-class agreement with node 2: class0=0.971 class1=0.953 gap=0.018"}
{"time":"2026-07-22 10:45:27,088","level":"INFO","node":1,"msg":"Per-class rolling gap for node 2: mean=0.017 over last 4 round(s)"}
{"time":"2026-07-22 10:45:27,095","level":"INFO","node":1,"msg":"Trust score for node 2: S=0.718 (Z=1.00 A=0.97 P=0.55 R=0.40) advisory only"}
{"time":"2026-07-22 10:45:27,097","level":"WARNING","node":1,"msg":"Update round=6 from node 2 REJECTED on stale-update replay: identical slack to previous round"}
{"time":"2026-07-22 10:45:27,126","level":"INFO","node":1,"msg":"Sent consensus vote to node 0"}
{"time":"2026-07-22 10:45:27,161","level":"INFO","node":1,"msg":"Sent consensus vote to node 2"}
{"time":"2026-07-22 10:45:27,182","level":"INFO","node":1,"msg":"Sent consensus vote to node 3"}
{"time":"2026-07-22 10:45:27,623","level":"WARNING","node":1,"msg":"ZKP norm violation (clipping applied): slack=-237723, retry=0"}
{"time":"2026-07-22 10:45:47,118","level":"INFO","node":1,"msg":"Forwarded to http://127.0.0.1:8002"}
{"time":"2026-07-22 10:45:47,148","level":"WARNING","node":1,"msg":"Node 2 accused by node 0, but only 1/3 distinct accusers so far (3f+1 quorum) — NOT excluding yet (avoids a single compromised node unilaterally removing an honest peer)."}
{"time":"2026-07-22 10:45:47,236","level":"INFO","node":1,"msg":"Round 7 skip acknowledged — advancing to round 8"}
{"time":"2026-07-22 10:45:47,237","level":"WARNING","node":1,"msg":"[SKIP STRIKE] round 7 skipped, proposer=2, reason=quorum_failure — recording independent strike"}
{"time":"2026-07-22 10:45:47,237","level":"WARNING","node":1,"msg":"This node independently suspects node 2 (local strikes=5.0) — broadcasting accusation for peer corroboration, NOT excluding unilaterally"}
{"time":"2026-07-22 10:45:47,269","level":"INFO","node":1,"msg":"Sent accusation to node 0"}
{"time":"2026-07-22 10:45:47,277","level":"INFO","node":1,"msg":"Sent accusation to node 2"}
{"time":"2026-07-22 10:45:47,292","level":"INFO","node":1,"msg":"Sent accusation to node 3"}
{"time":"2026-07-22 10:45:47,295","level":"WARNING","node":1,"msg":"Node 2 accused by node 1, but only 2/3 distinct accusers so far (3f+1 quorum) — NOT excluding yet (avoids a single compromised node unilaterally removing an honest peer)."}
{"time":"2026-07-22 10:45:47,325","level":"ERROR","node":1,"msg":"Node 2 EXCLUDED from proposing and quorum. Quorum requirement adjusted to 3 of 3 remaining trusted nodes."}
{"time":"2026-07-22 10:45:57,337","level":"INFO","node":1,"msg":"Node 2 accused by node 3 — already excluded, this accusation is redundant (late-arriving vote)."}
{"time":"2026-07-22 10:46:25,566","level":"INFO","node":1,"msg":"Proposal received: round=7 origin=3 hash=737c513658a9..."}
{"time":"2026-07-22 10:46:25,593","level":"INFO","node":1,"msg":"Consensus vote recorded: node 3 decision=True reason=zkp_ok round=7 new=True satisfied=False"}
{"time":"2026-07-22 10:46:43,522","level":"INFO","node":1,"msg":"Proposal for round=7 origin=3 changed hash after 17.88s — treating as a legitimate round retry, not equivocation."}
{"time":"2026-07-22 10:46:43,523","level":"INFO","node":1,"msg":"Proposal received: round=7 origin=3 hash=92d7a8e4a721..."}
{"time":"2026-07-22 10:46:43,599","level":"INFO","node":1,"msg":"Consensus vote recorded: node 3 decision=True reason=zkp_ok round=7 new=True satisfied=False"}
{"time":"2026-07-22 10:47:04,947","level":"INFO","node":1,"msg":"Consensus vote recorded: node 0 decision=True reason=zkp_ok round=7 new=True satisfied=False"}
{"time":"2026-07-22 10:47:27,198","level":"INFO","node":1,"msg":"Consensus vote recorded: node 0 decision=True reason=zkp_ok round=7 new=False satisfied=False"}
{"time":"2026-07-22 10:47:44,335","level":"INFO","node":1,"msg":"Received update from node 0, round 7"}
{"time":"2026-07-22 10:47:59,735","level":"INFO","node":1,"msg":"Received update from node 0, round 7"}
{"time":"2026-07-22 10:48:26,173","level":"INFO","node":1,"msg":"ZKP ACCEPTED from node 0"}
{"time":"2026-07-22 10:48:27,734","level":"INFO","node":1,"msg":"Per-class agreement with node 3: class0=0.826 class1=0.839 gap=0.013"}
{"time":"2026-07-22 10:48:27,765","level":"INFO","node":1,"msg":"Per-class rolling gap for node 3: mean=0.013 over last 1 round(s)"}
{"time":"2026-07-22 10:48:28,723","level":"INFO","node":1,"msg":"Trust score for node 3: S=0.741 (Z=1.00 A=0.83 P=0.63 R=1.00) advisory only"}
{"time":"2026-07-22 10:48:29,037","level":"INFO","node":1,"msg":"Sent consensus vote to node 0"}
{"time":"2026-07-22 10:48:29,332","level":"INFO","node":1,"msg":"Sent consensus vote to node 3"}
{"time":"2026-07-22 10:48:41,527","level":"INFO","node":1,"msg":"ZKP ACCEPTED from node 0"}
{"time":"2026-07-22 10:48:41,529","level":"INFO","node":1,"msg":"fc_in col7 delta self-cosine for node 3: -0.0381 (delta_norm=0.1307)"}
{"time":"2026-07-22 10:48:41,999","level":"WARNING","node":1,"msg":"ZKP norm violation (clipping applied): slack=-56267, retry=0"}
{"time":"2026-07-22 10:48:43,002","level":"INFO","node":1,"msg":"Per-class agreement with node 3: class0=0.972 class1=0.977 gap=0.005"}
{"time":"2026-07-22 10:48:43,033","level":"INFO","node":1,"msg":"Per-class rolling gap for node 3: mean=0.009 over last 2 round(s)"}
{"time":"2026-07-22 10:48:43,754","level":"INFO","node":1,"msg":"Trust score for node 3: S=0.875 (Z=1.00 A=0.97 P=0.65 R=1.00) advisory only"}
{"time":"2026-07-22 10:48:43,996","level":"INFO","node":1,"msg":"Sent consensus vote to node 0"}
{"time":"2026-07-22 10:48:44,303","level":"INFO","node":1,"msg":"Sent consensus vote to node 3"}
{"time":"2026-07-22 10:48:51,157","level":"INFO","node":1,"msg":"Forwarded to http://127.0.0.1:8003"}
{"time":"2026-07-22 10:48:51,479","level":"INFO","node":1,"msg":"Synced weights from master for round 7"}
{"time":"2026-07-22 10:48:51,596","level":"INFO","node":1,"msg":"Sent commit vote to node 3"}
{"time":"2026-07-22 10:48:57,943","level":"INFO","node":1,"msg":"Forwarded to http://127.0.0.1:8003"}
{"time":"2026-07-22 10:48:58,058","level":"INFO","node":1,"msg":"Proposal received: round=8 origin=0 hash=edad5ff247c9..."}
{"time":"2026-07-22 10:48:58,085","level":"INFO","node":1,"msg":"Consensus vote recorded: node 0 decision=True reason=zkp_ok round=8 new=True satisfied=False"}
{"time":"2026-07-22 10:48:58,098","level":"INFO","node":1,"msg":"Received update from node 0, round 8"}
{"time":"2026-07-22 10:49:07,844","level":"INFO","node":1,"msg":"ZKP ACCEPTED from node 0"}
{"time":"2026-07-22 10:49:07,844","level":"INFO","node":1,"msg":"fc_in col7 delta self-cosine for node 0: 0.3935 (delta_norm=0.3587)"}
{"time":"2026-07-22 10:49:07,844","level":"INFO","node":1,"msg":"Per-class agreement with node 0: class0=0.854 class1=0.820 gap=0.034"}
{"time":"2026-07-22 10:49:07,844","level":"INFO","node":1,"msg":"Per-class rolling gap for node 0: mean=0.056 over last 2 round(s)"}
{"time":"2026-07-22 10:49:07,858","level":"INFO","node":1,"msg":"Trust score for node 0: S=0.784 (Z=1.00 A=0.84 P=0.75 R=1.00) advisory only"}
{"time":"2026-07-22 10:49:07,878","level":"INFO","node":1,"msg":"Sent consensus vote to node 0"}
{"time":"2026-07-22 10:49:07,887","level":"INFO","node":1,"msg":"Sent consensus vote to node 3"}
{"time":"2026-07-22 10:49:08,028","level":"WARNING","node":1,"msg":"ZKP norm violation (clipping applied): slack=-266552, retry=0"}
{"time":"2026-07-22 10:49:14,206","level":"INFO","node":1,"msg":"Forwarded to http://127.0.0.1:8003"}
{"time":"2026-07-22 10:49:23,962","level":"INFO","node":1,"msg":"Prediction agreement with node 3 round=8: A=0.940"}
{"time":"2026-07-22 10:49:23,964","level":"INFO","node":1,"msg":"Consensus vote recorded: node 3 decision=True reason=zkp_ok round=8 new=True satisfied=True"}
{"time":"2026-07-22 10:49:29,935","level":"INFO","node":1,"msg":"Synced weights from master for round 8"}
{"time":"2026-07-22 10:49:29,945","level":"INFO","node":1,"msg":"Sent commit vote to node 0"}
{"time":"2026-07-22 10:49:29,973","level":"INFO","node":1,"msg":"My turn — starting round 10 as proposer."}
{"time":"2026-07-22 10:49:29,974","level":"INFO","node":1,"msg":"Starting round 10"}
{"time":"2026-07-22 10:49:30,172","level":"WARNING","node":1,"msg":"ZKP norm violation (clipping applied): slack=-65064, retry=0"}
{"time":"2026-07-22 10:49:36,433","level":"INFO","node":1,"msg":"Sent proposal to node 0"}
{"time":"2026-07-22 10:49:36,433","level":"INFO","node":1,"msg":"Sent proposal to node 3"}
{"time":"2026-07-22 10:49:36,442","level":"INFO","node":1,"msg":"Sent consensus vote to node 0"}
{"time":"2026-07-22 10:49:36,447","level":"INFO","node":1,"msg":"Sent consensus vote to node 3"}
{"time":"2026-07-22 10:49:36,454","level":"INFO","node":1,"msg":"Forwarded to http://127.0.0.1:8003"}
{"time":"2026-07-22 10:49:46,235","level":"INFO","node":1,"msg":"Consensus vote recorded: node 3 decision=True reason=zkp_ok round=9 new=True satisfied=False"}
{"time":"2026-07-22 10:50:01,850","level":"INFO","node":1,"msg":"Consensus vote recorded: node 0 decision=True reason=zkp_ok round=9 new=True satisfied=True"}
{"time":"2026-07-22 10:50:08,015","level":"INFO","node":1,"msg":"Received update from node 0, round 9"}
{"time":"2026-07-22 10:50:08,015","level":"INFO","node":1,"msg":"Round 10 complete — aggregating"}
{"time":"2026-07-22 10:50:08,058","level":"WARNING","node":1,"msg":"[BACKDOOR PROBE] Round 10 SUSPICIOUS: feature=1 value=8.0 forces class=1 flip_rate=1.000 jump=0.773 (thresholds: flip>0.7, jump>0.3)"}
{"time":"2026-07-22 10:50:08,085","level":"INFO","node":1,"msg":"Commit vote recorded: node 0 decision=True round=9 satisfied=False"}
{"time":"2026-07-22 10:50:08,086","level":"INFO","node":1,"msg":"Broadcast weights to node 0"}
{"time":"2026-07-22 10:50:08,101","level":"INFO","node":1,"msg":"Commit vote recorded: node 3 decision=True round=9 satisfied=True"}
{"time":"2026-07-22 10:50:08,101","level":"INFO","node":1,"msg":"Round 10 COMMITTED — model hash agreed by [1, 0, 3]"}
{"time":"2026-07-22 10:50:08,102","level":"INFO","node":1,"msg":"Commit certificate saved to C:\Users\mousu\OneDrive\Desktop\Set A\securefedhe\dashboard\certificates\round_9.json"}
{"time":"2026-07-22 10:50:08,105","level":"INFO","node":1,"msg":"Broadcast weights to node 3"}
{"time":"2026-07-22 10:50:08,107","level":"INFO","node":1,"msg":"Checkpoint saved to C:\Users\mousu\OneDrive\Desktop\Set A\securefedhe\dashboard\model_latest.pt"}
{"time":"2026-07-22 10:50:08,107","level":"INFO","node":1,"msg":"Round 10 complete | accuracy=0.8182 | duration=38.13s"}
{"time":"2026-07-22 10:50:08,107","level":"INFO","node":1,"msg":"Round 11 belongs to node 3 — waiting for their proposal."}
{"time":"2026-07-22 10:50:08,111","level":"INFO","node":1,"msg":"Notified next proposer to node 3"}
{"time":"2026-07-22 10:50:08,111","level":"INFO","node":1,"msg":"[WATCHDOG SPAWNED] round=10 expected_proposer=3 timeout_s=600 spawned_at=10:50:08"}
{"time":"2026-07-22 10:50:14,426","level":"INFO","node":1,"msg":"Proposal received: round=10 origin=3 hash=c29531f53861..."}
{"time":"2026-07-22 10:50:14,446","level":"INFO","node":1,"msg":"Consensus vote recorded: node 3 decision=True reason=zkp_ok round=10 new=True satisfied=False"}
{"time":"2026-07-22 10:50:24,072","level":"INFO","node":1,"msg":"Consensus vote recorded: node 0 decision=True reason=zkp_ok round=10 new=True satisfied=False"}
{"time":"2026-07-22 10:50:30,244","level":"INFO","node":1,"msg":"Received update from node 0, round 10"}
{"time":"2026-07-22 10:50:39,985","level":"INFO","node":1,"msg":"ZKP ACCEPTED from node 0"}
{"time":"2026-07-22 10:50:39,985","level":"INFO","node":1,"msg":"fc_in col7 delta self-cosine for node 3: -0.2574 (delta_norm=0.2922)"}
{"time":"2026-07-22 10:50:39,985","level":"INFO","node":1,"msg":"Per-class agreement with node 3: class0=0.933 class1=0.931 gap=0.002"}
{"time":"2026-07-22 10:50:39,990","level":"INFO","node":1,"msg":"Per-class rolling gap for node 3: mean=0.007 over last 3 round(s)"}
{"time":"2026-07-22 10:50:39,994","level":"INFO","node":1,"msg":"Trust score for node 3: S=0.814 (Z=1.00 A=0.93 P=0.55 R=1.00) advisory only"}
{"time":"2026-07-22 10:50:40,007","level":"INFO","node":1,"msg":"Sent consensus vote to node 0"}
{"time":"2026-07-22 10:50:40,027","level":"INFO","node":1,"msg":"Sent consensus vote to node 3"}
{"time":"2026-07-22 10:50:46,193","level":"INFO","node":1,"msg":"Forwarded to http://127.0.0.1:8003"}
{"time":"2026-07-22 10:50:46,257","level":"INFO","node":1,"msg":"Synced weights from master for round 10"}
{"time":"2026-07-22 10:50:46,265","level":"INFO","node":1,"msg":"Sent commit vote to node 3"}
{"time":"2026-07-22 10:50:53,032","level":"INFO","node":1,"msg":"Proposal received: round=11 origin=3 hash=bed8d07e915a..."}
{"time":"2026-07-22 10:50:53,042","level":"INFO","node":1,"msg":"Consensus vote recorded: node 3 decision=True reason=zkp_ok round=11 new=True satisfied=False"}
{"time":"2026-07-22 10:51:02,781","level":"INFO","node":1,"msg":"Consensus vote recorded: node 0 decision=True reason=zkp_ok round=11 new=True satisfied=False"}
{"time":"2026-07-22 10:51:08,898","level":"INFO","node":1,"msg":"Received update from node 0, round 11"}
{"time":"2026-07-22 10:51:18,568","level":"INFO","node":1,"msg":"ZKP ACCEPTED from node 0"}
{"time":"2026-07-22 10:51:18,568","level":"INFO","node":1,"msg":"fc_in col7 delta self-cosine for node 3: -0.1140 (delta_norm=0.1342)"}
{"time":"2026-07-22 10:51:18,583","level":"INFO","node":1,"msg":"Per-class agreement with node 3: class0=0.971 class1=0.973 gap=0.002"}
{"time":"2026-07-22 10:51:18,583","level":"INFO","node":1,"msg":"Per-class rolling gap for node 3: mean=0.006 over last 4 round(s)"}
{"time":"2026-07-22 10:51:18,586","level":"INFO","node":1,"msg":"Trust score for node 3: S=0.848 (Z=1.00 A=0.97 P=0.55 R=1.00) advisory only"}
{"time":"2026-07-22 10:51:18,598","level":"INFO","node":1,"msg":"Sent consensus vote to node 0"}
{"time":"2026-07-22 10:51:18,619","level":"INFO","node":1,"msg":"Sent consensus vote to node 3"}
{"time":"2026-07-22 10:51:18,721","level":"WARNING","node":1,"msg":"ZKP norm violation (clipping applied): slack=-184494, retry=0"}
{"time":"2026-07-22 10:51:24,878","level":"INFO","node":1,"msg":"Forwarded to http://127.0.0.1:8003"}
{"time":"2026-07-22 10:51:24,967","level":"INFO","node":1,"msg":"Synced weights from master for round 11"}
{"time":"2026-07-22 10:51:24,979","level":"INFO","node":1,"msg":"Sent commit vote to node 3"}
{"time":"2026-07-22 10:51:31,247","level":"INFO","node":1,"msg":"Proposal received: round=12 origin=0 hash=04fa6e0f159f..."}
{"time":"2026-07-22 10:51:31,262","level":"INFO","node":1,"msg":"Consensus vote recorded: node 0 decision=True reason=zkp_ok round=12 new=True satisfied=False"}
{"time":"2026-07-22 10:51:31,270","level":"INFO","node":1,"msg":"Received update from node 0, round 12"}
{"time":"2026-07-22 10:51:41,017","level":"INFO","node":1,"msg":"ZKP ACCEPTED from node 0"}
{"time":"2026-07-22 10:51:41,017","level":"INFO","node":1,"msg":"fc_in col7 delta self-cosine for node 0: 0.0206 (delta_norm=0.2896)"}
{"time":"2026-07-22 10:51:41,017","level":"INFO","node":1,"msg":"Per-class agreement with node 0: class0=0.909 class1=0.953 gap=0.044"}
{"time":"2026-07-22 10:51:41,017","level":"INFO","node":1,"msg":"Per-class rolling gap for node 0: mean=0.052 over last 3 round(s)"}
{"time":"2026-07-22 10:51:41,022","level":"INFO","node":1,"msg":"Trust score for node 0: S=0.796 (Z=1.00 A=0.92 P=0.52 R=1.00) advisory only"}
{"time":"2026-07-22 10:51:41,043","level":"INFO","node":1,"msg":"Sent consensus vote to node 0"}
{"time":"2026-07-22 10:51:41,069","level":"INFO","node":1,"msg":"Sent consensus vote to node 3"}
{"time":"2026-07-22 10:51:47,174","level":"INFO","node":1,"msg":"Forwarded to http://127.0.0.1:8003"}
{"time":"2026-07-22 10:51:56,962","level":"INFO","node":1,"msg":"Prediction agreement with node 3 round=12: A=0.959"}
{"time":"2026-07-22 10:51:56,962","level":"INFO","node":1,"msg":"Consensus vote recorded: node 3 decision=True reason=zkp_ok round=12 new=True satisfied=True"}
{"time":"2026-07-22 10:52:03,084","level":"INFO","node":1,"msg":"Synced weights from master for round 12"}
{"time":"2026-07-22 10:52:03,110","level":"INFO","node":1,"msg":"Sent commit vote to node 0"}
{"time":"2026-07-22 10:52:03,154","level":"INFO","node":1,"msg":"My turn — starting round 14 as proposer."}
{"time":"2026-07-22 10:52:03,155","level":"INFO","node":1,"msg":"Starting round 14"}
{"time":"2026-07-22 10:52:09,562","level":"INFO","node":1,"msg":"Sent proposal to node 0"}
{"time":"2026-07-22 10:52:09,581","level":"INFO","node":1,"msg":"Sent proposal to node 3"}
{"time":"2026-07-22 10:52:09,591","level":"INFO","node":1,"msg":"Sent consensus vote to node 0"}
{"time":"2026-07-22 10:52:09,600","level":"INFO","node":1,"msg":"Sent consensus vote to node 3"}
{"time":"2026-07-22 10:52:09,606","level":"INFO","node":1,"msg":"Forwarded to http://127.0.0.1:8003"}
{"time":"2026-07-22 10:52:19,234","level":"INFO","node":1,"msg":"Consensus vote recorded: node 3 decision=True reason=zkp_ok round=13 new=True satisfied=False"}
{"time":"2026-07-22 10:52:35,070","level":"INFO","node":1,"msg":"Consensus vote recorded: node 0 decision=True reason=zkp_ok round=13 new=True satisfied=True"}
{"time":"2026-07-22 10:52:41,151","level":"INFO","node":1,"msg":"Received update from node 0, round 13"}
{"time":"2026-07-22 10:52:41,151","level":"INFO","node":1,"msg":"Round 14 complete — aggregating"}
{"time":"2026-07-22 10:52:41,199","level":"WARNING","node":1,"msg":"[BACKDOOR PROBE] Round 14 SUSPICIOUS: feature=1 value=7.0 forces class=1 flip_rate=1.000 jump=0.755 (thresholds: flip>0.7, jump>0.3)"}
{"time":"2026-07-22 10:52:41,228","level":"INFO","node":1,"msg":"Commit vote recorded: node 0 decision=True round=13 satisfied=False"}
{"time":"2026-07-22 10:52:41,232","level":"INFO","node":1,"msg":"Broadcast weights to node 0"}
{"time":"2026-07-22 10:52:41,259","level":"INFO","node":1,"msg":"Commit vote recorded: node 3 decision=True round=13 satisfied=True"}
{"time":"2026-07-22 10:52:41,260","level":"INFO","node":1,"msg":"Round 14 COMMITTED — model hash agreed by [1, 0, 3]"}
{"time":"2026-07-22 10:52:41,262","level":"INFO","node":1,"msg":"Commit certificate saved to C:\Users\mousu\OneDrive\Desktop\Set A\securefedhe\dashboard\certificates\round_13.json"}
{"time":"2026-07-22 10:52:41,265","level":"INFO","node":1,"msg":"Broadcast weights to node 3"}
{"time":"2026-07-22 10:52:41,268","level":"INFO","node":1,"msg":"Checkpoint saved to C:\Users\mousu\OneDrive\Desktop\Set A\securefedhe\dashboard\model_latest.pt"}
{"time":"2026-07-22 10:52:41,269","level":"INFO","node":1,"msg":"Round 14 complete | accuracy=0.8182 | duration=38.11s"}
{"time":"2026-07-22 10:52:41,269","level":"INFO","node":1,"msg":"Round 15 belongs to node 3 — waiting for their proposal."}
{"time":"2026-07-22 10:52:41,276","level":"INFO","node":1,"msg":"Notified next proposer to node 3"}
{"time":"2026-07-22 10:52:41,277","level":"INFO","node":1,"msg":"[WATCHDOG SPAWNED] round=14 expected_proposer=3 timeout_s=600 spawned_at=10:52:41"}
{"time":"2026-07-22 10:52:47,519","level":"INFO","node":1,"msg":"Proposal received: round=14 origin=3 hash=ed71161408f1..."}
{"time":"2026-07-22 10:52:47,528","level":"INFO","node":1,"msg":"Consensus vote recorded: node 3 decision=True reason=zkp_ok round=14 new=True satisfied=False"}
{"time":"2026-07-22 10:52:57,302","level":"INFO","node":1,"msg":"Consensus vote recorded: node 0 decision=True reason=zkp_ok round=14 new=True satisfied=False"}
{"time":"2026-07-22 10:53:03,515","level":"INFO","node":1,"msg":"Received update from node 0, round 14"}
{"time":"2026-07-22 10:53:13,150","level":"INFO","node":1,"msg":"ZKP ACCEPTED from node 0"}
{"time":"2026-07-22 10:53:13,150","level":"INFO","node":1,"msg":"fc_in col7 delta self-cosine for node 3: -0.2030 (delta_norm=0.2016)"}
{"time":"2026-07-22 10:53:13,155","level":"INFO","node":1,"msg":"Per-class agreement with node 3: class0=0.978 class1=0.966 gap=0.012"}
{"time":"2026-07-22 10:53:13,155","level":"INFO","node":1,"msg":"Per-class rolling gap for node 3: mean=0.005 over last 4 round(s)"}
{"time":"2026-07-22 10:53:13,159","level":"INFO","node":1,"msg":"Trust score for node 3: S=0.860 (Z=1.00 A=0.97 P=0.59 R=1.00) advisory only"}
{"time":"2026-07-22 10:53:13,171","level":"INFO","node":1,"msg":"Sent consensus vote to node 0"}
{"time":"2026-07-22 10:53:13,184","level":"INFO","node":1,"msg":"Sent consensus vote to node 3"}
{"time":"2026-07-22 10:53:19,482","level":"INFO","node":1,"msg":"Forwarded to http://127.0.0.1:8003"}
{"time":"2026-07-22 10:53:19,559","level":"INFO","node":1,"msg":"Synced weights from master for round 14"}
{"time":"2026-07-22 10:53:19,577","level":"INFO","node":1,"msg":"Sent commit vote to node 3"}
{"time":"2026-07-22 10:53:26,789","level":"INFO","node":1,"msg":"Proposal received: round=15 origin=3 hash=9a2bf3d630ca..."}
{"time":"2026-07-22 10:53:26,803","level":"INFO","node":1,"msg":"Consensus vote recorded: node 3 decision=True reason=zkp_ok round=15 new=True satisfied=False"}
{"time":"2026-07-22 10:53:36,756","level":"INFO","node":1,"msg":"Consensus vote recorded: node 0 decision=True reason=zkp_ok round=15 new=True satisfied=False"}
{"time":"2026-07-22 10:53:42,850","level":"INFO","node":1,"msg":"Received update from node 0, round 15"}
{"time":"2026-07-22 10:53:52,487","level":"INFO","node":1,"msg":"ZKP ACCEPTED from node 0"}
{"time":"2026-07-22 10:53:52,487","level":"INFO","node":1,"msg":"fc_in col7 delta self-cosine for node 3: -0.2305 (delta_norm=0.1255)"}
{"time":"2026-07-22 10:53:52,503","level":"INFO","node":1,"msg":"Per-class agreement with node 3: class0=0.986 class1=0.971 gap=0.016"}
{"time":"2026-07-22 10:53:52,503","level":"INFO","node":1,"msg":"Per-class rolling gap for node 3: mean=0.008 over last 4 round(s)"}
{"time":"2026-07-22 10:53:52,508","level":"INFO","node":1,"msg":"Trust score for node 3: S=0.857 (Z=1.00 A=0.98 P=0.55 R=1.00) advisory only"}
{"time":"2026-07-22 10:53:52,557","level":"INFO","node":1,"msg":"Sent consensus vote to node 0"}
{"time":"2026-07-22 10:53:52,575","level":"INFO","node":1,"msg":"Sent consensus vote to node 3"}
{"time":"2026-07-22 10:53:58,660","level":"INFO","node":1,"msg":"Forwarded to http://127.0.0.1:8003"}
{"time":"2026-07-22 10:53:58,800","level":"INFO","node":1,"msg":"Synced weights from master for round 15"}
{"time":"2026-07-22 10:53:58,812","level":"INFO","node":1,"msg":"Sent commit vote to node 3"}
{"time":"2026-07-22 10:54:05,027","level":"INFO","node":1,"msg":"Proposal received: round=16 origin=0 hash=84442e476743..."}
{"time":"2026-07-22 10:54:05,053","level":"INFO","node":1,"msg":"Consensus vote recorded: node 0 decision=True reason=zkp_ok round=16 new=True satisfied=False"}
{"time":"2026-07-22 10:54:05,071","level":"INFO","node":1,"msg":"Received update from node 0, round 16"}
{"time":"2026-07-22 10:54:14,725","level":"INFO","node":1,"msg":"ZKP ACCEPTED from node 0"}
{"time":"2026-07-22 10:54:14,725","level":"INFO","node":1,"msg":"fc_in col7 delta self-cosine for node 0: -0.2387 (delta_norm=0.2680)"}
{"time":"2026-07-22 10:54:14,743","level":"INFO","node":1,"msg":"Per-class agreement with node 0: class0=0.966 class1=0.956 gap=0.010"}
{"time":"2026-07-22 10:54:14,743","level":"INFO","node":1,"msg":"Per-class rolling gap for node 0: mean=0.042 over last 4 round(s)"}
{"time":"2026-07-22 10:54:14,745","level":"INFO","node":1,"msg":"Trust score for node 0: S=0.831 (Z=1.00 A=0.96 P=0.52 R=1.00) advisory only"}
{"time":"2026-07-22 10:54:14,775","level":"INFO","node":1,"msg":"Sent consensus vote to node 0"}
{"time":"2026-07-22 10:54:14,813","level":"INFO","node":1,"msg":"Sent consensus vote to node 3"}
{"time":"2026-07-22 10:54:14,909","level":"WARNING","node":1,"msg":"ZKP norm violation (clipping applied): slack=-368312, retry=0"}
{"time":"2026-07-22 10:54:20,962","level":"INFO","node":1,"msg":"Forwarded to http://127.0.0.1:8003"}
{"time":"2026-07-22 10:54:30,608","level":"INFO","node":1,"msg":"Prediction agreement with node 3 round=16: A=0.952"}
{"time":"2026-07-22 10:54:30,608","level":"INFO","node":1,"msg":"Consensus vote recorded: node 3 decision=True reason=zkp_ok round=16 new=True satisfied=True"}
{"time":"2026-07-22 10:54:36,789","level":"INFO","node":1,"msg":"Synced weights from master for round 16"}
{"time":"2026-07-22 10:54:36,810","level":"INFO","node":1,"msg":"Sent commit vote to node 0"}
{"time":"2026-07-22 10:54:36,842","level":"INFO","node":1,"msg":"My turn — starting round 18 as proposer."}
{"time":"2026-07-22 10:54:36,843","level":"INFO","node":1,"msg":"Starting round 18"}
{"time":"2026-07-22 10:54:43,179","level":"INFO","node":1,"msg":"Sent proposal to node 0"}
{"time":"2026-07-22 10:54:43,179","level":"INFO","node":1,"msg":"Sent proposal to node 3"}
{"time":"2026-07-22 10:54:43,193","level":"INFO","node":1,"msg":"Sent consensus vote to node 0"}
{"time":"2026-07-22 10:54:43,198","level":"INFO","node":1,"msg":"Sent consensus vote to node 3"}
{"time":"2026-07-22 10:54:43,208","level":"INFO","node":1,"msg":"Forwarded to http://127.0.0.1:8003"}
{"time":"2026-07-22 10:54:52,893","level":"INFO","node":1,"msg":"Consensus vote recorded: node 3 decision=True reason=zkp_ok round=17 new=True satisfied=False"}
{"time":"2026-07-22 10:55:08,579","level":"INFO","node":1,"msg":"Consensus vote recorded: node 0 decision=True reason=zkp_ok round=17 new=True satisfied=True"}
{"time":"2026-07-22 10:55:14,774","level":"INFO","node":1,"msg":"Received update from node 0, round 17"}
{"time":"2026-07-22 10:55:14,774","level":"INFO","node":1,"msg":"Round 18 complete — aggregating"}
{"time":"2026-07-22 10:55:14,816","level":"WARNING","node":1,"msg":"[BACKDOOR PROBE] Round 18 SUSPICIOUS: feature=1 value=8.0 forces class=1 flip_rate=1.000 jump=0.782 (thresholds: flip>0.7, jump>0.3)"}
{"time":"2026-07-22 10:55:14,852","level":"INFO","node":1,"msg":"Commit vote recorded: node 0 decision=True round=17 satisfied=False"}
{"time":"2026-07-22 10:55:14,856","level":"INFO","node":1,"msg":"Broadcast weights to node 0"}
{"time":"2026-07-22 10:55:14,872","level":"INFO","node":1,"msg":"Commit vote recorded: node 3 decision=True round=17 satisfied=True"}
{"time":"2026-07-22 10:55:14,873","level":"INFO","node":1,"msg":"Round 18 COMMITTED — model hash agreed by [1, 0, 3]"}
{"time":"2026-07-22 10:55:14,876","level":"INFO","node":1,"msg":"Commit certificate saved to C:\Users\mousu\OneDrive\Desktop\Set A\securefedhe\dashboard\certificates\round_17.json"}
{"time":"2026-07-22 10:55:14,880","level":"INFO","node":1,"msg":"Broadcast weights to node 3"}
{"time":"2026-07-22 10:55:14,882","level":"INFO","node":1,"msg":"Checkpoint saved to C:\Users\mousu\OneDrive\Desktop\Set A\securefedhe\dashboard\model_latest.pt"}
{"time":"2026-07-22 10:55:14,883","level":"INFO","node":1,"msg":"Round 18 complete | accuracy=0.8273 | duration=38.04s"}
{"time":"2026-07-22 10:55:14,883","level":"INFO","node":1,"msg":"Round 19 belongs to node 3 — waiting for their proposal."}
{"time":"2026-07-22 10:55:14,887","level":"INFO","node":1,"msg":"Notified next proposer to node 3"}
{"time":"2026-07-22 10:55:14,888","level":"INFO","node":1,"msg":"[WATCHDOG SPAWNED] round=18 expected_proposer=3 timeout_s=600 spawned_at=10:55:14"}
{"time":"2026-07-22 10:55:21,110","level":"INFO","node":1,"msg":"Proposal received: round=18 origin=3 hash=011fc050e453..."}
{"time":"2026-07-22 10:55:21,124","level":"INFO","node":1,"msg":"Consensus vote recorded: node 3 decision=True reason=zkp_ok round=18 new=True satisfied=False"}
{"time":"2026-07-22 10:55:30,889","level":"INFO","node":1,"msg":"Consensus vote recorded: node 0 decision=True reason=zkp_ok round=18 new=True satisfied=False"}
{"time":"2026-07-22 10:55:36,999","level":"INFO","node":1,"msg":"Received update from node 0, round 18"}
{"time":"2026-07-22 10:55:46,618","level":"INFO","node":1,"msg":"ZKP ACCEPTED from node 0"}
{"time":"2026-07-22 10:55:46,618","level":"INFO","node":1,"msg":"fc_in col7 delta self-cosine for node 3: -0.1413 (delta_norm=0.2237)"}
{"time":"2026-07-22 10:55:46,627","level":"INFO","node":1,"msg":"Per-class agreement with node 3: class0=0.983 class1=0.972 gap=0.010"}
{"time":"2026-07-22 10:55:46,627","level":"INFO","node":1,"msg":"Per-class rolling gap for node 3: mean=0.010 over last 4 round(s)"}
{"time":"2026-07-22 10:55:46,629","level":"INFO","node":1,"msg":"Trust score for node 3: S=0.855 (Z=1.00 A=0.98 P=0.55 R=1.00) advisory only"}
{"time":"2026-07-22 10:55:46,669","level":"INFO","node":1,"msg":"Sent consensus vote to node 0"}
{"time":"2026-07-22 10:55:46,696","level":"INFO","node":1,"msg":"Sent consensus vote to node 3"}
{"time":"2026-07-22 10:55:52,979","level":"INFO","node":1,"msg":"Forwarded to http://127.0.0.1:8003"}
{"time":"2026-07-22 10:55:53,046","level":"INFO","node":1,"msg":"Synced weights from master for round 18"}
{"time":"2026-07-22 10:55:53,056","level":"INFO","node":1,"msg":"Sent commit vote to node 3"}
{"time":"2026-07-22 10:55:59,829","level":"INFO","node":1,"msg":"Proposal received: round=19 origin=3 hash=25f2b644799a..."}
{"time":"2026-07-22 10:55:59,847","level":"INFO","node":1,"msg":"Consensus vote recorded: node 3 decision=True reason=zkp_ok round=19 new=True satisfied=False"}
{"time":"2026-07-22 10:56:09,569","level":"INFO","node":1,"msg":"Consensus vote recorded: node 0 decision=True reason=zkp_ok round=19 new=True satisfied=False"}
{"time":"2026-07-22 10:56:15,799","level":"INFO","node":1,"msg":"Received update from node 0, round 19"}
{"time":"2026-07-22 10:56:25,579","level":"INFO","node":1,"msg":"ZKP ACCEPTED from node 0"}
{"time":"2026-07-22 10:56:25,579","level":"INFO","node":1,"msg":"fc_in col7 delta self-cosine for node 3: -0.0595 (delta_norm=0.1218)"}
{"time":"2026-07-22 10:56:25,583","level":"INFO","node":1,"msg":"Per-class agreement with node 3: class0=0.980 class1=0.969 gap=0.011"}
{"time":"2026-07-22 10:56:25,585","level":"INFO","node":1,"msg":"Per-class rolling gap for node 3: mean=0.012 over last 4 round(s)"}
{"time":"2026-07-22 10:56:25,587","level":"INFO","node":1,"msg":"Trust score for node 3: S=0.852 (Z=1.00 A=0.98 P=0.55 R=1.00) advisory only"}
{"time":"2026-07-22 10:56:25,616","level":"INFO","node":1,"msg":"Sent consensus vote to node 0"}
{"time":"2026-07-22 10:56:25,626","level":"INFO","node":1,"msg":"Sent consensus vote to node 3"}
{"time":"2026-07-22 10:56:31,871","level":"INFO","node":1,"msg":"Forwarded to http://127.0.0.1:8003"}
{"time":"2026-07-22 10:56:31,974","level":"INFO","node":1,"msg":"Synced weights from master for round 19"}
{"time":"2026-07-22 10:56:31,974","level":"INFO","node":1,"msg":"Training complete after 20 rounds"}
{"time":"2026-07-22 10:56:31,988","level":"INFO","node":1,"msg":"Sent commit vote to node 3"}
{"time":"2026-07-22 11:00:08,113","level":"INFO","node":1,"msg":"Watchdog fired but training already complete — ignoring, not excluding node 3."}
{"time":"2026-07-22 11:02:41,294","level":"INFO","node":1,"msg":"Watchdog fired but training already complete — ignoring, not excluding node 3."}
{"time":"2026-07-22 11:05:14,892","level":"INFO","node":1,"msg":"Watchdog fired but training already complete — ignoring, not excluding node 3."}
{"time":"2026-07-22 11:27:39,822","level":"INFO","node":1,"msg":"Starting node 1: Suburban Medical Clinic"}
{"time":"2026-07-22 11:27:39,827","level":"INFO","node":1,"msg":"[CONFIG DEBUG] attack_simulation loaded: enabled=True target_node=2 type=stale_update config_path=config_dev.json"}
{"time":"2026-07-22 11:27:40,004","level":"WARNING","node":1,"msg":"DEV MODE: running without TLS"}
{"time":"2026-07-22 11:27:40,004","level":"INFO","node":1,"msg":"Listening on 127.0.0.1:8001 | TLS=False"}
{"time":"2026-07-22 11:27:45,017","level":"INFO","node":1,"msg":"Sent public key to node 0"}
{"time":"2026-07-22 11:27:45,017","level":"INFO","node":1,"msg":"Sent consensus pubkey to node 0"}
{"time":"2026-07-22 11:27:45,026","level":"INFO","node":1,"msg":"Sent public key to node 2"}
{"time":"2026-07-22 11:27:45,044","level":"INFO","node":1,"msg":"Sent consensus pubkey to node 2"}
{"time":"2026-07-22 11:27:45,541","level":"INFO","node":1,"msg":"Sent public key to node 3"}
{"time":"2026-07-22 11:27:45,572","level":"INFO","node":1,"msg":"Sent consensus pubkey to node 3"}
{"time":"2026-07-22 11:27:47,886","level":"INFO","node":1,"msg":"Consensus pubkey received from node 2"}
{"time":"2026-07-22 11:27:47,895","level":"INFO","node":1,"msg":"Key exchange complete with node 2"}
{"time":"2026-07-22 11:27:50,169","level":"INFO","node":1,"msg":"Consensus pubkey received from node 3"}
{"time":"2026-07-22 11:27:50,179","level":"INFO","node":1,"msg":"Key exchange complete with node 3"}
{"time":"2026-07-22 11:27:54,168","level":"INFO","node":1,"msg":"Key exchange complete with node 0"}
{"time":"2026-07-22 11:27:54,210","level":"INFO","node":1,"msg":"Consensus pubkey received from node 0"}
{"time":"2026-07-22 11:28:01,471","level":"INFO","node":1,"msg":"Proposal received: round=0 origin=0 hash=166e926cf16d..."}
{"time":"2026-07-22 11:28:01,524","level":"INFO","node":1,"msg":"Consensus vote recorded: node 0 decision=True reason=zkp_ok round=0 new=True satisfied=False"}
{"time":"2026-07-22 11:28:01,548","level":"INFO","node":1,"msg":"Received update from node 0, round 0"}
{"time":"2026-07-22 11:28:11,215","level":"INFO","node":1,"msg":"ZKP ACCEPTED from node 0"}
{"time":"2026-07-22 11:28:11,233","level":"INFO","node":1,"msg":"Trust score for node 0: S=0.429 (Z=1.00 A=0.50 P=0.50 R=1.00) advisory only"}
{"time":"2026-07-22 11:28:11,254","level":"INFO","node":1,"msg":"Sent consensus vote to node 0"}
{"time":"2026-07-22 11:28:11,275","level":"INFO","node":1,"msg":"Sent consensus vote to node 2"}
{"time":"2026-07-22 11:28:11,279","level":"INFO","node":1,"msg":"Sent consensus vote to node 3"}
{"time":"2026-07-22 11:28:12,475","level":"WARNING","node":1,"msg":"ZKP norm violation (clipping applied): slack=-36993, retry=0"}
{"time":"2026-07-22 11:28:18,495","level":"INFO","node":1,"msg":"Forwarded to http://127.0.0.1:8002"}
{"time":"2026-07-22 11:28:28,149","level":"INFO","node":1,"msg":"Prediction agreement with node 2 round=0: A=0.688"}
{"time":"2026-07-22 11:28:28,151","level":"INFO","node":1,"msg":"Consensus vote recorded: node 2 decision=True reason=zkp_ok round=0 new=True satisfied=True"}
{"time":"2026-07-22 11:28:45,358","level":"INFO","node":1,"msg":"Prediction agreement with node 3 round=0: A=0.747"}
{"time":"2026-07-22 11:28:45,358","level":"INFO","node":1,"msg":"Consensus vote recorded: node 3 decision=True reason=zkp_ok round=0 new=True satisfied=True"}
{"time":"2026-07-22 11:28:52,529","level":"INFO","node":1,"msg":"Synced weights from master for round 0"}
{"time":"2026-07-22 11:28:52,553","level":"INFO","node":1,"msg":"Sent commit vote to node 0"}
{"time":"2026-07-22 11:28:52,658","level":"INFO","node":1,"msg":"My turn — starting round 2 as proposer."}
{"time":"2026-07-22 11:28:52,659","level":"INFO","node":1,"msg":"Starting round 2"}
{"time":"2026-07-22 11:28:59,105","level":"INFO","node":1,"msg":"Sent proposal to node 0"}
{"time":"2026-07-22 11:28:59,105","level":"INFO","node":1,"msg":"Sent proposal to node 2"}
{"time":"2026-07-22 11:28:59,120","level":"INFO","node":1,"msg":"Sent proposal to node 3"}
{"time":"2026-07-22 11:28:59,131","level":"INFO","node":1,"msg":"Sent consensus vote to node 0"}
{"time":"2026-07-22 11:28:59,136","level":"INFO","node":1,"msg":"Sent consensus vote to node 2"}
{"time":"2026-07-22 11:28:59,139","level":"INFO","node":1,"msg":"Sent consensus vote to node 3"}
{"time":"2026-07-22 11:28:59,144","level":"INFO","node":1,"msg":"Forwarded to http://127.0.0.1:8002"}
{"time":"2026-07-22 11:29:08,841","level":"INFO","node":1,"msg":"Consensus vote recorded: node 2 decision=True reason=zkp_ok round=1 new=True satisfied=False"}
{"time":"2026-07-22 11:29:24,777","level":"INFO","node":1,"msg":"Consensus vote recorded: node 3 decision=True reason=zkp_ok round=1 new=True satisfied=True"}
{"time":"2026-07-22 11:29:40,725","level":"INFO","node":1,"msg":"Consensus vote recorded: node 0 decision=True reason=zkp_ok round=1 new=True satisfied=True"}
{"time":"2026-07-22 11:29:46,757","level":"INFO","node":1,"msg":"Received update from node 0, round 1"}
{"time":"2026-07-22 11:29:46,757","level":"INFO","node":1,"msg":"Round 2 complete — aggregating"}
{"time":"2026-07-22 11:29:46,764","level":"INFO","node":1,"msg":"Round 2 accuracy gate skipped (warm-up period, candidate_acc=0.6818)"}
{"time":"2026-07-22 11:29:46,794","level":"INFO","node":1,"msg":"Commit vote recorded: node 0 decision=True round=1 satisfied=False"}
{"time":"2026-07-22 11:29:46,801","level":"INFO","node":1,"msg":"Broadcast weights to node 0"}
{"time":"2026-07-22 11:29:46,857","level":"INFO","node":1,"msg":"Commit vote recorded: node 2 decision=True round=1 satisfied=True"}
{"time":"2026-07-22 11:29:46,857","level":"INFO","node":1,"msg":"Round 2 COMMITTED — model hash agreed by [1, 0, 2]"}
{"time":"2026-07-22 11:29:46,857","level":"INFO","node":1,"msg":"Commit certificate saved to C:\Users\mousu\OneDrive\Desktop\Set A\securefedhe\dashboard\certificates\round_1.json"}
{"time":"2026-07-22 11:29:46,857","level":"INFO","node":1,"msg":"Broadcast weights to node 2"}
{"time":"2026-07-22 11:29:46,904","level":"INFO","node":1,"msg":"Commit vote recorded: node 3 decision=True round=1 satisfied=True"}
{"time":"2026-07-22 11:29:46,906","level":"INFO","node":1,"msg":"Broadcast weights to node 3"}
{"time":"2026-07-22 11:29:46,913","level":"INFO","node":1,"msg":"Checkpoint saved to C:\Users\mousu\OneDrive\Desktop\Set A\securefedhe\dashboard\model_latest.pt"}
{"time":"2026-07-22 11:29:46,914","level":"INFO","node":1,"msg":"Round 2 complete | accuracy=0.6818 | duration=54.25s"}
{"time":"2026-07-22 11:29:46,914","level":"INFO","node":1,"msg":"Round 3 belongs to node 2 — waiting for their proposal."}
{"time":"2026-07-22 11:29:46,917","level":"INFO","node":1,"msg":"Notified next proposer to node 2"}
{"time":"2026-07-22 11:29:46,918","level":"INFO","node":1,"msg":"[WATCHDOG SPAWNED] round=2 expected_proposer=2 timeout_s=600 spawned_at=11:29:46"}
{"time":"2026-07-22 11:29:53,040","level":"INFO","node":1,"msg":"Proposal received: round=2 origin=2 hash=637a79700411..."}
{"time":"2026-07-22 11:29:53,062","level":"INFO","node":1,"msg":"Consensus vote recorded: node 2 decision=True reason=zkp_ok round=2 new=True satisfied=False"}
{"time":"2026-07-22 11:30:02,700","level":"INFO","node":1,"msg":"Consensus vote recorded: node 3 decision=True reason=zkp_ok round=2 new=True satisfied=False"}
{"time":"2026-07-22 11:30:18,554","level":"INFO","node":1,"msg":"Consensus vote recorded: node 0 decision=True reason=zkp_ok round=2 new=True satisfied=True"}
{"time":"2026-07-22 11:30:25,014","level":"INFO","node":1,"msg":"Received update from node 0, round 2"}
{"time":"2026-07-22 11:30:34,759","level":"INFO","node":1,"msg":"ZKP ACCEPTED from node 0"}
{"time":"2026-07-22 11:30:34,765","level":"INFO","node":1,"msg":"Trust score for node 2: S=0.429 (Z=1.00 A=0.50 P=0.50 R=1.00) advisory only"}
{"time":"2026-07-22 11:30:34,777","level":"INFO","node":1,"msg":"Sent consensus vote to node 0"}
{"time":"2026-07-22 11:30:34,785","level":"INFO","node":1,"msg":"Sent consensus vote to node 2"}
{"time":"2026-07-22 11:30:34,800","level":"INFO","node":1,"msg":"Sent consensus vote to node 3"}
{"time":"2026-07-22 11:30:40,924","level":"INFO","node":1,"msg":"Forwarded to http://127.0.0.1:8002"}
{"time":"2026-07-22 11:30:41,023","level":"INFO","node":1,"msg":"Synced weights from master for round 2"}
{"time":"2026-07-22 11:30:41,041","level":"INFO","node":1,"msg":"Sent commit vote to node 2"}
{"time":"2026-07-22 11:30:47,401","level":"INFO","node":1,"msg":"Proposal received: round=3 origin=3 hash=f93e9d377033..."}
{"time":"2026-07-22 11:30:47,432","level":"INFO","node":1,"msg":"Consensus vote recorded: node 3 decision=True reason=zkp_ok round=3 new=True satisfied=False"}
{"time":"2026-07-22 11:30:57,191","level":"INFO","node":1,"msg":"Consensus vote recorded: node 0 decision=True reason=zkp_ok round=3 new=True satisfied=False"}
{"time":"2026-07-22 11:31:03,355","level":"INFO","node":1,"msg":"Received update from node 0, round 3"}
{"time":"2026-07-22 11:31:13,105","level":"INFO","node":1,"msg":"ZKP ACCEPTED from node 0"}
{"time":"2026-07-22 11:31:13,121","level":"INFO","node":1,"msg":"Trust score for node 3: S=0.429 (Z=1.00 A=0.50 P=0.50 R=1.00) advisory only"}
{"time":"2026-07-22 11:31:13,137","level":"INFO","node":1,"msg":"Sent consensus vote to node 0"}
{"time":"2026-07-22 11:31:13,140","level":"INFO","node":1,"msg":"Sent consensus vote to node 2"}
{"time":"2026-07-22 11:31:13,160","level":"INFO","node":1,"msg":"Sent consensus vote to node 3"}
{"time":"2026-07-22 11:31:13,273","level":"WARNING","node":1,"msg":"ZKP norm violation (clipping applied): slack=-23794, retry=0"}
{"time":"2026-07-22 11:31:19,419","level":"INFO","node":1,"msg":"Forwarded to http://127.0.0.1:8002"}
{"time":"2026-07-22 11:31:29,218","level":"INFO","node":1,"msg":"Prediction agreement with node 2 round=3: A=0.968"}
{"time":"2026-07-22 11:31:29,219","level":"INFO","node":1,"msg":"Consensus vote recorded: node 2 decision=True reason=zkp_ok round=3 new=True satisfied=True"}
{"time":"2026-07-22 11:31:35,401","level":"INFO","node":1,"msg":"Synced weights from master for round 3"}
{"time":"2026-07-22 11:31:35,416","level":"INFO","node":1,"msg":"Sent commit vote to node 3"}
{"time":"2026-07-22 11:31:41,560","level":"INFO","node":1,"msg":"Proposal received: round=4 origin=0 hash=4a5a83383c01..."}
{"time":"2026-07-22 11:31:41,572","level":"INFO","node":1,"msg":"Consensus vote recorded: node 0 decision=True reason=zkp_ok round=4 new=True satisfied=False"}
{"time":"2026-07-22 11:31:41,600","level":"INFO","node":1,"msg":"Received update from node 0, round 4"}
{"time":"2026-07-22 11:31:51,368","level":"INFO","node":1,"msg":"ZKP ACCEPTED from node 0"}
{"time":"2026-07-22 11:31:51,384","level":"INFO","node":1,"msg":"Per-class agreement with node 0: class0=0.705 class1=0.654 gap=0.051"}
{"time":"2026-07-22 11:31:51,384","level":"INFO","node":1,"msg":"Per-class rolling gap for node 0: mean=0.051 over last 1 round(s)"}
{"time":"2026-07-22 11:31:51,386","level":"INFO","node":1,"msg":"Trust score for node 0: S=0.601 (Z=1.00 A=0.69 P=0.55 R=1.00) advisory only"}
{"time":"2026-07-22 11:31:51,416","level":"INFO","node":1,"msg":"Sent consensus vote to node 0"}
{"time":"2026-07-22 11:31:51,436","level":"INFO","node":1,"msg":"Sent consensus vote to node 2"}
{"time":"2026-07-22 11:31:51,467","level":"INFO","node":1,"msg":"Sent consensus vote to node 3"}
{"time":"2026-07-22 11:31:51,583","level":"WARNING","node":1,"msg":"ZKP norm violation (clipping applied): slack=-69191, retry=0"}
{"time":"2026-07-22 11:31:57,619","level":"INFO","node":1,"msg":"Forwarded to http://127.0.0.1:8002"}
{"time":"2026-07-22 11:32:07,337","level":"INFO","node":1,"msg":"Prediction agreement with node 2 round=4: A=0.945"}
{"time":"2026-07-22 11:32:07,338","level":"INFO","node":1,"msg":"Consensus vote recorded: node 2 decision=True reason=zkp_ok round=4 new=True satisfied=True"}
{"time":"2026-07-22 11:32:23,356","level":"INFO","node":1,"msg":"Prediction agreement with node 3 round=4: A=0.956"}
{"time":"2026-07-22 11:32:23,356","level":"INFO","node":1,"msg":"Consensus vote recorded: node 3 decision=True reason=zkp_ok round=4 new=True satisfied=True"}
{"time":"2026-07-22 11:32:29,450","level":"INFO","node":1,"msg":"Synced weights from master for round 4"}
{"time":"2026-07-22 11:32:29,491","level":"INFO","node":1,"msg":"Sent commit vote to node 0"}
{"time":"2026-07-22 11:32:29,553","level":"INFO","node":1,"msg":"My turn — starting round 6 as proposer."}
{"time":"2026-07-22 11:32:29,554","level":"INFO","node":1,"msg":"Starting round 6"}
{"time":"2026-07-22 11:32:35,993","level":"INFO","node":1,"msg":"Sent proposal to node 0"}
{"time":"2026-07-22 11:32:35,993","level":"INFO","node":1,"msg":"Sent proposal to node 2"}
{"time":"2026-07-22 11:32:36,010","level":"INFO","node":1,"msg":"Sent proposal to node 3"}
{"time":"2026-07-22 11:32:36,019","level":"INFO","node":1,"msg":"Sent consensus vote to node 0"}
{"time":"2026-07-22 11:32:36,024","level":"INFO","node":1,"msg":"Sent consensus vote to node 2"}
{"time":"2026-07-22 11:32:36,028","level":"INFO","node":1,"msg":"Sent consensus vote to node 3"}
{"time":"2026-07-22 11:32:36,033","level":"INFO","node":1,"msg":"Forwarded to http://127.0.0.1:8002"}
{"time":"2026-07-22 11:32:45,788","level":"INFO","node":1,"msg":"Consensus vote recorded: node 2 decision=True reason=zkp_ok round=5 new=True satisfied=False"}
{"time":"2026-07-22 11:33:01,818","level":"INFO","node":1,"msg":"Consensus vote recorded: node 3 decision=True reason=zkp_ok round=5 new=True satisfied=True"}
{"time":"2026-07-22 11:33:17,907","level":"INFO","node":1,"msg":"Consensus vote recorded: node 0 decision=True reason=zkp_ok round=5 new=True satisfied=True"}
{"time":"2026-07-22 11:33:24,385","level":"INFO","node":1,"msg":"Received update from node 0, round 5"}
{"time":"2026-07-22 11:33:24,385","level":"INFO","node":1,"msg":"Round 6 complete — aggregating"}
{"time":"2026-07-22 11:33:24,456","level":"INFO","node":1,"msg":"[BACKDOOR PROBE] Round 6 clean — worst case flip_rate=1.000 jump=0.027 (feature=0, value=-4.0)"}
{"time":"2026-07-22 11:33:24,489","level":"INFO","node":1,"msg":"Commit vote recorded: node 0 decision=True round=5 satisfied=False"}
{"time":"2026-07-22 11:33:24,495","level":"INFO","node":1,"msg":"Broadcast weights to node 0"}
{"time":"2026-07-22 11:33:24,537","level":"INFO","node":1,"msg":"Commit vote recorded: node 2 decision=True round=5 satisfied=True"}
{"time":"2026-07-22 11:33:24,537","level":"INFO","node":1,"msg":"Round 6 COMMITTED — model hash agreed by [1, 0, 2]"}
{"time":"2026-07-22 11:33:24,538","level":"INFO","node":1,"msg":"Commit certificate saved to C:\Users\mousu\OneDrive\Desktop\Set A\securefedhe\dashboard\certificates\round_5.json"}
{"time":"2026-07-22 11:33:24,540","level":"INFO","node":1,"msg":"Broadcast weights to node 2"}
{"time":"2026-07-22 11:33:24,571","level":"INFO","node":1,"msg":"Commit vote recorded: node 3 decision=True round=5 satisfied=True"}
{"time":"2026-07-22 11:33:24,571","level":"INFO","node":1,"msg":"Broadcast weights to node 3"}
{"time":"2026-07-22 11:33:24,571","level":"INFO","node":1,"msg":"Checkpoint saved to C:\Users\mousu\OneDrive\Desktop\Set A\securefedhe\dashboard\model_latest.pt"}
{"time":"2026-07-22 11:33:24,576","level":"INFO","node":1,"msg":"Round 6 complete | accuracy=0.7091 | duration=55.02s"}
{"time":"2026-07-22 11:33:24,576","level":"INFO","node":1,"msg":"Round 7 belongs to node 2 — waiting for their proposal."}
{"time":"2026-07-22 11:33:24,580","level":"INFO","node":1,"msg":"Notified next proposer to node 2"}
{"time":"2026-07-22 11:33:24,580","level":"INFO","node":1,"msg":"[WATCHDOG SPAWNED] round=6 expected_proposer=2 timeout_s=600 spawned_at=11:33:24"}
{"time":"2026-07-22 11:33:30,905","level":"INFO","node":1,"msg":"Proposal received: round=6 origin=2 hash=b55ea0fab559..."}
{"time":"2026-07-22 11:33:30,939","level":"INFO","node":1,"msg":"Consensus vote recorded: node 2 decision=True reason=zkp_ok round=6 new=True satisfied=False"}
{"time":"2026-07-22 11:33:41,062","level":"INFO","node":1,"msg":"Consensus vote recorded: node 3 decision=True reason=zkp_ok round=6 new=True satisfied=False"}
{"time":"2026-07-22 11:33:56,859","level":"INFO","node":1,"msg":"Consensus vote recorded: node 0 decision=True reason=zkp_ok round=6 new=True satisfied=True"}
{"time":"2026-07-22 11:34:03,095","level":"INFO","node":1,"msg":"Received update from node 0, round 6"}
{"time":"2026-07-22 11:34:12,940","level":"INFO","node":1,"msg":"ZKP ACCEPTED from node 0"}
{"time":"2026-07-22 11:34:12,940","level":"WARNING","node":1,"msg":"[STALE-UPDATE CHECK] node 1 observed node 2 resending identical slack (262119) as last round — REJECTING as replayed/stale update"}
{"time":"2026-07-22 11:34:12,960","level":"INFO","node":1,"msg":"Per-class agreement with node 2: class0=0.908 class1=0.949 gap=0.040"}
{"time":"2026-07-22 11:34:12,960","level":"INFO","node":1,"msg":"Per-class rolling gap for node 2: mean=0.040 over last 1 round(s)"}
{"time":"2026-07-22 11:34:12,962","level":"INFO","node":1,"msg":"Trust score for node 2: S=0.785 (Z=1.00 A=0.92 P=0.48 R=1.00) advisory only"}
{"time":"2026-07-22 11:34:13,001","level":"INFO","node":1,"msg":"Sent consensus vote to node 0"}
{"time":"2026-07-22 11:34:13,011","level":"INFO","node":1,"msg":"Sent consensus vote to node 2"}
{"time":"2026-07-22 11:34:13,026","level":"INFO","node":1,"msg":"Sent consensus vote to node 3"}
{"time":"2026-07-22 11:34:13,146","level":"WARNING","node":1,"msg":"ZKP norm violation (clipping applied): slack=-231132, retry=0"}
{"time":"2026-07-22 11:34:19,306","level":"INFO","node":1,"msg":"Forwarded to http://127.0.0.1:8002"}
{"time":"2026-07-22 11:34:19,435","level":"INFO","node":1,"msg":"Synced weights from master for round 6"}
{"time":"2026-07-22 11:34:19,443","level":"INFO","node":1,"msg":"Sent commit vote to node 2"}
{"time":"2026-07-22 11:34:25,892","level":"INFO","node":1,"msg":"Proposal received: round=7 origin=3 hash=28ba2a3c8d49..."}
{"time":"2026-07-22 11:34:25,931","level":"INFO","node":1,"msg":"Consensus vote recorded: node 3 decision=True reason=zkp_ok round=7 new=True satisfied=False"}
{"time":"2026-07-22 11:34:35,786","level":"INFO","node":1,"msg":"Consensus vote recorded: node 0 decision=True reason=zkp_ok round=7 new=True satisfied=False"}
{"time":"2026-07-22 11:34:42,056","level":"INFO","node":1,"msg":"Received update from node 0, round 7"}
{"time":"2026-07-22 11:34:51,747","level":"INFO","node":1,"msg":"ZKP ACCEPTED from node 0"}
{"time":"2026-07-22 11:34:51,760","level":"INFO","node":1,"msg":"Per-class agreement with node 3: class0=0.949 class1=0.958 gap=0.009"}
{"time":"2026-07-22 11:34:51,760","level":"INFO","node":1,"msg":"Per-class rolling gap for node 3: mean=0.009 over last 1 round(s)"}
{"time":"2026-07-22 11:34:51,763","level":"INFO","node":1,"msg":"Trust score for node 3: S=0.851 (Z=1.00 A=0.95 P=0.63 R=1.00) advisory only"}
{"time":"2026-07-22 11:34:51,776","level":"INFO","node":1,"msg":"Sent consensus vote to node 0"}
{"time":"2026-07-22 11:34:51,800","level":"INFO","node":1,"msg":"Sent consensus vote to node 2"}
{"time":"2026-07-22 11:34:51,825","level":"INFO","node":1,"msg":"Sent consensus vote to node 3"}
{"time":"2026-07-22 11:34:51,943","level":"WARNING","node":1,"msg":"ZKP norm violation (clipping applied): slack=-78378, retry=0"}
{"time":"2026-07-22 11:34:58,140","level":"INFO","node":1,"msg":"Forwarded to http://127.0.0.1:8002"}
{"time":"2026-07-22 11:35:07,907","level":"INFO","node":1,"msg":"Prediction agreement with node 2 round=7: A=0.958"}
{"time":"2026-07-22 11:35:07,908","level":"INFO","node":1,"msg":"Consensus vote recorded: node 2 decision=True reason=zkp_ok round=7 new=True satisfied=True"}
{"time":"2026-07-22 11:35:14,626","level":"INFO","node":1,"msg":"Synced weights from master for round 7"}
{"time":"2026-07-22 11:35:14,647","level":"INFO","node":1,"msg":"Sent commit vote to node 3"}
{"time":"2026-07-22 11:35:20,972","level":"INFO","node":1,"msg":"Proposal received: round=8 origin=0 hash=67f5b0acfda2..."}
{"time":"2026-07-22 11:35:21,000","level":"INFO","node":1,"msg":"Consensus vote recorded: node 0 decision=True reason=zkp_ok round=8 new=True satisfied=False"}
{"time":"2026-07-22 11:35:21,026","level":"INFO","node":1,"msg":"Received update from node 0, round 8"}
{"time":"2026-07-22 11:35:30,842","level":"INFO","node":1,"msg":"ZKP ACCEPTED from node 0"}
{"time":"2026-07-22 11:35:30,857","level":"INFO","node":1,"msg":"fc_in col7 delta self-cosine for node 0: 0.3785 (delta_norm=0.5362)"}
{"time":"2026-07-22 11:35:30,860","level":"INFO","node":1,"msg":"Per-class agreement with node 0: class0=0.971 class1=0.971 gap=0.000"}
{"time":"2026-07-22 11:35:30,860","level":"INFO","node":1,"msg":"Per-class rolling gap for node 0: mean=0.025 over last 2 round(s)"}
{"time":"2026-07-22 11:35:30,863","level":"INFO","node":1,"msg":"Trust score for node 0: S=0.852 (Z=1.00 A=0.97 P=0.57 R=1.00) advisory only"}
{"time":"2026-07-22 11:35:30,896","level":"INFO","node":1,"msg":"Sent consensus vote to node 0"}
{"time":"2026-07-22 11:35:30,904","level":"INFO","node":1,"msg":"Sent consensus vote to node 2"}
{"time":"2026-07-22 11:35:30,934","level":"INFO","node":1,"msg":"Sent consensus vote to node 3"}
{"time":"2026-07-22 11:35:31,066","level":"WARNING","node":1,"msg":"ZKP norm violation (clipping applied): slack=-192991, retry=0"}
{"time":"2026-07-22 11:35:37,288","level":"INFO","node":1,"msg":"Forwarded to http://127.0.0.1:8002"}
{"time":"2026-07-22 11:35:47,186","level":"INFO","node":1,"msg":"Prediction agreement with node 2 round=8: A=0.943"}
{"time":"2026-07-22 11:35:47,186","level":"INFO","node":1,"msg":"Consensus vote recorded: node 2 decision=True reason=zkp_ok round=8 new=True satisfied=True"}
{"time":"2026-07-22 11:36:03,219","level":"INFO","node":1,"msg":"Prediction agreement with node 3 round=8: A=0.964"}
{"time":"2026-07-22 11:36:03,219","level":"INFO","node":1,"msg":"Consensus vote recorded: node 3 decision=True reason=zkp_ok round=8 new=True satisfied=True"}
{"time":"2026-07-22 11:36:09,404","level":"INFO","node":1,"msg":"Synced weights from master for round 8"}
{"time":"2026-07-22 11:36:09,417","level":"INFO","node":1,"msg":"Sent commit vote to node 0"}
{"time":"2026-07-22 11:36:09,477","level":"INFO","node":1,"msg":"My turn — starting round 10 as proposer."}
{"time":"2026-07-22 11:36:09,478","level":"INFO","node":1,"msg":"Starting round 10"}
{"time":"2026-07-22 11:36:09,626","level":"WARNING","node":1,"msg":"ZKP norm violation (clipping applied): slack=-245143, retry=0"}
{"time":"2026-07-22 11:36:15,938","level":"INFO","node":1,"msg":"Sent proposal to node 0"}
{"time":"2026-07-22 11:36:15,938","level":"INFO","node":1,"msg":"Sent proposal to node 2"}
{"time":"2026-07-22 11:36:15,956","level":"INFO","node":1,"msg":"Sent proposal to node 3"}
{"time":"2026-07-22 11:36:15,967","level":"INFO","node":1,"msg":"Sent consensus vote to node 0"}
{"time":"2026-07-22 11:36:15,971","level":"INFO","node":1,"msg":"Sent consensus vote to node 2"}
{"time":"2026-07-22 11:36:15,975","level":"INFO","node":1,"msg":"Sent consensus vote to node 3"}
{"time":"2026-07-22 11:36:15,982","level":"INFO","node":1,"msg":"Forwarded to http://127.0.0.1:8002"}
{"time":"2026-07-22 11:36:25,881","level":"INFO","node":1,"msg":"Consensus vote recorded: node 2 decision=True reason=zkp_ok round=9 new=True satisfied=False"}
{"time":"2026-07-22 11:36:41,705","level":"INFO","node":1,"msg":"Consensus vote recorded: node 3 decision=True reason=zkp_ok round=9 new=True satisfied=True"}
{"time":"2026-07-22 11:36:57,382","level":"INFO","node":1,"msg":"Consensus vote recorded: node 0 decision=True reason=zkp_ok round=9 new=True satisfied=True"}
{"time":"2026-07-22 11:37:03,551","level":"INFO","node":1,"msg":"Received update from node 0, round 9"}
{"time":"2026-07-22 11:37:03,551","level":"INFO","node":1,"msg":"Round 10 complete — aggregating"}
{"time":"2026-07-22 11:37:03,580","level":"INFO","node":1,"msg":"[BACKDOOR PROBE] Round 10 clean — worst case flip_rate=1.000 jump=0.082 (feature=0, value=-4.0)"}
{"time":"2026-07-22 11:37:03,606","level":"INFO","node":1,"msg":"Commit vote recorded: node 0 decision=True round=9 satisfied=False"}
{"time":"2026-07-22 11:37:03,609","level":"INFO","node":1,"msg":"Broadcast weights to node 0"}
{"time":"2026-07-22 11:37:03,624","level":"INFO","node":1,"msg":"Commit vote recorded: node 2 decision=True round=9 satisfied=True"}
{"time":"2026-07-22 11:37:03,625","level":"INFO","node":1,"msg":"Round 10 COMMITTED — model hash agreed by [1, 0, 2]"}
{"time":"2026-07-22 11:37:03,627","level":"INFO","node":1,"msg":"Commit certificate saved to C:\Users\mousu\OneDrive\Desktop\Set A\securefedhe\dashboard\certificates\round_9.json"}
{"time":"2026-07-22 11:37:03,631","level":"INFO","node":1,"msg":"Broadcast weights to node 2"}
{"time":"2026-07-22 11:37:03,661","level":"INFO","node":1,"msg":"Commit vote recorded: node 3 decision=True round=9 satisfied=True"}
{"time":"2026-07-22 11:37:03,663","level":"INFO","node":1,"msg":"Broadcast weights to node 3"}
{"time":"2026-07-22 11:37:03,665","level":"INFO","node":1,"msg":"Checkpoint saved to C:\Users\mousu\OneDrive\Desktop\Set A\securefedhe\dashboard\model_latest.pt"}
{"time":"2026-07-22 11:37:03,665","level":"INFO","node":1,"msg":"Round 10 complete | accuracy=0.7273 | duration=54.19s"}
{"time":"2026-07-22 11:37:03,665","level":"INFO","node":1,"msg":"Round 11 belongs to node 2 — waiting for their proposal."}
{"time":"2026-07-22 11:37:03,665","level":"INFO","node":1,"msg":"Notified next proposer to node 2"}
{"time":"2026-07-22 11:37:03,665","level":"INFO","node":1,"msg":"[WATCHDOG SPAWNED] round=10 expected_proposer=2 timeout_s=600 spawned_at=11:37:03"}
{"time":"2026-07-22 11:37:09,853","level":"INFO","node":1,"msg":"Proposal received: round=10 origin=2 hash=c551274afe08..."}
{"time":"2026-07-22 11:37:09,889","level":"INFO","node":1,"msg":"Consensus vote recorded: node 2 decision=True reason=zkp_ok round=10 new=True satisfied=False"}
{"time":"2026-07-22 11:37:19,801","level":"INFO","node":1,"msg":"Consensus vote recorded: node 3 decision=True reason=zkp_ok round=10 new=True satisfied=False"}
{"time":"2026-07-22 11:37:35,660","level":"INFO","node":1,"msg":"Consensus vote recorded: node 0 decision=True reason=zkp_ok round=10 new=True satisfied=True"}
{"time":"2026-07-22 11:37:41,704","level":"INFO","node":1,"msg":"Received update from node 0, round 10"}
{"time":"2026-07-22 11:37:51,288","level":"INFO","node":1,"msg":"ZKP ACCEPTED from node 0"}
{"time":"2026-07-22 11:37:51,288","level":"WARNING","node":1,"msg":"[STALE-UPDATE CHECK] node 1 observed node 2 resending identical slack (262119) as last round — REJECTING as replayed/stale update"}
{"time":"2026-07-22 11:37:51,288","level":"INFO","node":1,"msg":"fc_in col7 delta self-cosine for node 2: 0.6215 (delta_norm=0.2256)"}
{"time":"2026-07-22 11:37:51,294","level":"INFO","node":1,"msg":"Per-class agreement with node 2: class0=0.982 class1=0.974 gap=0.008"}
{"time":"2026-07-22 11:37:51,294","level":"INFO","node":1,"msg":"Per-class rolling gap for node 2: mean=0.024 over last 2 round(s)"}
{"time":"2026-07-22 11:37:51,298","level":"INFO","node":1,"msg":"Trust score for node 2: S=0.829 (Z=1.00 A=0.98 P=0.46 R=1.00) advisory only"}
{"time":"2026-07-22 11:37:51,325","level":"INFO","node":1,"msg":"Sent consensus vote to node 0"}
{"time":"2026-07-22 11:37:51,328","level":"INFO","node":1,"msg":"Sent consensus vote to node 2"}
{"time":"2026-07-22 11:37:51,370","level":"INFO","node":1,"msg":"Sent consensus vote to node 3"}
{"time":"2026-07-22 11:37:51,475","level":"WARNING","node":1,"msg":"ZKP norm violation (clipping applied): slack=-315447, retry=0"}
{"time":"2026-07-22 11:37:57,511","level":"INFO","node":1,"msg":"Forwarded to http://127.0.0.1:8002"}
{"time":"2026-07-22 11:37:57,604","level":"INFO","node":1,"msg":"Synced weights from master for round 10"}
{"time":"2026-07-22 11:37:57,611","level":"INFO","node":1,"msg":"Sent commit vote to node 2"}
{"time":"2026-07-22 11:38:03,904","level":"INFO","node":1,"msg":"Proposal received: round=11 origin=3 hash=6a6d8bee6095..."}
{"time":"2026-07-22 11:38:03,924","level":"INFO","node":1,"msg":"Consensus vote recorded: node 3 decision=True reason=zkp_ok round=11 new=True satisfied=False"}
{"time":"2026-07-22 11:38:13,654","level":"INFO","node":1,"msg":"Consensus vote recorded: node 0 decision=True reason=zkp_ok round=11 new=True satisfied=False"}
{"time":"2026-07-22 11:38:19,788","level":"INFO","node":1,"msg":"Received update from node 0, round 11"}
{"time":"2026-07-22 11:38:29,502","level":"INFO","node":1,"msg":"ZKP ACCEPTED from node 0"}
{"time":"2026-07-22 11:38:29,502","level":"INFO","node":1,"msg":"fc_in col7 delta self-cosine for node 3: 0.6782 (delta_norm=0.3150)"}
{"time":"2026-07-22 11:38:29,507","level":"INFO","node":1,"msg":"Per-class agreement with node 3: class0=0.971 class1=0.981 gap=0.010"}
{"time":"2026-07-22 11:38:29,507","level":"INFO","node":1,"msg":"Per-class rolling gap for node 3: mean=0.010 over last 2 round(s)"}
{"time":"2026-07-22 11:38:29,507","level":"INFO","node":1,"msg":"Trust score for node 3: S=0.861 (Z=1.00 A=0.97 P=0.59 R=1.00) advisory only"}
{"time":"2026-07-22 11:38:29,540","level":"INFO","node":1,"msg":"Sent consensus vote to node 0"}
{"time":"2026-07-22 11:38:29,550","level":"INFO","node":1,"msg":"Sent consensus vote to node 2"}
{"time":"2026-07-22 11:38:29,565","level":"INFO","node":1,"msg":"Sent consensus vote to node 3"}
{"time":"2026-07-22 11:38:35,765","level":"INFO","node":1,"msg":"Forwarded to http://127.0.0.1:8002"}
{"time":"2026-07-22 11:38:45,555","level":"INFO","node":1,"msg":"Prediction agreement with node 2 round=11: A=0.967"}
{"time":"2026-07-22 11:38:45,555","level":"INFO","node":1,"msg":"Consensus vote recorded: node 2 decision=True reason=zkp_ok round=11 new=True satisfied=True"}
{"time":"2026-07-22 11:38:51,749","level":"INFO","node":1,"msg":"Synced weights from master for round 11"}
{"time":"2026-07-22 11:38:51,770","level":"INFO","node":1,"msg":"Sent commit vote to node 3"}
{"time":"2026-07-22 11:38:58,026","level":"INFO","node":1,"msg":"Proposal received: round=12 origin=0 hash=6bb51cd3ea48..."}
{"time":"2026-07-22 11:38:58,081","level":"INFO","node":1,"msg":"Consensus vote recorded: node 0 decision=True reason=zkp_ok round=12 new=True satisfied=False"}
{"time":"2026-07-22 11:38:58,104","level":"INFO","node":1,"msg":"Received update from node 0, round 12"}
{"time":"2026-07-22 11:39:07,920","level":"INFO","node":1,"msg":"ZKP ACCEPTED from node 0"}
{"time":"2026-07-22 11:39:07,920","level":"INFO","node":1,"msg":"fc_in col7 delta self-cosine for node 0: 0.4116 (delta_norm=0.2815)"}
{"time":"2026-07-22 11:39:07,924","level":"INFO","node":1,"msg":"Per-class agreement with node 0: class0=0.965 class1=0.975 gap=0.010"}
{"time":"2026-07-22 11:39:07,924","level":"INFO","node":1,"msg":"Per-class rolling gap for node 0: mean=0.020 over last 3 round(s)"}
{"time":"2026-07-22 11:39:07,926","level":"INFO","node":1,"msg":"Trust score for node 0: S=0.845 (Z=1.00 A=0.97 P=0.55 R=1.00) advisory only"}
{"time":"2026-07-22 11:39:07,947","level":"INFO","node":1,"msg":"Sent consensus vote to node 0"}
{"time":"2026-07-22 11:39:07,986","level":"INFO","node":1,"msg":"Sent consensus vote to node 2"}
{"time":"2026-07-22 11:39:08,028","level":"INFO","node":1,"msg":"Sent consensus vote to node 3"}
{"time":"2026-07-22 11:39:08,144","level":"WARNING","node":1,"msg":"ZKP norm violation (clipping applied): slack=-144779, retry=0"}
{"time":"2026-07-22 11:39:14,557","level":"INFO","node":1,"msg":"Forwarded to http://127.0.0.1:8002"}
{"time":"2026-07-22 11:39:24,418","level":"INFO","node":1,"msg":"Prediction agreement with node 2 round=12: A=0.938"}
{"time":"2026-07-22 11:39:24,418","level":"INFO","node":1,"msg":"Consensus vote recorded: node 2 decision=True reason=zkp_ok round=12 new=True satisfied=True"}
{"time":"2026-07-22 11:39:40,235","level":"INFO","node":1,"msg":"Prediction agreement with node 3 round=12: A=0.963"}
{"time":"2026-07-22 11:39:40,235","level":"INFO","node":1,"msg":"Consensus vote recorded: node 3 decision=True reason=zkp_ok round=12 new=True satisfied=True"}
{"time":"2026-07-22 11:39:46,546","level":"INFO","node":1,"msg":"Synced weights from master for round 12"}
{"time":"2026-07-22 11:39:46,572","level":"INFO","node":1,"msg":"Sent commit vote to node 0"}
{"time":"2026-07-22 11:39:46,637","level":"INFO","node":1,"msg":"My turn — starting round 14 as proposer."}
{"time":"2026-07-22 11:39:46,637","level":"INFO","node":1,"msg":"Starting round 14"}
{"time":"2026-07-22 11:39:53,015","level":"INFO","node":1,"msg":"Sent proposal to node 0"}
{"time":"2026-07-22 11:39:53,034","level":"INFO","node":1,"msg":"Sent proposal to node 2"}
{"time":"2026-07-22 11:39:53,045","level":"INFO","node":1,"msg":"Sent proposal to node 3"}
{"time":"2026-07-22 11:39:53,055","level":"INFO","node":1,"msg":"Sent consensus vote to node 0"}
{"time":"2026-07-22 11:39:53,059","level":"INFO","node":1,"msg":"Sent consensus vote to node 2"}
{"time":"2026-07-22 11:39:53,062","level":"INFO","node":1,"msg":"Sent consensus vote to node 3"}
{"time":"2026-07-22 11:39:53,065","level":"INFO","node":1,"msg":"Forwarded to http://127.0.0.1:8002"}
{"time":"2026-07-22 11:40:02,846","level":"INFO","node":1,"msg":"Consensus vote recorded: node 2 decision=True reason=zkp_ok round=13 new=True satisfied=False"}
{"time":"2026-07-22 11:40:18,858","level":"INFO","node":1,"msg":"Consensus vote recorded: node 3 decision=True reason=zkp_ok round=13 new=True satisfied=True"}
{"time":"2026-07-22 11:40:34,675","level":"INFO","node":1,"msg":"Consensus vote recorded: node 0 decision=True reason=zkp_ok round=13 new=True satisfied=True"}
{"time":"2026-07-22 11:40:40,843","level":"INFO","node":1,"msg":"Received update from node 0, round 13"}
{"time":"2026-07-22 11:40:40,843","level":"INFO","node":1,"msg":"Round 14 complete — aggregating"}
{"time":"2026-07-22 11:40:40,876","level":"INFO","node":1,"msg":"[BACKDOOR PROBE] Round 14 clean — worst case flip_rate=1.000 jump=0.109 (feature=0, value=-4.0)"}
{"time":"2026-07-22 11:40:40,888","level":"INFO","node":1,"msg":"Commit vote recorded: node 0 decision=True round=13 satisfied=False"}
{"time":"2026-07-22 11:40:40,890","level":"INFO","node":1,"msg":"Broadcast weights to node 0"}
{"time":"2026-07-22 11:40:40,939","level":"INFO","node":1,"msg":"Commit vote recorded: node 2 decision=True round=13 satisfied=True"}
{"time":"2026-07-22 11:40:40,940","level":"INFO","node":1,"msg":"Round 14 COMMITTED — model hash agreed by [1, 0, 2]"}
{"time":"2026-07-22 11:40:40,941","level":"INFO","node":1,"msg":"Commit certificate saved to C:\Users\mousu\OneDrive\Desktop\Set A\securefedhe\dashboard\certificates\round_13.json"}
{"time":"2026-07-22 11:40:40,943","level":"INFO","node":1,"msg":"Broadcast weights to node 2"}
{"time":"2026-07-22 11:40:40,967","level":"INFO","node":1,"msg":"Commit vote recorded: node 3 decision=True round=13 satisfied=True"}
{"time":"2026-07-22 11:40:40,969","level":"INFO","node":1,"msg":"Broadcast weights to node 3"}
{"time":"2026-07-22 11:40:40,971","level":"INFO","node":1,"msg":"Checkpoint saved to C:\Users\mousu\OneDrive\Desktop\Set A\securefedhe\dashboard\model_latest.pt"}
{"time":"2026-07-22 11:40:40,971","level":"INFO","node":1,"msg":"Round 14 complete | accuracy=0.7545 | duration=54.33s"}
{"time":"2026-07-22 11:40:40,972","level":"INFO","node":1,"msg":"Round 15 belongs to node 2 — waiting for their proposal."}
{"time":"2026-07-22 11:40:40,976","level":"INFO","node":1,"msg":"Notified next proposer to node 2"}
{"time":"2026-07-22 11:40:40,977","level":"INFO","node":1,"msg":"[WATCHDOG SPAWNED] round=14 expected_proposer=2 timeout_s=600 spawned_at=11:40:40"}
{"time":"2026-07-22 11:40:47,156","level":"INFO","node":1,"msg":"Proposal received: round=14 origin=2 hash=4ee3c13400c0..."}
{"time":"2026-07-22 11:40:47,187","level":"INFO","node":1,"msg":"Consensus vote recorded: node 2 decision=True reason=zkp_ok round=14 new=True satisfied=False"}
{"time":"2026-07-22 11:40:57,005","level":"INFO","node":1,"msg":"Consensus vote recorded: node 3 decision=True reason=zkp_ok round=14 new=True satisfied=False"}
{"time":"2026-07-22 11:41:12,959","level":"INFO","node":1,"msg":"Consensus vote recorded: node 0 decision=True reason=zkp_ok round=14 new=True satisfied=True"}
{"time":"2026-07-22 11:41:19,122","level":"INFO","node":1,"msg":"Received update from node 0, round 14"}
{"time":"2026-07-22 11:41:28,961","level":"INFO","node":1,"msg":"ZKP ACCEPTED from node 0"}
{"time":"2026-07-22 11:41:28,961","level":"WARNING","node":1,"msg":"[STALE-UPDATE CHECK] node 1 observed node 2 resending identical slack (262119) as last round — REJECTING as replayed/stale update"}
{"time":"2026-07-22 11:41:28,961","level":"INFO","node":1,"msg":"fc_in col7 delta self-cosine for node 2: 0.1630 (delta_norm=0.1613)"}
{"time":"2026-07-22 11:41:28,968","level":"INFO","node":1,"msg":"Per-class agreement with node 2: class0=0.983 class1=0.980 gap=0.003"}
{"time":"2026-07-22 11:41:28,968","level":"INFO","node":1,"msg":"Per-class rolling gap for node 2: mean=0.017 over last 3 round(s)"}
{"time":"2026-07-22 11:41:28,973","level":"INFO","node":1,"msg":"Trust score for node 2: S=0.837 (Z=1.00 A=0.98 P=0.48 R=1.00) advisory only"}
{"time":"2026-07-22 11:41:28,986","level":"INFO","node":1,"msg":"Sent consensus vote to node 0"}
{"time":"2026-07-22 11:41:29,004","level":"INFO","node":1,"msg":"Sent consensus vote to node 2"}
{"time":"2026-07-22 11:41:29,043","level":"INFO","node":1,"msg":"Sent consensus vote to node 3"}
{"time":"2026-07-22 11:41:35,283","level":"INFO","node":1,"msg":"Forwarded to http://127.0.0.1:8002"}
{"time":"2026-07-22 11:41:35,365","level":"INFO","node":1,"msg":"Synced weights from master for round 14"}
{"time":"2026-07-22 11:41:35,384","level":"INFO","node":1,"msg":"Sent commit vote to node 2"}
{"time":"2026-07-22 11:41:41,739","level":"INFO","node":1,"msg":"Proposal received: round=15 origin=3 hash=31eecfad206e..."}
{"time":"2026-07-22 11:41:41,755","level":"INFO","node":1,"msg":"Consensus vote recorded: node 3 decision=True reason=zkp_ok round=15 new=True satisfied=False"}
{"time":"2026-07-22 11:41:51,471","level":"INFO","node":1,"msg":"Consensus vote recorded: node 0 decision=True reason=zkp_ok round=15 new=True satisfied=False"}
{"time":"2026-07-22 11:41:57,765","level":"INFO","node":1,"msg":"Received update from node 0, round 15"}
{"time":"2026-07-22 11:42:07,496","level":"INFO","node":1,"msg":"ZKP ACCEPTED from node 0"}
{"time":"2026-07-22 11:42:07,496","level":"INFO","node":1,"msg":"fc_in col7 delta self-cosine for node 3: 0.0994 (delta_norm=0.1943)"}
{"time":"2026-07-22 11:42:07,502","level":"INFO","node":1,"msg":"Per-class agreement with node 3: class0=0.984 class1=0.983 gap=0.001"}
{"time":"2026-07-22 11:42:07,502","level":"INFO","node":1,"msg":"Per-class rolling gap for node 3: mean=0.007 over last 3 round(s)"}
{"time":"2026-07-22 11:42:07,505","level":"INFO","node":1,"msg":"Trust score for node 3: S=0.859 (Z=1.00 A=0.98 P=0.55 R=1.00) advisory only"}
{"time":"2026-07-22 11:42:07,533","level":"INFO","node":1,"msg":"Sent consensus vote to node 0"}
{"time":"2026-07-22 11:42:07,561","level":"INFO","node":1,"msg":"Sent consensus vote to node 2"}
{"time":"2026-07-22 11:42:07,597","level":"INFO","node":1,"msg":"Sent consensus vote to node 3"}
{"time":"2026-07-22 11:42:13,862","level":"INFO","node":1,"msg":"Forwarded to http://127.0.0.1:8002"}
{"time":"2026-07-22 11:42:23,545","level":"INFO","node":1,"msg":"Prediction agreement with node 2 round=15: A=0.958"}
{"time":"2026-07-22 11:42:23,546","level":"INFO","node":1,"msg":"Consensus vote recorded: node 2 decision=True reason=zkp_ok round=15 new=True satisfied=True"}
{"time":"2026-07-22 11:42:29,757","level":"INFO","node":1,"msg":"Synced weights from master for round 15"}
{"time":"2026-07-22 11:42:29,767","level":"INFO","node":1,"msg":"Sent commit vote to node 3"}
{"time":"2026-07-22 11:42:36,045","level":"INFO","node":1,"msg":"Proposal received: round=16 origin=0 hash=e7e9a582fc16..."}
{"time":"2026-07-22 11:42:36,068","level":"INFO","node":1,"msg":"Consensus vote recorded: node 0 decision=True reason=zkp_ok round=16 new=True satisfied=False"}
{"time":"2026-07-22 11:42:36,088","level":"INFO","node":1,"msg":"Received update from node 0, round 16"}
{"time":"2026-07-22 11:42:45,830","level":"INFO","node":1,"msg":"ZKP ACCEPTED from node 0"}
{"time":"2026-07-22 11:42:45,830","level":"INFO","node":1,"msg":"fc_in col7 delta self-cosine for node 0: -0.1053 (delta_norm=0.2369)"}
{"time":"2026-07-22 11:42:45,830","level":"INFO","node":1,"msg":"Per-class agreement with node 0: class0=0.984 class1=0.982 gap=0.002"}
{"time":"2026-07-22 11:42:45,830","level":"INFO","node":1,"msg":"Per-class rolling gap for node 0: mean=0.016 over last 4 round(s)"}
{"time":"2026-07-22 11:42:45,830","level":"INFO","node":1,"msg":"Trust score for node 0: S=0.843 (Z=1.00 A=0.98 P=0.50 R=1.00) advisory only"}
{"time":"2026-07-22 11:42:45,865","level":"INFO","node":1,"msg":"Sent consensus vote to node 0"}
{"time":"2026-07-22 11:42:45,885","level":"INFO","node":1,"msg":"Sent consensus vote to node 2"}
{"time":"2026-07-22 11:42:45,897","level":"INFO","node":1,"msg":"Sent consensus vote to node 3"}
{"time":"2026-07-22 11:42:52,192","level":"INFO","node":1,"msg":"Forwarded to http://127.0.0.1:8002"}
{"time":"2026-07-22 11:43:02,013","level":"INFO","node":1,"msg":"Prediction agreement with node 2 round=16: A=0.937"}
{"time":"2026-07-22 11:43:02,013","level":"INFO","node":1,"msg":"Consensus vote recorded: node 2 decision=True reason=zkp_ok round=16 new=True satisfied=True"}
{"time":"2026-07-22 11:43:17,896","level":"INFO","node":1,"msg":"Prediction agreement with node 3 round=16: A=0.964"}
{"time":"2026-07-22 11:43:17,897","level":"INFO","node":1,"msg":"Consensus vote recorded: node 3 decision=True reason=zkp_ok round=16 new=True satisfied=True"}
{"time":"2026-07-22 11:43:24,217","level":"INFO","node":1,"msg":"Synced weights from master for round 16"}
{"time":"2026-07-22 11:43:24,230","level":"INFO","node":1,"msg":"Sent commit vote to node 0"}
{"time":"2026-07-22 11:43:24,298","level":"INFO","node":1,"msg":"My turn — starting round 18 as proposer."}
{"time":"2026-07-22 11:43:24,299","level":"INFO","node":1,"msg":"Starting round 18"}
{"time":"2026-07-22 11:43:30,725","level":"INFO","node":1,"msg":"Sent proposal to node 0"}
{"time":"2026-07-22 11:43:30,725","level":"INFO","node":1,"msg":"Sent proposal to node 2"}
{"time":"2026-07-22 11:43:30,732","level":"INFO","node":1,"msg":"Sent proposal to node 3"}
{"time":"2026-07-22 11:43:30,741","level":"INFO","node":1,"msg":"Sent consensus vote to node 0"}
{"time":"2026-07-22 11:43:30,748","level":"INFO","node":1,"msg":"Sent consensus vote to node 2"}
{"time":"2026-07-22 11:43:30,751","level":"INFO","node":1,"msg":"Sent consensus vote to node 3"}
{"time":"2026-07-22 11:43:30,756","level":"INFO","node":1,"msg":"Forwarded to http://127.0.0.1:8002"}
{"time":"2026-07-22 11:43:40,601","level":"INFO","node":1,"msg":"Consensus vote recorded: node 2 decision=True reason=zkp_ok round=17 new=True satisfied=False"}
{"time":"2026-07-22 11:43:56,571","level":"INFO","node":1,"msg":"Consensus vote recorded: node 3 decision=True reason=zkp_ok round=17 new=True satisfied=True"}
{"time":"2026-07-22 11:44:12,589","level":"INFO","node":1,"msg":"Consensus vote recorded: node 0 decision=True reason=zkp_ok round=17 new=True satisfied=True"}
{"time":"2026-07-22 11:44:18,766","level":"INFO","node":1,"msg":"Received update from node 0, round 17"}
{"time":"2026-07-22 11:44:18,766","level":"INFO","node":1,"msg":"Round 18 complete — aggregating"}
{"time":"2026-07-22 11:44:18,798","level":"INFO","node":1,"msg":"[BACKDOOR PROBE] Round 18 clean — worst case flip_rate=1.000 jump=0.127 (feature=0, value=-4.0)"}
{"time":"2026-07-22 11:44:18,813","level":"INFO","node":1,"msg":"Commit vote recorded: node 0 decision=True round=17 satisfied=False"}
{"time":"2026-07-22 11:44:18,815","level":"INFO","node":1,"msg":"Broadcast weights to node 0"}
{"time":"2026-07-22 11:44:18,853","level":"INFO","node":1,"msg":"Commit vote recorded: node 2 decision=True round=17 satisfied=True"}
{"time":"2026-07-22 11:44:18,853","level":"INFO","node":1,"msg":"Round 18 COMMITTED — model hash agreed by [1, 0, 2]"}
{"time":"2026-07-22 11:44:18,854","level":"INFO","node":1,"msg":"Commit certificate saved to C:\Users\mousu\OneDrive\Desktop\Set A\securefedhe\dashboard\certificates\round_17.json"}
{"time":"2026-07-22 11:44:18,856","level":"INFO","node":1,"msg":"Broadcast weights to node 2"}
{"time":"2026-07-22 11:44:18,882","level":"INFO","node":1,"msg":"Commit vote recorded: node 3 decision=True round=17 satisfied=True"}
{"time":"2026-07-22 11:44:18,883","level":"INFO","node":1,"msg":"Broadcast weights to node 3"}
{"time":"2026-07-22 11:44:18,885","level":"INFO","node":1,"msg":"Checkpoint saved to C:\Users\mousu\OneDrive\Desktop\Set A\securefedhe\dashboard\model_latest.pt"}
{"time":"2026-07-22 11:44:18,885","level":"INFO","node":1,"msg":"Round 18 complete | accuracy=0.7545 | duration=54.59s"}
{"time":"2026-07-22 11:44:18,886","level":"INFO","node":1,"msg":"Round 19 belongs to node 2 — waiting for their proposal."}
{"time":"2026-07-22 11:44:18,889","level":"INFO","node":1,"msg":"Notified next proposer to node 2"}
{"time":"2026-07-22 11:44:18,889","level":"INFO","node":1,"msg":"[WATCHDOG SPAWNED] round=18 expected_proposer=2 timeout_s=600 spawned_at=11:44:18"}
{"time":"2026-07-22 11:44:25,237","level":"INFO","node":1,"msg":"Proposal received: round=18 origin=2 hash=07fea38289be..."}
{"time":"2026-07-22 11:44:25,263","level":"INFO","node":1,"msg":"Consensus vote recorded: node 2 decision=True reason=zkp_ok round=18 new=True satisfied=False"}
{"time":"2026-07-22 11:44:34,972","level":"INFO","node":1,"msg":"Consensus vote recorded: node 3 decision=True reason=zkp_ok round=18 new=True satisfied=False"}
{"time":"2026-07-22 11:44:50,895","level":"INFO","node":1,"msg":"Consensus vote recorded: node 0 decision=True reason=zkp_ok round=18 new=True satisfied=True"}
{"time":"2026-07-22 11:44:57,083","level":"INFO","node":1,"msg":"Received update from node 0, round 18"}
{"time":"2026-07-22 11:45:06,787","level":"INFO","node":1,"msg":"ZKP ACCEPTED from node 0"}
{"time":"2026-07-22 11:45:06,787","level":"WARNING","node":1,"msg":"[STALE-UPDATE CHECK] node 1 observed node 2 resending identical slack (262119) as last round — REJECTING as replayed/stale update"}
{"time":"2026-07-22 11:45:06,787","level":"INFO","node":1,"msg":"fc_in col7 delta self-cosine for node 2: -0.1666 (delta_norm=0.1308)"}
{"time":"2026-07-22 11:45:06,787","level":"INFO","node":1,"msg":"Per-class agreement with node 2: class0=0.986 class1=0.981 gap=0.004"}
{"time":"2026-07-22 11:45:06,787","level":"INFO","node":1,"msg":"Per-class rolling gap for node 2: mean=0.014 over last 4 round(s)"}
{"time":"2026-07-22 11:45:06,799","level":"INFO","node":1,"msg":"Trust score for node 2: S=0.849 (Z=1.00 A=0.98 P=0.52 R=1.00) advisory only"}
{"time":"2026-07-22 11:45:06,827","level":"INFO","node":1,"msg":"Sent consensus vote to node 0"}
{"time":"2026-07-22 11:45:06,848","level":"INFO","node":1,"msg":"Sent consensus vote to node 2"}
{"time":"2026-07-22 11:45:06,874","level":"INFO","node":1,"msg":"Sent consensus vote to node 3"}
{"time":"2026-07-22 11:45:13,219","level":"INFO","node":1,"msg":"Forwarded to http://127.0.0.1:8002"}
{"time":"2026-07-22 11:45:13,296","level":"INFO","node":1,"msg":"Synced weights from master for round 18"}
{"time":"2026-07-22 11:45:13,305","level":"INFO","node":1,"msg":"Sent commit vote to node 2"}
{"time":"2026-07-22 11:45:19,607","level":"INFO","node":1,"msg":"Proposal received: round=19 origin=3 hash=5d63ba25d1e7..."}
{"time":"2026-07-22 11:45:19,623","level":"INFO","node":1,"msg":"Consensus vote recorded: node 3 decision=True reason=zkp_ok round=19 new=True satisfied=False"}
{"time":"2026-07-22 11:45:29,435","level":"INFO","node":1,"msg":"Consensus vote recorded: node 0 decision=True reason=zkp_ok round=19 new=True satisfied=False"}
{"time":"2026-07-22 11:45:35,437","level":"INFO","node":1,"msg":"Received update from node 0, round 19"}
{"time":"2026-07-22 11:45:45,177","level":"INFO","node":1,"msg":"ZKP ACCEPTED from node 0"}
{"time":"2026-07-22 11:45:45,177","level":"INFO","node":1,"msg":"fc_in col7 delta self-cosine for node 3: -0.1849 (delta_norm=0.1999)"}
{"time":"2026-07-22 11:45:45,188","level":"INFO","node":1,"msg":"Per-class agreement with node 3: class0=0.984 class1=0.982 gap=0.002"}
{"time":"2026-07-22 11:45:45,188","level":"INFO","node":1,"msg":"Per-class rolling gap for node 3: mean=0.006 over last 4 round(s)"}
{"time":"2026-07-22 11:45:45,191","level":"INFO","node":1,"msg":"Trust score for node 3: S=0.863 (Z=1.00 A=0.98 P=0.57 R=1.00) advisory only"}
{"time":"2026-07-22 11:45:45,216","level":"INFO","node":1,"msg":"Sent consensus vote to node 0"}
{"time":"2026-07-22 11:45:45,241","level":"INFO","node":1,"msg":"Sent consensus vote to node 2"}
{"time":"2026-07-22 11:45:45,279","level":"INFO","node":1,"msg":"Sent consensus vote to node 3"}
{"time":"2026-07-22 11:45:45,388","level":"WARNING","node":1,"msg":"ZKP norm violation (clipping applied): slack=-49334, retry=0"}
{"time":"2026-07-22 11:45:51,546","level":"INFO","node":1,"msg":"Forwarded to http://127.0.0.1:8002"}
{"time":"2026-07-22 11:46:01,205","level":"INFO","node":1,"msg":"Prediction agreement with node 2 round=19: A=0.960"}
{"time":"2026-07-22 11:46:01,207","level":"INFO","node":1,"msg":"Consensus vote recorded: node 2 decision=True reason=zkp_ok round=19 new=True satisfied=True"}
{"time":"2026-07-22 11:46:07,446","level":"INFO","node":1,"msg":"Synced weights from master for round 19"}
{"time":"2026-07-22 11:46:07,446","level":"INFO","node":1,"msg":"Training complete after 20 rounds"}
{"time":"2026-07-22 11:46:07,478","level":"INFO","node":1,"msg":"Sent commit vote to node 3"}
{"time":"2026-07-22 11:47:03,687","level":"INFO","node":1,"msg":"Watchdog fired but training already complete — ignoring, not excluding node 2."}
{"time":"2026-07-22 11:50:40,983","level":"INFO","node":1,"msg":"Watchdog fired but training already complete — ignoring, not excluding node 2."}
{"time":"2026-07-22 11:53:16,804","level":"INFO","node":1,"msg":"Starting node 1: Suburban Medical Clinic"}
{"time":"2026-07-22 11:53:16,804","level":"INFO","node":1,"msg":"[CONFIG DEBUG] attack_simulation loaded: enabled=True target_node=2 type=stale_update config_path=config_dev.json"}
{"time":"2026-07-22 11:53:16,839","level":"WARNING","node":1,"msg":"DEV MODE: running without TLS"}
{"time":"2026-07-22 11:53:16,839","level":"INFO","node":1,"msg":"Listening on 127.0.0.1:8001 | TLS=False"}
{"time":"2026-07-22 11:53:21,852","level":"INFO","node":1,"msg":"Sent public key to node 0"}
{"time":"2026-07-22 11:53:21,871","level":"INFO","node":1,"msg":"Sent public key to node 2"}
{"time":"2026-07-22 11:53:21,872","level":"INFO","node":1,"msg":"Sent consensus pubkey to node 0"}
{"time":"2026-07-22 11:53:21,885","level":"INFO","node":1,"msg":"Sent consensus pubkey to node 2"}
{"time":"2026-07-22 11:53:24,708","level":"INFO","node":1,"msg":"Consensus pubkey received from node 2"}
{"time":"2026-07-22 11:53:24,708","level":"INFO","node":1,"msg":"Key exchange complete with node 2"}
{"time":"2026-07-22 11:53:25,936","level":"INFO","node":1,"msg":"Sent public key to node 3"}
{"time":"2026-07-22 11:53:25,951","level":"INFO","node":1,"msg":"Sent consensus pubkey to node 3"}
{"time":"2026-07-22 11:53:28,978","level":"INFO","node":1,"msg":"Key exchange complete with node 3"}
{"time":"2026-07-22 11:53:28,979","level":"INFO","node":1,"msg":"Consensus pubkey received from node 3"}
{"time":"2026-07-22 11:53:32,046","level":"INFO","node":1,"msg":"Key exchange complete with node 0"}
{"time":"2026-07-22 11:53:32,082","level":"INFO","node":1,"msg":"Consensus pubkey received from node 0"}
{"time":"2026-07-22 11:53:39,638","level":"INFO","node":1,"msg":"Proposal received: round=0 origin=0 hash=f5ab9095955b..."}
{"time":"2026-07-22 11:53:39,671","level":"INFO","node":1,"msg":"Consensus vote recorded: node 0 decision=True reason=zkp_ok round=0 new=True satisfied=False"}
{"time":"2026-07-22 11:53:39,700","level":"INFO","node":1,"msg":"Received update from node 0, round 0"}
{"time":"2026-07-22 11:53:49,356","level":"INFO","node":1,"msg":"ZKP ACCEPTED from node 0"}
{"time":"2026-07-22 11:53:49,356","level":"INFO","node":1,"msg":"Trust score for node 0: S=0.429 (Z=1.00 A=0.50 P=0.50 R=1.00) advisory only"}
{"time":"2026-07-22 11:53:49,385","level":"INFO","node":1,"msg":"Sent consensus vote to node 0"}
{"time":"2026-07-22 11:53:49,404","level":"INFO","node":1,"msg":"Sent consensus vote to node 2"}
{"time":"2026-07-22 11:53:49,408","level":"INFO","node":1,"msg":"Sent consensus vote to node 3"}
{"time":"2026-07-22 11:53:56,634","level":"INFO","node":1,"msg":"Forwarded to http://127.0.0.1:8002"}
{"time":"2026-07-22 11:54:06,310","level":"INFO","node":1,"msg":"Prediction agreement with node 2 round=0: A=0.566"}
{"time":"2026-07-22 11:54:06,310","level":"INFO","node":1,"msg":"Consensus vote recorded: node 2 decision=True reason=zkp_ok round=0 new=True satisfied=True"}
{"time":"2026-07-22 11:54:23,075","level":"INFO","node":1,"msg":"Prediction agreement with node 3 round=0: A=0.709"}
{"time":"2026-07-22 11:54:23,075","level":"INFO","node":1,"msg":"Consensus vote recorded: node 3 decision=True reason=zkp_ok round=0 new=True satisfied=True"}
{"time":"2026-07-22 11:54:30,197","level":"INFO","node":1,"msg":"Synced weights from master for round 0"}
{"time":"2026-07-22 11:54:30,220","level":"INFO","node":1,"msg":"Sent commit vote to node 0"}
{"time":"2026-07-22 11:54:30,304","level":"INFO","node":1,"msg":"My turn — starting round 2 as proposer."}
{"time":"2026-07-22 11:54:30,305","level":"INFO","node":1,"msg":"Starting round 2"}
{"time":"2026-07-22 11:54:36,631","level":"INFO","node":1,"msg":"Sent proposal to node 0"}
{"time":"2026-07-22 11:54:36,631","level":"INFO","node":1,"msg":"Sent proposal to node 2"}
{"time":"2026-07-22 11:54:36,641","level":"INFO","node":1,"msg":"Sent proposal to node 3"}
{"time":"2026-07-22 11:54:36,647","level":"INFO","node":1,"msg":"Sent consensus vote to node 0"}
{"time":"2026-07-22 11:54:36,651","level":"INFO","node":1,"msg":"Sent consensus vote to node 2"}
{"time":"2026-07-22 11:54:36,659","level":"INFO","node":1,"msg":"Sent consensus vote to node 3"}
{"time":"2026-07-22 11:54:36,665","level":"INFO","node":1,"msg":"Forwarded to http://127.0.0.1:8002"}
{"time":"2026-07-22 11:54:46,418","level":"INFO","node":1,"msg":"Consensus vote recorded: node 2 decision=True reason=zkp_ok round=1 new=True satisfied=False"}
{"time":"2026-07-22 11:55:02,197","level":"INFO","node":1,"msg":"Consensus vote recorded: node 3 decision=True reason=zkp_ok round=1 new=True satisfied=True"}
{"time":"2026-07-22 11:55:18,128","level":"INFO","node":1,"msg":"Consensus vote recorded: node 0 decision=True reason=zkp_ok round=1 new=True satisfied=True"}
{"time":"2026-07-22 11:55:24,431","level":"INFO","node":1,"msg":"Received update from node 0, round 1"}
{"time":"2026-07-22 11:55:24,431","level":"INFO","node":1,"msg":"Round 2 complete — aggregating"}
{"time":"2026-07-22 11:55:24,437","level":"INFO","node":1,"msg":"Round 2 accuracy gate skipped (warm-up period, candidate_acc=0.6818)"}
{"time":"2026-07-22 11:55:24,475","level":"INFO","node":1,"msg":"Commit vote recorded: node 0 decision=True round=1 satisfied=False"}
{"time":"2026-07-22 11:55:24,483","level":"INFO","node":1,"msg":"Broadcast weights to node 0"}
{"time":"2026-07-22 11:55:24,538","level":"INFO","node":1,"msg":"Commit vote recorded: node 2 decision=True round=1 satisfied=True"}
{"time":"2026-07-22 11:55:24,538","level":"INFO","node":1,"msg":"Round 2 COMMITTED — model hash agreed by [1, 0, 2]"}
{"time":"2026-07-22 11:55:24,540","level":"INFO","node":1,"msg":"Commit certificate saved to C:\Users\mousu\OneDrive\Desktop\Set A\securefedhe\dashboard\certificates\round_1.json"}
{"time":"2026-07-22 11:55:24,543","level":"INFO","node":1,"msg":"Broadcast weights to node 2"}
{"time":"2026-07-22 11:55:24,559","level":"INFO","node":1,"msg":"Commit vote recorded: node 3 decision=True round=1 satisfied=True"}
{"time":"2026-07-22 11:55:24,561","level":"INFO","node":1,"msg":"Broadcast weights to node 3"}
{"time":"2026-07-22 11:55:24,571","level":"INFO","node":1,"msg":"Checkpoint saved to C:\Users\mousu\OneDrive\Desktop\Set A\securefedhe\dashboard\model_latest.pt"}
{"time":"2026-07-22 11:55:24,571","level":"INFO","node":1,"msg":"Round 2 complete | accuracy=0.6818 | duration=54.27s"}
{"time":"2026-07-22 11:55:24,572","level":"INFO","node":1,"msg":"Round 3 belongs to node 2 — waiting for their proposal."}
{"time":"2026-07-22 11:55:24,576","level":"INFO","node":1,"msg":"Notified next proposer to node 2"}
{"time":"2026-07-22 11:55:24,577","level":"INFO","node":1,"msg":"[WATCHDOG SPAWNED] round=2 expected_proposer=2 timeout_s=600 spawned_at=11:55:24"}
{"time":"2026-07-22 11:55:30,521","level":"INFO","node":1,"msg":"Proposal received: round=2 origin=2 hash=abca68bcc552..."}
{"time":"2026-07-22 11:55:30,545","level":"INFO","node":1,"msg":"Consensus vote recorded: node 2 decision=True reason=zkp_ok round=2 new=True satisfied=False"}
{"time":"2026-07-22 11:55:40,392","level":"INFO","node":1,"msg":"Consensus vote recorded: node 3 decision=True reason=zkp_ok round=2 new=True satisfied=False"}
{"time":"2026-07-22 11:55:56,428","level":"INFO","node":1,"msg":"Consensus vote recorded: node 0 decision=True reason=zkp_ok round=2 new=True satisfied=True"}
{"time":"2026-07-22 11:56:02,620","level":"INFO","node":1,"msg":"Received update from node 0, round 2"}
{"time":"2026-07-22 11:56:12,323","level":"INFO","node":1,"msg":"ZKP ACCEPTED from node 0"}
{"time":"2026-07-22 11:56:12,323","level":"INFO","node":1,"msg":"Trust score for node 2: S=0.429 (Z=1.00 A=0.50 P=0.50 R=1.00) advisory only"}
{"time":"2026-07-22 11:56:12,353","level":"INFO","node":1,"msg":"Sent consensus vote to node 0"}
{"time":"2026-07-22 11:56:12,368","level":"INFO","node":1,"msg":"Sent consensus vote to node 2"}
{"time":"2026-07-22 11:56:12,394","level":"INFO","node":1,"msg":"Sent consensus vote to node 3"}
{"time":"2026-07-22 11:56:18,557","level":"INFO","node":1,"msg":"Forwarded to http://127.0.0.1:8002"}
{"time":"2026-07-22 11:56:18,616","level":"INFO","node":1,"msg":"Synced weights from master for round 2"}
{"time":"2026-07-22 11:56:18,631","level":"INFO","node":1,"msg":"Sent commit vote to node 2"}
{"time":"2026-07-22 11:56:25,034","level":"INFO","node":1,"msg":"Proposal received: round=3 origin=3 hash=8bbf54e52d2c..."}
{"time":"2026-07-22 11:56:25,057","level":"INFO","node":1,"msg":"Consensus vote recorded: node 3 decision=True reason=zkp_ok round=3 new=True satisfied=False"}
{"time":"2026-07-22 11:56:34,798","level":"INFO","node":1,"msg":"Consensus vote recorded: node 0 decision=True reason=zkp_ok round=3 new=True satisfied=False"}
{"time":"2026-07-22 11:56:41,047","level":"INFO","node":1,"msg":"Received update from node 0, round 3"}
{"time":"2026-07-22 11:56:50,786","level":"INFO","node":1,"msg":"ZKP ACCEPTED from node 0"}
{"time":"2026-07-22 11:56:50,791","level":"INFO","node":1,"msg":"Trust score for node 3: S=0.431 (Z=1.00 A=0.50 P=0.52 R=1.00) advisory only"}
{"time":"2026-07-22 11:56:50,827","level":"INFO","node":1,"msg":"Sent consensus vote to node 0"}
{"time":"2026-07-22 11:56:50,836","level":"INFO","node":1,"msg":"Sent consensus vote to node 2"}
{"time":"2026-07-22 11:56:50,848","level":"INFO","node":1,"msg":"Sent consensus vote to node 3"}
{"time":"2026-07-22 11:56:57,085","level":"INFO","node":1,"msg":"Forwarded to http://127.0.0.1:8002"}
{"time":"2026-07-22 11:57:06,826","level":"INFO","node":1,"msg":"Prediction agreement with node 2 round=3: A=0.963"}
{"time":"2026-07-22 11:57:06,826","level":"INFO","node":1,"msg":"Consensus vote recorded: node 2 decision=True reason=zkp_ok round=3 new=True satisfied=True"}
{"time":"2026-07-22 11:57:12,949","level":"INFO","node":1,"msg":"Synced weights from master for round 3"}
{"time":"2026-07-22 11:57:12,976","level":"INFO","node":1,"msg":"Sent commit vote to node 3"}
{"time":"2026-07-22 11:57:19,467","level":"INFO","node":1,"msg":"Proposal received: round=4 origin=0 hash=33beab521e04..."}
{"time":"2026-07-22 11:57:19,477","level":"INFO","node":1,"msg":"Consensus vote recorded: node 0 decision=True reason=zkp_ok round=4 new=True satisfied=False"}
{"time":"2026-07-22 11:57:19,495","level":"INFO","node":1,"msg":"Received update from node 0, round 4"}
{"time":"2026-07-22 11:57:29,309","level":"INFO","node":1,"msg":"ZKP ACCEPTED from node 0"}
{"time":"2026-07-22 11:57:29,315","level":"INFO","node":1,"msg":"Per-class agreement with node 0: class0=0.605 class1=0.697 gap=0.092"}
{"time":"2026-07-22 11:57:29,315","level":"INFO","node":1,"msg":"Per-class rolling gap for node 0: mean=0.092 over last 1 round(s)"}
{"time":"2026-07-22 11:57:29,319","level":"INFO","node":1,"msg":"Trust score for node 0: S=0.553 (Z=1.00 A=0.63 P=0.55 R=1.00) advisory only"}
{"time":"2026-07-22 11:57:29,333","level":"INFO","node":1,"msg":"Sent consensus vote to node 0"}
{"time":"2026-07-22 11:57:29,343","level":"INFO","node":1,"msg":"Sent consensus vote to node 2"}
{"time":"2026-07-22 11:57:29,372","level":"INFO","node":1,"msg":"Sent consensus vote to node 3"}
{"time":"2026-07-22 11:57:35,604","level":"INFO","node":1,"msg":"Forwarded to http://127.0.0.1:8002"}
{"time":"2026-07-22 11:57:45,332","level":"INFO","node":1,"msg":"Prediction agreement with node 2 round=4: A=0.944"}
{"time":"2026-07-22 11:57:45,333","level":"INFO","node":1,"msg":"Consensus vote recorded: node 2 decision=True reason=zkp_ok round=4 new=True satisfied=True"}
{"time":"2026-07-22 11:58:01,069","level":"INFO","node":1,"msg":"Prediction agreement with node 3 round=4: A=0.958"}
{"time":"2026-07-22 11:58:01,069","level":"INFO","node":1,"msg":"Consensus vote recorded: node 3 decision=True reason=zkp_ok round=4 new=True satisfied=True"}
{"time":"2026-07-22 11:58:07,441","level":"INFO","node":1,"msg":"Synced weights from master for round 4"}
{"time":"2026-07-22 11:58:07,452","level":"INFO","node":1,"msg":"Sent commit vote to node 0"}
{"time":"2026-07-22 11:58:07,523","level":"INFO","node":1,"msg":"My turn — starting round 6 as proposer."}
{"time":"2026-07-22 11:58:07,524","level":"INFO","node":1,"msg":"Starting round 6"}
{"time":"2026-07-22 11:58:14,419","level":"INFO","node":1,"msg":"Sent proposal to node 0"}
{"time":"2026-07-22 11:58:14,436","level":"INFO","node":1,"msg":"Sent proposal to node 2"}
{"time":"2026-07-22 11:58:14,443","level":"INFO","node":1,"msg":"Sent proposal to node 3"}
{"time":"2026-07-22 11:58:14,451","level":"INFO","node":1,"msg":"Sent consensus vote to node 0"}
{"time":"2026-07-22 11:58:14,454","level":"INFO","node":1,"msg":"Sent consensus vote to node 2"}
{"time":"2026-07-22 11:58:14,457","level":"INFO","node":1,"msg":"Sent consensus vote to node 3"}
{"time":"2026-07-22 11:58:14,460","level":"INFO","node":1,"msg":"Forwarded to http://127.0.0.1:8002"}
{"time":"2026-07-22 11:58:24,210","level":"INFO","node":1,"msg":"Consensus vote recorded: node 2 decision=True reason=zkp_ok round=5 new=True satisfied=False"}
{"time":"2026-07-22 11:58:39,720","level":"INFO","node":1,"msg":"Consensus vote recorded: node 3 decision=True reason=zkp_ok round=5 new=True satisfied=True"}
{"time":"2026-07-22 11:58:55,675","level":"INFO","node":1,"msg":"Consensus vote recorded: node 0 decision=True reason=zkp_ok round=5 new=True satisfied=True"}
{"time":"2026-07-22 11:59:01,978","level":"INFO","node":1,"msg":"Received update from node 0, round 5"}
{"time":"2026-07-22 11:59:01,978","level":"INFO","node":1,"msg":"Round 6 complete — aggregating"}
{"time":"2026-07-22 11:59:02,025","level":"INFO","node":1,"msg":"[BACKDOOR PROBE] Round 6 clean — worst case flip_rate=1.000 jump=0.036 (feature=0, value=-4.0)"}
{"time":"2026-07-22 11:59:02,058","level":"INFO","node":1,"msg":"Commit vote recorded: node 0 decision=True round=5 satisfied=False"}
{"time":"2026-07-22 11:59:02,059","level":"INFO","node":1,"msg":"Broadcast weights to node 0"}
{"time":"2026-07-22 11:59:02,122","level":"INFO","node":1,"msg":"Commit vote recorded: node 2 decision=True round=5 satisfied=True"}
{"time":"2026-07-22 11:59:02,122","level":"INFO","node":1,"msg":"Round 6 COMMITTED — model hash agreed by [1, 0, 2]"}
{"time":"2026-07-22 11:59:02,122","level":"INFO","node":1,"msg":"Commit certificate saved to C:\Users\mousu\OneDrive\Desktop\Set A\securefedhe\dashboard\certificates\round_5.json"}
{"time":"2026-07-22 11:59:02,127","level":"INFO","node":1,"msg":"Broadcast weights to node 2"}
{"time":"2026-07-22 11:59:02,155","level":"INFO","node":1,"msg":"Commit vote recorded: node 3 decision=True round=5 satisfied=True"}
{"time":"2026-07-22 11:59:02,158","level":"INFO","node":1,"msg":"Broadcast weights to node 3"}
{"time":"2026-07-22 11:59:02,160","level":"INFO","node":1,"msg":"Checkpoint saved to C:\Users\mousu\OneDrive\Desktop\Set A\securefedhe\dashboard\model_latest.pt"}
{"time":"2026-07-22 11:59:02,160","level":"INFO","node":1,"msg":"Round 6 complete | accuracy=0.7000 | duration=54.63s"}
{"time":"2026-07-22 11:59:02,160","level":"INFO","node":1,"msg":"Round 7 belongs to node 2 — waiting for their proposal."}
{"time":"2026-07-22 11:59:02,163","level":"INFO","node":1,"msg":"Notified next proposer to node 2"}
{"time":"2026-07-22 11:59:02,163","level":"INFO","node":1,"msg":"[WATCHDOG SPAWNED] round=6 expected_proposer=2 timeout_s=600 spawned_at=11:59:02"}
{"time":"2026-07-22 11:59:08,340","level":"INFO","node":1,"msg":"Proposal received: round=6 origin=2 hash=ce3df5ac5f4f..."}
{"time":"2026-07-22 11:59:08,366","level":"INFO","node":1,"msg":"Consensus vote recorded: node 2 decision=True reason=zkp_ok round=6 new=True satisfied=False"}
{"time":"2026-07-22 11:59:18,172","level":"INFO","node":1,"msg":"Consensus vote recorded: node 3 decision=False reason=stale_update_replay round=6 new=True satisfied=False"}
{"time":"2026-07-22 11:59:33,795","level":"INFO","node":1,"msg":"Consensus vote recorded: node 0 decision=False reason=stale_update_replay round=6 new=True satisfied=False"}
{"time":"2026-07-22 11:59:39,825","level":"INFO","node":1,"msg":"Received update from node 0, round 6"}
{"time":"2026-07-22 11:59:49,694","level":"INFO","node":1,"msg":"ZKP ACCEPTED from node 0"}
{"time":"2026-07-22 11:59:49,696","level":"WARNING","node":1,"msg":"[STALE-UPDATE CHECK] node 1 observed node 2 resending identical slack (90000170533) as last round — REJECTING as replayed/stale update"}
{"time":"2026-07-22 11:59:49,696","level":"INFO","node":1,"msg":"Per-class agreement with node 2: class0=0.892 class1=0.969 gap=0.077"}
{"time":"2026-07-22 11:59:49,696","level":"INFO","node":1,"msg":"Per-class rolling gap for node 2: mean=0.077 over last 1 round(s)"}
{"time":"2026-07-22 11:59:49,700","level":"INFO","node":1,"msg":"Trust score for node 2: S=0.795 (Z=1.00 A=0.92 P=0.54 R=1.00) advisory only"}
{"time":"2026-07-22 11:59:49,700","level":"WARNING","node":1,"msg":"Update round=6 from node 2 REJECTED on stale-update replay: identical slack to previous round"}
{"time":"2026-07-22 11:59:49,712","level":"INFO","node":1,"msg":"Sent consensus vote to node 0"}
{"time":"2026-07-22 11:59:49,734","level":"INFO","node":1,"msg":"Sent consensus vote to node 2"}
{"time":"2026-07-22 11:59:49,747","level":"INFO","node":1,"msg":"Sent consensus vote to node 3"}
{"time":"2026-07-22 11:59:55,989","level":"INFO","node":1,"msg":"Forwarded to http://127.0.0.1:8002"}
{"time":"2026-07-22 12:00:02,697","level":"INFO","node":1,"msg":"Proposal received: round=6 origin=2 hash=ce3df5ac5f4f..."}
{"time":"2026-07-22 12:00:02,717","level":"INFO","node":1,"msg":"Consensus vote recorded: node 2 decision=True reason=zkp_ok round=6 new=False satisfied=False"}
{"time":"2026-07-22 12:00:12,597","level":"INFO","node":1,"msg":"Prediction agreement with node 3 round=6: A=0.933"}
{"time":"2026-07-22 12:00:12,597","level":"INFO","node":1,"msg":"Consensus vote recorded: node 3 decision=False reason=stale_update_replay round=6 new=False satisfied=False"}
{"time":"2026-07-22 12:00:28,282","level":"INFO","node":1,"msg":"Prediction agreement with node 0 round=6: A=0.979"}
{"time":"2026-07-22 12:00:28,283","level":"INFO","node":1,"msg":"Consensus vote recorded: node 0 decision=False reason=stale_update_replay round=6 new=False satisfied=False"}
{"time":"2026-07-22 12:00:34,415","level":"INFO","node":1,"msg":"Received update from node 0, round 6"}
{"time":"2026-07-22 12:00:44,083","level":"INFO","node":1,"msg":"ZKP ACCEPTED from node 0"}
{"time":"2026-07-22 12:00:44,083","level":"WARNING","node":1,"msg":"[STALE-UPDATE CHECK] node 1 observed node 2 resending identical slack (90000170533) as last round — REJECTING as replayed/stale update"}
{"time":"2026-07-22 12:00:44,083","level":"INFO","node":1,"msg":"fc_in col7 delta self-cosine for node 2: -0.0751 (delta_norm=0.1090)"}
{"time":"2026-07-22 12:00:44,092","level":"INFO","node":1,"msg":"Per-class agreement with node 2: class0=0.946 class1=0.961 gap=0.015"}
{"time":"2026-07-22 12:00:44,092","level":"INFO","node":1,"msg":"Per-class rolling gap for node 2: mean=0.046 over last 2 round(s)"}
{"time":"2026-07-22 12:00:44,094","level":"INFO","node":1,"msg":"Trust score for node 2: S=0.799 (Z=1.00 A=0.95 P=0.59 R=0.80) advisory only"}
{"time":"2026-07-22 12:00:44,094","level":"WARNING","node":1,"msg":"Update round=6 from node 2 REJECTED on stale-update replay: identical slack to previous round"}
{"time":"2026-07-22 12:00:44,105","level":"INFO","node":1,"msg":"Sent consensus vote to node 0"}
{"time":"2026-07-22 12:00:44,125","level":"INFO","node":1,"msg":"Sent consensus vote to node 2"}
{"time":"2026-07-22 12:00:44,140","level":"INFO","node":1,"msg":"Sent consensus vote to node 3"}
{"time":"2026-07-22 12:00:44,248","level":"WARNING","node":1,"msg":"ZKP norm violation (clipping applied): slack=-303371, retry=0"}
{"time":"2026-07-22 12:00:50,260","level":"INFO","node":1,"msg":"Forwarded to http://127.0.0.1:8002"}
{"time":"2026-07-22 12:00:56,854","level":"INFO","node":1,"msg":"Proposal received: round=6 origin=2 hash=ce3df5ac5f4f..."}
{"time":"2026-07-22 12:00:56,886","level":"INFO","node":1,"msg":"Consensus vote recorded: node 2 decision=True reason=zkp_ok round=6 new=False satisfied=False"}
{"time":"2026-07-22 12:01:06,537","level":"INFO","node":1,"msg":"Prediction agreement with node 3 round=6: A=0.885"}
{"time":"2026-07-22 12:01:06,537","level":"INFO","node":1,"msg":"Consensus vote recorded: node 3 decision=False reason=stale_update_replay round=6 new=False satisfied=False"}
{"time":"2026-07-22 12:01:22,813","level":"INFO","node":1,"msg":"Prediction agreement with node 0 round=6: A=0.930"}
{"time":"2026-07-22 12:01:22,814","level":"INFO","node":1,"msg":"Consensus vote recorded: node 0 decision=False reason=stale_update_replay round=6 new=False satisfied=False"}
{"time":"2026-07-22 12:01:28,839","level":"INFO","node":1,"msg":"Received update from node 0, round 6"}
{"time":"2026-07-22 12:01:38,564","level":"INFO","node":1,"msg":"ZKP ACCEPTED from node 0"}
{"time":"2026-07-22 12:01:38,564","level":"WARNING","node":1,"msg":"[STALE-UPDATE CHECK] node 1 observed node 2 resending identical slack (90000170533) as last round — REJECTING as replayed/stale update"}
{"time":"2026-07-22 12:01:38,564","level":"INFO","node":1,"msg":"fc_in col7 delta self-cosine for node 2: -0.5217 (delta_norm=0.1213)"}
{"time":"2026-07-22 12:01:38,564","level":"INFO","node":1,"msg":"Per-class agreement with node 2: class0=0.976 class1=0.955 gap=0.021"}
{"time":"2026-07-22 12:01:38,564","level":"INFO","node":1,"msg":"Per-class rolling gap for node 2: mean=0.038 over last 3 round(s)"}
{"time":"2026-07-22 12:01:38,570","level":"INFO","node":1,"msg":"Trust score for node 2: S=0.778 (Z=1.00 A=0.97 P=0.61 R=0.60) advisory only"}
{"time":"2026-07-22 12:01:38,572","level":"WARNING","node":1,"msg":"Update round=6 from node 2 REJECTED on stale-update replay: identical slack to previous round"}
{"time":"2026-07-22 12:01:38,581","level":"INFO","node":1,"msg":"Sent consensus vote to node 0"}
{"time":"2026-07-22 12:01:38,606","level":"INFO","node":1,"msg":"Sent consensus vote to node 2"}
{"time":"2026-07-22 12:01:38,633","level":"INFO","node":1,"msg":"Sent consensus vote to node 3"}
{"time":"2026-07-22 12:01:44,652","level":"INFO","node":1,"msg":"Forwarded to http://127.0.0.1:8002"}
{"time":"2026-07-22 12:01:51,057","level":"INFO","node":1,"msg":"Proposal received: round=6 origin=2 hash=ce3df5ac5f4f..."}
{"time":"2026-07-22 12:01:51,079","level":"INFO","node":1,"msg":"Consensus vote recorded: node 2 decision=True reason=zkp_ok round=6 new=False satisfied=False"}
{"time":"2026-07-22 12:02:00,804","level":"INFO","node":1,"msg":"Prediction agreement with node 3 round=6: A=0.877"}
{"time":"2026-07-22 12:02:00,804","level":"INFO","node":1,"msg":"Consensus vote recorded: node 3 decision=False reason=stale_update_replay round=6 new=False satisfied=False"}
{"time":"2026-07-22 12:02:16,641","level":"INFO","node":1,"msg":"Prediction agreement with node 0 round=6: A=0.893"}
{"time":"2026-07-22 12:02:16,641","level":"INFO","node":1,"msg":"Consensus vote recorded: node 0 decision=False reason=stale_update_replay round=6 new=False satisfied=False"}
{"time":"2026-07-22 12:02:23,308","level":"INFO","node":1,"msg":"Received update from node 0, round 6"}
{"time":"2026-07-22 12:02:36,698","level":"INFO","node":1,"msg":"ZKP ACCEPTED from node 0"}
{"time":"2026-07-22 12:02:36,698","level":"WARNING","node":1,"msg":"[STALE-UPDATE CHECK] node 1 observed node 2 resending identical slack (90000170533) as last round — REJECTING as replayed/stale update"}
{"time":"2026-07-22 12:02:36,700","level":"INFO","node":1,"msg":"fc_in col7 delta self-cosine for node 2: -0.6650 (delta_norm=0.1201)"}
{"time":"2026-07-22 12:02:36,707","level":"INFO","node":1,"msg":"Per-class agreement with node 2: class0=0.946 class1=0.944 gap=0.002"}
{"time":"2026-07-22 12:02:36,707","level":"INFO","node":1,"msg":"Per-class rolling gap for node 2: mean=0.029 over last 4 round(s)"}
{"time":"2026-07-22 12:02:36,710","level":"INFO","node":1,"msg":"Trust score for node 2: S=0.772 (Z=1.00 A=0.95 P=0.81 R=0.40) advisory only"}
{"time":"2026-07-22 12:02:36,711","level":"WARNING","node":1,"msg":"Update round=6 from node 2 REJECTED on stale-update replay: identical slack to previous round"}
{"time":"2026-07-22 12:02:36,722","level":"INFO","node":1,"msg":"Sent consensus vote to node 0"}
{"time":"2026-07-22 12:02:36,746","level":"INFO","node":1,"msg":"Sent consensus vote to node 2"}
{"time":"2026-07-22 12:02:36,758","level":"INFO","node":1,"msg":"Sent consensus vote to node 3"}
{"time":"2026-07-22 12:02:36,888","level":"WARNING","node":1,"msg":"ZKP norm violation (clipping applied): slack=-376218, retry=0"}
{"time":"2026-07-22 12:02:43,350","level":"INFO","node":1,"msg":"Forwarded to http://127.0.0.1:8002"}
{"time":"2026-07-22 12:02:43,357","level":"WARNING","node":1,"msg":"Node 2 accused by node 0, but only 1/3 distinct accusers so far (3f+1 quorum) — NOT excluding yet (avoids a single compromised node unilaterally removing an honest peer)."}
{"time":"2026-07-22 12:02:43,421","level":"INFO","node":1,"msg":"Round 7 skip acknowledged — advancing to round 8"}
{"time":"2026-07-22 12:02:43,422","level":"WARNING","node":1,"msg":"[SKIP STRIKE] round 7 skipped, proposer=2, reason=quorum_failure — recording independent strike"}
{"time":"2026-07-22 12:02:43,422","level":"WARNING","node":1,"msg":"This node independently suspects node 2 (local strikes=5.0) — broadcasting accusation for peer corroboration, NOT excluding unilaterally"}
{"time":"2026-07-22 12:02:43,451","level":"INFO","node":1,"msg":"Sent accusation to node 0"}
{"time":"2026-07-22 12:02:43,455","level":"INFO","node":1,"msg":"Sent accusation to node 2"}
{"time":"2026-07-22 12:02:43,482","level":"INFO","node":1,"msg":"Sent accusation to node 3"}
{"time":"2026-07-22 12:02:43,482","level":"WARNING","node":1,"msg":"Node 2 accused by node 1, but only 2/3 distinct accusers so far (3f+1 quorum) — NOT excluding yet (avoids a single compromised node unilaterally removing an honest peer)."}
{"time":"2026-07-22 12:02:43,515","level":"ERROR","node":1,"msg":"Node 2 EXCLUDED from proposing and quorum. Quorum requirement adjusted to 3 of 3 remaining trusted nodes."}
{"time":"2026-07-22 12:02:53,533","level":"INFO","node":1,"msg":"Node 2 accused by node 3 — already excluded, this accusation is redundant (late-arriving vote)."}
{"time":"2026-07-22 12:03:10,437","level":"INFO","node":1,"msg":"Proposal received: round=7 origin=3 hash=29d632cf655b..."}
{"time":"2026-07-22 12:03:10,457","level":"INFO","node":1,"msg":"Consensus vote recorded: node 3 decision=True reason=zkp_ok round=7 new=True satisfied=False"}
{"time":"2026-07-22 12:03:16,822","level":"INFO","node":1,"msg":"Proposal for round=7 origin=3 changed hash after 6.15s — treating as a legitimate round retry, not equivocation."}
{"time":"2026-07-22 12:03:16,822","level":"INFO","node":1,"msg":"Proposal received: round=7 origin=3 hash=7e9a1bfbfa9d..."}
{"time":"2026-07-22 12:03:16,873","level":"INFO","node":1,"msg":"Consensus vote recorded: node 3 decision=True reason=zkp_ok round=7 new=True satisfied=False"}
{"time":"2026-07-22 12:03:25,770","level":"INFO","node":1,"msg":"Consensus vote recorded: node 0 decision=True reason=zkp_ok round=7 new=True satisfied=False"}
{"time":"2026-07-22 12:03:33,568","level":"INFO","node":1,"msg":"Consensus vote recorded: node 0 decision=True reason=zkp_ok round=7 new=False satisfied=False"}
{"time":"2026-07-22 12:03:37,852","level":"INFO","node":1,"msg":"Received update from node 0, round 7"}
{"time":"2026-07-22 12:03:44,135","level":"INFO","node":1,"msg":"Received update from node 0, round 7"}
{"time":"2026-07-22 12:03:51,621","level":"INFO","node":1,"msg":"ZKP ACCEPTED from node 0"}
{"time":"2026-07-22 12:03:52,928","level":"INFO","node":1,"msg":"Per-class agreement with node 3: class0=0.854 class1=0.838 gap=0.016"}
{"time":"2026-07-22 12:03:52,943","level":"INFO","node":1,"msg":"Per-class rolling gap for node 3: mean=0.016 over last 1 round(s)"}
{"time":"2026-07-22 12:03:53,878","level":"INFO","node":1,"msg":"Trust score for node 3: S=0.785 (Z=1.00 A=0.85 P=0.74 R=1.00) advisory only"}
{"time":"2026-07-22 12:03:54,102","level":"INFO","node":1,"msg":"Sent consensus vote to node 0"}
{"time":"2026-07-22 12:03:54,336","level":"INFO","node":1,"msg":"Sent consensus vote to node 3"}
{"time":"2026-07-22 12:03:57,973","level":"INFO","node":1,"msg":"ZKP ACCEPTED from node 0"}
{"time":"2026-07-22 12:03:57,973","level":"INFO","node":1,"msg":"fc_in col7 delta self-cosine for node 3: -0.2919 (delta_norm=0.1371)"}
{"time":"2026-07-22 12:03:58,079","level":"WARNING","node":1,"msg":"ZKP norm violation (clipping applied): slack=-203437, retry=0"}
{"time":"2026-07-22 12:03:59,375","level":"INFO","node":1,"msg":"Per-class agreement with node 3: class0=0.971 class1=0.949 gap=0.022"}
{"time":"2026-07-22 12:03:59,406","level":"INFO","node":1,"msg":"Per-class rolling gap for node 3: mean=0.019 over last 2 round(s)"}
{"time":"2026-07-22 12:04:00,329","level":"INFO","node":1,"msg":"Trust score for node 3: S=0.891 (Z=1.00 A=0.96 P=0.74 R=1.00) advisory only"}
{"time":"2026-07-22 12:04:00,498","level":"INFO","node":1,"msg":"Sent consensus vote to node 0"}
{"time":"2026-07-22 12:04:00,615","level":"INFO","node":1,"msg":"Sent consensus vote to node 3"}
{"time":"2026-07-22 12:04:05,730","level":"INFO","node":1,"msg":"Forwarded to http://127.0.0.1:8003"}
{"time":"2026-07-22 12:04:05,968","level":"WARNING","node":1,"msg":"ZKP norm violation (clipping applied): slack=-375303, retry=0"}
{"time":"2026-07-22 12:04:06,271","level":"INFO","node":1,"msg":"Synced weights from master for round 7"}
{"time":"2026-07-22 12:04:06,449","level":"INFO","node":1,"msg":"Sent commit vote to node 3"}
{"time":"2026-07-22 12:04:12,336","level":"INFO","node":1,"msg":"Forwarded to http://127.0.0.1:8003"}
{"time":"2026-07-22 12:04:12,839","level":"INFO","node":1,"msg":"Proposal received: round=8 origin=0 hash=eb8b9e51efe1..."}
{"time":"2026-07-22 12:04:12,862","level":"INFO","node":1,"msg":"Consensus vote recorded: node 0 decision=True reason=zkp_ok round=8 new=True satisfied=False"}
{"time":"2026-07-22 12:04:12,874","level":"INFO","node":1,"msg":"Received update from node 0, round 8"}
{"time":"2026-07-22 12:04:22,640","level":"INFO","node":1,"msg":"ZKP ACCEPTED from node 0"}
{"time":"2026-07-22 12:04:22,640","level":"INFO","node":1,"msg":"fc_in col7 delta self-cosine for node 0: 0.2778 (delta_norm=0.4145)"}
{"time":"2026-07-22 12:04:22,644","level":"INFO","node":1,"msg":"Per-class agreement with node 0: class0=0.935 class1=0.864 gap=0.070"}
{"time":"2026-07-22 12:04:22,644","level":"INFO","node":1,"msg":"Per-class rolling gap for node 0: mean=0.081 over last 2 round(s)"}
{"time":"2026-07-22 12:04:22,647","level":"INFO","node":1,"msg":"Trust score for node 0: S=0.844 (Z=1.00 A=0.91 P=0.74 R=1.00) advisory only"}
{"time":"2026-07-22 12:04:22,683","level":"INFO","node":1,"msg":"Sent consensus vote to node 0"}
{"time":"2026-07-22 12:04:22,693","level":"INFO","node":1,"msg":"Sent consensus vote to node 3"}
{"time":"2026-07-22 12:04:28,908","level":"INFO","node":1,"msg":"Forwarded to http://127.0.0.1:8003"}
{"time":"2026-07-22 12:04:38,647","level":"INFO","node":1,"msg":"Prediction agreement with node 3 round=8: A=0.947"}
{"time":"2026-07-22 12:04:38,647","level":"INFO","node":1,"msg":"Consensus vote recorded: node 3 decision=True reason=zkp_ok round=8 new=True satisfied=True"}
{"time":"2026-07-22 12:04:44,746","level":"INFO","node":1,"msg":"Synced weights from master for round 8"}
{"time":"2026-07-22 12:04:44,758","level":"INFO","node":1,"msg":"Sent commit vote to node 0"}
{"time":"2026-07-22 12:04:44,797","level":"INFO","node":1,"msg":"My turn — starting round 10 as proposer."}
{"time":"2026-07-22 12:04:44,798","level":"INFO","node":1,"msg":"Starting round 10"}
{"time":"2026-07-22 12:04:44,957","level":"WARNING","node":1,"msg":"ZKP norm violation (clipping applied): slack=-98574, retry=0"}
{"time":"2026-07-22 12:04:50,961","level":"INFO","node":1,"msg":"Sent proposal to node 0"}
{"time":"2026-07-22 12:04:50,978","level":"INFO","node":1,"msg":"Sent proposal to node 3"}
{"time":"2026-07-22 12:04:50,987","level":"INFO","node":1,"msg":"Sent consensus vote to node 0"}
{"time":"2026-07-22 12:04:50,992","level":"INFO","node":1,"msg":"Sent consensus vote to node 3"}
{"time":"2026-07-22 12:04:50,996","level":"INFO","node":1,"msg":"Forwarded to http://127.0.0.1:8003"}
{"time":"2026-07-22 12:05:00,779","level":"INFO","node":1,"msg":"Consensus vote recorded: node 3 decision=True reason=zkp_ok round=9 new=True satisfied=False"}
{"time":"2026-07-22 12:05:16,349","level":"INFO","node":1,"msg":"Consensus vote recorded: node 0 decision=True reason=zkp_ok round=9 new=True satisfied=True"}
{"time":"2026-07-22 12:05:22,500","level":"INFO","node":1,"msg":"Received update from node 0, round 9"}
{"time":"2026-07-22 12:05:22,500","level":"INFO","node":1,"msg":"Round 10 complete — aggregating"}
{"time":"2026-07-22 12:05:22,534","level":"WARNING","node":1,"msg":"[BACKDOOR PROBE] Round 10 SUSPICIOUS: feature=1 value=7.0 forces class=1 flip_rate=1.000 jump=0.709 (thresholds: flip>0.7, jump>0.3)"}
{"time":"2026-07-22 12:05:22,565","level":"INFO","node":1,"msg":"Commit vote recorded: node 0 decision=True round=9 satisfied=False"}
{"time":"2026-07-22 12:05:22,569","level":"INFO","node":1,"msg":"Broadcast weights to node 0"}
{"time":"2026-07-22 12:05:22,624","level":"INFO","node":1,"msg":"Commit vote recorded: node 3 decision=True round=9 satisfied=True"}
{"time":"2026-07-22 12:05:22,624","level":"INFO","node":1,"msg":"Round 10 COMMITTED — model hash agreed by [1, 0, 3]"}
{"time":"2026-07-22 12:05:22,626","level":"INFO","node":1,"msg":"Commit certificate saved to C:\Users\mousu\OneDrive\Desktop\Set A\securefedhe\dashboard\certificates\round_9.json"}
{"time":"2026-07-22 12:05:22,628","level":"INFO","node":1,"msg":"Broadcast weights to node 3"}
{"time":"2026-07-22 12:05:22,630","level":"INFO","node":1,"msg":"Checkpoint saved to C:\Users\mousu\OneDrive\Desktop\Set A\securefedhe\dashboard\model_latest.pt"}
{"time":"2026-07-22 12:05:22,631","level":"INFO","node":1,"msg":"Round 10 complete | accuracy=0.8273 | duration=37.83s"}
{"time":"2026-07-22 12:05:22,631","level":"INFO","node":1,"msg":"Round 11 belongs to node 3 — waiting for their proposal."}
{"time":"2026-07-22 12:05:22,636","level":"INFO","node":1,"msg":"Notified next proposer to node 3"}
{"time":"2026-07-22 12:05:22,637","level":"INFO","node":1,"msg":"[WATCHDOG SPAWNED] round=10 expected_proposer=3 timeout_s=600 spawned_at=12:05:22"}
{"time":"2026-07-22 12:05:28,877","level":"INFO","node":1,"msg":"Proposal received: round=10 origin=3 hash=42bd5fc71a48..."}
{"time":"2026-07-22 12:05:28,900","level":"INFO","node":1,"msg":"Consensus vote recorded: node 3 decision=True reason=zkp_ok round=10 new=True satisfied=False"}
{"time":"2026-07-22 12:05:38,660","level":"INFO","node":1,"msg":"Consensus vote recorded: node 0 decision=True reason=zkp_ok round=10 new=True satisfied=False"}
{"time":"2026-07-22 12:05:44,609","level":"INFO","node":1,"msg":"Received update from node 0, round 10"}
{"time":"2026-07-22 12:05:54,339","level":"INFO","node":1,"msg":"ZKP ACCEPTED from node 0"}
{"time":"2026-07-22 12:05:54,339","level":"INFO","node":1,"msg":"fc_in col7 delta self-cosine for node 3: -0.3465 (delta_norm=0.2973)"}
{"time":"2026-07-22 12:05:54,339","level":"INFO","node":1,"msg":"Per-class agreement with node 3: class0=0.935 class1=0.899 gap=0.035"}
{"time":"2026-07-22 12:05:54,339","level":"INFO","node":1,"msg":"Per-class rolling gap for node 3: mean=0.024 over last 3 round(s)"}
{"time":"2026-07-22 12:05:54,351","level":"INFO","node":1,"msg":"Trust score for node 3: S=0.806 (Z=1.00 A=0.92 P=0.55 R=1.00) advisory only"}
{"time":"2026-07-22 12:05:54,384","level":"INFO","node":1,"msg":"Sent consensus vote to node 0"}
{"time":"2026-07-22 12:05:54,409","level":"INFO","node":1,"msg":"Sent consensus vote to node 3"}
{"time":"2026-07-22 12:06:00,565","level":"INFO","node":1,"msg":"Forwarded to http://127.0.0.1:8003"}
{"time":"2026-07-22 12:06:00,663","level":"INFO","node":1,"msg":"Synced weights from master for round 10"}
{"time":"2026-07-22 12:06:00,679","level":"INFO","node":1,"msg":"Sent commit vote to node 3"}
{"time":"2026-07-22 12:06:07,263","level":"INFO","node":1,"msg":"Proposal received: round=11 origin=3 hash=434971911b73..."}
{"time":"2026-07-22 12:06:07,272","level":"INFO","node":1,"msg":"Consensus vote recorded: node 3 decision=True reason=zkp_ok round=11 new=True satisfied=False"}
{"time":"2026-07-22 12:06:17,149","level":"INFO","node":1,"msg":"Consensus vote recorded: node 0 decision=True reason=zkp_ok round=11 new=True satisfied=False"}
{"time":"2026-07-22 12:06:23,126","level":"INFO","node":1,"msg":"Received update from node 0, round 11"}
{"time":"2026-07-22 12:06:32,776","level":"INFO","node":1,"msg":"ZKP ACCEPTED from node 0"}
{"time":"2026-07-22 12:06:32,776","level":"INFO","node":1,"msg":"fc_in col7 delta self-cosine for node 3: -0.1819 (delta_norm=0.1186)"}
{"time":"2026-07-22 12:06:32,776","level":"INFO","node":1,"msg":"Per-class agreement with node 3: class0=0.971 class1=0.970 gap=0.001"}
{"time":"2026-07-22 12:06:32,776","level":"INFO","node":1,"msg":"Per-class rolling gap for node 3: mean=0.019 over last 4 round(s)"}
{"time":"2026-07-22 12:06:32,784","level":"INFO","node":1,"msg":"Trust score for node 3: S=0.837 (Z=1.00 A=0.97 P=0.52 R=1.00) advisory only"}
{"time":"2026-07-22 12:06:32,796","level":"INFO","node":1,"msg":"Sent consensus vote to node 0"}
{"time":"2026-07-22 12:06:32,822","level":"INFO","node":1,"msg":"Sent consensus vote to node 3"}
{"time":"2026-07-22 12:06:39,106","level":"INFO","node":1,"msg":"Forwarded to http://127.0.0.1:8003"}
{"time":"2026-07-22 12:06:39,220","level":"INFO","node":1,"msg":"Synced weights from master for round 11"}
{"time":"2026-07-22 12:06:39,231","level":"INFO","node":1,"msg":"Sent commit vote to node 3"}
{"time":"2026-07-22 12:06:45,462","level":"INFO","node":1,"msg":"Proposal received: round=12 origin=0 hash=5eea271bf71f..."}
{"time":"2026-07-22 12:06:45,496","level":"INFO","node":1,"msg":"Consensus vote recorded: node 0 decision=True reason=zkp_ok round=12 new=True satisfied=False"}
{"time":"2026-07-22 12:06:45,513","level":"INFO","node":1,"msg":"Received update from node 0, round 12"}
{"time":"2026-07-22 12:06:55,456","level":"INFO","node":1,"msg":"ZKP ACCEPTED from node 0"}
{"time":"2026-07-22 12:06:55,458","level":"INFO","node":1,"msg":"fc_in col7 delta self-cosine for node 0: 0.1164 (delta_norm=0.2831)"}
{"time":"2026-07-22 12:06:55,466","level":"INFO","node":1,"msg":"Per-class agreement with node 0: class0=0.901 class1=0.919 gap=0.018"}
{"time":"2026-07-22 12:06:55,466","level":"INFO","node":1,"msg":"Per-class rolling gap for node 0: mean=0.060 over last 3 round(s)"}
{"time":"2026-07-22 12:06:55,469","level":"INFO","node":1,"msg":"Trust score for node 0: S=0.782 (Z=1.00 A=0.91 P=0.52 R=1.00) advisory only"}
{"time":"2026-07-22 12:06:55,493","level":"INFO","node":1,"msg":"Sent consensus vote to node 0"}
{"time":"2026-07-22 12:06:55,501","level":"INFO","node":1,"msg":"Sent consensus vote to node 3"}
{"time":"2026-07-22 12:07:01,641","level":"INFO","node":1,"msg":"Forwarded to http://127.0.0.1:8003"}
{"time":"2026-07-22 12:07:11,312","level":"INFO","node":1,"msg":"Prediction agreement with node 3 round=12: A=0.956"}
{"time":"2026-07-22 12:07:11,312","level":"INFO","node":1,"msg":"Consensus vote recorded: node 3 decision=True reason=zkp_ok round=12 new=True satisfied=True"}
{"time":"2026-07-22 12:07:17,368","level":"INFO","node":1,"msg":"Synced weights from master for round 12"}
{"time":"2026-07-22 12:07:17,389","level":"INFO","node":1,"msg":"Sent commit vote to node 0"}
{"time":"2026-07-22 12:07:17,429","level":"INFO","node":1,"msg":"My turn — starting round 14 as proposer."}
{"time":"2026-07-22 12:07:17,429","level":"INFO","node":1,"msg":"Starting round 14"}
{"time":"2026-07-22 12:07:17,607","level":"WARNING","node":1,"msg":"ZKP norm violation (clipping applied): slack=-130771, retry=0"}
{"time":"2026-07-22 12:07:23,726","level":"INFO","node":1,"msg":"Sent proposal to node 0"}
{"time":"2026-07-22 12:07:23,744","level":"INFO","node":1,"msg":"Sent proposal to node 3"}
{"time":"2026-07-22 12:07:23,754","level":"INFO","node":1,"msg":"Sent consensus vote to node 0"}
{"time":"2026-07-22 12:07:23,759","level":"INFO","node":1,"msg":"Sent consensus vote to node 3"}
{"time":"2026-07-22 12:07:23,765","level":"INFO","node":1,"msg":"Forwarded to http://127.0.0.1:8003"}
{"time":"2026-07-22 12:07:33,510","level":"INFO","node":1,"msg":"Consensus vote recorded: node 3 decision=True reason=zkp_ok round=13 new=True satisfied=False"}
{"time":"2026-07-22 12:07:49,347","level":"INFO","node":1,"msg":"Consensus vote recorded: node 0 decision=True reason=zkp_ok round=13 new=True satisfied=True"}
{"time":"2026-07-22 12:07:55,402","level":"INFO","node":1,"msg":"Received update from node 0, round 13"}
{"time":"2026-07-22 12:07:55,402","level":"INFO","node":1,"msg":"Round 14 complete — aggregating"}
{"time":"2026-07-22 12:07:55,432","level":"WARNING","node":1,"msg":"[BACKDOOR PROBE] Round 14 SUSPICIOUS: feature=1 value=8.0 forces class=1 flip_rate=1.000 jump=0.764 (thresholds: flip>0.7, jump>0.3)"}
{"time":"2026-07-22 12:07:55,471","level":"INFO","node":1,"msg":"Commit vote recorded: node 0 decision=True round=13 satisfied=False"}
{"time":"2026-07-22 12:07:55,475","level":"INFO","node":1,"msg":"Broadcast weights to node 0"}
{"time":"2026-07-22 12:07:55,510","level":"INFO","node":1,"msg":"Commit vote recorded: node 3 decision=True round=13 satisfied=True"}
{"time":"2026-07-22 12:07:55,511","level":"INFO","node":1,"msg":"Round 14 COMMITTED — model hash agreed by [1, 0, 3]"}
{"time":"2026-07-22 12:07:55,512","level":"INFO","node":1,"msg":"Commit certificate saved to C:\Users\mousu\OneDrive\Desktop\Set A\securefedhe\dashboard\certificates\round_13.json"}
{"time":"2026-07-22 12:07:55,513","level":"INFO","node":1,"msg":"Broadcast weights to node 3"}
{"time":"2026-07-22 12:07:55,515","level":"INFO","node":1,"msg":"Checkpoint saved to C:\Users\mousu\OneDrive\Desktop\Set A\securefedhe\dashboard\model_latest.pt"}
{"time":"2026-07-22 12:07:55,515","level":"INFO","node":1,"msg":"Round 14 complete | accuracy=0.8273 | duration=38.08s"}
{"time":"2026-07-22 12:07:55,515","level":"INFO","node":1,"msg":"Round 15 belongs to node 3 — waiting for their proposal."}
{"time":"2026-07-22 12:07:55,518","level":"INFO","node":1,"msg":"Notified next proposer to node 3"}
{"time":"2026-07-22 12:07:55,519","level":"INFO","node":1,"msg":"[WATCHDOG SPAWNED] round=14 expected_proposer=3 timeout_s=600 spawned_at=12:07:55"}
{"time":"2026-07-22 12:08:01,677","level":"INFO","node":1,"msg":"Proposal received: round=14 origin=3 hash=9af0c7cda6dc..."}
{"time":"2026-07-22 12:08:01,694","level":"INFO","node":1,"msg":"Consensus vote recorded: node 3 decision=True reason=zkp_ok round=14 new=True satisfied=False"}
{"time":"2026-07-22 12:08:11,526","level":"INFO","node":1,"msg":"Consensus vote recorded: node 0 decision=True reason=zkp_ok round=14 new=True satisfied=False"}
{"time":"2026-07-22 12:08:17,586","level":"INFO","node":1,"msg":"Received update from node 0, round 14"}
{"time":"2026-07-22 12:08:27,291","level":"INFO","node":1,"msg":"ZKP ACCEPTED from node 0"}
{"time":"2026-07-22 12:08:27,291","level":"INFO","node":1,"msg":"fc_in col7 delta self-cosine for node 3: -0.0898 (delta_norm=0.2210)"}
{"time":"2026-07-22 12:08:27,310","level":"INFO","node":1,"msg":"Per-class agreement with node 3: class0=0.980 class1=0.962 gap=0.018"}
{"time":"2026-07-22 12:08:27,310","level":"INFO","node":1,"msg":"Per-class rolling gap for node 3: mean=0.019 over last 4 round(s)"}
{"time":"2026-07-22 12:08:27,315","level":"INFO","node":1,"msg":"Trust score for node 3: S=0.855 (Z=1.00 A=0.97 P=0.57 R=1.00) advisory only"}
{"time":"2026-07-22 12:08:27,340","level":"INFO","node":1,"msg":"Sent consensus vote to node 0"}
{"time":"2026-07-22 12:08:27,364","level":"INFO","node":1,"msg":"Sent consensus vote to node 3"}
{"time":"2026-07-22 12:08:27,481","level":"WARNING","node":1,"msg":"ZKP norm violation (clipping applied): slack=-578942, retry=0"}
{"time":"2026-07-22 12:08:33,580","level":"INFO","node":1,"msg":"Forwarded to http://127.0.0.1:8003"}
{"time":"2026-07-22 12:08:33,680","level":"INFO","node":1,"msg":"Synced weights from master for round 14"}
{"time":"2026-07-22 12:08:33,694","level":"INFO","node":1,"msg":"Sent commit vote to node 3"}
{"time":"2026-07-22 12:08:40,190","level":"INFO","node":1,"msg":"Proposal received: round=15 origin=3 hash=9f18fbfa1434..."}
{"time":"2026-07-22 12:08:40,208","level":"INFO","node":1,"msg":"Consensus vote recorded: node 3 decision=True reason=zkp_ok round=15 new=True satisfied=False"}
{"time":"2026-07-22 12:08:49,999","level":"INFO","node":1,"msg":"Consensus vote recorded: node 0 decision=True reason=zkp_ok round=15 new=True satisfied=False"}
{"time":"2026-07-22 12:08:56,004","level":"INFO","node":1,"msg":"Received update from node 0, round 15"}
{"time":"2026-07-22 12:09:05,729","level":"INFO","node":1,"msg":"ZKP ACCEPTED from node 0"}
{"time":"2026-07-22 12:09:05,729","level":"INFO","node":1,"msg":"fc_in col7 delta self-cosine for node 3: -0.2954 (delta_norm=0.1616)"}
{"time":"2026-07-22 12:09:05,740","level":"INFO","node":1,"msg":"Per-class agreement with node 3: class0=0.977 class1=0.970 gap=0.007"}
{"time":"2026-07-22 12:09:05,740","level":"INFO","node":1,"msg":"Per-class rolling gap for node 3: mean=0.016 over last 4 round(s)"}
{"time":"2026-07-22 12:09:05,742","level":"INFO","node":1,"msg":"Trust score for node 3: S=0.841 (Z=1.00 A=0.97 P=0.52 R=1.00) advisory only"}
{"time":"2026-07-22 12:09:05,773","level":"INFO","node":1,"msg":"Sent consensus vote to node 0"}
{"time":"2026-07-22 12:09:05,799","level":"INFO","node":1,"msg":"Sent consensus vote to node 3"}
{"time":"2026-07-22 12:09:11,852","level":"INFO","node":1,"msg":"Forwarded to http://127.0.0.1:8003"}
{"time":"2026-07-22 12:09:11,934","level":"INFO","node":1,"msg":"Synced weights from master for round 15"}
{"time":"2026-07-22 12:09:11,946","level":"INFO","node":1,"msg":"Sent commit vote to node 3"}
{"time":"2026-07-22 12:09:18,047","level":"INFO","node":1,"msg":"Proposal received: round=16 origin=0 hash=2d33213a3304..."}
{"time":"2026-07-22 12:09:18,056","level":"INFO","node":1,"msg":"Consensus vote recorded: node 0 decision=True reason=zkp_ok round=16 new=True satisfied=False"}
{"time":"2026-07-22 12:09:18,067","level":"INFO","node":1,"msg":"Received update from node 0, round 16"}
{"time":"2026-07-22 12:09:27,849","level":"INFO","node":1,"msg":"ZKP ACCEPTED from node 0"}
{"time":"2026-07-22 12:09:27,849","level":"INFO","node":1,"msg":"fc_in col7 delta self-cosine for node 0: -0.1026 (delta_norm=0.2495)"}
{"time":"2026-07-22 12:09:27,854","level":"INFO","node":1,"msg":"Per-class agreement with node 0: class0=0.965 class1=0.942 gap=0.023"}
{"time":"2026-07-22 12:09:27,854","level":"INFO","node":1,"msg":"Per-class rolling gap for node 0: mean=0.051 over last 4 round(s)"}
{"time":"2026-07-22 12:09:27,859","level":"INFO","node":1,"msg":"Trust score for node 0: S=0.841 (Z=1.00 A=0.96 P=0.57 R=1.00) advisory only"}
{"time":"2026-07-22 12:09:27,872","level":"INFO","node":1,"msg":"Sent consensus vote to node 0"}
{"time":"2026-07-22 12:09:27,899","level":"INFO","node":1,"msg":"Sent consensus vote to node 3"}
{"time":"2026-07-22 12:09:28,035","level":"WARNING","node":1,"msg":"ZKP norm violation (clipping applied): slack=-269909, retry=0"}
{"time":"2026-07-22 12:09:34,092","level":"INFO","node":1,"msg":"Forwarded to http://127.0.0.1:8003"}
{"time":"2026-07-22 12:09:43,852","level":"INFO","node":1,"msg":"Prediction agreement with node 3 round=16: A=0.960"}
{"time":"2026-07-22 12:09:43,853","level":"INFO","node":1,"msg":"Consensus vote recorded: node 3 decision=True reason=zkp_ok round=16 new=True satisfied=True"}
{"time":"2026-07-22 12:09:49,837","level":"INFO","node":1,"msg":"Synced weights from master for round 16"}
{"time":"2026-07-22 12:09:49,848","level":"INFO","node":1,"msg":"Sent commit vote to node 0"}
{"time":"2026-07-22 12:09:49,876","level":"INFO","node":1,"msg":"My turn — starting round 18 as proposer."}
{"time":"2026-07-22 12:09:49,876","level":"INFO","node":1,"msg":"Starting round 18"}
{"time":"2026-07-22 12:09:56,104","level":"INFO","node":1,"msg":"Sent proposal to node 0"}
{"time":"2026-07-22 12:09:56,124","level":"INFO","node":1,"msg":"Sent proposal to node 3"}
{"time":"2026-07-22 12:09:56,133","level":"INFO","node":1,"msg":"Sent consensus vote to node 0"}
{"time":"2026-07-22 12:09:56,138","level":"INFO","node":1,"msg":"Sent consensus vote to node 3"}
{"time":"2026-07-22 12:09:56,143","level":"INFO","node":1,"msg":"Forwarded to http://127.0.0.1:8003"}
{"time":"2026-07-22 12:10:05,769","level":"INFO","node":1,"msg":"Consensus vote recorded: node 3 decision=True reason=zkp_ok round=17 new=True satisfied=False"}
{"time":"2026-07-22 12:10:21,659","level":"INFO","node":1,"msg":"Consensus vote recorded: node 0 decision=True reason=zkp_ok round=17 new=True satisfied=True"}
{"time":"2026-07-22 12:10:27,824","level":"INFO","node":1,"msg":"Received update from node 0, round 17"}
{"time":"2026-07-22 12:10:27,824","level":"INFO","node":1,"msg":"Round 18 complete — aggregating"}
{"time":"2026-07-22 12:10:27,859","level":"WARNING","node":1,"msg":"[BACKDOOR PROBE] Round 18 SUSPICIOUS: feature=1 value=7.0 forces class=1 flip_rate=1.000 jump=0.736 (thresholds: flip>0.7, jump>0.3)"}
{"time":"2026-07-22 12:10:27,894","level":"INFO","node":1,"msg":"Commit vote recorded: node 0 decision=True round=17 satisfied=False"}
{"time":"2026-07-22 12:10:27,897","level":"INFO","node":1,"msg":"Broadcast weights to node 0"}
{"time":"2026-07-22 12:10:27,940","level":"INFO","node":1,"msg":"Commit vote recorded: node 3 decision=True round=17 satisfied=True"}
{"time":"2026-07-22 12:10:27,941","level":"INFO","node":1,"msg":"Round 18 COMMITTED — model hash agreed by [1, 0, 3]"}
{"time":"2026-07-22 12:10:27,942","level":"INFO","node":1,"msg":"Commit certificate saved to C:\Users\mousu\OneDrive\Desktop\Set A\securefedhe\dashboard\certificates\round_17.json"}
{"time":"2026-07-22 12:10:27,944","level":"INFO","node":1,"msg":"Broadcast weights to node 3"}
{"time":"2026-07-22 12:10:27,947","level":"INFO","node":1,"msg":"Checkpoint saved to C:\Users\mousu\OneDrive\Desktop\Set A\securefedhe\dashboard\model_latest.pt"}
{"time":"2026-07-22 12:10:27,947","level":"INFO","node":1,"msg":"Round 18 complete | accuracy=0.8364 | duration=38.07s"}
{"time":"2026-07-22 12:10:27,947","level":"INFO","node":1,"msg":"Round 19 belongs to node 3 — waiting for their proposal."}
{"time":"2026-07-22 12:10:27,951","level":"INFO","node":1,"msg":"Notified next proposer to node 3"}
{"time":"2026-07-22 12:10:27,952","level":"INFO","node":1,"msg":"[WATCHDOG SPAWNED] round=18 expected_proposer=3 timeout_s=600 spawned_at=12:10:27"}
{"time":"2026-07-22 12:10:34,050","level":"INFO","node":1,"msg":"Proposal received: round=18 origin=3 hash=77b2f2057016..."}
{"time":"2026-07-22 12:10:34,059","level":"INFO","node":1,"msg":"Consensus vote recorded: node 3 decision=True reason=zkp_ok round=18 new=True satisfied=False"}
{"time":"2026-07-22 12:10:43,800","level":"INFO","node":1,"msg":"Consensus vote recorded: node 0 decision=True reason=zkp_ok round=18 new=True satisfied=False"}
{"time":"2026-07-22 12:10:49,868","level":"INFO","node":1,"msg":"Received update from node 0, round 18"}
{"time":"2026-07-22 12:10:59,672","level":"INFO","node":1,"msg":"ZKP ACCEPTED from node 0"}
{"time":"2026-07-22 12:10:59,672","level":"INFO","node":1,"msg":"fc_in col7 delta self-cosine for node 3: -0.3231 (delta_norm=0.2054)"}
{"time":"2026-07-22 12:10:59,689","level":"INFO","node":1,"msg":"Per-class agreement with node 3: class0=0.971 class1=0.958 gap=0.013"}
{"time":"2026-07-22 12:10:59,689","level":"INFO","node":1,"msg":"Per-class rolling gap for node 3: mean=0.010 over last 4 round(s)"}
{"time":"2026-07-22 12:10:59,693","level":"INFO","node":1,"msg":"Trust score for node 3: S=0.829 (Z=1.00 A=0.97 P=0.50 R=1.00) advisory only"}
{"time":"2026-07-22 12:10:59,716","level":"INFO","node":1,"msg":"Sent consensus vote to node 0"}
{"time":"2026-07-22 12:10:59,746","level":"INFO","node":1,"msg":"Sent consensus vote to node 3"}
{"time":"2026-07-22 12:10:59,862","level":"WARNING","node":1,"msg":"ZKP norm violation (clipping applied): slack=-85822, retry=0"}
{"time":"2026-07-22 12:11:05,914","level":"INFO","node":1,"msg":"Forwarded to http://127.0.0.1:8003"}
{"time":"2026-07-22 12:11:05,996","level":"INFO","node":1,"msg":"Synced weights from master for round 18"}
{"time":"2026-07-22 12:11:06,004","level":"INFO","node":1,"msg":"Sent commit vote to node 3"}
{"time":"2026-07-22 12:11:12,745","level":"INFO","node":1,"msg":"Proposal received: round=19 origin=3 hash=28646d792897..."}
{"time":"2026-07-22 12:11:12,764","level":"INFO","node":1,"msg":"Consensus vote recorded: node 3 decision=True reason=zkp_ok round=19 new=True satisfied=False"}
{"time":"2026-07-22 12:11:22,464","level":"INFO","node":1,"msg":"Consensus vote recorded: node 0 decision=True reason=zkp_ok round=19 new=True satisfied=False"}
{"time":"2026-07-22 12:11:28,587","level":"INFO","node":1,"msg":"Received update from node 0, round 19"}
{"time":"2026-07-22 12:11:38,317","level":"INFO","node":1,"msg":"ZKP ACCEPTED from node 0"}
{"time":"2026-07-22 12:11:38,317","level":"INFO","node":1,"msg":"fc_in col7 delta self-cosine for node 3: -0.1199 (delta_norm=0.1500)"}
{"time":"2026-07-22 12:11:38,317","level":"INFO","node":1,"msg":"Per-class agreement with node 3: class0=0.975 class1=0.965 gap=0.009"}
{"time":"2026-07-22 12:11:38,331","level":"INFO","node":1,"msg":"Per-class rolling gap for node 3: mean=0.012 over last 4 round(s)"}
{"time":"2026-07-22 12:11:38,332","level":"INFO","node":1,"msg":"Trust score for node 3: S=0.828 (Z=1.00 A=0.97 P=0.48 R=1.00) advisory only"}
{"time":"2026-07-22 12:11:38,345","level":"INFO","node":1,"msg":"Sent consensus vote to node 0"}
{"time":"2026-07-22 12:11:38,368","level":"INFO","node":1,"msg":"Sent consensus vote to node 3"}
{"time":"2026-07-22 12:11:44,611","level":"INFO","node":1,"msg":"Forwarded to http://127.0.0.1:8003"}
{"time":"2026-07-22 12:11:44,702","level":"INFO","node":1,"msg":"Synced weights from master for round 19"}
{"time":"2026-07-22 12:11:44,703","level":"INFO","node":1,"msg":"Training complete after 20 rounds"}
{"time":"2026-07-22 12:11:44,715","level":"INFO","node":1,"msg":"Sent commit vote to node 3"}
{"time":"2026-07-22 12:14:14,293","level":"INFO","node":1,"msg":"Starting node 1: Suburban Medical Clinic"}
{"time":"2026-07-22 12:14:14,293","level":"INFO","node":1,"msg":"[CONFIG DEBUG] attack_simulation loaded: enabled=True target_node=2 type=stale_update config_path=config_dev.json"}
{"time":"2026-07-22 12:14:14,351","level":"WARNING","node":1,"msg":"DEV MODE: running without TLS"}
{"time":"2026-07-22 12:14:14,351","level":"INFO","node":1,"msg":"Listening on 127.0.0.1:8001 | TLS=False"}
{"time":"2026-07-22 12:14:19,356","level":"INFO","node":1,"msg":"Sent consensus pubkey to node 0"}
{"time":"2026-07-22 12:14:19,373","level":"INFO","node":1,"msg":"Sent public key to node 0"}
{"time":"2026-07-22 12:14:20,876","level":"INFO","node":1,"msg":"Sent consensus pubkey to node 2"}
{"time":"2026-07-22 12:14:20,909","level":"INFO","node":1,"msg":"Sent public key to node 2"}
{"time":"2026-07-22 12:14:24,948","level":"INFO","node":1,"msg":"Sent consensus pubkey to node 3"}
{"time":"2026-07-22 12:14:24,977","level":"INFO","node":1,"msg":"Sent public key to node 3"}
{"time":"2026-07-22 12:14:25,674","level":"INFO","node":1,"msg":"Key exchange complete with node 2"}
{"time":"2026-07-22 12:14:25,677","level":"INFO","node":1,"msg":"Consensus pubkey received from node 2"}
{"time":"2026-07-22 12:14:28,630","level":"INFO","node":1,"msg":"Consensus pubkey received from node 3"}
{"time":"2026-07-22 12:14:28,639","level":"INFO","node":1,"msg":"Key exchange complete with node 3"}
{"time":"2026-07-22 12:14:28,985","level":"INFO","node":1,"msg":"Key exchange complete with node 0"}
{"time":"2026-07-22 12:14:29,040","level":"INFO","node":1,"msg":"Consensus pubkey received from node 0"}
{"time":"2026-07-22 12:14:36,427","level":"INFO","node":1,"msg":"Proposal received: round=0 origin=0 hash=5bce39cf9d1f..."}
{"time":"2026-07-22 12:14:36,470","level":"INFO","node":1,"msg":"Consensus vote recorded: node 0 decision=True reason=zkp_ok round=0 new=True satisfied=False"}
{"time":"2026-07-22 12:14:36,512","level":"INFO","node":1,"msg":"Received update from node 0, round 0"}
{"time":"2026-07-22 12:14:46,109","level":"INFO","node":1,"msg":"ZKP ACCEPTED from node 0"}
{"time":"2026-07-22 12:14:46,109","level":"INFO","node":1,"msg":"Trust score for node 0: S=0.429 (Z=1.00 A=0.50 P=0.50 R=1.00) advisory only"}
{"time":"2026-07-22 12:14:46,128","level":"INFO","node":1,"msg":"Sent consensus vote to node 0"}
{"time":"2026-07-22 12:14:46,132","level":"INFO","node":1,"msg":"Sent consensus vote to node 2"}
{"time":"2026-07-22 12:14:46,135","level":"INFO","node":1,"msg":"Sent consensus vote to node 3"}
{"time":"2026-07-22 12:14:53,473","level":"INFO","node":1,"msg":"Forwarded to http://127.0.0.1:8002"}
{"time":"2026-07-22 12:15:03,123","level":"INFO","node":1,"msg":"Prediction agreement with node 2 round=0: A=0.579"}
{"time":"2026-07-22 12:15:03,123","level":"INFO","node":1,"msg":"Consensus vote recorded: node 2 decision=True reason=zkp_ok round=0 new=True satisfied=True"}
{"time":"2026-07-22 12:15:19,987","level":"INFO","node":1,"msg":"Prediction agreement with node 3 round=0: A=0.651"}
{"time":"2026-07-22 12:15:19,987","level":"INFO","node":1,"msg":"Consensus vote recorded: node 3 decision=True reason=zkp_ok round=0 new=True satisfied=True"}
{"time":"2026-07-22 12:15:27,152","level":"INFO","node":1,"msg":"Synced weights from master for round 0"}
{"time":"2026-07-22 12:15:27,160","level":"INFO","node":1,"msg":"Sent commit vote to node 0"}
{"time":"2026-07-22 12:15:27,258","level":"INFO","node":1,"msg":"My turn — starting round 2 as proposer."}
{"time":"2026-07-22 12:15:27,260","level":"INFO","node":1,"msg":"Starting round 2"}
{"time":"2026-07-22 12:15:33,559","level":"INFO","node":1,"msg":"Sent proposal to node 0"}
{"time":"2026-07-22 12:15:33,559","level":"INFO","node":1,"msg":"Sent proposal to node 2"}
{"time":"2026-07-22 12:15:33,573","level":"INFO","node":1,"msg":"Sent proposal to node 3"}
{"time":"2026-07-22 12:15:33,583","level":"INFO","node":1,"msg":"Sent consensus vote to node 0"}
{"time":"2026-07-22 12:15:33,587","level":"INFO","node":1,"msg":"Sent consensus vote to node 2"}
{"time":"2026-07-22 12:15:33,591","level":"INFO","node":1,"msg":"Sent consensus vote to node 3"}
{"time":"2026-07-22 12:15:33,595","level":"INFO","node":1,"msg":"Forwarded to http://127.0.0.1:8002"}
{"time":"2026-07-22 12:15:43,361","level":"INFO","node":1,"msg":"Consensus vote recorded: node 2 decision=True reason=zkp_ok round=1 new=True satisfied=False"}
{"time":"2026-07-22 12:15:59,121","level":"INFO","node":1,"msg":"Consensus vote recorded: node 3 decision=True reason=zkp_ok round=1 new=True satisfied=True"}
{"time":"2026-07-22 12:16:14,938","level":"INFO","node":1,"msg":"Consensus vote recorded: node 0 decision=True reason=zkp_ok round=1 new=True satisfied=True"}
{"time":"2026-07-22 12:16:21,063","level":"INFO","node":1,"msg":"Received update from node 0, round 1"}
{"time":"2026-07-22 12:16:21,063","level":"INFO","node":1,"msg":"Round 2 complete — aggregating"}
{"time":"2026-07-22 12:16:21,063","level":"INFO","node":1,"msg":"Round 2 accuracy gate skipped (warm-up period, candidate_acc=0.6818)"}
{"time":"2026-07-22 12:16:21,123","level":"INFO","node":1,"msg":"Commit vote recorded: node 0 decision=True round=1 satisfied=False"}
{"time":"2026-07-22 12:16:21,128","level":"INFO","node":1,"msg":"Broadcast weights to node 0"}
{"time":"2026-07-22 12:16:21,168","level":"INFO","node":1,"msg":"Commit vote recorded: node 2 decision=True round=1 satisfied=True"}
{"time":"2026-07-22 12:16:21,169","level":"INFO","node":1,"msg":"Round 2 COMMITTED — model hash agreed by [1, 0, 2]"}
{"time":"2026-07-22 12:16:21,171","level":"INFO","node":1,"msg":"Commit certificate saved to C:\Users\mousu\OneDrive\Desktop\Set A\securefedhe\dashboard\certificates\round_1.json"}
{"time":"2026-07-22 12:16:21,174","level":"INFO","node":1,"msg":"Broadcast weights to node 2"}
{"time":"2026-07-22 12:16:21,194","level":"INFO","node":1,"msg":"Commit vote recorded: node 3 decision=True round=1 satisfied=True"}
{"time":"2026-07-22 12:16:21,197","level":"INFO","node":1,"msg":"Broadcast weights to node 3"}
{"time":"2026-07-22 12:16:21,208","level":"INFO","node":1,"msg":"Checkpoint saved to C:\Users\mousu\OneDrive\Desktop\Set A\securefedhe\dashboard\model_latest.pt"}
{"time":"2026-07-22 12:16:21,209","level":"INFO","node":1,"msg":"Round 2 complete | accuracy=0.6818 | duration=53.95s"}
{"time":"2026-07-22 12:16:21,209","level":"INFO","node":1,"msg":"Round 3 belongs to node 2 — waiting for their proposal."}
{"time":"2026-07-22 12:16:21,214","level":"INFO","node":1,"msg":"Notified next proposer to node 2"}
{"time":"2026-07-22 12:16:21,215","level":"INFO","node":1,"msg":"[WATCHDOG SPAWNED] round=2 expected_proposer=2 timeout_s=600 spawned_at=12:16:21"}
{"time":"2026-07-22 12:16:27,387","level":"INFO","node":1,"msg":"Proposal received: round=2 origin=2 hash=fce24263b16d..."}
{"time":"2026-07-22 12:16:27,410","level":"INFO","node":1,"msg":"Consensus vote recorded: node 2 decision=True reason=zkp_ok round=2 new=True satisfied=False"}
{"time":"2026-07-22 12:16:37,110","level":"INFO","node":1,"msg":"Consensus vote recorded: node 3 decision=True reason=zkp_ok round=2 new=True satisfied=False"}
{"time":"2026-07-22 12:16:52,829","level":"INFO","node":1,"msg":"Consensus vote recorded: node 0 decision=True reason=zkp_ok round=2 new=True satisfied=True"}
{"time":"2026-07-22 12:16:58,897","level":"INFO","node":1,"msg":"Received update from node 0, round 2"}
{"time":"2026-07-22 12:17:08,563","level":"INFO","node":1,"msg":"ZKP ACCEPTED from node 0"}
{"time":"2026-07-22 12:17:08,579","level":"INFO","node":1,"msg":"Trust score for node 2: S=0.429 (Z=1.00 A=0.50 P=0.50 R=1.00) advisory only"}
{"time":"2026-07-22 12:17:08,595","level":"INFO","node":1,"msg":"Sent consensus vote to node 0"}
{"time":"2026-07-22 12:17:08,601","level":"INFO","node":1,"msg":"Sent consensus vote to node 2"}
{"time":"2026-07-22 12:17:08,634","level":"INFO","node":1,"msg":"Sent consensus vote to node 3"}
{"time":"2026-07-22 12:17:14,718","level":"INFO","node":1,"msg":"Forwarded to http://127.0.0.1:8002"}
{"time":"2026-07-22 12:17:14,763","level":"INFO","node":1,"msg":"Synced weights from master for round 2"}
{"time":"2026-07-22 12:17:14,775","level":"INFO","node":1,"msg":"Sent commit vote to node 2"}
{"time":"2026-07-22 12:17:21,056","level":"INFO","node":1,"msg":"Proposal received: round=3 origin=3 hash=2a01a0c969f2..."}
{"time":"2026-07-22 12:17:21,089","level":"INFO","node":1,"msg":"Consensus vote recorded: node 3 decision=True reason=zkp_ok round=3 new=True satisfied=False"}
{"time":"2026-07-22 12:17:30,771","level":"INFO","node":1,"msg":"Consensus vote recorded: node 0 decision=True reason=zkp_ok round=3 new=True satisfied=False"}
{"time":"2026-07-22 12:17:36,871","level":"INFO","node":1,"msg":"Received update from node 0, round 3"}
{"time":"2026-07-22 12:17:46,614","level":"INFO","node":1,"msg":"ZKP ACCEPTED from node 0"}
{"time":"2026-07-22 12:17:46,625","level":"INFO","node":1,"msg":"Trust score for node 3: S=0.436 (Z=1.00 A=0.50 P=0.55 R=1.00) advisory only"}
{"time":"2026-07-22 12:17:46,638","level":"INFO","node":1,"msg":"Sent consensus vote to node 0"}
{"time":"2026-07-22 12:17:46,662","level":"INFO","node":1,"msg":"Sent consensus vote to node 2"}
{"time":"2026-07-22 12:17:46,674","level":"INFO","node":1,"msg":"Sent consensus vote to node 3"}
{"time":"2026-07-22 12:17:46,784","level":"WARNING","node":1,"msg":"ZKP norm violation (clipping applied): slack=-61254, retry=0"}
{"time":"2026-07-22 12:17:52,749","level":"INFO","node":1,"msg":"Forwarded to http://127.0.0.1:8002"}
{"time":"2026-07-22 12:18:02,507","level":"INFO","node":1,"msg":"Prediction agreement with node 2 round=3: A=0.962"}
{"time":"2026-07-22 12:18:02,508","level":"INFO","node":1,"msg":"Consensus vote recorded: node 2 decision=True reason=zkp_ok round=3 new=True satisfied=True"}
{"time":"2026-07-22 12:18:08,506","level":"INFO","node":1,"msg":"Synced weights from master for round 3"}
{"time":"2026-07-22 12:18:08,516","level":"INFO","node":1,"msg":"Sent commit vote to node 3"}
{"time":"2026-07-22 12:18:14,799","level":"INFO","node":1,"msg":"Proposal received: round=4 origin=0 hash=33c31c9212f0..."}
{"time":"2026-07-22 12:18:14,823","level":"INFO","node":1,"msg":"Consensus vote recorded: node 0 decision=True reason=zkp_ok round=4 new=True satisfied=False"}
{"time":"2026-07-22 12:18:14,849","level":"INFO","node":1,"msg":"Received update from node 0, round 4"}
{"time":"2026-07-22 12:18:24,565","level":"INFO","node":1,"msg":"ZKP ACCEPTED from node 0"}
{"time":"2026-07-22 12:18:24,572","level":"INFO","node":1,"msg":"Per-class agreement with node 0: class0=0.832 class1=0.726 gap=0.106"}
{"time":"2026-07-22 12:18:24,572","level":"INFO","node":1,"msg":"Per-class rolling gap for node 0: mean=0.106 over last 1 round(s)"}
{"time":"2026-07-22 12:18:24,576","level":"INFO","node":1,"msg":"Trust score for node 0: S=0.718 (Z=1.00 A=0.80 P=0.65 R=1.00) advisory only"}
{"time":"2026-07-22 12:18:24,589","level":"INFO","node":1,"msg":"Sent consensus vote to node 0"}
{"time":"2026-07-22 12:18:24,596","level":"INFO","node":1,"msg":"Sent consensus vote to node 2"}
{"time":"2026-07-22 12:18:24,625","level":"INFO","node":1,"msg":"Sent consensus vote to node 3"}
{"time":"2026-07-22 12:18:30,756","level":"INFO","node":1,"msg":"Forwarded to http://127.0.0.1:8002"}
{"time":"2026-07-22 12:18:40,375","level":"INFO","node":1,"msg":"Prediction agreement with node 2 round=4: A=0.945"}
{"time":"2026-07-22 12:18:40,376","level":"INFO","node":1,"msg":"Consensus vote recorded: node 2 decision=True reason=zkp_ok round=4 new=True satisfied=True"}
{"time":"2026-07-22 12:18:56,131","level":"INFO","node":1,"msg":"Prediction agreement with node 3 round=4: A=0.962"}
{"time":"2026-07-22 12:18:56,131","level":"INFO","node":1,"msg":"Consensus vote recorded: node 3 decision=True reason=zkp_ok round=4 new=True satisfied=True"}
{"time":"2026-07-22 12:19:02,269","level":"INFO","node":1,"msg":"Synced weights from master for round 4"}
{"time":"2026-07-22 12:19:02,286","level":"INFO","node":1,"msg":"Sent commit vote to node 0"}
{"time":"2026-07-22 12:19:02,394","level":"INFO","node":1,"msg":"My turn — starting round 6 as proposer."}
{"time":"2026-07-22 12:19:02,395","level":"INFO","node":1,"msg":"Starting round 6"}
{"time":"2026-07-22 12:19:02,514","level":"WARNING","node":1,"msg":"ZKP norm violation (clipping applied): slack=-395022, retry=0"}
{"time":"2026-07-22 12:19:08,749","level":"INFO","node":1,"msg":"Sent proposal to node 0"}
{"time":"2026-07-22 12:19:08,766","level":"INFO","node":1,"msg":"Sent proposal to node 2"}
{"time":"2026-07-22 12:19:08,771","level":"INFO","node":1,"msg":"Sent proposal to node 3"}
{"time":"2026-07-22 12:19:08,777","level":"INFO","node":1,"msg":"Sent consensus vote to node 0"}
{"time":"2026-07-22 12:19:08,780","level":"INFO","node":1,"msg":"Sent consensus vote to node 2"}
{"time":"2026-07-22 12:19:08,783","level":"INFO","node":1,"msg":"Sent consensus vote to node 3"}
{"time":"2026-07-22 12:19:08,787","level":"INFO","node":1,"msg":"Forwarded to http://127.0.0.1:8002"}
{"time":"2026-07-22 12:19:18,589","level":"INFO","node":1,"msg":"Consensus vote recorded: node 2 decision=True reason=zkp_ok round=5 new=True satisfied=False"}
{"time":"2026-07-22 12:19:34,300","level":"INFO","node":1,"msg":"Consensus vote recorded: node 3 decision=True reason=zkp_ok round=5 new=True satisfied=True"}
{"time":"2026-07-22 12:19:50,108","level":"INFO","node":1,"msg":"Consensus vote recorded: node 0 decision=True reason=zkp_ok round=5 new=True satisfied=True"}
{"time":"2026-07-22 12:19:56,285","level":"INFO","node":1,"msg":"Received update from node 0, round 5"}
{"time":"2026-07-22 12:19:56,285","level":"INFO","node":1,"msg":"Round 6 complete — aggregating"}
{"time":"2026-07-22 12:19:56,320","level":"INFO","node":1,"msg":"[BACKDOOR PROBE] Round 6 clean — worst case flip_rate=1.000 jump=0.109 (feature=0, value=-5.0)"}
{"time":"2026-07-22 12:19:56,335","level":"INFO","node":1,"msg":"Commit vote recorded: node 0 decision=True round=5 satisfied=False"}
{"time":"2026-07-22 12:19:56,337","level":"INFO","node":1,"msg":"Broadcast weights to node 0"}
{"time":"2026-07-22 12:19:56,366","level":"INFO","node":1,"msg":"Commit vote recorded: node 2 decision=True round=5 satisfied=True"}
{"time":"2026-07-22 12:19:56,367","level":"INFO","node":1,"msg":"Round 6 COMMITTED — model hash agreed by [1, 0, 2]"}
{"time":"2026-07-22 12:19:56,368","level":"INFO","node":1,"msg":"Commit certificate saved to C:\Users\mousu\OneDrive\Desktop\Set A\securefedhe\dashboard\certificates\round_5.json"}
{"time":"2026-07-22 12:19:56,370","level":"INFO","node":1,"msg":"Broadcast weights to node 2"}
{"time":"2026-07-22 12:19:56,399","level":"INFO","node":1,"msg":"Commit vote recorded: node 3 decision=True round=5 satisfied=True"}
{"time":"2026-07-22 12:19:56,402","level":"INFO","node":1,"msg":"Broadcast weights to node 3"}
{"time":"2026-07-22 12:19:56,404","level":"INFO","node":1,"msg":"Checkpoint saved to C:\Users\mousu\OneDrive\Desktop\Set A\securefedhe\dashboard\model_latest.pt"}
{"time":"2026-07-22 12:19:56,404","level":"INFO","node":1,"msg":"Round 6 complete | accuracy=0.7364 | duration=54.01s"}
{"time":"2026-07-22 12:19:56,405","level":"INFO","node":1,"msg":"Round 7 belongs to node 2 — waiting for their proposal."}
{"time":"2026-07-22 12:19:56,408","level":"INFO","node":1,"msg":"Notified next proposer to node 2"}
{"time":"2026-07-22 12:19:56,409","level":"INFO","node":1,"msg":"[WATCHDOG SPAWNED] round=6 expected_proposer=2 timeout_s=600 spawned_at=12:19:56"}
{"time":"2026-07-22 12:20:02,484","level":"INFO","node":1,"msg":"Proposal received: round=6 origin=2 hash=fbba826ee4cc..."}
{"time":"2026-07-22 12:20:02,514","level":"INFO","node":1,"msg":"Consensus vote recorded: node 2 decision=True reason=zkp_ok round=6 new=True satisfied=False"}
{"time":"2026-07-22 12:20:12,383","level":"INFO","node":1,"msg":"Consensus vote recorded: node 3 decision=True reason=zkp_ok round=6 new=True satisfied=False"}
{"time":"2026-07-22 12:20:28,017","level":"INFO","node":1,"msg":"Consensus vote recorded: node 0 decision=True reason=zkp_ok round=6 new=True satisfied=True"}
{"time":"2026-07-22 12:20:33,988","level":"INFO","node":1,"msg":"Received update from node 0, round 6"}
{"time":"2026-07-22 12:20:43,814","level":"INFO","node":1,"msg":"ZKP ACCEPTED from node 0"}
{"time":"2026-07-22 12:20:43,815","level":"WARNING","node":1,"msg":"[STALE-UPDATE CHECK] node 1 observed node 2 resending identical slack (238939) as last round — REJECTING as replayed/stale update"}
{"time":"2026-07-22 12:20:43,816","level":"INFO","node":1,"msg":"Per-class agreement with node 2: class0=0.939 class1=0.952 gap=0.013"}
{"time":"2026-07-22 12:20:43,816","level":"INFO","node":1,"msg":"Per-class rolling gap for node 2: mean=0.013 over last 1 round(s)"}
{"time":"2026-07-22 12:20:43,820","level":"INFO","node":1,"msg":"Trust score for node 2: S=0.828 (Z=1.00 A=0.94 P=0.57 R=1.00) advisory only"}
{"time":"2026-07-22 12:20:43,831","level":"INFO","node":1,"msg":"Sent consensus vote to node 0"}
{"time":"2026-07-22 12:20:43,839","level":"INFO","node":1,"msg":"Sent consensus vote to node 2"}
{"time":"2026-07-22 12:20:43,853","level":"INFO","node":1,"msg":"Sent consensus vote to node 3"}
{"time":"2026-07-22 12:20:49,989","level":"INFO","node":1,"msg":"Forwarded to http://127.0.0.1:8002"}
{"time":"2026-07-22 12:20:50,058","level":"INFO","node":1,"msg":"Synced weights from master for round 6"}
{"time":"2026-07-22 12:20:50,069","level":"INFO","node":1,"msg":"Sent commit vote to node 2"}
{"time":"2026-07-22 12:20:56,205","level":"INFO","node":1,"msg":"Proposal received: round=7 origin=3 hash=6969e02097c6..."}
{"time":"2026-07-22 12:20:56,228","level":"INFO","node":1,"msg":"Consensus vote recorded: node 3 decision=True reason=zkp_ok round=7 new=True satisfied=False"}
{"time":"2026-07-22 12:21:05,860","level":"INFO","node":1,"msg":"Consensus vote recorded: node 0 decision=True reason=zkp_ok round=7 new=True satisfied=False"}
{"time":"2026-07-22 12:21:11,949","level":"INFO","node":1,"msg":"Received update from node 0, round 7"}
{"time":"2026-07-22 12:21:21,736","level":"INFO","node":1,"msg":"ZKP ACCEPTED from node 0"}
{"time":"2026-07-22 12:21:21,745","level":"INFO","node":1,"msg":"Per-class agreement with node 3: class0=0.951 class1=0.941 gap=0.010"}
{"time":"2026-07-22 12:21:21,745","level":"INFO","node":1,"msg":"Per-class rolling gap for node 3: mean=0.010 over last 1 round(s)"}
{"time":"2026-07-22 12:21:21,748","level":"INFO","node":1,"msg":"Trust score for node 3: S=0.862 (Z=1.00 A=0.95 P=0.68 R=1.00) advisory only"}
{"time":"2026-07-22 12:21:21,760","level":"INFO","node":1,"msg":"Sent consensus vote to node 0"}
{"time":"2026-07-22 12:21:21,784","level":"INFO","node":1,"msg":"Sent consensus vote to node 2"}
{"time":"2026-07-22 12:21:21,795","level":"INFO","node":1,"msg":"Sent consensus vote to node 3"}
{"time":"2026-07-22 12:21:27,931","level":"INFO","node":1,"msg":"Forwarded to http://127.0.0.1:8002"}
{"time":"2026-07-22 12:21:37,790","level":"INFO","node":1,"msg":"Prediction agreement with node 2 round=7: A=0.957"}
{"time":"2026-07-22 12:21:37,793","level":"INFO","node":1,"msg":"Consensus vote recorded: node 2 decision=True reason=zkp_ok round=7 new=True satisfied=True"}
{"time":"2026-07-22 12:21:43,869","level":"INFO","node":1,"msg":"Synced weights from master for round 7"}
{"time":"2026-07-22 12:21:43,881","level":"INFO","node":1,"msg":"Sent commit vote to node 3"}
{"time":"2026-07-22 12:21:50,058","level":"INFO","node":1,"msg":"Proposal received: round=8 origin=0 hash=7ea264b920c5..."}
{"time":"2026-07-22 12:21:50,071","level":"INFO","node":1,"msg":"Consensus vote recorded: node 0 decision=True reason=zkp_ok round=8 new=True satisfied=False"}
{"time":"2026-07-22 12:21:50,095","level":"INFO","node":1,"msg":"Received update from node 0, round 8"}
{"time":"2026-07-22 12:21:59,859","level":"INFO","node":1,"msg":"ZKP ACCEPTED from node 0"}
{"time":"2026-07-22 12:21:59,859","level":"INFO","node":1,"msg":"fc_in col7 delta self-cosine for node 0: 0.2169 (delta_norm=0.4346)"}
{"time":"2026-07-22 12:21:59,872","level":"INFO","node":1,"msg":"Per-class agreement with node 0: class0=0.955 class1=0.938 gap=0.017"}
{"time":"2026-07-22 12:21:59,872","level":"INFO","node":1,"msg":"Per-class rolling gap for node 0: mean=0.062 over last 2 round(s)"}
{"time":"2026-07-22 12:21:59,877","level":"INFO","node":1,"msg":"Trust score for node 0: S=0.853 (Z=1.00 A=0.95 P=0.65 R=1.00) advisory only"}
{"time":"2026-07-22 12:21:59,904","level":"INFO","node":1,"msg":"Sent consensus vote to node 0"}
{"time":"2026-07-22 12:21:59,931","level":"INFO","node":1,"msg":"Sent consensus vote to node 2"}
{"time":"2026-07-22 12:21:59,962","level":"INFO","node":1,"msg":"Sent consensus vote to node 3"}
{"time":"2026-07-22 12:22:06,092","level":"INFO","node":1,"msg":"Forwarded to http://127.0.0.1:8002"}
{"time":"2026-07-22 12:22:15,774","level":"INFO","node":1,"msg":"Prediction agreement with node 2 round=8: A=0.940"}
{"time":"2026-07-22 12:22:15,774","level":"INFO","node":1,"msg":"Consensus vote recorded: node 2 decision=True reason=zkp_ok round=8 new=True satisfied=True"}
{"time":"2026-07-22 12:22:31,522","level":"INFO","node":1,"msg":"Prediction agreement with node 3 round=8: A=0.967"}
{"time":"2026-07-22 12:22:31,523","level":"INFO","node":1,"msg":"Consensus vote recorded: node 3 decision=True reason=zkp_ok round=8 new=True satisfied=True"}
{"time":"2026-07-22 12:22:37,617","level":"INFO","node":1,"msg":"Synced weights from master for round 8"}
{"time":"2026-07-22 12:22:37,637","level":"INFO","node":1,"msg":"Sent commit vote to node 0"}
{"time":"2026-07-22 12:22:37,681","level":"INFO","node":1,"msg":"My turn — starting round 10 as proposer."}
{"time":"2026-07-22 12:22:37,682","level":"INFO","node":1,"msg":"Starting round 10"}
{"time":"2026-07-22 12:22:37,835","level":"WARNING","node":1,"msg":"ZKP norm violation (clipping applied): slack=-54528, retry=0"}
{"time":"2026-07-22 12:22:44,011","level":"INFO","node":1,"msg":"Sent proposal to node 0"}
{"time":"2026-07-22 12:22:44,011","level":"INFO","node":1,"msg":"Sent proposal to node 2"}
{"time":"2026-07-22 12:22:44,011","level":"INFO","node":1,"msg":"Sent proposal to node 3"}
{"time":"2026-07-22 12:22:44,030","level":"INFO","node":1,"msg":"Sent consensus vote to node 0"}
{"time":"2026-07-22 12:22:44,034","level":"INFO","node":1,"msg":"Sent consensus vote to node 2"}
{"time":"2026-07-22 12:22:44,038","level":"INFO","node":1,"msg":"Sent consensus vote to node 3"}
{"time":"2026-07-22 12:22:44,043","level":"INFO","node":1,"msg":"Forwarded to http://127.0.0.1:8002"}
{"time":"2026-07-22 12:22:53,812","level":"INFO","node":1,"msg":"Consensus vote recorded: node 2 decision=True reason=zkp_ok round=9 new=True satisfied=False"}
{"time":"2026-07-22 12:23:09,689","level":"INFO","node":1,"msg":"Consensus vote recorded: node 3 decision=True reason=zkp_ok round=9 new=True satisfied=True"}
{"time":"2026-07-22 12:23:25,544","level":"INFO","node":1,"msg":"Consensus vote recorded: node 0 decision=True reason=zkp_ok round=9 new=True satisfied=True"}
{"time":"2026-07-22 12:23:31,408","level":"INFO","node":1,"msg":"Received update from node 0, round 9"}
{"time":"2026-07-22 12:23:31,408","level":"INFO","node":1,"msg":"Round 10 complete — aggregating"}
{"time":"2026-07-22 12:23:31,440","level":"WARNING","node":1,"msg":"[BACKDOOR PROBE] Round 10 SUSPICIOUS: feature=1 value=-4.0 forces class=0 flip_rate=1.000 jump=0.318 (thresholds: flip>0.7, jump>0.3)"}
{"time":"2026-07-22 12:23:31,471","level":"INFO","node":1,"msg":"Commit vote recorded: node 0 decision=True round=9 satisfied=False"}
{"time":"2026-07-22 12:23:31,473","level":"INFO","node":1,"msg":"Broadcast weights to node 0"}
{"time":"2026-07-22 12:23:31,488","level":"INFO","node":1,"msg":"Commit vote recorded: node 2 decision=True round=9 satisfied=True"}
{"time":"2026-07-22 12:23:31,488","level":"INFO","node":1,"msg":"Round 10 COMMITTED — model hash agreed by [1, 0, 2]"}
{"time":"2026-07-22 12:23:31,489","level":"INFO","node":1,"msg":"Commit certificate saved to C:\Users\mousu\OneDrive\Desktop\Set A\securefedhe\dashboard\certificates\round_9.json"}
{"time":"2026-07-22 12:23:31,491","level":"INFO","node":1,"msg":"Broadcast weights to node 2"}
{"time":"2026-07-22 12:23:31,507","level":"INFO","node":1,"msg":"Commit vote recorded: node 3 decision=True round=9 satisfied=True"}
{"time":"2026-07-22 12:23:31,509","level":"INFO","node":1,"msg":"Broadcast weights to node 3"}
{"time":"2026-07-22 12:23:31,510","level":"INFO","node":1,"msg":"Checkpoint saved to C:\Users\mousu\OneDrive\Desktop\Set A\securefedhe\dashboard\model_latest.pt"}
{"time":"2026-07-22 12:23:31,511","level":"INFO","node":1,"msg":"Round 10 complete | accuracy=0.8364 | duration=53.83s"}
{"time":"2026-07-22 12:23:31,511","level":"INFO","node":1,"msg":"Round 11 belongs to node 2 — waiting for their proposal."}
{"time":"2026-07-22 12:23:31,514","level":"INFO","node":1,"msg":"Notified next proposer to node 2"}
{"time":"2026-07-22 12:23:31,515","level":"INFO","node":1,"msg":"[WATCHDOG SPAWNED] round=10 expected_proposer=2 timeout_s=600 spawned_at=12:23:31"}
{"time":"2026-07-22 12:23:37,556","level":"INFO","node":1,"msg":"Proposal received: round=10 origin=2 hash=db0a2203f8a5..."}
{"time":"2026-07-22 12:23:37,592","level":"INFO","node":1,"msg":"Consensus vote recorded: node 2 decision=True reason=zkp_ok round=10 new=True satisfied=False"}
{"time":"2026-07-22 12:23:47,488","level":"INFO","node":1,"msg":"Consensus vote recorded: node 3 decision=True reason=zkp_ok round=10 new=True satisfied=False"}
{"time":"2026-07-22 12:24:03,309","level":"INFO","node":1,"msg":"Consensus vote recorded: node 0 decision=True reason=zkp_ok round=10 new=True satisfied=True"}
{"time":"2026-07-22 12:24:09,439","level":"INFO","node":1,"msg":"Received update from node 0, round 10"}
{"time":"2026-07-22 12:24:19,121","level":"INFO","node":1,"msg":"ZKP ACCEPTED from node 0"}
{"time":"2026-07-22 12:24:19,121","level":"WARNING","node":1,"msg":"[STALE-UPDATE CHECK] node 1 observed node 2 resending identical slack (238939) as last round — REJECTING as replayed/stale update"}
{"time":"2026-07-22 12:24:19,123","level":"INFO","node":1,"msg":"fc_in col7 delta self-cosine for node 2: 0.6326 (delta_norm=0.2191)"}
{"time":"2026-07-22 12:24:19,125","level":"INFO","node":1,"msg":"Per-class agreement with node 2: class0=0.969 class1=0.957 gap=0.013"}
{"time":"2026-07-22 12:24:19,125","level":"INFO","node":1,"msg":"Per-class rolling gap for node 2: mean=0.013 over last 2 round(s)"}
{"time":"2026-07-22 12:24:19,127","level":"INFO","node":1,"msg":"Trust score for node 2: S=0.827 (Z=1.00 A=0.97 P=0.50 R=1.00) advisory only"}
{"time":"2026-07-22 12:24:19,139","level":"INFO","node":1,"msg":"Sent consensus vote to node 0"}
{"time":"2026-07-22 12:24:19,166","level":"INFO","node":1,"msg":"Sent consensus vote to node 2"}
{"time":"2026-07-22 12:24:19,209","level":"INFO","node":1,"msg":"Sent consensus vote to node 3"}
{"time":"2026-07-22 12:24:25,442","level":"INFO","node":1,"msg":"Forwarded to http://127.0.0.1:8002"}
{"time":"2026-07-22 12:24:25,511","level":"INFO","node":1,"msg":"Synced weights from master for round 10"}
{"time":"2026-07-22 12:24:25,520","level":"INFO","node":1,"msg":"Sent commit vote to node 2"}
{"time":"2026-07-22 12:24:31,718","level":"INFO","node":1,"msg":"Proposal received: round=11 origin=3 hash=aace6db95f50..."}
{"time":"2026-07-22 12:24:31,744","level":"INFO","node":1,"msg":"Consensus vote recorded: node 3 decision=True reason=zkp_ok round=11 new=True satisfied=False"}
{"time":"2026-07-22 12:24:41,462","level":"INFO","node":1,"msg":"Consensus vote recorded: node 0 decision=True reason=zkp_ok round=11 new=True satisfied=False"}
{"time":"2026-07-22 12:24:47,497","level":"INFO","node":1,"msg":"Received update from node 0, round 11"}
{"time":"2026-07-22 12:24:57,159","level":"INFO","node":1,"msg":"ZKP ACCEPTED from node 0"}
{"time":"2026-07-22 12:24:57,159","level":"INFO","node":1,"msg":"fc_in col7 delta self-cosine for node 3: 0.6629 (delta_norm=0.2719)"}
{"time":"2026-07-22 12:24:57,164","level":"INFO","node":1,"msg":"Per-class agreement with node 3: class0=0.976 class1=0.951 gap=0.025"}
{"time":"2026-07-22 12:24:57,164","level":"INFO","node":1,"msg":"Per-class rolling gap for node 3: mean=0.018 over last 2 round(s)"}
{"time":"2026-07-22 12:24:57,164","level":"INFO","node":1,"msg":"Trust score for node 3: S=0.819 (Z=1.00 A=0.97 P=0.46 R=1.00) advisory only"}
{"time":"2026-07-22 12:24:57,176","level":"INFO","node":1,"msg":"Sent consensus vote to node 0"}
{"time":"2026-07-22 12:24:57,196","level":"INFO","node":1,"msg":"Sent consensus vote to node 2"}
{"time":"2026-07-22 12:24:57,208","level":"INFO","node":1,"msg":"Sent consensus vote to node 3"}
{"time":"2026-07-22 12:25:03,453","level":"INFO","node":1,"msg":"Forwarded to http://127.0.0.1:8002"}
{"time":"2026-07-22 12:25:13,304","level":"INFO","node":1,"msg":"Prediction agreement with node 2 round=11: A=0.952"}
{"time":"2026-07-22 12:25:13,306","level":"INFO","node":1,"msg":"Consensus vote recorded: node 2 decision=True reason=zkp_ok round=11 new=True satisfied=True"}
{"time":"2026-07-22 12:25:19,417","level":"INFO","node":1,"msg":"Synced weights from master for round 11"}
{"time":"2026-07-22 12:25:19,430","level":"INFO","node":1,"msg":"Sent commit vote to node 3"}
{"time":"2026-07-22 12:25:25,487","level":"INFO","node":1,"msg":"Proposal received: round=12 origin=0 hash=ba99fb05f4e3..."}
{"time":"2026-07-22 12:25:25,512","level":"INFO","node":1,"msg":"Consensus vote recorded: node 0 decision=True reason=zkp_ok round=12 new=True satisfied=False"}
{"time":"2026-07-22 12:25:25,532","level":"INFO","node":1,"msg":"Received update from node 0, round 12"}
{"time":"2026-07-22 12:25:35,162","level":"INFO","node":1,"msg":"ZKP ACCEPTED from node 0"}
{"time":"2026-07-22 12:25:35,162","level":"INFO","node":1,"msg":"fc_in col7 delta self-cosine for node 0: 0.3789 (delta_norm=0.2739)"}
{"time":"2026-07-22 12:25:35,167","level":"INFO","node":1,"msg":"Per-class agreement with node 0: class0=0.979 class1=0.977 gap=0.001"}
{"time":"2026-07-22 12:25:35,167","level":"INFO","node":1,"msg":"Per-class rolling gap for node 0: mean=0.042 over last 3 round(s)"}
{"time":"2026-07-22 12:25:35,169","level":"INFO","node":1,"msg":"Trust score for node 0: S=0.849 (Z=1.00 A=0.98 P=0.54 R=1.00) advisory only"}
{"time":"2026-07-22 12:25:35,179","level":"INFO","node":1,"msg":"Sent consensus vote to node 0"}
{"time":"2026-07-22 12:25:35,203","level":"INFO","node":1,"msg":"Sent consensus vote to node 2"}
{"time":"2026-07-22 12:25:35,213","level":"INFO","node":1,"msg":"Sent consensus vote to node 3"}
{"time":"2026-07-22 12:25:41,336","level":"INFO","node":1,"msg":"Forwarded to http://127.0.0.1:8002"}
{"time":"2026-07-22 12:25:50,972","level":"INFO","node":1,"msg":"Prediction agreement with node 2 round=12: A=0.933"}
{"time":"2026-07-22 12:25:50,973","level":"INFO","node":1,"msg":"Consensus vote recorded: node 2 decision=True reason=zkp_ok round=12 new=True satisfied=True"}
{"time":"2026-07-22 12:26:06,745","level":"INFO","node":1,"msg":"Prediction agreement with node 3 round=12: A=0.962"}
{"time":"2026-07-22 12:26:06,746","level":"INFO","node":1,"msg":"Consensus vote recorded: node 3 decision=True reason=zkp_ok round=12 new=True satisfied=True"}
{"time":"2026-07-22 12:26:12,686","level":"INFO","node":1,"msg":"Synced weights from master for round 12"}
{"time":"2026-07-22 12:26:12,697","level":"INFO","node":1,"msg":"Sent commit vote to node 0"}
{"time":"2026-07-22 12:26:12,742","level":"INFO","node":1,"msg":"My turn — starting round 14 as proposer."}
{"time":"2026-07-22 12:26:12,743","level":"INFO","node":1,"msg":"Starting round 14"}
{"time":"2026-07-22 12:26:12,927","level":"WARNING","node":1,"msg":"ZKP norm violation (clipping applied): slack=-484826, retry=0"}
{"time":"2026-07-22 12:26:19,058","level":"INFO","node":1,"msg":"Sent proposal to node 0"}
{"time":"2026-07-22 12:26:19,079","level":"INFO","node":1,"msg":"Sent proposal to node 2"}
{"time":"2026-07-22 12:26:19,088","level":"INFO","node":1,"msg":"Sent proposal to node 3"}
{"time":"2026-07-22 12:26:19,097","level":"INFO","node":1,"msg":"Sent consensus vote to node 0"}
{"time":"2026-07-22 12:26:19,100","level":"INFO","node":1,"msg":"Sent consensus vote to node 2"}
{"time":"2026-07-22 12:26:19,104","level":"INFO","node":1,"msg":"Sent consensus vote to node 3"}
{"time":"2026-07-22 12:26:19,108","level":"INFO","node":1,"msg":"Forwarded to http://127.0.0.1:8002"}
{"time":"2026-07-22 12:26:28,943","level":"INFO","node":1,"msg":"Consensus vote recorded: node 2 decision=True reason=zkp_ok round=13 new=True satisfied=False"}
{"time":"2026-07-22 12:26:44,715","level":"INFO","node":1,"msg":"Consensus vote recorded: node 3 decision=True reason=zkp_ok round=13 new=True satisfied=True"}
{"time":"2026-07-22 12:27:00,356","level":"INFO","node":1,"msg":"Consensus vote recorded: node 0 decision=True reason=zkp_ok round=13 new=True satisfied=True"}
{"time":"2026-07-22 12:27:06,260","level":"INFO","node":1,"msg":"Received update from node 0, round 13"}
{"time":"2026-07-22 12:27:06,260","level":"INFO","node":1,"msg":"Round 14 complete — aggregating"}
{"time":"2026-07-22 12:27:06,284","level":"INFO","node":1,"msg":"[BACKDOOR PROBE] Round 14 clean — worst case flip_rate=1.000 jump=0.273 (feature=1, value=-4.0)"}
{"time":"2026-07-22 12:27:06,315","level":"INFO","node":1,"msg":"Commit vote recorded: node 0 decision=True round=13 satisfied=False"}
{"time":"2026-07-22 12:27:06,317","level":"INFO","node":1,"msg":"Broadcast weights to node 0"}
{"time":"2026-07-22 12:27:06,332","level":"INFO","node":1,"msg":"Commit vote recorded: node 2 decision=True round=13 satisfied=True"}
{"time":"2026-07-22 12:27:06,333","level":"INFO","node":1,"msg":"Round 14 COMMITTED — model hash agreed by [1, 0, 2]"}
{"time":"2026-07-22 12:27:06,336","level":"INFO","node":1,"msg":"Commit certificate saved to C:\Users\mousu\OneDrive\Desktop\Set A\securefedhe\dashboard\certificates\round_13.json"}
{"time":"2026-07-22 12:27:06,342","level":"INFO","node":1,"msg":"Broadcast weights to node 2"}
{"time":"2026-07-22 12:27:06,389","level":"INFO","node":1,"msg":"Commit vote recorded: node 3 decision=True round=13 satisfied=True"}
{"time":"2026-07-22 12:27:06,391","level":"INFO","node":1,"msg":"Broadcast weights to node 3"}
{"time":"2026-07-22 12:27:06,393","level":"INFO","node":1,"msg":"Checkpoint saved to C:\Users\mousu\OneDrive\Desktop\Set A\securefedhe\dashboard\model_latest.pt"}
{"time":"2026-07-22 12:27:06,393","level":"INFO","node":1,"msg":"Round 14 complete | accuracy=0.8091 | duration=53.65s"}
{"time":"2026-07-22 12:27:06,393","level":"INFO","node":1,"msg":"Round 15 belongs to node 2 — waiting for their proposal."}
{"time":"2026-07-22 12:27:06,397","level":"INFO","node":1,"msg":"Notified next proposer to node 2"}
{"time":"2026-07-22 12:27:06,397","level":"INFO","node":1,"msg":"[WATCHDOG SPAWNED] round=14 expected_proposer=2 timeout_s=600 spawned_at=12:27:06"}
{"time":"2026-07-22 12:27:12,496","level":"INFO","node":1,"msg":"Proposal received: round=14 origin=2 hash=ade4d5c17b18..."}
{"time":"2026-07-22 12:27:12,535","level":"INFO","node":1,"msg":"Consensus vote recorded: node 2 decision=True reason=zkp_ok round=14 new=True satisfied=False"}
{"time":"2026-07-22 12:27:22,376","level":"INFO","node":1,"msg":"Consensus vote recorded: node 3 decision=True reason=zkp_ok round=14 new=True satisfied=False"}
{"time":"2026-07-22 12:27:38,066","level":"INFO","node":1,"msg":"Consensus vote recorded: node 0 decision=True reason=zkp_ok round=14 new=True satisfied=True"}
{"time":"2026-07-22 12:27:44,037","level":"INFO","node":1,"msg":"Received update from node 0, round 14"}
{"time":"2026-07-22 12:27:53,828","level":"INFO","node":1,"msg":"ZKP ACCEPTED from node 0"}
{"time":"2026-07-22 12:27:53,828","level":"WARNING","node":1,"msg":"[STALE-UPDATE CHECK] node 1 observed node 2 resending identical slack (238939) as last round — REJECTING as replayed/stale update"}
{"time":"2026-07-22 12:27:53,828","level":"INFO","node":1,"msg":"fc_in col7 delta self-cosine for node 2: 0.2261 (delta_norm=0.1284)"}
{"time":"2026-07-22 12:27:53,842","level":"INFO","node":1,"msg":"Per-class agreement with node 2: class0=0.983 class1=0.979 gap=0.005"}
{"time":"2026-07-22 12:27:53,842","level":"INFO","node":1,"msg":"Per-class rolling gap for node 2: mean=0.010 over last 3 round(s)"}
{"time":"2026-07-22 12:27:53,846","level":"INFO","node":1,"msg":"Trust score for node 2: S=0.836 (Z=1.00 A=0.98 P=0.48 R=1.00) advisory only"}
{"time":"2026-07-22 12:27:53,865","level":"INFO","node":1,"msg":"Sent consensus vote to node 0"}
{"time":"2026-07-22 12:27:53,878","level":"INFO","node":1,"msg":"Sent consensus vote to node 2"}
{"time":"2026-07-22 12:27:53,908","level":"INFO","node":1,"msg":"Sent consensus vote to node 3"}
{"time":"2026-07-22 12:27:54,014","level":"WARNING","node":1,"msg":"ZKP norm violation (clipping applied): slack=-60000, retry=0"}
{"time":"2026-07-22 12:27:59,994","level":"INFO","node":1,"msg":"Forwarded to http://127.0.0.1:8002"}
{"time":"2026-07-22 12:28:00,098","level":"INFO","node":1,"msg":"Synced weights from master for round 14"}
{"time":"2026-07-22 12:28:00,106","level":"INFO","node":1,"msg":"Sent commit vote to node 2"}
{"time":"2026-07-22 12:28:06,039","level":"INFO","node":1,"msg":"Proposal received: round=15 origin=3 hash=461e4190ec79..."}
{"time":"2026-07-22 12:28:06,062","level":"INFO","node":1,"msg":"Consensus vote recorded: node 3 decision=True reason=zkp_ok round=15 new=True satisfied=False"}
{"time":"2026-07-22 12:28:15,923","level":"INFO","node":1,"msg":"Consensus vote recorded: node 0 decision=True reason=zkp_ok round=15 new=True satisfied=False"}
{"time":"2026-07-22 12:28:21,887","level":"INFO","node":1,"msg":"Received update from node 0, round 15"}
{"time":"2026-07-22 12:28:31,703","level":"INFO","node":1,"msg":"ZKP ACCEPTED from node 0"}
{"time":"2026-07-22 12:28:31,703","level":"INFO","node":1,"msg":"fc_in col7 delta self-cosine for node 3: 0.1082 (delta_norm=0.2030)"}
{"time":"2026-07-22 12:28:31,719","level":"INFO","node":1,"msg":"Per-class agreement with node 3: class0=0.978 class1=0.976 gap=0.002"}
{"time":"2026-07-22 12:28:31,719","level":"INFO","node":1,"msg":"Per-class rolling gap for node 3: mean=0.012 over last 3 round(s)"}
{"time":"2026-07-22 12:28:31,721","level":"INFO","node":1,"msg":"Trust score for node 3: S=0.848 (Z=1.00 A=0.98 P=0.54 R=1.00) advisory only"}
{"time":"2026-07-22 12:28:31,731","level":"INFO","node":1,"msg":"Sent consensus vote to node 0"}
{"time":"2026-07-22 12:28:31,755","level":"INFO","node":1,"msg":"Sent consensus vote to node 2"}
{"time":"2026-07-22 12:28:31,780","level":"INFO","node":1,"msg":"Sent consensus vote to node 3"}
{"time":"2026-07-22 12:28:37,970","level":"INFO","node":1,"msg":"Forwarded to http://127.0.0.1:8002"}
{"time":"2026-07-22 12:28:47,704","level":"INFO","node":1,"msg":"Prediction agreement with node 2 round=15: A=0.960"}
{"time":"2026-07-22 12:28:47,704","level":"INFO","node":1,"msg":"Consensus vote recorded: node 2 decision=True reason=zkp_ok round=15 new=True satisfied=True"}
{"time":"2026-07-22 12:28:53,779","level":"INFO","node":1,"msg":"Synced weights from master for round 15"}
{"time":"2026-07-22 12:28:53,798","level":"INFO","node":1,"msg":"Sent commit vote to node 3"}
{"time":"2026-07-22 12:28:59,891","level":"INFO","node":1,"msg":"Proposal received: round=16 origin=0 hash=28017c4ca85a..."}
{"time":"2026-07-22 12:28:59,935","level":"INFO","node":1,"msg":"Consensus vote recorded: node 0 decision=True reason=zkp_ok round=16 new=True satisfied=False"}
{"time":"2026-07-22 12:28:59,947","level":"INFO","node":1,"msg":"Received update from node 0, round 16"}
{"time":"2026-07-22 12:29:09,501","level":"INFO","node":1,"msg":"ZKP ACCEPTED from node 0"}
{"time":"2026-07-22 12:29:09,501","level":"INFO","node":1,"msg":"fc_in col7 delta self-cosine for node 0: -0.1442 (delta_norm=0.2168)"}
{"time":"2026-07-22 12:29:09,505","level":"INFO","node":1,"msg":"Per-class agreement with node 0: class0=0.978 class1=0.969 gap=0.009"}
{"time":"2026-07-22 12:29:09,505","level":"INFO","node":1,"msg":"Per-class rolling gap for node 0: mean=0.034 over last 4 round(s)"}
{"time":"2026-07-22 12:29:09,507","level":"INFO","node":1,"msg":"Trust score for node 0: S=0.841 (Z=1.00 A=0.98 P=0.52 R=1.00) advisory only"}
{"time":"2026-07-22 12:29:09,521","level":"INFO","node":1,"msg":"Sent consensus vote to node 0"}
{"time":"2026-07-22 12:29:09,549","level":"INFO","node":1,"msg":"Sent consensus vote to node 2"}
{"time":"2026-07-22 12:29:09,562","level":"INFO","node":1,"msg":"Sent consensus vote to node 3"}
{"time":"2026-07-22 12:29:09,672","level":"WARNING","node":1,"msg":"ZKP norm violation (clipping applied): slack=-160471, retry=0"}
{"time":"2026-07-22 12:29:15,700","level":"INFO","node":1,"msg":"Forwarded to http://127.0.0.1:8002"}
{"time":"2026-07-22 12:29:25,415","level":"INFO","node":1,"msg":"Prediction agreement with node 2 round=16: A=0.920"}
{"time":"2026-07-22 12:29:25,417","level":"INFO","node":1,"msg":"Consensus vote recorded: node 2 decision=True reason=zkp_ok round=16 new=True satisfied=True"}
{"time":"2026-07-22 12:29:41,140","level":"INFO","node":1,"msg":"Prediction agreement with node 3 round=16: A=0.959"}
{"time":"2026-07-22 12:29:41,141","level":"INFO","node":1,"msg":"Consensus vote recorded: node 3 decision=True reason=zkp_ok round=16 new=True satisfied=True"}
{"time":"2026-07-22 12:29:47,101","level":"INFO","node":1,"msg":"Synced weights from master for round 16"}
{"time":"2026-07-22 12:29:47,115","level":"INFO","node":1,"msg":"Sent commit vote to node 0"}
{"time":"2026-07-22 12:29:47,194","level":"INFO","node":1,"msg":"My turn — starting round 18 as proposer."}
{"time":"2026-07-22 12:29:47,195","level":"INFO","node":1,"msg":"Starting round 18"}
{"time":"2026-07-22 12:29:53,482","level":"INFO","node":1,"msg":"Sent proposal to node 0"}
{"time":"2026-07-22 12:29:53,497","level":"INFO","node":1,"msg":"Sent proposal to node 2"}
{"time":"2026-07-22 12:29:53,502","level":"INFO","node":1,"msg":"Sent proposal to node 3"}
{"time":"2026-07-22 12:29:53,508","level":"INFO","node":1,"msg":"Sent consensus vote to node 0"}
{"time":"2026-07-22 12:29:53,513","level":"INFO","node":1,"msg":"Sent consensus vote to node 2"}
{"time":"2026-07-22 12:29:53,516","level":"INFO","node":1,"msg":"Sent consensus vote to node 3"}
{"time":"2026-07-22 12:29:53,522","level":"INFO","node":1,"msg":"Forwarded to http://127.0.0.1:8002"}
{"time":"2026-07-22 12:30:03,310","level":"INFO","node":1,"msg":"Consensus vote recorded: node 2 decision=True reason=zkp_ok round=17 new=True satisfied=False"}
{"time":"2026-07-22 12:30:19,126","level":"INFO","node":1,"msg":"Consensus vote recorded: node 3 decision=True reason=zkp_ok round=17 new=True satisfied=True"}
{"time":"2026-07-22 12:30:35,136","level":"INFO","node":1,"msg":"Consensus vote recorded: node 0 decision=True reason=zkp_ok round=17 new=True satisfied=True"}
{"time":"2026-07-22 12:30:41,074","level":"INFO","node":1,"msg":"Received update from node 0, round 17"}
{"time":"2026-07-22 12:30:41,074","level":"INFO","node":1,"msg":"Round 18 complete — aggregating"}
{"time":"2026-07-22 12:30:41,111","level":"INFO","node":1,"msg":"[BACKDOOR PROBE] Round 18 clean — worst case flip_rate=1.000 jump=0.191 (feature=1, value=-4.0)"}
{"time":"2026-07-22 12:30:41,125","level":"INFO","node":1,"msg":"Commit vote recorded: node 0 decision=True round=17 satisfied=False"}
{"time":"2026-07-22 12:30:41,128","level":"INFO","node":1,"msg":"Broadcast weights to node 0"}
{"time":"2026-07-22 12:30:41,161","level":"INFO","node":1,"msg":"Commit vote recorded: node 2 decision=True round=17 satisfied=True"}
{"time":"2026-07-22 12:30:41,162","level":"INFO","node":1,"msg":"Round 18 COMMITTED — model hash agreed by [1, 0, 2]"}
{"time":"2026-07-22 12:30:41,163","level":"INFO","node":1,"msg":"Commit certificate saved to C:\Users\mousu\OneDrive\Desktop\Set A\securefedhe\dashboard\certificates\round_17.json"}
{"time":"2026-07-22 12:30:41,165","level":"INFO","node":1,"msg":"Broadcast weights to node 2"}
{"time":"2026-07-22 12:30:41,191","level":"INFO","node":1,"msg":"Commit vote recorded: node 3 decision=True round=17 satisfied=True"}
{"time":"2026-07-22 12:30:41,193","level":"INFO","node":1,"msg":"Broadcast weights to node 3"}
{"time":"2026-07-22 12:30:41,195","level":"INFO","node":1,"msg":"Checkpoint saved to C:\Users\mousu\OneDrive\Desktop\Set A\securefedhe\dashboard\model_latest.pt"}
{"time":"2026-07-22 12:30:41,195","level":"INFO","node":1,"msg":"Round 18 complete | accuracy=0.7818 | duration=54.00s"}
{"time":"2026-07-22 12:30:41,195","level":"INFO","node":1,"msg":"Round 19 belongs to node 2 — waiting for their proposal."}
{"time":"2026-07-22 12:30:41,199","level":"INFO","node":1,"msg":"Notified next proposer to node 2"}
{"time":"2026-07-22 12:30:41,199","level":"INFO","node":1,"msg":"[WATCHDOG SPAWNED] round=18 expected_proposer=2 timeout_s=600 spawned_at=12:30:41"}
{"time":"2026-07-22 12:30:47,467","level":"INFO","node":1,"msg":"Proposal received: round=18 origin=2 hash=c6bae0e5deed..."}
{"time":"2026-07-22 12:30:47,506","level":"INFO","node":1,"msg":"Consensus vote recorded: node 2 decision=True reason=zkp_ok round=18 new=True satisfied=False"}
{"time":"2026-07-22 12:30:57,370","level":"INFO","node":1,"msg":"Consensus vote recorded: node 3 decision=True reason=zkp_ok round=18 new=True satisfied=False"}
{"time":"2026-07-22 12:31:13,200","level":"INFO","node":1,"msg":"Consensus vote recorded: node 0 decision=True reason=zkp_ok round=18 new=True satisfied=True"}
{"time":"2026-07-22 12:31:19,208","level":"INFO","node":1,"msg":"Received update from node 0, round 18"}
{"time":"2026-07-22 12:31:29,029","level":"INFO","node":1,"msg":"ZKP ACCEPTED from node 0"}
{"time":"2026-07-22 12:31:29,029","level":"WARNING","node":1,"msg":"[STALE-UPDATE CHECK] node 1 observed node 2 resending identical slack (238939) as last round — REJECTING as replayed/stale update"}
{"time":"2026-07-22 12:31:29,029","level":"INFO","node":1,"msg":"fc_in col7 delta self-cosine for node 2: -0.1722 (delta_norm=0.1467)"}
{"time":"2026-07-22 12:31:29,029","level":"INFO","node":1,"msg":"Per-class agreement with node 2: class0=0.975 class1=0.981 gap=0.006"}
{"time":"2026-07-22 12:31:29,029","level":"INFO","node":1,"msg":"Per-class rolling gap for node 2: mean=0.009 over last 4 round(s)"}
{"time":"2026-07-22 12:31:29,041","level":"INFO","node":1,"msg":"Trust score for node 2: S=0.833 (Z=1.00 A=0.98 P=0.48 R=1.00) advisory only"}
{"time":"2026-07-22 12:31:29,051","level":"INFO","node":1,"msg":"Sent consensus vote to node 0"}
{"time":"2026-07-22 12:31:29,072","level":"INFO","node":1,"msg":"Sent consensus vote to node 2"}
{"time":"2026-07-22 12:31:29,096","level":"INFO","node":1,"msg":"Sent consensus vote to node 3"}
{"time":"2026-07-22 12:31:29,199","level":"WARNING","node":1,"msg":"ZKP norm violation (clipping applied): slack=-379120, retry=0"}
{"time":"2026-07-22 12:31:35,271","level":"INFO","node":1,"msg":"Forwarded to http://127.0.0.1:8002"}
{"time":"2026-07-22 12:31:35,337","level":"INFO","node":1,"msg":"Synced weights from master for round 18"}
{"time":"2026-07-22 12:31:35,348","level":"INFO","node":1,"msg":"Sent commit vote to node 2"}
{"time":"2026-07-22 12:31:41,379","level":"INFO","node":1,"msg":"Proposal received: round=19 origin=3 hash=4a78dc69d4e0..."}
{"time":"2026-07-22 12:31:41,414","level":"INFO","node":1,"msg":"Consensus vote recorded: node 3 decision=True reason=zkp_ok round=19 new=True satisfied=False"}
{"time":"2026-07-22 12:31:51,233","level":"INFO","node":1,"msg":"Consensus vote recorded: node 0 decision=True reason=zkp_ok round=19 new=True satisfied=False"}
{"time":"2026-07-22 12:31:57,116","level":"INFO","node":1,"msg":"Received update from node 0, round 19"}
{"time":"2026-07-22 12:32:06,907","level":"INFO","node":1,"msg":"ZKP ACCEPTED from node 0"}
{"time":"2026-07-22 12:32:06,907","level":"INFO","node":1,"msg":"fc_in col7 delta self-cosine for node 3: 0.0174 (delta_norm=0.1785)"}
{"time":"2026-07-22 12:32:06,907","level":"INFO","node":1,"msg":"Per-class agreement with node 3: class0=0.977 class1=0.952 gap=0.025"}
{"time":"2026-07-22 12:32:06,907","level":"INFO","node":1,"msg":"Per-class rolling gap for node 3: mean=0.015 over last 4 round(s)"}
{"time":"2026-07-22 12:32:06,907","level":"INFO","node":1,"msg":"Trust score for node 3: S=0.851 (Z=1.00 A=0.97 P=0.57 R=1.00) advisory only"}
{"time":"2026-07-22 12:32:06,932","level":"INFO","node":1,"msg":"Sent consensus vote to node 0"}
{"time":"2026-07-22 12:32:06,957","level":"INFO","node":1,"msg":"Sent consensus vote to node 2"}
{"time":"2026-07-22 12:32:06,969","level":"INFO","node":1,"msg":"Sent consensus vote to node 3"}
{"time":"2026-07-22 12:32:07,076","level":"WARNING","node":1,"msg":"ZKP norm violation (clipping applied): slack=-446922, retry=0"}
{"time":"2026-07-22 12:32:13,098","level":"INFO","node":1,"msg":"Forwarded to http://127.0.0.1:8002"}
{"time":"2026-07-22 12:32:22,779","level":"INFO","node":1,"msg":"Prediction agreement with node 2 round=19: A=0.963"}
{"time":"2026-07-22 12:32:22,779","level":"INFO","node":1,"msg":"Consensus vote recorded: node 2 decision=True reason=zkp_ok round=19 new=True satisfied=True"}
{"time":"2026-07-22 12:32:28,950","level":"INFO","node":1,"msg":"Synced weights from master for round 19"}
{"time":"2026-07-22 12:32:28,952","level":"INFO","node":1,"msg":"Training complete after 20 rounds"}
{"time":"2026-07-22 12:32:28,965","level":"INFO","node":1,"msg":"Sent commit vote to node 3"}
{"time":"2026-07-22 12:33:31,524","level":"INFO","node":1,"msg":"Watchdog fired but training already complete — ignoring, not excluding node 2."}
{"time":"2026-07-22 13:10:33,020","level":"INFO","node":1,"msg":"Starting node 1: Suburban Medical Clinic"}
{"time":"2026-07-22 13:10:33,027","level":"INFO","node":1,"msg":"[CONFIG DEBUG] attack_simulation loaded: enabled=True target_node=2 type=gradient_norm config_path=config_dev.json"}
{"time":"2026-07-22 13:10:33,764","level":"WARNING","node":1,"msg":"DEV MODE: running without TLS"}
{"time":"2026-07-22 13:10:33,765","level":"INFO","node":1,"msg":"Listening on 127.0.0.1:8001 | TLS=False"}
{"time":"2026-07-22 13:10:38,565","level":"INFO","node":1,"msg":"Key exchange complete with node 2"}
{"time":"2026-07-22 13:10:38,576","level":"INFO","node":1,"msg":"Consensus pubkey received from node 2"}
{"time":"2026-07-22 13:10:38,804","level":"INFO","node":1,"msg":"Sent public key to node 0"}
{"time":"2026-07-22 13:10:38,805","level":"INFO","node":1,"msg":"Sent consensus pubkey to node 0"}
{"time":"2026-07-22 13:10:38,826","level":"INFO","node":1,"msg":"Sent consensus pubkey to node 2"}
{"time":"2026-07-22 13:10:38,832","level":"INFO","node":1,"msg":"Sent public key to node 2"}
{"time":"2026-07-22 13:10:38,845","level":"INFO","node":1,"msg":"Sent consensus pubkey to node 3"}
{"time":"2026-07-22 13:10:38,847","level":"INFO","node":1,"msg":"Sent public key to node 3"}
{"time":"2026-07-22 13:10:39,857","level":"INFO","node":1,"msg":"Key exchange complete with node 3"}
{"time":"2026-07-22 13:10:39,861","level":"INFO","node":1,"msg":"Consensus pubkey received from node 3"}
{"time":"2026-07-22 13:10:51,804","level":"INFO","node":1,"msg":"Key exchange complete with node 0"}
{"time":"2026-07-22 13:10:51,844","level":"INFO","node":1,"msg":"Consensus pubkey received from node 0"}
{"time":"2026-07-22 13:11:12,790","level":"INFO","node":1,"msg":"Proposal received: round=0 origin=0 hash=7b7bfae17a05..."}
{"time":"2026-07-22 13:11:12,867","level":"INFO","node":1,"msg":"Consensus vote recorded: node 0 decision=True reason=zkp_ok round=0 new=True satisfied=False"}
{"time":"2026-07-22 13:11:12,921","level":"INFO","node":1,"msg":"Received update from node 0, round 0"}
{"time":"2026-07-22 13:11:42,301","level":"INFO","node":1,"msg":"ZKP ACCEPTED from node 0"}
{"time":"2026-07-22 13:11:42,321","level":"INFO","node":1,"msg":"Trust score for node 0: S=0.429 (Z=1.00 A=0.50 P=0.50 R=1.00) advisory only"}
{"time":"2026-07-22 13:11:42,340","level":"INFO","node":1,"msg":"Sent consensus vote to node 0"}
{"time":"2026-07-22 13:11:42,349","level":"INFO","node":1,"msg":"Sent consensus vote to node 2"}
{"time":"2026-07-22 13:11:42,361","level":"INFO","node":1,"msg":"Sent consensus vote to node 3"}
{"time":"2026-07-22 13:12:04,571","level":"INFO","node":1,"msg":"Forwarded to http://127.0.0.1:8002"}
{"time":"2026-07-22 13:12:32,532","level":"INFO","node":1,"msg":"Prediction agreement with node 2 round=0: A=0.717"}
{"time":"2026-07-22 13:12:32,532","level":"INFO","node":1,"msg":"Consensus vote recorded: node 2 decision=True reason=zkp_ok round=0 new=True satisfied=True"}
{"time":"2026-07-22 13:13:14,088","level":"INFO","node":1,"msg":"Prediction agreement with node 3 round=0: A=0.760"}
{"time":"2026-07-22 13:13:14,089","level":"INFO","node":1,"msg":"Consensus vote recorded: node 3 decision=True reason=zkp_ok round=0 new=True satisfied=True"}
{"time":"2026-07-22 13:13:39,002","level":"INFO","node":1,"msg":"Synced weights from master for round 0"}
{"time":"2026-07-22 13:13:39,019","level":"INFO","node":1,"msg":"Sent commit vote to node 0"}
{"time":"2026-07-22 13:13:39,103","level":"INFO","node":1,"msg":"My turn — starting round 2 as proposer."}
{"time":"2026-07-22 13:13:39,104","level":"INFO","node":1,"msg":"Starting round 2"}
{"time":"2026-07-22 13:13:59,837","level":"INFO","node":1,"msg":"Sent proposal to node 0"}
{"time":"2026-07-22 13:13:59,870","level":"INFO","node":1,"msg":"Sent proposal to node 2"}
{"time":"2026-07-22 13:13:59,881","level":"INFO","node":1,"msg":"Sent proposal to node 3"}
{"time":"2026-07-22 13:13:59,894","level":"INFO","node":1,"msg":"Sent consensus vote to node 0"}
{"time":"2026-07-22 13:13:59,903","level":"INFO","node":1,"msg":"Sent consensus vote to node 2"}
{"time":"2026-07-22 13:13:59,912","level":"INFO","node":1,"msg":"Sent consensus vote to node 3"}
{"time":"2026-07-22 13:13:59,921","level":"INFO","node":1,"msg":"Forwarded to http://127.0.0.1:8002"}
{"time":"2026-07-22 13:16:20,066","level":"INFO","node":1,"msg":"Received update from node 0, round 1"}
{"time":"2026-07-22 13:16:20,068","level":"INFO","node":1,"msg":"Round 2 complete — aggregating"}
{"time":"2026-07-22 13:16:20,069","level":"WARNING","node":1,"msg":"Round 2 REJECTED — quorum not satisfied (attempt 1/3). Retrying round."}
{"time":"2026-07-22 13:16:20,582","level":"INFO","node":1,"msg":"Starting round 2"}
{"time":"2026-07-22 13:16:40,043","level":"INFO","node":1,"msg":"Sent proposal to node 0"}
{"time":"2026-07-22 13:16:40,054","level":"INFO","node":1,"msg":"Sent proposal to node 2"}
{"time":"2026-07-22 13:16:40,066","level":"INFO","node":1,"msg":"Sent proposal to node 3"}
{"time":"2026-07-22 13:16:40,078","level":"INFO","node":1,"msg":"Sent consensus vote to node 0"}
{"time":"2026-07-22 13:16:40,086","level":"INFO","node":1,"msg":"Sent consensus vote to node 2"}
{"time":"2026-07-22 13:16:40,094","level":"INFO","node":1,"msg":"Sent consensus vote to node 3"}
{"time":"2026-07-22 13:16:40,103","level":"INFO","node":1,"msg":"Forwarded to http://127.0.0.1:8002"}
{"time":"2026-07-22 13:19:06,209","level":"INFO","node":1,"msg":"Received update from node 0, round 1"}
{"time":"2026-07-22 13:19:06,209","level":"INFO","node":1,"msg":"Round 2 complete — aggregating"}
{"time":"2026-07-22 13:19:06,212","level":"WARNING","node":1,"msg":"Round 2 REJECTED — quorum not satisfied (attempt 2/3). Retrying round."}
{"time":"2026-07-22 13:19:06,723","level":"INFO","node":1,"msg":"Starting round 2"}
{"time":"2026-07-22 13:19:26,223","level":"INFO","node":1,"msg":"Sent proposal to node 0"}
{"time":"2026-07-22 13:19:26,234","level":"INFO","node":1,"msg":"Sent proposal to node 2"}
{"time":"2026-07-22 13:19:26,244","level":"INFO","node":1,"msg":"Sent proposal to node 3"}
{"time":"2026-07-22 13:19:26,255","level":"INFO","node":1,"msg":"Sent consensus vote to node 0"}
{"time":"2026-07-22 13:19:26,264","level":"INFO","node":1,"msg":"Sent consensus vote to node 2"}
{"time":"2026-07-22 13:19:26,275","level":"INFO","node":1,"msg":"Sent consensus vote to node 3"}
{"time":"2026-07-22 13:19:26,285","level":"INFO","node":1,"msg":"Forwarded to http://127.0.0.1:8002"}
{"time":"2026-07-22 13:19:55,267","level":"ERROR","node":1,"msg":"Node 0 EXCLUDED from proposing and quorum. Quorum requirement adjusted to 3 of 3 remaining trusted nodes."}
{"time":"2026-07-22 13:19:55,296","level":"ERROR","node":1,"msg":"Node 3 EXCLUDED from proposing and quorum. Quorum requirement adjusted to 2 of 2 remaining trusted nodes."}
