{"time":"2026-07-22 09:40:40,738","level":"INFO","node":2,"msg":"Starting node 2: Rural Health Centre"}
{"time":"2026-07-22 09:40:40,738","level":"INFO","node":2,"msg":"[CONFIG DEBUG] attack_simulation loaded: enabled=True target_node=2 type=stale_update config_path=config_dev.json"}
{"time":"2026-07-22 09:40:40,816","level":"WARNING","node":2,"msg":"DEV MODE: running without TLS"}
{"time":"2026-07-22 09:40:40,816","level":"INFO","node":2,"msg":"Listening on 127.0.0.1:8002 | TLS=False"}
{"time":"2026-07-22 09:40:43,549","level":"INFO","node":2,"msg":"Consensus pubkey received from node 1"}
{"time":"2026-07-22 09:40:43,565","level":"INFO","node":2,"msg":"Key exchange complete with node 1"}
{"time":"2026-07-22 09:40:45,842","level":"INFO","node":2,"msg":"Sent consensus pubkey to node 0"}
{"time":"2026-07-22 09:40:45,844","level":"INFO","node":2,"msg":"Sent public key to node 0"}
{"time":"2026-07-22 09:40:45,868","level":"INFO","node":2,"msg":"Sent public key to node 1"}
{"time":"2026-07-22 09:40:45,883","level":"INFO","node":2,"msg":"Sent consensus pubkey to node 1"}
{"time":"2026-07-22 09:40:45,890","level":"INFO","node":2,"msg":"Sent public key to node 3"}
{"time":"2026-07-22 09:40:45,913","level":"INFO","node":2,"msg":"Sent consensus pubkey to node 3"}
{"time":"2026-07-22 09:40:49,370","level":"INFO","node":2,"msg":"Key exchange complete with node 3"}
{"time":"2026-07-22 09:40:49,378","level":"INFO","node":2,"msg":"Consensus pubkey received from node 3"}
{"time":"2026-07-22 09:40:54,469","level":"INFO","node":2,"msg":"Key exchange complete with node 0"}
{"time":"2026-07-22 09:40:54,501","level":"INFO","node":2,"msg":"Consensus pubkey received from node 0"}
{"time":"2026-07-22 09:41:20,750","level":"INFO","node":2,"msg":"Proposal received: round=0 origin=0 hash=2cb107a45922..."}
{"time":"2026-07-22 09:41:20,809","level":"INFO","node":2,"msg":"Consensus vote recorded: node 0 decision=True reason=zkp_ok round=0 new=True satisfied=False"}
{"time":"2026-07-22 09:41:51,441","level":"INFO","node":2,"msg":"Consensus vote recorded: node 1 decision=True reason=zkp_ok round=0 new=True satisfied=False"}
{"time":"2026-07-22 09:42:14,408","level":"INFO","node":2,"msg":"Received update from node 1, round 0"}
{"time":"2026-07-22 09:42:43,597","level":"INFO","node":2,"msg":"ZKP ACCEPTED from node 1"}
{"time":"2026-07-22 09:42:43,612","level":"INFO","node":2,"msg":"Trust score for node 0: S=0.429 (Z=1.00 A=0.50 P=0.50 R=1.00) advisory only"}
{"time":"2026-07-22 09:42:43,629","level":"INFO","node":2,"msg":"Sent consensus vote to node 0"}
{"time":"2026-07-22 09:42:43,640","level":"INFO","node":2,"msg":"Sent consensus vote to node 1"}
{"time":"2026-07-22 09:42:43,651","level":"INFO","node":2,"msg":"Sent consensus vote to node 3"}
{"time":"2026-07-22 09:42:46,536","level":"WARNING","node":2,"msg":"[ATTACK SIMULATION] stale_update active on node 2 — no cached update yet, caching this real first update"}
{"time":"2026-07-22 09:42:46,552","level":"WARNING","node":2,"msg":"ZKP norm violation (clipping applied): slack=-416175, retry=0"}
{"time":"2026-07-22 09:43:06,461","level":"INFO","node":2,"msg":"Forwarded to http://127.0.0.1:8003"}
{"time":"2026-07-22 09:43:37,254","level":"INFO","node":2,"msg":"Prediction agreement with node 3 round=0: A=0.606"}
{"time":"2026-07-22 09:43:37,254","level":"INFO","node":2,"msg":"Consensus vote recorded: node 3 decision=True reason=zkp_ok round=0 new=True satisfied=True"}
{"time":"2026-07-22 09:44:01,411","level":"INFO","node":2,"msg":"Synced weights from master for round 0"}
{"time":"2026-07-22 09:44:01,433","level":"INFO","node":2,"msg":"Sent commit vote to node 0"}
{"time":"2026-07-22 09:44:21,907","level":"INFO","node":2,"msg":"Proposal received: round=1 origin=1 hash=29078759e39f..."}
{"time":"2026-07-22 09:44:21,972","level":"INFO","node":2,"msg":"Consensus vote recorded: node 1 decision=True reason=zkp_ok round=1 new=True satisfied=False"}
{"time":"2026-07-22 09:44:21,994","level":"INFO","node":2,"msg":"Received update from node 1, round 1"}
{"time":"2026-07-22 09:44:51,690","level":"INFO","node":2,"msg":"ZKP ACCEPTED from node 1"}
{"time":"2026-07-22 09:44:51,703","level":"INFO","node":2,"msg":"Trust score for node 1: S=0.429 (Z=1.00 A=0.50 P=0.50 R=1.00) advisory only"}
{"time":"2026-07-22 09:44:51,748","level":"INFO","node":2,"msg":"Sent consensus vote to node 0"}
{"time":"2026-07-22 09:44:51,786","level":"INFO","node":2,"msg":"Sent consensus vote to node 1"}
{"time":"2026-07-22 09:44:51,827","level":"INFO","node":2,"msg":"Sent consensus vote to node 3"}
{"time":"2026-07-22 09:44:51,961","level":"WARNING","node":2,"msg":"[ATTACK SIMULATION] stale_update active on node 2 — resent previous round's update unchanged"}
{"time":"2026-07-22 09:44:51,962","level":"WARNING","node":2,"msg":"ZKP norm violation (clipping applied): slack=-416175, retry=0"}
{"time":"2026-07-22 09:45:12,145","level":"INFO","node":2,"msg":"Forwarded to http://127.0.0.1:8003"}
{"time":"2026-07-22 09:45:41,564","level":"INFO","node":2,"msg":"Prediction agreement with node 3 round=1: A=0.987"}
{"time":"2026-07-22 09:45:41,566","level":"INFO","node":2,"msg":"Consensus vote recorded: node 3 decision=True reason=zkp_ok round=1 new=True satisfied=True"}
{"time":"2026-07-22 09:46:29,349","level":"INFO","node":2,"msg":"Prediction agreement with node 0 round=1: A=0.984"}
{"time":"2026-07-22 09:46:29,350","level":"INFO","node":2,"msg":"Consensus vote recorded: node 0 decision=True reason=zkp_ok round=1 new=True satisfied=True"}
{"time":"2026-07-22 09:46:39,013","level":"INFO","node":2,"msg":"Synced weights from master for round 1"}
{"time":"2026-07-22 09:46:39,040","level":"INFO","node":2,"msg":"Sent commit vote to node 1"}
{"time":"2026-07-22 09:46:39,095","level":"INFO","node":2,"msg":"My turn — starting round 3 as proposer."}
{"time":"2026-07-22 09:46:39,095","level":"INFO","node":2,"msg":"Starting round 3"}
{"time":"2026-07-22 09:46:39,162","level":"WARNING","node":2,"msg":"[ATTACK SIMULATION] stale_update active on node 2 — resent previous round's update unchanged"}
{"time":"2026-07-22 09:46:39,163","level":"WARNING","node":2,"msg":"ZKP norm violation (clipping applied): slack=-416175, retry=0"}
{"time":"2026-07-22 09:46:45,513","level":"INFO","node":2,"msg":"Sent proposal to node 0"}
{"time":"2026-07-22 09:46:45,532","level":"INFO","node":2,"msg":"Sent proposal to node 1"}
{"time":"2026-07-22 09:46:45,564","level":"INFO","node":2,"msg":"Sent proposal to node 3"}
{"time":"2026-07-22 09:46:45,566","level":"INFO","node":2,"msg":"Sent consensus vote to node 0"}
{"time":"2026-07-22 09:46:45,580","level":"INFO","node":2,"msg":"Sent consensus vote to node 1"}
{"time":"2026-07-22 09:46:45,587","level":"INFO","node":2,"msg":"Sent consensus vote to node 3"}
{"time":"2026-07-22 09:46:45,597","level":"INFO","node":2,"msg":"Forwarded to http://127.0.0.1:8003"}
{"time":"2026-07-22 09:46:55,532","level":"INFO","node":2,"msg":"Consensus vote recorded: node 3 decision=True reason=zkp_ok round=2 new=True satisfied=False"}
{"time":"2026-07-22 09:47:11,867","level":"INFO","node":2,"msg":"Consensus vote recorded: node 0 decision=True reason=zkp_ok round=2 new=True satisfied=True"}
{"time":"2026-07-22 09:47:28,903","level":"INFO","node":2,"msg":"Consensus vote recorded: node 1 decision=True reason=zkp_ok round=2 new=True satisfied=True"}
{"time":"2026-07-22 09:47:35,101","level":"INFO","node":2,"msg":"Received update from node 1, round 2"}
{"time":"2026-07-22 09:47:35,101","level":"INFO","node":2,"msg":"Round 3 complete — aggregating"}
{"time":"2026-07-22 09:47:35,107","level":"INFO","node":2,"msg":"Round 3 accuracy gate skipped (warm-up period, candidate_acc=0.6818)"}
{"time":"2026-07-22 09:47:35,177","level":"INFO","node":2,"msg":"Commit vote recorded: node 0 decision=True round=2 satisfied=False"}
{"time":"2026-07-22 09:47:35,180","level":"INFO","node":2,"msg":"Broadcast weights to node 0"}
{"time":"2026-07-22 09:47:35,215","level":"INFO","node":2,"msg":"Commit vote recorded: node 1 decision=True round=2 satisfied=True"}
{"time":"2026-07-22 09:47:35,215","level":"INFO","node":2,"msg":"Round 3 COMMITTED — model hash agreed by [2, 0, 1]"}
{"time":"2026-07-22 09:47:35,217","level":"INFO","node":2,"msg":"Commit certificate saved to C:\Users\mousu\OneDrive\Desktop\Set A\securefedhe\dashboard\certificates\round_2.json"}
{"time":"2026-07-22 09:47:35,219","level":"INFO","node":2,"msg":"Broadcast weights to node 1"}
{"time":"2026-07-22 09:47:35,246","level":"INFO","node":2,"msg":"Commit vote recorded: node 3 decision=True round=2 satisfied=True"}
{"time":"2026-07-22 09:47:35,249","level":"INFO","node":2,"msg":"Broadcast weights to node 3"}
{"time":"2026-07-22 09:47:35,257","level":"INFO","node":2,"msg":"Checkpoint saved to C:\Users\mousu\OneDrive\Desktop\Set A\securefedhe\dashboard\model_latest.pt"}
{"time":"2026-07-22 09:47:35,257","level":"INFO","node":2,"msg":"Round 3 complete | accuracy=0.6818 | duration=56.16s"}
{"time":"2026-07-22 09:47:35,257","level":"INFO","node":2,"msg":"Round 4 belongs to node 3 — waiting for their proposal."}
{"time":"2026-07-22 09:47:35,261","level":"INFO","node":2,"msg":"Notified next proposer to node 3"}
{"time":"2026-07-22 09:47:35,262","level":"INFO","node":2,"msg":"[WATCHDOG SPAWNED] round=3 expected_proposer=3 timeout_s=600 spawned_at=09:47:35"}
{"time":"2026-07-22 09:47:41,719","level":"INFO","node":2,"msg":"Proposal received: round=3 origin=3 hash=d4c1880f5930..."}
{"time":"2026-07-22 09:47:41,744","level":"INFO","node":2,"msg":"Consensus vote recorded: node 3 decision=True reason=zkp_ok round=3 new=True satisfied=False"}
{"time":"2026-07-22 09:47:51,811","level":"INFO","node":2,"msg":"Consensus vote recorded: node 0 decision=True reason=zkp_ok round=3 new=True satisfied=False"}
{"time":"2026-07-22 09:48:08,156","level":"INFO","node":2,"msg":"Consensus vote recorded: node 1 decision=True reason=zkp_ok round=3 new=True satisfied=True"}
{"time":"2026-07-22 09:48:14,646","level":"INFO","node":2,"msg":"Received update from node 1, round 3"}
{"time":"2026-07-22 09:48:24,723","level":"INFO","node":2,"msg":"ZKP ACCEPTED from node 1"}
{"time":"2026-07-22 09:48:24,729","level":"INFO","node":2,"msg":"Trust score for node 3: S=0.429 (Z=1.00 A=0.50 P=0.50 R=1.00) advisory only"}
{"time":"2026-07-22 09:48:24,777","level":"INFO","node":2,"msg":"Sent consensus vote to node 0"}
{"time":"2026-07-22 09:48:24,812","level":"INFO","node":2,"msg":"Sent consensus vote to node 1"}
{"time":"2026-07-22 09:48:24,837","level":"INFO","node":2,"msg":"Sent consensus vote to node 3"}
{"time":"2026-07-22 09:48:24,875","level":"WARNING","node":2,"msg":"[ATTACK SIMULATION] stale_update active on node 2 — resent previous round's update unchanged"}
{"time":"2026-07-22 09:48:24,875","level":"WARNING","node":2,"msg":"ZKP norm violation (clipping applied): slack=-416175, retry=0"}
{"time":"2026-07-22 09:48:31,351","level":"INFO","node":2,"msg":"Forwarded to http://127.0.0.1:8003"}
{"time":"2026-07-22 09:48:31,542","level":"INFO","node":2,"msg":"Synced weights from master for round 3"}
{"time":"2026-07-22 09:48:31,548","level":"INFO","node":2,"msg":"Sent commit vote to node 3"}
{"time":"2026-07-22 09:48:37,899","level":"INFO","node":2,"msg":"Proposal received: round=4 origin=0 hash=fd6b1079fd1b..."}
{"time":"2026-07-22 09:48:37,932","level":"INFO","node":2,"msg":"Consensus vote recorded: node 0 decision=True reason=zkp_ok round=4 new=True satisfied=False"}
{"time":"2026-07-22 09:48:47,929","level":"INFO","node":2,"msg":"Consensus vote recorded: node 1 decision=True reason=zkp_ok round=4 new=True satisfied=False"}
{"time":"2026-07-22 09:48:54,226","level":"INFO","node":2,"msg":"Received update from node 1, round 4"}
{"time":"2026-07-22 09:49:04,204","level":"INFO","node":2,"msg":"ZKP ACCEPTED from node 1"}
{"time":"2026-07-22 09:49:04,209","level":"INFO","node":2,"msg":"Per-class agreement with node 0: class0=0.666 class1=0.680 gap=0.014"}
{"time":"2026-07-22 09:49:04,209","level":"INFO","node":2,"msg":"Per-class rolling gap for node 0: mean=0.014 over last 1 round(s)"}
{"time":"2026-07-22 09:49:04,211","level":"INFO","node":2,"msg":"Trust score for node 0: S=0.575 (Z=1.00 A=0.67 P=0.50 R=1.00) advisory only"}
{"time":"2026-07-22 09:49:04,264","level":"INFO","node":2,"msg":"Sent consensus vote to node 0"}
{"time":"2026-07-22 09:49:04,286","level":"INFO","node":2,"msg":"Sent consensus vote to node 1"}
{"time":"2026-07-22 09:49:04,306","level":"INFO","node":2,"msg":"Sent consensus vote to node 3"}
{"time":"2026-07-22 09:49:04,332","level":"WARNING","node":2,"msg":"[ATTACK SIMULATION] stale_update active on node 2 — resent previous round's update unchanged"}
{"time":"2026-07-22 09:49:04,333","level":"WARNING","node":2,"msg":"ZKP norm violation (clipping applied): slack=-416175, retry=0"}
{"time":"2026-07-22 09:49:10,578","level":"INFO","node":2,"msg":"Forwarded to http://127.0.0.1:8003"}
{"time":"2026-07-22 09:49:20,590","level":"INFO","node":2,"msg":"Prediction agreement with node 3 round=4: A=0.956"}
{"time":"2026-07-22 09:49:20,590","level":"INFO","node":2,"msg":"Consensus vote recorded: node 3 decision=True reason=zkp_ok round=4 new=True satisfied=True"}
{"time":"2026-07-22 09:49:27,176","level":"INFO","node":2,"msg":"Synced weights from master for round 4"}
{"time":"2026-07-22 09:49:27,204","level":"INFO","node":2,"msg":"Sent commit vote to node 0"}
{"time":"2026-07-22 09:49:33,794","level":"INFO","node":2,"msg":"Proposal received: round=5 origin=1 hash=4893497b21b8..."}
{"time":"2026-07-22 09:49:33,813","level":"INFO","node":2,"msg":"Consensus vote recorded: node 1 decision=True reason=zkp_ok round=5 new=True satisfied=False"}
{"time":"2026-07-22 09:49:33,822","level":"INFO","node":2,"msg":"Received update from node 1, round 5"}
{"time":"2026-07-22 09:49:43,781","level":"INFO","node":2,"msg":"ZKP ACCEPTED from node 1"}
{"time":"2026-07-22 09:49:43,781","level":"INFO","node":2,"msg":"Per-class agreement with node 1: class0=0.821 class1=0.949 gap=0.128"}
{"time":"2026-07-22 09:49:43,788","level":"INFO","node":2,"msg":"Per-class rolling gap for node 1: mean=0.128 over last 1 round(s)"}
{"time":"2026-07-22 09:49:43,790","level":"INFO","node":2,"msg":"Trust score for node 1: S=0.739 (Z=1.00 A=0.86 P=0.50 R=1.00) advisory only"}
{"time":"2026-07-22 09:49:43,801","level":"INFO","node":2,"msg":"Sent consensus vote to node 0"}
{"time":"2026-07-22 09:49:43,823","level":"INFO","node":2,"msg":"Sent consensus vote to node 1"}
{"time":"2026-07-22 09:49:43,855","level":"INFO","node":2,"msg":"Sent consensus vote to node 3"}
{"time":"2026-07-22 09:49:43,879","level":"WARNING","node":2,"msg":"[ATTACK SIMULATION] stale_update active on node 2 — resent previous round's update unchanged"}
{"time":"2026-07-22 09:49:43,879","level":"WARNING","node":2,"msg":"ZKP norm violation (clipping applied): slack=-416175, retry=0"}
{"time":"2026-07-22 09:49:50,232","level":"INFO","node":2,"msg":"Forwarded to http://127.0.0.1:8003"}
{"time":"2026-07-22 09:50:00,270","level":"INFO","node":2,"msg":"Prediction agreement with node 3 round=5: A=0.945"}
{"time":"2026-07-22 09:50:00,274","level":"INFO","node":2,"msg":"Consensus vote recorded: node 3 decision=True reason=zkp_ok round=5 new=True satisfied=True"}
{"time":"2026-07-22 09:50:16,661","level":"INFO","node":2,"msg":"Prediction agreement with node 0 round=5: A=0.945"}
{"time":"2026-07-22 09:50:16,661","level":"INFO","node":2,"msg":"Consensus vote recorded: node 0 decision=True reason=zkp_ok round=5 new=True satisfied=True"}
{"time":"2026-07-22 09:50:29,924","level":"INFO","node":2,"msg":"Proposal for round=5 origin=1 changed hash after 56.14s — treating as a legitimate round retry, not equivocation."}
{"time":"2026-07-22 09:50:29,924","level":"INFO","node":2,"msg":"Proposal received: round=5 origin=1 hash=8b43afb2e2b5..."}
{"time":"2026-07-22 09:50:29,942","level":"INFO","node":2,"msg":"Consensus vote recorded: node 1 decision=True reason=zkp_ok round=5 new=True satisfied=False"}
{"time":"2026-07-22 09:50:29,957","level":"INFO","node":2,"msg":"Received update from node 1, round 5"}
{"time":"2026-07-22 09:50:39,999","level":"INFO","node":2,"msg":"ZKP ACCEPTED from node 1"}
{"time":"2026-07-22 09:50:39,999","level":"INFO","node":2,"msg":"fc_in col7 delta self-cosine for node 1: 0.0386 (delta_norm=0.1869)"}
{"time":"2026-07-22 09:50:40,009","level":"INFO","node":2,"msg":"Per-class agreement with node 1: class0=0.953 class1=0.956 gap=0.003"}
{"time":"2026-07-22 09:50:40,009","level":"INFO","node":2,"msg":"Per-class rolling gap for node 1: mean=0.065 over last 2 round(s)"}
{"time":"2026-07-22 09:50:40,011","level":"INFO","node":2,"msg":"Trust score for node 1: S=0.867 (Z=1.00 A=0.95 P=0.68 R=1.00) advisory only"}
{"time":"2026-07-22 09:50:40,026","level":"INFO","node":2,"msg":"Sent consensus vote to node 0"}
{"time":"2026-07-22 09:50:40,056","level":"INFO","node":2,"msg":"Sent consensus vote to node 1"}
{"time":"2026-07-22 09:50:40,069","level":"INFO","node":2,"msg":"Sent consensus vote to node 3"}
{"time":"2026-07-22 09:50:40,098","level":"WARNING","node":2,"msg":"[ATTACK SIMULATION] stale_update active on node 2 — resent previous round's update unchanged"}
{"time":"2026-07-22 09:50:40,098","level":"WARNING","node":2,"msg":"ZKP norm violation (clipping applied): slack=-416175, retry=0"}
{"time":"2026-07-22 09:50:46,425","level":"INFO","node":2,"msg":"Forwarded to http://127.0.0.1:8003"}
{"time":"2026-07-22 09:50:56,473","level":"INFO","node":2,"msg":"Prediction agreement with node 3 round=5: A=0.957"}
{"time":"2026-07-22 09:50:56,473","level":"INFO","node":2,"msg":"Consensus vote recorded: node 3 decision=True reason=zkp_ok round=5 new=True satisfied=True"}
{"time":"2026-07-22 09:51:12,905","level":"INFO","node":2,"msg":"Prediction agreement with node 0 round=5: A=0.955"}
{"time":"2026-07-22 09:51:12,905","level":"INFO","node":2,"msg":"Consensus vote recorded: node 0 decision=True reason=zkp_ok round=5 new=True satisfied=True"}
{"time":"2026-07-22 09:51:19,057","level":"INFO","node":2,"msg":"Synced weights from master for round 5"}
{"time":"2026-07-22 09:51:19,070","level":"INFO","node":2,"msg":"Sent commit vote to node 1"}
{"time":"2026-07-22 09:51:19,101","level":"INFO","node":2,"msg":"My turn — starting round 7 as proposer."}
{"time":"2026-07-22 09:51:19,101","level":"INFO","node":2,"msg":"Starting round 7"}
{"time":"2026-07-22 09:51:19,163","level":"WARNING","node":2,"msg":"[ATTACK SIMULATION] stale_update active on node 2 — resent previous round's update unchanged"}
{"time":"2026-07-22 09:51:19,163","level":"WARNING","node":2,"msg":"ZKP norm violation (clipping applied): slack=-416175, retry=0"}
{"time":"2026-07-22 09:51:19,163","level":"WARNING","node":2,"msg":"[STALE-UPDATE CHECK] node 2 slack unchanged from last round (90000102217) — possible replayed/stale update, advisory only"}
{"time":"2026-07-22 09:51:25,610","level":"INFO","node":2,"msg":"Sent proposal to node 0"}
{"time":"2026-07-22 09:51:25,627","level":"INFO","node":2,"msg":"Sent proposal to node 1"}
{"time":"2026-07-22 09:51:25,651","level":"INFO","node":2,"msg":"Sent proposal to node 3"}
{"time":"2026-07-22 09:51:25,657","level":"INFO","node":2,"msg":"Sent consensus vote to node 0"}
{"time":"2026-07-22 09:51:25,661","level":"INFO","node":2,"msg":"Sent consensus vote to node 1"}
{"time":"2026-07-22 09:51:25,664","level":"INFO","node":2,"msg":"Sent consensus vote to node 3"}
{"time":"2026-07-22 09:51:25,675","level":"INFO","node":2,"msg":"Forwarded to http://127.0.0.1:8003"}
{"time":"2026-07-22 09:51:35,769","level":"INFO","node":2,"msg":"Consensus vote recorded: node 3 decision=False reason=stale_update_replay round=6 new=True satisfied=False"}
{"time":"2026-07-22 09:51:52,099","level":"INFO","node":2,"msg":"Consensus vote recorded: node 0 decision=False reason=stale_update_replay round=6 new=True satisfied=False"}
{"time":"2026-07-22 09:52:08,250","level":"INFO","node":2,"msg":"Consensus vote recorded: node 1 decision=False reason=stale_update_replay round=6 new=True satisfied=False"}
{"time":"2026-07-22 09:52:14,565","level":"INFO","node":2,"msg":"Received update from node 1, round 6"}
{"time":"2026-07-22 09:52:14,565","level":"INFO","node":2,"msg":"Round 7 complete — aggregating"}
{"time":"2026-07-22 09:52:14,565","level":"WARNING","node":2,"msg":"Round 7 REJECTED — quorum not satisfied (attempt 1/3). Retrying round."}
{"time":"2026-07-22 09:52:15,071","level":"INFO","node":2,"msg":"Starting round 7"}
{"time":"2026-07-22 09:52:15,101","level":"WARNING","node":2,"msg":"[ATTACK SIMULATION] stale_update active on node 2 — resent previous round's update unchanged"}
{"time":"2026-07-22 09:52:15,103","level":"WARNING","node":2,"msg":"ZKP norm violation (clipping applied): slack=-416175, retry=0"}
{"time":"2026-07-22 09:52:15,103","level":"WARNING","node":2,"msg":"[STALE-UPDATE CHECK] node 2 slack unchanged from last round (90000102217) — possible replayed/stale update, advisory only"}
{"time":"2026-07-22 09:52:21,575","level":"INFO","node":2,"msg":"Sent proposal to node 0"}
{"time":"2026-07-22 09:52:21,592","level":"INFO","node":2,"msg":"Sent proposal to node 1"}
{"time":"2026-07-22 09:52:21,618","level":"INFO","node":2,"msg":"Sent proposal to node 3"}
{"time":"2026-07-22 09:52:21,624","level":"INFO","node":2,"msg":"Sent consensus vote to node 0"}
{"time":"2026-07-22 09:52:21,628","level":"INFO","node":2,"msg":"Sent consensus vote to node 1"}
{"time":"2026-07-22 09:52:21,633","level":"INFO","node":2,"msg":"Sent consensus vote to node 3"}
{"time":"2026-07-22 09:52:21,638","level":"INFO","node":2,"msg":"Forwarded to http://127.0.0.1:8003"}
{"time":"2026-07-22 09:52:31,588","level":"INFO","node":2,"msg":"Consensus vote recorded: node 3 decision=False reason=stale_update_replay round=6 new=False satisfied=False"}
{"time":"2026-07-22 09:52:47,705","level":"INFO","node":2,"msg":"Consensus vote recorded: node 0 decision=False reason=stale_update_replay round=6 new=False satisfied=False"}
{"time":"2026-07-22 09:53:03,911","level":"INFO","node":2,"msg":"Consensus vote recorded: node 1 decision=False reason=stale_update_replay round=6 new=False satisfied=False"}
{"time":"2026-07-22 09:53:10,196","level":"INFO","node":2,"msg":"Received update from node 1, round 6"}
{"time":"2026-07-22 09:53:10,196","level":"INFO","node":2,"msg":"Round 7 complete — aggregating"}
{"time":"2026-07-22 09:53:10,196","level":"WARNING","node":2,"msg":"Round 7 REJECTED — quorum not satisfied (attempt 2/3). Retrying round."}
{"time":"2026-07-22 09:53:10,709","level":"INFO","node":2,"msg":"Starting round 7"}
{"time":"2026-07-22 09:53:10,792","level":"WARNING","node":2,"msg":"[ATTACK SIMULATION] stale_update active on node 2 — resent previous round's update unchanged"}
{"time":"2026-07-22 09:53:10,792","level":"WARNING","node":2,"msg":"ZKP norm violation (clipping applied): slack=-416175, retry=0"}
{"time":"2026-07-22 09:53:10,792","level":"WARNING","node":2,"msg":"[STALE-UPDATE CHECK] node 2 slack unchanged from last round (90000102217) — possible replayed/stale update, advisory only"}
{"time":"2026-07-22 09:53:17,245","level":"INFO","node":2,"msg":"Sent proposal to node 0"}
{"time":"2026-07-22 09:53:17,269","level":"INFO","node":2,"msg":"Sent proposal to node 1"}
{"time":"2026-07-22 09:53:17,284","level":"INFO","node":2,"msg":"Sent proposal to node 3"}
{"time":"2026-07-22 09:53:17,291","level":"INFO","node":2,"msg":"Sent consensus vote to node 0"}
{"time":"2026-07-22 09:53:17,296","level":"INFO","node":2,"msg":"Sent consensus vote to node 1"}
{"time":"2026-07-22 09:53:17,300","level":"INFO","node":2,"msg":"Sent consensus vote to node 3"}
{"time":"2026-07-22 09:53:17,305","level":"INFO","node":2,"msg":"Forwarded to http://127.0.0.1:8003"}
{"time":"2026-07-22 09:53:27,311","level":"INFO","node":2,"msg":"Consensus vote recorded: node 3 decision=False reason=stale_update_replay round=6 new=False satisfied=False"}
{"time":"2026-07-22 09:53:43,329","level":"INFO","node":2,"msg":"Consensus vote recorded: node 0 decision=False reason=stale_update_replay round=6 new=False satisfied=False"}
{"time":"2026-07-22 09:53:59,480","level":"INFO","node":2,"msg":"Consensus vote recorded: node 1 decision=False reason=stale_update_replay round=6 new=False satisfied=False"}
{"time":"2026-07-22 09:54:05,843","level":"INFO","node":2,"msg":"Received update from node 1, round 6"}
{"time":"2026-07-22 09:54:05,843","level":"INFO","node":2,"msg":"Round 7 complete — aggregating"}
{"time":"2026-07-22 09:54:05,843","level":"WARNING","node":2,"msg":"Round 7 REJECTED — quorum not satisfied (attempt 3/3). Retrying round."}
{"time":"2026-07-22 09:54:06,353","level":"INFO","node":2,"msg":"Starting round 7"}
{"time":"2026-07-22 09:54:06,392","level":"WARNING","node":2,"msg":"[ATTACK SIMULATION] stale_update active on node 2 — resent previous round's update unchanged"}
{"time":"2026-07-22 09:54:06,392","level":"WARNING","node":2,"msg":"ZKP norm violation (clipping applied): slack=-416175, retry=0"}
{"time":"2026-07-22 09:54:06,392","level":"WARNING","node":2,"msg":"[STALE-UPDATE CHECK] node 2 slack unchanged from last round (90000102217) — possible replayed/stale update, advisory only"}
{"time":"2026-07-22 09:54:12,739","level":"INFO","node":2,"msg":"Sent proposal to node 0"}
{"time":"2026-07-22 09:54:12,764","level":"INFO","node":2,"msg":"Sent proposal to node 1"}
{"time":"2026-07-22 09:54:12,794","level":"INFO","node":2,"msg":"Sent proposal to node 3"}
{"time":"2026-07-22 09:54:12,796","level":"INFO","node":2,"msg":"Sent consensus vote to node 0"}
{"time":"2026-07-22 09:54:12,808","level":"INFO","node":2,"msg":"Sent consensus vote to node 1"}
{"time":"2026-07-22 09:54:12,814","level":"INFO","node":2,"msg":"Sent consensus vote to node 3"}
{"time":"2026-07-22 09:54:12,824","level":"INFO","node":2,"msg":"Forwarded to http://127.0.0.1:8003"}
{"time":"2026-07-22 09:54:22,794","level":"INFO","node":2,"msg":"Consensus vote recorded: node 3 decision=False reason=stale_update_replay round=6 new=False satisfied=False"}
{"time":"2026-07-22 09:54:39,057","level":"INFO","node":2,"msg":"Consensus vote recorded: node 0 decision=False reason=stale_update_replay round=6 new=False satisfied=False"}
{"time":"2026-07-22 09:54:55,325","level":"INFO","node":2,"msg":"Consensus vote recorded: node 1 decision=False reason=stale_update_replay round=6 new=False satisfied=False"}
{"time":"2026-07-22 09:55:01,550","level":"INFO","node":2,"msg":"Received update from node 1, round 6"}
{"time":"2026-07-22 09:55:01,550","level":"INFO","node":2,"msg":"Round 7 complete — aggregating"}
{"time":"2026-07-22 09:55:01,550","level":"ERROR","node":2,"msg":"Round 7 REJECTED — quorum not satisfied after 3 retries. Skipping round, model NOT updated."}
{"time":"2026-07-22 09:55:01,598","level":"WARNING","node":2,"msg":"Node 2 accused by node 0, but only 1/3 distinct accusers so far (3f+1 quorum) — NOT excluding yet (avoids a single compromised node unilaterally removing an honest peer)."}
{"time":"2026-07-22 09:55:01,631","level":"INFO","node":2,"msg":"Sent skip notice to node 0"}
{"time":"2026-07-22 09:55:01,658","level":"WARNING","node":2,"msg":"Node 2 accused by node 1, but only 2/3 distinct accusers so far (3f+1 quorum) — NOT excluding yet (avoids a single compromised node unilaterally removing an honest peer)."}
{"time":"2026-07-22 09:55:01,678","level":"INFO","node":2,"msg":"Sent skip notice to node 1"}
{"time":"2026-07-22 09:55:11,707","level":"WARNING","node":2,"msg":"Sent skip notice to node 3 FAILED (hard timeout or exception) — consecutive failure streak 1/3"}
{"time":"2026-07-22 09:55:11,751","level":"ERROR","node":2,"msg":"Node 2 accused by 3 independent peers ([0, 1, 3]) — quorum-corroborated, excluding."}
{"time":"2026-07-22 09:55:11,752","level":"ERROR","node":2,"msg":"Node 2 EXCLUDED from proposing and quorum. Quorum requirement adjusted to 3 of 3 remaining trusted nodes."}
{"time":"2026-07-22 09:55:11,752","level":"ERROR","node":2,"msg":"*** THIS NODE HAS BEEN EXCLUDED from the consensus ring. No further rounds will be routed to it. This is expected behavior, not a crash or hang — it is now safe to close this process. ***"}
{"time":"2026-07-22 09:55:11,758","level":"INFO","node":2,"msg":"Sent exclusion notice for node 2 to node 0"}
{"time":"2026-07-22 09:55:11,782","level":"INFO","node":2,"msg":"Sent exclusion notice for node 2 to node 1"}
{"time":"2026-07-22 09:55:21,807","level":"WARNING","node":2,"msg":"Failed to send exclusion notice to node 3: HTTPConnectionPool(host='127.0.0.1', port=8003): Read timed out. (read timeout=10)"}
{"time":"2026-07-22 09:55:23,886","level":"INFO","node":2,"msg":"Notified next proposer to node 3"}
{"time":"2026-07-22 09:55:23,886","level":"INFO","node":2,"msg":"[WATCHDOG SPAWNED] round=7 expected_proposer=3 timeout_s=600 spawned_at=09:55:23"}
{"time":"2026-07-22 10:05:23,888","level":"WARNING","node":2,"msg":"[WATCHDOG FIRING] No proposal received from node 3 for round 7 after 600s — treating as unreachable/stalled. fired_at=10:05:23"}
{"time":"2026-07-22 10:05:23,889","level":"ERROR","node":2,"msg":"Node 3 EXCLUDED from proposing and quorum. Quorum requirement adjusted to 2 of 2 remaining trusted nodes."}
{"time":"2026-07-22 10:05:23,896","level":"INFO","node":2,"msg":"Sent exclusion notice for node 3 to node 0"}
{"time":"2026-07-22 10:05:24,027","level":"INFO","node":2,"msg":"Sent exclusion notice for node 3 to node 1"}
{"time":"2026-07-22 10:05:24,028","level":"INFO","node":2,"msg":"Handing round 7 to node 0 after watchdog timeout."}
{"time":"2026-07-22 10:05:24,035","level":"INFO","node":2,"msg":"Notified next proposer to node 0"}
{"time":"2026-07-22 10:19:13,175","level":"INFO","node":2,"msg":"Starting node 2: Rural Health Centre"}
{"time":"2026-07-22 10:19:13,175","level":"INFO","node":2,"msg":"[CONFIG DEBUG] attack_simulation loaded: enabled=True target_node=2 type=stale_update config_path=config_dev.json"}
{"time":"2026-07-22 10:19:13,231","level":"WARNING","node":2,"msg":"DEV MODE: running without TLS"}
{"time":"2026-07-22 10:19:13,232","level":"INFO","node":2,"msg":"Listening on 127.0.0.1:8002 | TLS=False"}
{"time":"2026-07-22 10:19:15,784","level":"INFO","node":2,"msg":"Key exchange complete with node 1"}
{"time":"2026-07-22 10:19:15,800","level":"INFO","node":2,"msg":"Consensus pubkey received from node 1"}
{"time":"2026-07-22 10:19:18,251","level":"INFO","node":2,"msg":"Sent consensus pubkey to node 0"}
{"time":"2026-07-22 10:19:18,260","level":"INFO","node":2,"msg":"Sent consensus pubkey to node 1"}
{"time":"2026-07-22 10:19:18,269","level":"INFO","node":2,"msg":"Sent public key to node 0"}
{"time":"2026-07-22 10:19:18,277","level":"INFO","node":2,"msg":"Sent consensus pubkey to node 3"}
{"time":"2026-07-22 10:19:18,280","level":"INFO","node":2,"msg":"Sent public key to node 1"}
{"time":"2026-07-22 10:19:18,288","level":"INFO","node":2,"msg":"Sent public key to node 3"}
{"time":"2026-07-22 10:19:21,680","level":"INFO","node":2,"msg":"Consensus pubkey received from node 3"}
{"time":"2026-07-22 10:19:21,707","level":"INFO","node":2,"msg":"Key exchange complete with node 3"}
{"time":"2026-07-22 10:19:26,358","level":"INFO","node":2,"msg":"Key exchange complete with node 0"}
{"time":"2026-07-22 10:19:26,407","level":"INFO","node":2,"msg":"Consensus pubkey received from node 0"}
{"time":"2026-07-22 10:19:49,861","level":"INFO","node":2,"msg":"Proposal received: round=0 origin=0 hash=fe4373813700..."}
{"time":"2026-07-22 10:19:49,958","level":"INFO","node":2,"msg":"Consensus vote recorded: node 0 decision=True reason=zkp_ok round=0 new=True satisfied=False"}
{"time":"2026-07-22 10:20:19,098","level":"INFO","node":2,"msg":"Consensus vote recorded: node 1 decision=True reason=zkp_ok round=0 new=True satisfied=False"}
{"time":"2026-07-22 10:20:42,337","level":"INFO","node":2,"msg":"Received update from node 1, round 0"}
{"time":"2026-07-22 10:21:11,262","level":"INFO","node":2,"msg":"ZKP ACCEPTED from node 1"}
{"time":"2026-07-22 10:21:11,283","level":"INFO","node":2,"msg":"Trust score for node 0: S=0.429 (Z=1.00 A=0.50 P=0.50 R=1.00) advisory only"}
{"time":"2026-07-22 10:21:11,300","level":"INFO","node":2,"msg":"Sent consensus vote to node 0"}
{"time":"2026-07-22 10:21:11,311","level":"INFO","node":2,"msg":"Sent consensus vote to node 1"}
{"time":"2026-07-22 10:21:11,328","level":"INFO","node":2,"msg":"Sent consensus vote to node 3"}
{"time":"2026-07-22 10:21:14,953","level":"WARNING","node":2,"msg":"[ATTACK SIMULATION] stale_update active on node 2 — no cached update yet, caching this real first update"}
{"time":"2026-07-22 10:21:34,235","level":"INFO","node":2,"msg":"Forwarded to http://127.0.0.1:8003"}
{"time":"2026-07-22 10:22:03,180","level":"INFO","node":2,"msg":"Prediction agreement with node 3 round=0: A=0.886"}
{"time":"2026-07-22 10:22:03,181","level":"INFO","node":2,"msg":"Consensus vote recorded: node 3 decision=True reason=zkp_ok round=0 new=True satisfied=True"}
{"time":"2026-07-22 10:22:24,901","level":"INFO","node":2,"msg":"Synced weights from master for round 0"}
{"time":"2026-07-22 10:22:24,922","level":"INFO","node":2,"msg":"Sent commit vote to node 0"}
{"time":"2026-07-22 10:22:43,801","level":"INFO","node":2,"msg":"Proposal received: round=1 origin=1 hash=4f27ec0c7487..."}
{"time":"2026-07-22 10:22:43,845","level":"INFO","node":2,"msg":"Consensus vote recorded: node 1 decision=True reason=zkp_ok round=1 new=True satisfied=False"}
{"time":"2026-07-22 10:22:43,869","level":"INFO","node":2,"msg":"Received update from node 1, round 1"}
{"time":"2026-07-22 10:23:10,743","level":"INFO","node":2,"msg":"ZKP ACCEPTED from node 1"}
{"time":"2026-07-22 10:23:10,753","level":"INFO","node":2,"msg":"Trust score for node 1: S=0.429 (Z=1.00 A=0.50 P=0.50 R=1.00) advisory only"}
{"time":"2026-07-22 10:23:10,780","level":"INFO","node":2,"msg":"Sent consensus vote to node 0"}
{"time":"2026-07-22 10:23:10,802","level":"INFO","node":2,"msg":"Sent consensus vote to node 1"}
{"time":"2026-07-22 10:23:10,827","level":"INFO","node":2,"msg":"Sent consensus vote to node 3"}
{"time":"2026-07-22 10:23:10,943","level":"WARNING","node":2,"msg":"[ATTACK SIMULATION] stale_update active on node 2 — resent previous round's update unchanged"}
{"time":"2026-07-22 10:23:28,780","level":"INFO","node":2,"msg":"Forwarded to http://127.0.0.1:8003"}
{"time":"2026-07-22 10:23:55,343","level":"INFO","node":2,"msg":"Prediction agreement with node 3 round=1: A=0.987"}
{"time":"2026-07-22 10:23:55,343","level":"INFO","node":2,"msg":"Consensus vote recorded: node 3 decision=True reason=zkp_ok round=1 new=True satisfied=True"}
{"time":"2026-07-22 10:24:34,930","level":"INFO","node":2,"msg":"Prediction agreement with node 0 round=1: A=0.985"}
{"time":"2026-07-22 10:24:34,930","level":"INFO","node":2,"msg":"Consensus vote recorded: node 0 decision=True reason=zkp_ok round=1 new=True satisfied=True"}
{"time":"2026-07-22 10:24:42,884","level":"INFO","node":2,"msg":"Synced weights from master for round 1"}
{"time":"2026-07-22 10:24:42,908","level":"INFO","node":2,"msg":"Sent commit vote to node 1"}
{"time":"2026-07-22 10:24:42,963","level":"INFO","node":2,"msg":"My turn — starting round 3 as proposer."}
{"time":"2026-07-22 10:24:42,965","level":"INFO","node":2,"msg":"Starting round 3"}
{"time":"2026-07-22 10:24:43,078","level":"WARNING","node":2,"msg":"[ATTACK SIMULATION] stale_update active on node 2 — resent previous round's update unchanged"}
{"time":"2026-07-22 10:25:01,660","level":"INFO","node":2,"msg":"Sent proposal to node 0"}
{"time":"2026-07-22 10:25:01,687","level":"INFO","node":2,"msg":"Sent proposal to node 1"}
{"time":"2026-07-22 10:25:01,698","level":"INFO","node":2,"msg":"Sent proposal to node 3"}
{"time":"2026-07-22 10:25:01,713","level":"INFO","node":2,"msg":"Sent consensus vote to node 0"}
{"time":"2026-07-22 10:25:01,719","level":"INFO","node":2,"msg":"Sent consensus vote to node 1"}
{"time":"2026-07-22 10:25:01,733","level":"INFO","node":2,"msg":"Sent consensus vote to node 3"}
{"time":"2026-07-22 10:25:01,745","level":"INFO","node":2,"msg":"Forwarded to http://127.0.0.1:8003"}
{"time":"2026-07-22 10:25:31,050","level":"INFO","node":2,"msg":"Consensus vote recorded: node 3 decision=True reason=zkp_ok round=2 new=True satisfied=False"}
{"time":"2026-07-22 10:26:19,054","level":"INFO","node":2,"msg":"Consensus vote recorded: node 0 decision=True reason=zkp_ok round=2 new=True satisfied=True"}
{"time":"2026-07-22 10:27:06,777","level":"INFO","node":2,"msg":"Consensus vote recorded: node 1 decision=True reason=zkp_ok round=2 new=True satisfied=True"}
{"time":"2026-07-22 10:27:26,935","level":"INFO","node":2,"msg":"Received update from node 1, round 2"}
{"time":"2026-07-22 10:27:26,938","level":"INFO","node":2,"msg":"Round 3 complete — aggregating"}
{"time":"2026-07-22 10:27:26,952","level":"INFO","node":2,"msg":"Round 3 accuracy gate skipped (warm-up period, candidate_acc=0.6818)"}
{"time":"2026-07-22 10:27:26,989","level":"INFO","node":2,"msg":"Commit vote recorded: node 0 decision=True round=2 satisfied=False"}
{"time":"2026-07-22 10:27:26,993","level":"INFO","node":2,"msg":"Broadcast weights to node 0"}
{"time":"2026-07-22 10:27:27,025","level":"INFO","node":2,"msg":"Commit vote recorded: node 1 decision=True round=2 satisfied=True"}
{"time":"2026-07-22 10:27:27,026","level":"INFO","node":2,"msg":"Round 3 COMMITTED — model hash agreed by [2, 0, 1]"}
{"time":"2026-07-22 10:27:27,029","level":"INFO","node":2,"msg":"Commit certificate saved to C:\Users\mousu\OneDrive\Desktop\Set A\securefedhe\dashboard\certificates\round_2.json"}
{"time":"2026-07-22 10:27:27,033","level":"INFO","node":2,"msg":"Broadcast weights to node 1"}
{"time":"2026-07-22 10:27:27,061","level":"INFO","node":2,"msg":"Commit vote recorded: node 3 decision=True round=2 satisfied=True"}
{"time":"2026-07-22 10:27:27,061","level":"INFO","node":2,"msg":"Broadcast weights to node 3"}
{"time":"2026-07-22 10:27:27,085","level":"INFO","node":2,"msg":"Checkpoint saved to C:\Users\mousu\OneDrive\Desktop\Set A\securefedhe\dashboard\model_latest.pt"}
{"time":"2026-07-22 10:27:27,086","level":"INFO","node":2,"msg":"Round 3 complete | accuracy=0.6818 | duration=164.12s"}
{"time":"2026-07-22 10:27:27,086","level":"INFO","node":2,"msg":"Round 4 belongs to node 3 — waiting for their proposal."}
{"time":"2026-07-22 10:27:27,095","level":"INFO","node":2,"msg":"Notified next proposer to node 3"}
{"time":"2026-07-22 10:27:27,096","level":"INFO","node":2,"msg":"[WATCHDOG SPAWNED] round=3 expected_proposer=3 timeout_s=600 spawned_at=10:27:27"}
{"time":"2026-07-22 10:27:46,797","level":"INFO","node":2,"msg":"Proposal received: round=3 origin=3 hash=64ccc3959457..."}
{"time":"2026-07-22 10:27:46,858","level":"INFO","node":2,"msg":"Consensus vote recorded: node 3 decision=True reason=zkp_ok round=3 new=True satisfied=False"}
{"time":"2026-07-22 10:28:16,601","level":"INFO","node":2,"msg":"Consensus vote recorded: node 0 decision=True reason=zkp_ok round=3 new=True satisfied=False"}
{"time":"2026-07-22 10:29:04,116","level":"INFO","node":2,"msg":"Consensus vote recorded: node 1 decision=True reason=zkp_ok round=3 new=True satisfied=True"}
{"time":"2026-07-22 10:29:23,354","level":"INFO","node":2,"msg":"Received update from node 1, round 3"}
{"time":"2026-07-22 10:29:53,774","level":"INFO","node":2,"msg":"ZKP ACCEPTED from node 1"}
{"time":"2026-07-22 10:29:53,790","level":"INFO","node":2,"msg":"Trust score for node 3: S=0.429 (Z=1.00 A=0.50 P=0.50 R=1.00) advisory only"}
{"time":"2026-07-22 10:29:53,860","level":"INFO","node":2,"msg":"Sent consensus vote to node 0"}
{"time":"2026-07-22 10:29:53,971","level":"INFO","node":2,"msg":"Sent consensus vote to node 1"}
{"time":"2026-07-22 10:29:54,020","level":"INFO","node":2,"msg":"Sent consensus vote to node 3"}
{"time":"2026-07-22 10:29:54,126","level":"WARNING","node":2,"msg":"[ATTACK SIMULATION] stale_update active on node 2 — resent previous round's update unchanged"}
{"time":"2026-07-22 10:30:13,420","level":"INFO","node":2,"msg":"Forwarded to http://127.0.0.1:8003"}
{"time":"2026-07-22 10:30:13,533","level":"INFO","node":2,"msg":"Synced weights from master for round 3"}
{"time":"2026-07-22 10:30:13,545","level":"INFO","node":2,"msg":"Sent commit vote to node 3"}
{"time":"2026-07-22 10:30:32,695","level":"INFO","node":2,"msg":"Proposal received: round=4 origin=0 hash=b9b460968282..."}
{"time":"2026-07-22 10:30:32,746","level":"INFO","node":2,"msg":"Consensus vote recorded: node 0 decision=True reason=zkp_ok round=4 new=True satisfied=False"}
{"time":"2026-07-22 10:31:00,949","level":"INFO","node":2,"msg":"Consensus vote recorded: node 1 decision=True reason=zkp_ok round=4 new=True satisfied=False"}
{"time":"2026-07-22 10:31:20,606","level":"INFO","node":2,"msg":"Received update from node 1, round 4"}
{"time":"2026-07-22 10:31:46,946","level":"INFO","node":2,"msg":"ZKP ACCEPTED from node 1"}
{"time":"2026-07-22 10:31:46,959","level":"INFO","node":2,"msg":"Per-class agreement with node 0: class0=0.752 class1=0.822 gap=0.069"}
{"time":"2026-07-22 10:31:46,959","level":"INFO","node":2,"msg":"Per-class rolling gap for node 0: mean=0.069 over last 1 round(s)"}
{"time":"2026-07-22 10:31:46,964","level":"INFO","node":2,"msg":"Trust score for node 0: S=0.664 (Z=1.00 A=0.77 P=0.50 R=1.00) advisory only"}
{"time":"2026-07-22 10:31:46,977","level":"INFO","node":2,"msg":"Sent consensus vote to node 0"}
{"time":"2026-07-22 10:31:46,998","level":"INFO","node":2,"msg":"Sent consensus vote to node 1"}
{"time":"2026-07-22 10:31:47,011","level":"INFO","node":2,"msg":"Sent consensus vote to node 3"}
{"time":"2026-07-22 10:31:47,038","level":"WARNING","node":2,"msg":"[ATTACK SIMULATION] stale_update active on node 2 — resent previous round's update unchanged"}
{"time":"2026-07-22 10:32:03,905","level":"INFO","node":2,"msg":"Forwarded to http://127.0.0.1:8003"}
{"time":"2026-07-22 10:32:32,706","level":"INFO","node":2,"msg":"Prediction agreement with node 3 round=4: A=0.958"}
{"time":"2026-07-22 10:32:32,708","level":"INFO","node":2,"msg":"Consensus vote recorded: node 3 decision=True reason=zkp_ok round=4 new=True satisfied=True"}
{"time":"2026-07-22 10:32:52,215","level":"INFO","node":2,"msg":"Synced weights from master for round 4"}
{"time":"2026-07-22 10:32:52,236","level":"INFO","node":2,"msg":"Sent commit vote to node 0"}
{"time":"2026-07-22 10:33:11,898","level":"INFO","node":2,"msg":"Proposal received: round=5 origin=1 hash=eb17ba5ee55f..."}
{"time":"2026-07-22 10:33:11,939","level":"INFO","node":2,"msg":"Consensus vote recorded: node 1 decision=True reason=zkp_ok round=5 new=True satisfied=False"}
{"time":"2026-07-22 10:33:11,965","level":"INFO","node":2,"msg":"Received update from node 1, round 5"}
{"time":"2026-07-22 10:33:40,646","level":"INFO","node":2,"msg":"ZKP ACCEPTED from node 1"}
{"time":"2026-07-22 10:33:40,658","level":"INFO","node":2,"msg":"Per-class agreement with node 1: class0=0.791 class1=0.928 gap=0.138"}
{"time":"2026-07-22 10:33:40,658","level":"INFO","node":2,"msg":"Per-class rolling gap for node 1: mean=0.138 over last 1 round(s)"}
{"time":"2026-07-22 10:33:40,665","level":"INFO","node":2,"msg":"Trust score for node 1: S=0.750 (Z=1.00 A=0.83 P=0.65 R=1.00) advisory only"}
{"time":"2026-07-22 10:33:40,693","level":"INFO","node":2,"msg":"Sent consensus vote to node 0"}
{"time":"2026-07-22 10:33:40,715","level":"INFO","node":2,"msg":"Sent consensus vote to node 1"}
{"time":"2026-07-22 10:33:40,735","level":"INFO","node":2,"msg":"Sent consensus vote to node 3"}
{"time":"2026-07-22 10:33:40,840","level":"WARNING","node":2,"msg":"[ATTACK SIMULATION] stale_update active on node 2 — resent previous round's update unchanged"}
{"time":"2026-07-22 10:33:59,948","level":"INFO","node":2,"msg":"Forwarded to http://127.0.0.1:8003"}
{"time":"2026-07-22 10:34:28,821","level":"INFO","node":2,"msg":"Prediction agreement with node 3 round=5: A=0.944"}
{"time":"2026-07-22 10:34:28,822","level":"INFO","node":2,"msg":"Consensus vote recorded: node 3 decision=True reason=zkp_ok round=5 new=True satisfied=True"}
{"time":"2026-07-22 10:35:17,428","level":"INFO","node":2,"msg":"Prediction agreement with node 0 round=5: A=0.939"}
{"time":"2026-07-22 10:35:17,429","level":"INFO","node":2,"msg":"Consensus vote recorded: node 0 decision=True reason=zkp_ok round=5 new=True satisfied=True"}
{"time":"2026-07-22 10:35:36,621","level":"INFO","node":2,"msg":"Synced weights from master for round 5"}
{"time":"2026-07-22 10:35:36,646","level":"INFO","node":2,"msg":"Sent commit vote to node 1"}
{"time":"2026-07-22 10:35:36,688","level":"INFO","node":2,"msg":"My turn — starting round 7 as proposer."}
{"time":"2026-07-22 10:35:36,688","level":"INFO","node":2,"msg":"Starting round 7"}
{"time":"2026-07-22 10:35:36,807","level":"WARNING","node":2,"msg":"[ATTACK SIMULATION] stale_update active on node 2 — resent previous round's update unchanged"}
{"time":"2026-07-22 10:35:36,808","level":"WARNING","node":2,"msg":"[STALE-UPDATE CHECK] node 2 slack unchanged from last round (166762) — possible replayed/stale update, advisory only"}
{"time":"2026-07-22 10:35:56,205","level":"INFO","node":2,"msg":"Sent proposal to node 0"}
{"time":"2026-07-22 10:35:56,224","level":"INFO","node":2,"msg":"Sent proposal to node 1"}
{"time":"2026-07-22 10:35:56,238","level":"INFO","node":2,"msg":"Sent proposal to node 3"}
{"time":"2026-07-22 10:35:56,257","level":"INFO","node":2,"msg":"Sent consensus vote to node 0"}
{"time":"2026-07-22 10:35:56,266","level":"INFO","node":2,"msg":"Sent consensus vote to node 1"}
{"time":"2026-07-22 10:35:56,283","level":"INFO","node":2,"msg":"Sent consensus vote to node 3"}
{"time":"2026-07-22 10:35:56,292","level":"INFO","node":2,"msg":"Forwarded to http://127.0.0.1:8003"}
{"time":"2026-07-22 10:36:24,951","level":"INFO","node":2,"msg":"Consensus vote recorded: node 3 decision=False reason=stale_update_replay round=6 new=True satisfied=False"}
{"time":"2026-07-22 10:37:13,336","level":"INFO","node":2,"msg":"Consensus vote recorded: node 0 decision=False reason=stale_update_replay round=6 new=True satisfied=False"}
{"time":"2026-07-22 10:38:02,964","level":"INFO","node":2,"msg":"Consensus vote recorded: node 1 decision=False reason=stale_update_replay round=6 new=True satisfied=False"}
{"time":"2026-07-22 10:38:23,022","level":"INFO","node":2,"msg":"Received update from node 1, round 6"}
{"time":"2026-07-22 10:38:23,024","level":"INFO","node":2,"msg":"Round 7 complete — aggregating"}
{"time":"2026-07-22 10:38:23,026","level":"WARNING","node":2,"msg":"Round 7 REJECTED — quorum not satisfied (attempt 1/3). Retrying round."}
{"time":"2026-07-22 10:38:23,535","level":"INFO","node":2,"msg":"Starting round 7"}
{"time":"2026-07-22 10:38:23,642","level":"WARNING","node":2,"msg":"[ATTACK SIMULATION] stale_update active on node 2 — resent previous round's update unchanged"}
{"time":"2026-07-22 10:38:23,643","level":"WARNING","node":2,"msg":"[STALE-UPDATE CHECK] node 2 slack unchanged from last round (166762) — possible replayed/stale update, advisory only"}
{"time":"2026-07-22 10:38:43,015","level":"INFO","node":2,"msg":"Sent proposal to node 0"}
{"time":"2026-07-22 10:38:43,024","level":"INFO","node":2,"msg":"Sent proposal to node 1"}
{"time":"2026-07-22 10:38:43,040","level":"INFO","node":2,"msg":"Sent proposal to node 3"}
{"time":"2026-07-22 10:38:43,056","level":"INFO","node":2,"msg":"Sent consensus vote to node 0"}
{"time":"2026-07-22 10:38:43,063","level":"INFO","node":2,"msg":"Sent consensus vote to node 1"}
{"time":"2026-07-22 10:38:43,072","level":"INFO","node":2,"msg":"Sent consensus vote to node 3"}
{"time":"2026-07-22 10:38:43,089","level":"INFO","node":2,"msg":"Forwarded to http://127.0.0.1:8003"}
{"time":"2026-07-22 10:39:12,316","level":"INFO","node":2,"msg":"Consensus vote recorded: node 3 decision=False reason=stale_update_replay round=6 new=False satisfied=False"}
{"time":"2026-07-22 10:39:58,954","level":"INFO","node":2,"msg":"Consensus vote recorded: node 0 decision=False reason=stale_update_replay round=6 new=False satisfied=False"}
{"time":"2026-07-22 10:40:43,895","level":"INFO","node":2,"msg":"Consensus vote recorded: node 1 decision=False reason=stale_update_replay round=6 new=False satisfied=False"}
{"time":"2026-07-22 10:41:01,877","level":"INFO","node":2,"msg":"Received update from node 1, round 6"}
{"time":"2026-07-22 10:41:01,879","level":"INFO","node":2,"msg":"Round 7 complete — aggregating"}
{"time":"2026-07-22 10:41:01,880","level":"WARNING","node":2,"msg":"Round 7 REJECTED — quorum not satisfied (attempt 2/3). Retrying round."}
{"time":"2026-07-22 10:41:02,387","level":"INFO","node":2,"msg":"Starting round 7"}
{"time":"2026-07-22 10:41:02,507","level":"WARNING","node":2,"msg":"[ATTACK SIMULATION] stale_update active on node 2 — resent previous round's update unchanged"}
{"time":"2026-07-22 10:41:02,508","level":"WARNING","node":2,"msg":"[STALE-UPDATE CHECK] node 2 slack unchanged from last round (166762) — possible replayed/stale update, advisory only"}
{"time":"2026-07-22 10:41:20,036","level":"INFO","node":2,"msg":"Sent proposal to node 0"}
{"time":"2026-07-22 10:41:20,039","level":"INFO","node":2,"msg":"Sent proposal to node 1"}
{"time":"2026-07-22 10:41:20,057","level":"INFO","node":2,"msg":"Sent proposal to node 3"}
{"time":"2026-07-22 10:41:20,074","level":"INFO","node":2,"msg":"Sent consensus vote to node 0"}
{"time":"2026-07-22 10:41:20,082","level":"INFO","node":2,"msg":"Sent consensus vote to node 1"}
{"time":"2026-07-22 10:41:20,095","level":"INFO","node":2,"msg":"Sent consensus vote to node 3"}
{"time":"2026-07-22 10:41:20,109","level":"INFO","node":2,"msg":"Forwarded to http://127.0.0.1:8003"}
{"time":"2026-07-22 10:41:47,168","level":"INFO","node":2,"msg":"Consensus vote recorded: node 3 decision=False reason=stale_update_replay round=6 new=False satisfied=False"}
{"time":"2026-07-22 10:42:35,762","level":"INFO","node":2,"msg":"Consensus vote recorded: node 0 decision=False reason=stale_update_replay round=6 new=False satisfied=False"}
{"time":"2026-07-22 10:43:23,865","level":"INFO","node":2,"msg":"Consensus vote recorded: node 1 decision=False reason=stale_update_replay round=6 new=False satisfied=False"}
{"time":"2026-07-22 10:43:43,455","level":"INFO","node":2,"msg":"Received update from node 1, round 6"}
{"time":"2026-07-22 10:43:43,460","level":"INFO","node":2,"msg":"Round 7 complete — aggregating"}
{"time":"2026-07-22 10:43:43,460","level":"WARNING","node":2,"msg":"Round 7 REJECTED — quorum not satisfied (attempt 3/3). Retrying round."}
{"time":"2026-07-22 10:43:43,969","level":"INFO","node":2,"msg":"Starting round 7"}
{"time":"2026-07-22 10:43:44,087","level":"WARNING","node":2,"msg":"[ATTACK SIMULATION] stale_update active on node 2 — resent previous round's update unchanged"}
{"time":"2026-07-22 10:43:44,088","level":"WARNING","node":2,"msg":"[STALE-UPDATE CHECK] node 2 slack unchanged from last round (166762) — possible replayed/stale update, advisory only"}
{"time":"2026-07-22 10:44:03,543","level":"INFO","node":2,"msg":"Sent proposal to node 0"}
{"time":"2026-07-22 10:44:03,555","level":"INFO","node":2,"msg":"Sent proposal to node 1"}
{"time":"2026-07-22 10:44:03,570","level":"INFO","node":2,"msg":"Sent proposal to node 3"}
{"time":"2026-07-22 10:44:03,586","level":"INFO","node":2,"msg":"Sent consensus vote to node 0"}
{"time":"2026-07-22 10:44:03,593","level":"INFO","node":2,"msg":"Sent consensus vote to node 1"}
{"time":"2026-07-22 10:44:03,600","level":"INFO","node":2,"msg":"Sent consensus vote to node 3"}
{"time":"2026-07-22 10:44:03,615","level":"INFO","node":2,"msg":"Forwarded to http://127.0.0.1:8003"}
{"time":"2026-07-22 10:44:15,711","level":"INFO","node":2,"msg":"Consensus vote recorded: node 3 decision=False reason=stale_update_replay round=6 new=False satisfied=False"}
{"time":"2026-07-22 10:44:39,332","level":"INFO","node":2,"msg":"Consensus vote recorded: node 0 decision=False reason=stale_update_replay round=6 new=False satisfied=False"}
{"time":"2026-07-22 10:45:27,160","level":"INFO","node":2,"msg":"Consensus vote recorded: node 1 decision=False reason=stale_update_replay round=6 new=False satisfied=False"}
{"time":"2026-07-22 10:45:47,118","level":"INFO","node":2,"msg":"Received update from node 1, round 6"}
{"time":"2026-07-22 10:45:47,118","level":"INFO","node":2,"msg":"Round 7 complete — aggregating"}
{"time":"2026-07-22 10:45:47,118","level":"ERROR","node":2,"msg":"Round 7 REJECTED — quorum not satisfied after 3 retries. Skipping round, model NOT updated."}
{"time":"2026-07-22 10:45:47,167","level":"WARNING","node":2,"msg":"Node 2 accused by node 0, but only 1/3 distinct accusers so far (3f+1 quorum) — NOT excluding yet (avoids a single compromised node unilaterally removing an honest peer)."}
{"time":"2026-07-22 10:45:47,206","level":"INFO","node":2,"msg":"Sent skip notice to node 0"}
{"time":"2026-07-22 10:45:47,274","level":"WARNING","node":2,"msg":"Node 2 accused by node 1, but only 2/3 distinct accusers so far (3f+1 quorum) — NOT excluding yet (avoids a single compromised node unilaterally removing an honest peer)."}
{"time":"2026-07-22 10:45:47,299","level":"INFO","node":2,"msg":"Sent skip notice to node 1"}
{"time":"2026-07-22 10:45:57,307","level":"WARNING","node":2,"msg":"Sent skip notice to node 3 FAILED (hard timeout or exception) — consecutive failure streak 1/3"}
{"time":"2026-07-22 10:45:57,349","level":"ERROR","node":2,"msg":"Node 2 accused by 3 independent peers ([0, 1, 3]) — quorum-corroborated, excluding."}
{"time":"2026-07-22 10:45:57,350","level":"ERROR","node":2,"msg":"Node 2 EXCLUDED from proposing and quorum. Quorum requirement adjusted to 3 of 3 remaining trusted nodes."}
{"time":"2026-07-22 10:45:57,350","level":"ERROR","node":2,"msg":"*** THIS NODE HAS BEEN EXCLUDED from the consensus ring. No further rounds will be routed to it. This is expected behavior, not a crash or hang — it is now safe to close this process. ***"}
{"time":"2026-07-22 10:45:57,363","level":"INFO","node":2,"msg":"Sent exclusion notice for node 2 to node 0"}
{"time":"2026-07-22 10:45:57,396","level":"INFO","node":2,"msg":"Sent exclusion notice for node 2 to node 1"}
{"time":"2026-07-22 10:46:07,388","level":"INFO","node":2,"msg":"Sent exclusion notice for node 2 to node 3"}
{"time":"2026-07-22 10:46:09,403","level":"INFO","node":2,"msg":"Notified next proposer to node 3"}
{"time":"2026-07-22 10:46:09,403","level":"INFO","node":2,"msg":"[WATCHDOG SPAWNED] round=7 expected_proposer=3 timeout_s=600 spawned_at=10:46:09"}
{"time":"2026-07-22 10:56:09,419","level":"INFO","node":2,"msg":"[WATCHDOG] round=7 — this node itself is excluded, standing down."}
{"time":"2026-07-22 11:27:42,829","level":"INFO","node":2,"msg":"Starting node 2: Rural Health Centre"}
{"time":"2026-07-22 11:27:42,829","level":"INFO","node":2,"msg":"[CONFIG DEBUG] attack_simulation loaded: enabled=True target_node=2 type=stale_update config_path=config_dev.json"}
{"time":"2026-07-22 11:27:42,863","level":"WARNING","node":2,"msg":"DEV MODE: running without TLS"}
{"time":"2026-07-22 11:27:42,863","level":"INFO","node":2,"msg":"Listening on 127.0.0.1:8002 | TLS=False"}
{"time":"2026-07-22 11:27:45,025","level":"INFO","node":2,"msg":"Key exchange complete with node 1"}
{"time":"2026-07-22 11:27:45,042","level":"INFO","node":2,"msg":"Consensus pubkey received from node 1"}
{"time":"2026-07-22 11:27:47,868","level":"INFO","node":2,"msg":"Sent consensus pubkey to node 0"}
{"time":"2026-07-22 11:27:47,886","level":"INFO","node":2,"msg":"Sent public key to node 0"}
{"time":"2026-07-22 11:27:47,888","level":"INFO","node":2,"msg":"Sent consensus pubkey to node 1"}
{"time":"2026-07-22 11:27:47,899","level":"INFO","node":2,"msg":"Sent public key to node 1"}
{"time":"2026-07-22 11:27:47,901","level":"INFO","node":2,"msg":"Sent consensus pubkey to node 3"}
{"time":"2026-07-22 11:27:47,907","level":"INFO","node":2,"msg":"Sent public key to node 3"}
{"time":"2026-07-22 11:27:50,186","level":"INFO","node":2,"msg":"Consensus pubkey received from node 3"}
{"time":"2026-07-22 11:27:50,187","level":"INFO","node":2,"msg":"Key exchange complete with node 3"}
{"time":"2026-07-22 11:27:54,198","level":"INFO","node":2,"msg":"Key exchange complete with node 0"}
{"time":"2026-07-22 11:27:54,219","level":"INFO","node":2,"msg":"Consensus pubkey received from node 0"}
{"time":"2026-07-22 11:28:01,493","level":"INFO","node":2,"msg":"Proposal received: round=0 origin=0 hash=166e926cf16d..."}
{"time":"2026-07-22 11:28:01,529","level":"INFO","node":2,"msg":"Consensus vote recorded: node 0 decision=True reason=zkp_ok round=0 new=True satisfied=False"}
{"time":"2026-07-22 11:28:11,274","level":"INFO","node":2,"msg":"Consensus vote recorded: node 1 decision=True reason=zkp_ok round=0 new=True satisfied=False"}
{"time":"2026-07-22 11:28:18,494","level":"INFO","node":2,"msg":"Received update from node 1, round 0"}
{"time":"2026-07-22 11:28:28,117","level":"INFO","node":2,"msg":"ZKP ACCEPTED from node 1"}
{"time":"2026-07-22 11:28:28,126","level":"INFO","node":2,"msg":"Trust score for node 0: S=0.429 (Z=1.00 A=0.50 P=0.50 R=1.00) advisory only"}
{"time":"2026-07-22 11:28:28,132","level":"INFO","node":2,"msg":"Sent consensus vote to node 0"}
{"time":"2026-07-22 11:28:28,151","level":"INFO","node":2,"msg":"Sent consensus vote to node 1"}
{"time":"2026-07-22 11:28:28,169","level":"INFO","node":2,"msg":"Sent consensus vote to node 3"}
{"time":"2026-07-22 11:28:29,333","level":"WARNING","node":2,"msg":"[ATTACK SIMULATION] stale_update active on node 2 — no cached update yet, caching this real first update"}
{"time":"2026-07-22 11:28:35,520","level":"INFO","node":2,"msg":"Forwarded to http://127.0.0.1:8003"}
{"time":"2026-07-22 11:28:45,367","level":"INFO","node":2,"msg":"Prediction agreement with node 3 round=0: A=0.764"}
{"time":"2026-07-22 11:28:45,367","level":"INFO","node":2,"msg":"Consensus vote recorded: node 3 decision=True reason=zkp_ok round=0 new=True satisfied=True"}
{"time":"2026-07-22 11:28:52,578","level":"INFO","node":2,"msg":"Synced weights from master for round 0"}
{"time":"2026-07-22 11:28:52,607","level":"INFO","node":2,"msg":"Sent commit vote to node 0"}
{"time":"2026-07-22 11:28:59,105","level":"INFO","node":2,"msg":"Proposal received: round=1 origin=1 hash=b4643332aed5..."}
{"time":"2026-07-22 11:28:59,135","level":"INFO","node":2,"msg":"Consensus vote recorded: node 1 decision=True reason=zkp_ok round=1 new=True satisfied=False"}
{"time":"2026-07-22 11:28:59,142","level":"INFO","node":2,"msg":"Received update from node 1, round 1"}
{"time":"2026-07-22 11:29:08,797","level":"INFO","node":2,"msg":"ZKP ACCEPTED from node 1"}
{"time":"2026-07-22 11:29:08,809","level":"INFO","node":2,"msg":"Trust score for node 1: S=0.429 (Z=1.00 A=0.50 P=0.50 R=1.00) advisory only"}
{"time":"2026-07-22 11:29:08,822","level":"INFO","node":2,"msg":"Sent consensus vote to node 0"}
{"time":"2026-07-22 11:29:08,845","level":"INFO","node":2,"msg":"Sent consensus vote to node 1"}
{"time":"2026-07-22 11:29:08,854","level":"INFO","node":2,"msg":"Sent consensus vote to node 3"}
{"time":"2026-07-22 11:29:08,881","level":"WARNING","node":2,"msg":"[ATTACK SIMULATION] stale_update active on node 2 — resent previous round's update unchanged"}
{"time":"2026-07-22 11:29:14,975","level":"INFO","node":2,"msg":"Forwarded to http://127.0.0.1:8003"}
{"time":"2026-07-22 11:29:24,786","level":"INFO","node":2,"msg":"Prediction agreement with node 3 round=1: A=0.983"}
{"time":"2026-07-22 11:29:24,786","level":"INFO","node":2,"msg":"Consensus vote recorded: node 3 decision=True reason=zkp_ok round=1 new=True satisfied=True"}
{"time":"2026-07-22 11:29:40,755","level":"INFO","node":2,"msg":"Prediction agreement with node 0 round=1: A=0.979"}
{"time":"2026-07-22 11:29:40,756","level":"INFO","node":2,"msg":"Consensus vote recorded: node 0 decision=True reason=zkp_ok round=1 new=True satisfied=True"}
{"time":"2026-07-22 11:29:46,820","level":"INFO","node":2,"msg":"Synced weights from master for round 1"}
{"time":"2026-07-22 11:29:46,857","level":"INFO","node":2,"msg":"Sent commit vote to node 1"}
{"time":"2026-07-22 11:29:46,916","level":"INFO","node":2,"msg":"My turn — starting round 3 as proposer."}
{"time":"2026-07-22 11:29:46,916","level":"INFO","node":2,"msg":"Starting round 3"}
{"time":"2026-07-22 11:29:46,969","level":"WARNING","node":2,"msg":"[ATTACK SIMULATION] stale_update active on node 2 — resent previous round's update unchanged"}
{"time":"2026-07-22 11:29:53,025","level":"INFO","node":2,"msg":"Sent proposal to node 0"}
{"time":"2026-07-22 11:29:53,044","level":"INFO","node":2,"msg":"Sent proposal to node 1"}
{"time":"2026-07-22 11:29:53,055","level":"INFO","node":2,"msg":"Sent proposal to node 3"}
{"time":"2026-07-22 11:29:53,060","level":"INFO","node":2,"msg":"Sent consensus vote to node 0"}
{"time":"2026-07-22 11:29:53,064","level":"INFO","node":2,"msg":"Sent consensus vote to node 1"}
{"time":"2026-07-22 11:29:53,067","level":"INFO","node":2,"msg":"Sent consensus vote to node 3"}
{"time":"2026-07-22 11:29:53,070","level":"INFO","node":2,"msg":"Forwarded to http://127.0.0.1:8003"}
{"time":"2026-07-22 11:30:02,714","level":"INFO","node":2,"msg":"Consensus vote recorded: node 3 decision=True reason=zkp_ok round=2 new=True satisfied=False"}
{"time":"2026-07-22 11:30:18,563","level":"INFO","node":2,"msg":"Consensus vote recorded: node 0 decision=True reason=zkp_ok round=2 new=True satisfied=True"}
{"time":"2026-07-22 11:30:34,785","level":"INFO","node":2,"msg":"Consensus vote recorded: node 1 decision=True reason=zkp_ok round=2 new=True satisfied=True"}
{"time":"2026-07-22 11:30:40,924","level":"INFO","node":2,"msg":"Received update from node 1, round 2"}
{"time":"2026-07-22 11:30:40,924","level":"INFO","node":2,"msg":"Round 3 complete — aggregating"}
{"time":"2026-07-22 11:30:40,936","level":"INFO","node":2,"msg":"Round 3 accuracy gate skipped (warm-up period, candidate_acc=0.6818)"}
{"time":"2026-07-22 11:30:40,996","level":"INFO","node":2,"msg":"Commit vote recorded: node 0 decision=True round=2 satisfied=False"}
{"time":"2026-07-22 11:30:41,002","level":"INFO","node":2,"msg":"Broadcast weights to node 0"}
{"time":"2026-07-22 11:30:41,034","level":"INFO","node":2,"msg":"Commit vote recorded: node 1 decision=True round=2 satisfied=True"}
{"time":"2026-07-22 11:30:41,035","level":"INFO","node":2,"msg":"Round 3 COMMITTED — model hash agreed by [2, 0, 1]"}
{"time":"2026-07-22 11:30:41,037","level":"INFO","node":2,"msg":"Commit certificate saved to C:\Users\mousu\OneDrive\Desktop\Set A\securefedhe\dashboard\certificates\round_2.json"}
{"time":"2026-07-22 11:30:41,042","level":"INFO","node":2,"msg":"Broadcast weights to node 1"}
{"time":"2026-07-22 11:30:41,071","level":"INFO","node":2,"msg":"Commit vote recorded: node 3 decision=True round=2 satisfied=True"}
{"time":"2026-07-22 11:30:41,073","level":"INFO","node":2,"msg":"Broadcast weights to node 3"}
{"time":"2026-07-22 11:30:41,082","level":"INFO","node":2,"msg":"Checkpoint saved to C:\Users\mousu\OneDrive\Desktop\Set A\securefedhe\dashboard\model_latest.pt"}
{"time":"2026-07-22 11:30:41,082","level":"INFO","node":2,"msg":"Round 3 complete | accuracy=0.6818 | duration=54.17s"}
{"time":"2026-07-22 11:30:41,082","level":"INFO","node":2,"msg":"Round 4 belongs to node 3 — waiting for their proposal."}
{"time":"2026-07-22 11:30:41,087","level":"INFO","node":2,"msg":"Notified next proposer to node 3"}
{"time":"2026-07-22 11:30:41,088","level":"INFO","node":2,"msg":"[WATCHDOG SPAWNED] round=3 expected_proposer=3 timeout_s=600 spawned_at=11:30:41"}
{"time":"2026-07-22 11:30:47,421","level":"INFO","node":2,"msg":"Proposal received: round=3 origin=3 hash=f93e9d377033..."}
{"time":"2026-07-22 11:30:47,436","level":"INFO","node":2,"msg":"Consensus vote recorded: node 3 decision=True reason=zkp_ok round=3 new=True satisfied=False"}
{"time":"2026-07-22 11:30:57,245","level":"INFO","node":2,"msg":"Consensus vote recorded: node 0 decision=True reason=zkp_ok round=3 new=True satisfied=False"}
{"time":"2026-07-22 11:31:13,140","level":"INFO","node":2,"msg":"Consensus vote recorded: node 1 decision=True reason=zkp_ok round=3 new=True satisfied=True"}
{"time":"2026-07-22 11:31:19,419","level":"INFO","node":2,"msg":"Received update from node 1, round 3"}
{"time":"2026-07-22 11:31:29,171","level":"INFO","node":2,"msg":"ZKP ACCEPTED from node 1"}
{"time":"2026-07-22 11:31:29,180","level":"INFO","node":2,"msg":"Trust score for node 3: S=0.429 (Z=1.00 A=0.50 P=0.50 R=1.00) advisory only"}
{"time":"2026-07-22 11:31:29,192","level":"INFO","node":2,"msg":"Sent consensus vote to node 0"}
{"time":"2026-07-22 11:31:29,220","level":"INFO","node":2,"msg":"Sent consensus vote to node 1"}
{"time":"2026-07-22 11:31:29,243","level":"INFO","node":2,"msg":"Sent consensus vote to node 3"}
{"time":"2026-07-22 11:31:29,268","level":"WARNING","node":2,"msg":"[ATTACK SIMULATION] stale_update active on node 2 — resent previous round's update unchanged"}
{"time":"2026-07-22 11:31:35,316","level":"INFO","node":2,"msg":"Forwarded to http://127.0.0.1:8003"}
{"time":"2026-07-22 11:31:35,443","level":"INFO","node":2,"msg":"Synced weights from master for round 3"}
{"time":"2026-07-22 11:31:35,452","level":"INFO","node":2,"msg":"Sent commit vote to node 3"}
{"time":"2026-07-22 11:31:41,560","level":"INFO","node":2,"msg":"Proposal received: round=4 origin=0 hash=4a5a83383c01..."}
{"time":"2026-07-22 11:31:41,580","level":"INFO","node":2,"msg":"Consensus vote recorded: node 0 decision=True reason=zkp_ok round=4 new=True satisfied=False"}
{"time":"2026-07-22 11:31:51,435","level":"INFO","node":2,"msg":"Consensus vote recorded: node 1 decision=True reason=zkp_ok round=4 new=True satisfied=False"}
{"time":"2026-07-22 11:31:57,619","level":"INFO","node":2,"msg":"Received update from node 1, round 4"}
{"time":"2026-07-22 11:32:07,273","level":"INFO","node":2,"msg":"ZKP ACCEPTED from node 1"}
{"time":"2026-07-22 11:32:07,273","level":"INFO","node":2,"msg":"Per-class agreement with node 0: class0=0.615 class1=0.785 gap=0.170"}
{"time":"2026-07-22 11:32:07,273","level":"INFO","node":2,"msg":"Per-class rolling gap for node 0: mean=0.170 over last 1 round(s)"}
{"time":"2026-07-22 11:32:07,273","level":"INFO","node":2,"msg":"Trust score for node 0: S=0.591 (Z=1.00 A=0.67 P=0.59 R=1.00) advisory only"}
{"time":"2026-07-22 11:32:07,317","level":"INFO","node":2,"msg":"Sent consensus vote to node 0"}
{"time":"2026-07-22 11:32:07,339","level":"INFO","node":2,"msg":"Sent consensus vote to node 1"}
{"time":"2026-07-22 11:32:07,351","level":"INFO","node":2,"msg":"Sent consensus vote to node 3"}
{"time":"2026-07-22 11:32:07,378","level":"WARNING","node":2,"msg":"[ATTACK SIMULATION] stale_update active on node 2 — resent previous round's update unchanged"}
{"time":"2026-07-22 11:32:13,482","level":"INFO","node":2,"msg":"Forwarded to http://127.0.0.1:8003"}
{"time":"2026-07-22 11:32:23,388","level":"INFO","node":2,"msg":"Prediction agreement with node 3 round=4: A=0.961"}
{"time":"2026-07-22 11:32:23,389","level":"INFO","node":2,"msg":"Consensus vote recorded: node 3 decision=True reason=zkp_ok round=4 new=True satisfied=True"}
{"time":"2026-07-22 11:32:29,510","level":"INFO","node":2,"msg":"Synced weights from master for round 4"}
{"time":"2026-07-22 11:32:29,521","level":"INFO","node":2,"msg":"Sent commit vote to node 0"}
{"time":"2026-07-22 11:32:35,993","level":"INFO","node":2,"msg":"Proposal received: round=5 origin=1 hash=338263fc2abc..."}
{"time":"2026-07-22 11:32:36,023","level":"INFO","node":2,"msg":"Consensus vote recorded: node 1 decision=True reason=zkp_ok round=5 new=True satisfied=False"}
{"time":"2026-07-22 11:32:36,033","level":"INFO","node":2,"msg":"Received update from node 1, round 5"}
{"time":"2026-07-22 11:32:45,742","level":"INFO","node":2,"msg":"ZKP ACCEPTED from node 1"}
{"time":"2026-07-22 11:32:45,754","level":"INFO","node":2,"msg":"Per-class agreement with node 1: class0=0.791 class1=0.930 gap=0.139"}
{"time":"2026-07-22 11:32:45,754","level":"INFO","node":2,"msg":"Per-class rolling gap for node 1: mean=0.139 over last 1 round(s)"}
{"time":"2026-07-22 11:32:45,757","level":"INFO","node":2,"msg":"Trust score for node 1: S=0.737 (Z=1.00 A=0.84 P=0.59 R=1.00) advisory only"}
{"time":"2026-07-22 11:32:45,770","level":"INFO","node":2,"msg":"Sent consensus vote to node 0"}
{"time":"2026-07-22 11:32:45,789","level":"INFO","node":2,"msg":"Sent consensus vote to node 1"}
{"time":"2026-07-22 11:32:45,801","level":"INFO","node":2,"msg":"Sent consensus vote to node 3"}
{"time":"2026-07-22 11:32:45,830","level":"WARNING","node":2,"msg":"[ATTACK SIMULATION] stale_update active on node 2 — resent previous round's update unchanged"}
{"time":"2026-07-22 11:32:51,946","level":"INFO","node":2,"msg":"Forwarded to http://127.0.0.1:8003"}
{"time":"2026-07-22 11:33:01,850","level":"INFO","node":2,"msg":"Prediction agreement with node 3 round=5: A=0.952"}
{"time":"2026-07-22 11:33:01,850","level":"INFO","node":2,"msg":"Consensus vote recorded: node 3 decision=True reason=zkp_ok round=5 new=True satisfied=True"}
{"time":"2026-07-22 11:33:17,927","level":"INFO","node":2,"msg":"Prediction agreement with node 0 round=5: A=0.947"}
{"time":"2026-07-22 11:33:17,927","level":"INFO","node":2,"msg":"Consensus vote recorded: node 0 decision=True reason=zkp_ok round=5 new=True satisfied=True"}
{"time":"2026-07-22 11:33:24,518","level":"INFO","node":2,"msg":"Synced weights from master for round 5"}
{"time":"2026-07-22 11:33:24,539","level":"INFO","node":2,"msg":"Sent commit vote to node 1"}
{"time":"2026-07-22 11:33:24,576","level":"INFO","node":2,"msg":"My turn — starting round 7 as proposer."}
{"time":"2026-07-22 11:33:24,576","level":"INFO","node":2,"msg":"Starting round 7"}
{"time":"2026-07-22 11:33:24,617","level":"WARNING","node":2,"msg":"[ATTACK SIMULATION] stale_update active on node 2 — resent previous round's update unchanged"}
{"time":"2026-07-22 11:33:24,617","level":"WARNING","node":2,"msg":"[STALE-UPDATE CHECK] node 2 slack unchanged from last round (262119) — possible replayed/stale update, advisory only"}
{"time":"2026-07-22 11:33:30,889","level":"INFO","node":2,"msg":"Sent proposal to node 0"}
{"time":"2026-07-22 11:33:30,906","level":"INFO","node":2,"msg":"Sent proposal to node 1"}
{"time":"2026-07-22 11:33:30,930","level":"INFO","node":2,"msg":"Sent proposal to node 3"}
{"time":"2026-07-22 11:33:30,932","level":"INFO","node":2,"msg":"Sent consensus vote to node 0"}
{"time":"2026-07-22 11:33:30,941","level":"INFO","node":2,"msg":"Sent consensus vote to node 1"}
{"time":"2026-07-22 11:33:30,947","level":"INFO","node":2,"msg":"Sent consensus vote to node 3"}
{"time":"2026-07-22 11:33:30,954","level":"INFO","node":2,"msg":"Forwarded to http://127.0.0.1:8003"}
{"time":"2026-07-22 11:33:41,095","level":"INFO","node":2,"msg":"Consensus vote recorded: node 3 decision=True reason=zkp_ok round=6 new=True satisfied=False"}
{"time":"2026-07-22 11:33:56,888","level":"INFO","node":2,"msg":"Consensus vote recorded: node 0 decision=True reason=zkp_ok round=6 new=True satisfied=True"}
{"time":"2026-07-22 11:34:13,010","level":"INFO","node":2,"msg":"Consensus vote recorded: node 1 decision=True reason=zkp_ok round=6 new=True satisfied=True"}
{"time":"2026-07-22 11:34:19,306","level":"INFO","node":2,"msg":"Received update from node 1, round 6"}
{"time":"2026-07-22 11:34:19,306","level":"INFO","node":2,"msg":"Round 7 complete — aggregating"}
{"time":"2026-07-22 11:34:19,342","level":"INFO","node":2,"msg":"[BACKDOOR PROBE] Round 7 clean — worst case flip_rate=1.000 jump=0.073 (feature=0, value=-4.0)"}
{"time":"2026-07-22 11:34:19,405","level":"INFO","node":2,"msg":"Commit vote recorded: node 0 decision=True round=6 satisfied=False"}
{"time":"2026-07-22 11:34:19,407","level":"INFO","node":2,"msg":"Broadcast weights to node 0"}
{"time":"2026-07-22 11:34:19,440","level":"INFO","node":2,"msg":"Commit vote recorded: node 1 decision=True round=6 satisfied=True"}
{"time":"2026-07-22 11:34:19,440","level":"INFO","node":2,"msg":"Round 7 COMMITTED — model hash agreed by [2, 0, 1]"}
{"time":"2026-07-22 11:34:19,442","level":"INFO","node":2,"msg":"Commit certificate saved to C:\Users\mousu\OneDrive\Desktop\Set A\securefedhe\dashboard\certificates\round_6.json"}
{"time":"2026-07-22 11:34:19,444","level":"INFO","node":2,"msg":"Broadcast weights to node 1"}
{"time":"2026-07-22 11:34:19,484","level":"INFO","node":2,"msg":"Commit vote recorded: node 3 decision=True round=6 satisfied=True"}
{"time":"2026-07-22 11:34:19,486","level":"INFO","node":2,"msg":"Broadcast weights to node 3"}
{"time":"2026-07-22 11:34:19,487","level":"INFO","node":2,"msg":"Checkpoint saved to C:\Users\mousu\OneDrive\Desktop\Set A\securefedhe\dashboard\model_latest.pt"}
{"time":"2026-07-22 11:34:19,488","level":"INFO","node":2,"msg":"Round 7 complete | accuracy=0.7364 | duration=54.91s"}
{"time":"2026-07-22 11:34:19,488","level":"INFO","node":2,"msg":"Round 8 belongs to node 3 — waiting for their proposal."}
{"time":"2026-07-22 11:34:19,491","level":"INFO","node":2,"msg":"Notified next proposer to node 3"}
{"time":"2026-07-22 11:34:19,492","level":"INFO","node":2,"msg":"[WATCHDOG SPAWNED] round=7 expected_proposer=3 timeout_s=600 spawned_at=11:34:19"}
{"time":"2026-07-22 11:34:25,918","level":"INFO","node":2,"msg":"Proposal received: round=7 origin=3 hash=28ba2a3c8d49..."}
{"time":"2026-07-22 11:34:25,936","level":"INFO","node":2,"msg":"Consensus vote recorded: node 3 decision=True reason=zkp_ok round=7 new=True satisfied=False"}
{"time":"2026-07-22 11:34:35,823","level":"INFO","node":2,"msg":"Consensus vote recorded: node 0 decision=True reason=zkp_ok round=7 new=True satisfied=False"}
{"time":"2026-07-22 11:34:51,798","level":"INFO","node":2,"msg":"Consensus vote recorded: node 1 decision=True reason=zkp_ok round=7 new=True satisfied=True"}
{"time":"2026-07-22 11:34:58,140","level":"INFO","node":2,"msg":"Received update from node 1, round 7"}
{"time":"2026-07-22 11:35:07,828","level":"INFO","node":2,"msg":"ZKP ACCEPTED from node 1"}
{"time":"2026-07-22 11:35:07,828","level":"INFO","node":2,"msg":"Per-class agreement with node 3: class0=0.949 class1=0.966 gap=0.018"}
{"time":"2026-07-22 11:35:07,840","level":"INFO","node":2,"msg":"Per-class rolling gap for node 3: mean=0.018 over last 1 round(s)"}
{"time":"2026-07-22 11:35:07,844","level":"INFO","node":2,"msg":"Trust score for node 3: S=0.838 (Z=1.00 A=0.95 P=0.57 R=1.00) advisory only"}
{"time":"2026-07-22 11:35:07,869","level":"INFO","node":2,"msg":"Sent consensus vote to node 0"}
{"time":"2026-07-22 11:35:07,909","level":"INFO","node":2,"msg":"Sent consensus vote to node 1"}
{"time":"2026-07-22 11:35:07,936","level":"INFO","node":2,"msg":"Sent consensus vote to node 3"}
{"time":"2026-07-22 11:35:07,967","level":"WARNING","node":2,"msg":"[ATTACK SIMULATION] stale_update active on node 2 — resent previous round's update unchanged"}
{"time":"2026-07-22 11:35:14,510","level":"INFO","node":2,"msg":"Forwarded to http://127.0.0.1:8003"}
{"time":"2026-07-22 11:35:14,671","level":"INFO","node":2,"msg":"Synced weights from master for round 7"}
{"time":"2026-07-22 11:35:14,680","level":"INFO","node":2,"msg":"Sent commit vote to node 3"}
{"time":"2026-07-22 11:35:20,989","level":"INFO","node":2,"msg":"Proposal received: round=8 origin=0 hash=67f5b0acfda2..."}
{"time":"2026-07-22 11:35:21,009","level":"INFO","node":2,"msg":"Consensus vote recorded: node 0 decision=True reason=zkp_ok round=8 new=True satisfied=False"}
{"time":"2026-07-22 11:35:30,904","level":"INFO","node":2,"msg":"Consensus vote recorded: node 1 decision=True reason=zkp_ok round=8 new=True satisfied=False"}
{"time":"2026-07-22 11:35:37,288","level":"INFO","node":2,"msg":"Received update from node 1, round 8"}
{"time":"2026-07-22 11:35:47,138","level":"INFO","node":2,"msg":"ZKP ACCEPTED from node 1"}
{"time":"2026-07-22 11:35:47,148","level":"INFO","node":2,"msg":"fc_in col7 delta self-cosine for node 0: 0.7727 (delta_norm=0.5153)"}
{"time":"2026-07-22 11:35:47,148","level":"INFO","node":2,"msg":"Per-class agreement with node 0: class0=0.975 class1=0.970 gap=0.005"}
{"time":"2026-07-22 11:35:47,148","level":"INFO","node":2,"msg":"Per-class rolling gap for node 0: mean=0.087 over last 2 round(s)"}
{"time":"2026-07-22 11:35:47,154","level":"INFO","node":2,"msg":"Trust score for node 0: S=0.834 (Z=1.00 A=0.97 P=0.50 R=1.00) advisory only"}
{"time":"2026-07-22 11:35:47,165","level":"INFO","node":2,"msg":"Sent consensus vote to node 0"}
{"time":"2026-07-22 11:35:47,190","level":"INFO","node":2,"msg":"Sent consensus vote to node 1"}
{"time":"2026-07-22 11:35:47,202","level":"INFO","node":2,"msg":"Sent consensus vote to node 3"}
{"time":"2026-07-22 11:35:47,228","level":"WARNING","node":2,"msg":"[ATTACK SIMULATION] stale_update active on node 2 — resent previous round's update unchanged"}
{"time":"2026-07-22 11:35:53,377","level":"INFO","node":2,"msg":"Forwarded to http://127.0.0.1:8003"}
{"time":"2026-07-22 11:36:03,239","level":"INFO","node":2,"msg":"Prediction agreement with node 3 round=8: A=0.965"}
{"time":"2026-07-22 11:36:03,239","level":"INFO","node":2,"msg":"Consensus vote recorded: node 3 decision=True reason=zkp_ok round=8 new=True satisfied=True"}
{"time":"2026-07-22 11:36:09,438","level":"INFO","node":2,"msg":"Synced weights from master for round 8"}
{"time":"2026-07-22 11:36:09,450","level":"INFO","node":2,"msg":"Sent commit vote to node 0"}
{"time":"2026-07-22 11:36:15,938","level":"INFO","node":2,"msg":"Proposal received: round=9 origin=1 hash=3773e70f35fa..."}
{"time":"2026-07-22 11:36:15,970","level":"INFO","node":2,"msg":"Consensus vote recorded: node 1 decision=True reason=zkp_ok round=9 new=True satisfied=False"}
{"time":"2026-07-22 11:36:15,979","level":"INFO","node":2,"msg":"Received update from node 1, round 9"}
{"time":"2026-07-22 11:36:25,843","level":"INFO","node":2,"msg":"ZKP ACCEPTED from node 1"}
{"time":"2026-07-22 11:36:25,843","level":"INFO","node":2,"msg":"fc_in col7 delta self-cosine for node 1: 0.7486 (delta_norm=0.3952)"}
{"time":"2026-07-22 11:36:25,848","level":"INFO","node":2,"msg":"Per-class agreement with node 1: class0=0.977 class1=0.966 gap=0.010"}
{"time":"2026-07-22 11:36:25,848","level":"INFO","node":2,"msg":"Per-class rolling gap for node 1: mean=0.075 over last 2 round(s)"}
{"time":"2026-07-22 11:36:25,848","level":"INFO","node":2,"msg":"Trust score for node 1: S=0.849 (Z=1.00 A=0.97 P=0.55 R=1.00) advisory only"}
{"time":"2026-07-22 11:36:25,863","level":"INFO","node":2,"msg":"Sent consensus vote to node 0"}
{"time":"2026-07-22 11:36:25,882","level":"INFO","node":2,"msg":"Sent consensus vote to node 1"}
{"time":"2026-07-22 11:36:25,894","level":"INFO","node":2,"msg":"Sent consensus vote to node 3"}
{"time":"2026-07-22 11:36:25,923","level":"WARNING","node":2,"msg":"[ATTACK SIMULATION] stale_update active on node 2 — resent previous round's update unchanged"}
{"time":"2026-07-22 11:36:32,064","level":"INFO","node":2,"msg":"Forwarded to http://127.0.0.1:8003"}
{"time":"2026-07-22 11:36:41,717","level":"INFO","node":2,"msg":"Prediction agreement with node 3 round=9: A=0.951"}
{"time":"2026-07-22 11:36:41,718","level":"INFO","node":2,"msg":"Consensus vote recorded: node 3 decision=True reason=zkp_ok round=9 new=True satisfied=True"}
{"time":"2026-07-22 11:36:57,418","level":"INFO","node":2,"msg":"Prediction agreement with node 0 round=9: A=0.950"}
{"time":"2026-07-22 11:36:57,419","level":"INFO","node":2,"msg":"Consensus vote recorded: node 0 decision=True reason=zkp_ok round=9 new=True satisfied=True"}
{"time":"2026-07-22 11:37:03,617","level":"INFO","node":2,"msg":"Synced weights from master for round 9"}
{"time":"2026-07-22 11:37:03,629","level":"INFO","node":2,"msg":"Sent commit vote to node 1"}
{"time":"2026-07-22 11:37:03,665","level":"INFO","node":2,"msg":"My turn — starting round 11 as proposer."}
{"time":"2026-07-22 11:37:03,665","level":"INFO","node":2,"msg":"Starting round 11"}
{"time":"2026-07-22 11:37:03,731","level":"WARNING","node":2,"msg":"[ATTACK SIMULATION] stale_update active on node 2 — resent previous round's update unchanged"}
{"time":"2026-07-22 11:37:03,731","level":"WARNING","node":2,"msg":"[STALE-UPDATE CHECK] node 2 slack unchanged from last round (262119) — possible replayed/stale update, advisory only"}
{"time":"2026-07-22 11:37:09,835","level":"INFO","node":2,"msg":"Sent proposal to node 0"}
{"time":"2026-07-22 11:37:09,855","level":"INFO","node":2,"msg":"Sent proposal to node 1"}
{"time":"2026-07-22 11:37:09,876","level":"INFO","node":2,"msg":"Sent proposal to node 3"}
{"time":"2026-07-22 11:37:09,885","level":"INFO","node":2,"msg":"Sent consensus vote to node 0"}
{"time":"2026-07-22 11:37:09,892","level":"INFO","node":2,"msg":"Sent consensus vote to node 1"}
{"time":"2026-07-22 11:37:09,897","level":"INFO","node":2,"msg":"Sent consensus vote to node 3"}
{"time":"2026-07-22 11:37:09,901","level":"INFO","node":2,"msg":"Forwarded to http://127.0.0.1:8003"}
{"time":"2026-07-22 11:37:19,824","level":"INFO","node":2,"msg":"Consensus vote recorded: node 3 decision=True reason=zkp_ok round=10 new=True satisfied=False"}
{"time":"2026-07-22 11:37:35,673","level":"INFO","node":2,"msg":"Consensus vote recorded: node 0 decision=True reason=zkp_ok round=10 new=True satisfied=True"}
{"time":"2026-07-22 11:37:51,328","level":"INFO","node":2,"msg":"Consensus vote recorded: node 1 decision=True reason=zkp_ok round=10 new=True satisfied=True"}
{"time":"2026-07-22 11:37:57,511","level":"INFO","node":2,"msg":"Received update from node 1, round 10"}
{"time":"2026-07-22 11:37:57,511","level":"INFO","node":2,"msg":"Round 11 complete — aggregating"}
{"time":"2026-07-22 11:37:57,547","level":"INFO","node":2,"msg":"[BACKDOOR PROBE] Round 11 clean — worst case flip_rate=1.000 jump=0.109 (feature=0, value=-4.0)"}
{"time":"2026-07-22 11:37:57,577","level":"INFO","node":2,"msg":"Commit vote recorded: node 0 decision=True round=10 satisfied=False"}
{"time":"2026-07-22 11:37:57,579","level":"INFO","node":2,"msg":"Broadcast weights to node 0"}
{"time":"2026-07-22 11:37:57,609","level":"INFO","node":2,"msg":"Commit vote recorded: node 1 decision=True round=10 satisfied=True"}
{"time":"2026-07-22 11:37:57,609","level":"INFO","node":2,"msg":"Round 11 COMMITTED — model hash agreed by [2, 0, 1]"}
{"time":"2026-07-22 11:37:57,610","level":"INFO","node":2,"msg":"Commit certificate saved to C:\Users\mousu\OneDrive\Desktop\Set A\securefedhe\dashboard\certificates\round_10.json"}
{"time":"2026-07-22 11:37:57,612","level":"INFO","node":2,"msg":"Broadcast weights to node 1"}
{"time":"2026-07-22 11:37:57,633","level":"INFO","node":2,"msg":"Commit vote recorded: node 3 decision=True round=10 satisfied=True"}
{"time":"2026-07-22 11:37:57,635","level":"INFO","node":2,"msg":"Broadcast weights to node 3"}
{"time":"2026-07-22 11:37:57,637","level":"INFO","node":2,"msg":"Checkpoint saved to C:\Users\mousu\OneDrive\Desktop\Set A\securefedhe\dashboard\model_latest.pt"}
{"time":"2026-07-22 11:37:57,637","level":"INFO","node":2,"msg":"Round 11 complete | accuracy=0.7545 | duration=53.97s"}
{"time":"2026-07-22 11:37:57,637","level":"INFO","node":2,"msg":"Round 12 belongs to node 3 — waiting for their proposal."}
{"time":"2026-07-22 11:37:57,642","level":"INFO","node":2,"msg":"Notified next proposer to node 3"}
{"time":"2026-07-22 11:37:57,642","level":"INFO","node":2,"msg":"[WATCHDOG SPAWNED] round=11 expected_proposer=3 timeout_s=600 spawned_at=11:37:57"}
{"time":"2026-07-22 11:38:03,909","level":"INFO","node":2,"msg":"Proposal received: round=11 origin=3 hash=6a6d8bee6095..."}
{"time":"2026-07-22 11:38:03,927","level":"INFO","node":2,"msg":"Consensus vote recorded: node 3 decision=True reason=zkp_ok round=11 new=True satisfied=False"}
{"time":"2026-07-22 11:38:13,678","level":"INFO","node":2,"msg":"Consensus vote recorded: node 0 decision=True reason=zkp_ok round=11 new=True satisfied=False"}
{"time":"2026-07-22 11:38:29,550","level":"INFO","node":2,"msg":"Consensus vote recorded: node 1 decision=True reason=zkp_ok round=11 new=True satisfied=True"}
{"time":"2026-07-22 11:38:35,765","level":"INFO","node":2,"msg":"Received update from node 1, round 11"}
{"time":"2026-07-22 11:38:45,490","level":"INFO","node":2,"msg":"ZKP ACCEPTED from node 1"}
{"time":"2026-07-22 11:38:45,490","level":"INFO","node":2,"msg":"fc_in col7 delta self-cosine for node 3: 0.7346 (delta_norm=0.3128)"}
{"time":"2026-07-22 11:38:45,504","level":"INFO","node":2,"msg":"Per-class agreement with node 3: class0=0.978 class1=0.976 gap=0.002"}
{"time":"2026-07-22 11:38:45,504","level":"INFO","node":2,"msg":"Per-class rolling gap for node 3: mean=0.010 over last 2 round(s)"}
{"time":"2026-07-22 11:38:45,507","level":"INFO","node":2,"msg":"Trust score for node 3: S=0.858 (Z=1.00 A=0.98 P=0.57 R=1.00) advisory only"}
{"time":"2026-07-22 11:38:45,534","level":"INFO","node":2,"msg":"Sent consensus vote to node 0"}
{"time":"2026-07-22 11:38:45,557","level":"INFO","node":2,"msg":"Sent consensus vote to node 1"}
{"time":"2026-07-22 11:38:45,582","level":"INFO","node":2,"msg":"Sent consensus vote to node 3"}
{"time":"2026-07-22 11:38:45,605","level":"WARNING","node":2,"msg":"[ATTACK SIMULATION] stale_update active on node 2 — resent previous round's update unchanged"}
{"time":"2026-07-22 11:38:51,660","level":"INFO","node":2,"msg":"Forwarded to http://127.0.0.1:8003"}
{"time":"2026-07-22 11:38:51,789","level":"INFO","node":2,"msg":"Synced weights from master for round 11"}
{"time":"2026-07-22 11:38:51,796","level":"INFO","node":2,"msg":"Sent commit vote to node 3"}
{"time":"2026-07-22 11:38:58,053","level":"INFO","node":2,"msg":"Proposal received: round=12 origin=0 hash=6bb51cd3ea48..."}
{"time":"2026-07-22 11:38:58,086","level":"INFO","node":2,"msg":"Consensus vote recorded: node 0 decision=True reason=zkp_ok round=12 new=True satisfied=False"}
{"time":"2026-07-22 11:39:07,984","level":"INFO","node":2,"msg":"Consensus vote recorded: node 1 decision=True reason=zkp_ok round=12 new=True satisfied=False"}
{"time":"2026-07-22 11:39:14,557","level":"INFO","node":2,"msg":"Received update from node 1, round 12"}
{"time":"2026-07-22 11:39:24,388","level":"INFO","node":2,"msg":"ZKP ACCEPTED from node 1"}
{"time":"2026-07-22 11:39:24,388","level":"INFO","node":2,"msg":"fc_in col7 delta self-cosine for node 0: 0.5521 (delta_norm=0.2616)"}
{"time":"2026-07-22 11:39:24,388","level":"INFO","node":2,"msg":"Per-class agreement with node 0: class0=0.967 class1=0.977 gap=0.010"}
{"time":"2026-07-22 11:39:24,388","level":"INFO","node":2,"msg":"Per-class rolling gap for node 0: mean=0.062 over last 3 round(s)"}
{"time":"2026-07-22 11:39:24,397","level":"INFO","node":2,"msg":"Trust score for node 0: S=0.852 (Z=1.00 A=0.97 P=0.57 R=1.00) advisory only"}
{"time":"2026-07-22 11:39:24,410","level":"INFO","node":2,"msg":"Sent consensus vote to node 0"}
{"time":"2026-07-22 11:39:24,419","level":"INFO","node":2,"msg":"Sent consensus vote to node 1"}
{"time":"2026-07-22 11:39:24,435","level":"INFO","node":2,"msg":"Sent consensus vote to node 3"}
{"time":"2026-07-22 11:39:24,475","level":"WARNING","node":2,"msg":"[ATTACK SIMULATION] stale_update active on node 2 — resent previous round's update unchanged"}
{"time":"2026-07-22 11:39:30,469","level":"INFO","node":2,"msg":"Forwarded to http://127.0.0.1:8003"}
{"time":"2026-07-22 11:39:40,267","level":"INFO","node":2,"msg":"Prediction agreement with node 3 round=12: A=0.960"}
{"time":"2026-07-22 11:39:40,267","level":"INFO","node":2,"msg":"Consensus vote recorded: node 3 decision=True reason=zkp_ok round=12 new=True satisfied=True"}
{"time":"2026-07-22 11:39:46,580","level":"INFO","node":2,"msg":"Synced weights from master for round 12"}
{"time":"2026-07-22 11:39:46,602","level":"INFO","node":2,"msg":"Sent commit vote to node 0"}
{"time":"2026-07-22 11:39:53,031","level":"INFO","node":2,"msg":"Proposal received: round=13 origin=1 hash=53c917b6bf35..."}
{"time":"2026-07-22 11:39:53,058","level":"INFO","node":2,"msg":"Consensus vote recorded: node 1 decision=True reason=zkp_ok round=13 new=True satisfied=False"}
{"time":"2026-07-22 11:39:53,064","level":"INFO","node":2,"msg":"Received update from node 1, round 13"}
{"time":"2026-07-22 11:40:02,803","level":"INFO","node":2,"msg":"ZKP ACCEPTED from node 1"}
{"time":"2026-07-22 11:40:02,803","level":"INFO","node":2,"msg":"fc_in col7 delta self-cosine for node 1: 0.4671 (delta_norm=0.2636)"}
{"time":"2026-07-22 11:40:02,808","level":"INFO","node":2,"msg":"Per-class agreement with node 1: class0=0.980 class1=0.982 gap=0.003"}
{"time":"2026-07-22 11:40:02,809","level":"INFO","node":2,"msg":"Per-class rolling gap for node 1: mean=0.051 over last 3 round(s)"}
{"time":"2026-07-22 11:40:02,811","level":"INFO","node":2,"msg":"Trust score for node 1: S=0.846 (Z=1.00 A=0.98 P=0.52 R=1.00) advisory only"}
{"time":"2026-07-22 11:40:02,825","level":"INFO","node":2,"msg":"Sent consensus vote to node 0"}
{"time":"2026-07-22 11:40:02,846","level":"INFO","node":2,"msg":"Sent consensus vote to node 1"}
{"time":"2026-07-22 11:40:02,873","level":"INFO","node":2,"msg":"Sent consensus vote to node 3"}
{"time":"2026-07-22 11:40:02,899","level":"WARNING","node":2,"msg":"[ATTACK SIMULATION] stale_update active on node 2 — resent previous round's update unchanged"}
{"time":"2026-07-22 11:40:09,019","level":"INFO","node":2,"msg":"Forwarded to http://127.0.0.1:8003"}
{"time":"2026-07-22 11:40:18,875","level":"INFO","node":2,"msg":"Prediction agreement with node 3 round=13: A=0.952"}
{"time":"2026-07-22 11:40:18,875","level":"INFO","node":2,"msg":"Consensus vote recorded: node 3 decision=True reason=zkp_ok round=13 new=True satisfied=True"}
{"time":"2026-07-22 11:40:34,695","level":"INFO","node":2,"msg":"Prediction agreement with node 0 round=13: A=0.949"}
{"time":"2026-07-22 11:40:34,695","level":"INFO","node":2,"msg":"Consensus vote recorded: node 0 decision=True reason=zkp_ok round=13 new=True satisfied=True"}
{"time":"2026-07-22 11:40:40,914","level":"INFO","node":2,"msg":"Synced weights from master for round 13"}
{"time":"2026-07-22 11:40:40,942","level":"INFO","node":2,"msg":"Sent commit vote to node 1"}
{"time":"2026-07-22 11:40:40,974","level":"INFO","node":2,"msg":"My turn — starting round 15 as proposer."}
{"time":"2026-07-22 11:40:40,975","level":"INFO","node":2,"msg":"Starting round 15"}
{"time":"2026-07-22 11:40:41,012","level":"WARNING","node":2,"msg":"[ATTACK SIMULATION] stale_update active on node 2 — resent previous round's update unchanged"}
{"time":"2026-07-22 11:40:41,014","level":"WARNING","node":2,"msg":"[STALE-UPDATE CHECK] node 2 slack unchanged from last round (262119) — possible replayed/stale update, advisory only"}
{"time":"2026-07-22 11:40:47,156","level":"INFO","node":2,"msg":"Sent proposal to node 0"}
{"time":"2026-07-22 11:40:47,156","level":"INFO","node":2,"msg":"Sent proposal to node 1"}
{"time":"2026-07-22 11:40:47,171","level":"INFO","node":2,"msg":"Sent proposal to node 3"}
{"time":"2026-07-22 11:40:47,185","level":"INFO","node":2,"msg":"Sent consensus vote to node 0"}
{"time":"2026-07-22 11:40:47,188","level":"INFO","node":2,"msg":"Sent consensus vote to node 1"}
{"time":"2026-07-22 11:40:47,192","level":"INFO","node":2,"msg":"Sent consensus vote to node 3"}
{"time":"2026-07-22 11:40:47,198","level":"INFO","node":2,"msg":"Forwarded to http://127.0.0.1:8003"}
{"time":"2026-07-22 11:40:57,033","level":"INFO","node":2,"msg":"Consensus vote recorded: node 3 decision=True reason=zkp_ok round=14 new=True satisfied=False"}
{"time":"2026-07-22 11:41:12,973","level":"INFO","node":2,"msg":"Consensus vote recorded: node 0 decision=True reason=zkp_ok round=14 new=True satisfied=True"}
{"time":"2026-07-22 11:41:29,004","level":"INFO","node":2,"msg":"Consensus vote recorded: node 1 decision=True reason=zkp_ok round=14 new=True satisfied=True"}
{"time":"2026-07-22 11:41:35,283","level":"INFO","node":2,"msg":"Received update from node 1, round 14"}
{"time":"2026-07-22 11:41:35,283","level":"INFO","node":2,"msg":"Round 15 complete — aggregating"}
{"time":"2026-07-22 11:41:35,312","level":"INFO","node":2,"msg":"[BACKDOOR PROBE] Round 15 clean — worst case flip_rate=1.000 jump=0.127 (feature=0, value=-4.0)"}
{"time":"2026-07-22 11:41:35,339","level":"INFO","node":2,"msg":"Commit vote recorded: node 0 decision=True round=14 satisfied=False"}
{"time":"2026-07-22 11:41:35,344","level":"INFO","node":2,"msg":"Broadcast weights to node 0"}
{"time":"2026-07-22 11:41:35,380","level":"INFO","node":2,"msg":"Commit vote recorded: node 1 decision=True round=14 satisfied=True"}
{"time":"2026-07-22 11:41:35,381","level":"INFO","node":2,"msg":"Round 15 COMMITTED — model hash agreed by [2, 0, 1]"}
{"time":"2026-07-22 11:41:35,383","level":"INFO","node":2,"msg":"Commit certificate saved to C:\Users\mousu\OneDrive\Desktop\Set A\securefedhe\dashboard\certificates\round_14.json"}
{"time":"2026-07-22 11:41:35,386","level":"INFO","node":2,"msg":"Broadcast weights to node 1"}
{"time":"2026-07-22 11:41:35,432","level":"INFO","node":2,"msg":"Commit vote recorded: node 3 decision=True round=14 satisfied=True"}
{"time":"2026-07-22 11:41:35,434","level":"INFO","node":2,"msg":"Broadcast weights to node 3"}
{"time":"2026-07-22 11:41:35,436","level":"INFO","node":2,"msg":"Checkpoint saved to C:\Users\mousu\OneDrive\Desktop\Set A\securefedhe\dashboard\model_latest.pt"}
{"time":"2026-07-22 11:41:35,436","level":"INFO","node":2,"msg":"Round 15 complete | accuracy=0.7545 | duration=54.46s"}
{"time":"2026-07-22 11:41:35,436","level":"INFO","node":2,"msg":"Round 16 belongs to node 3 — waiting for their proposal."}
{"time":"2026-07-22 11:41:35,440","level":"INFO","node":2,"msg":"Notified next proposer to node 3"}
{"time":"2026-07-22 11:41:35,441","level":"INFO","node":2,"msg":"[WATCHDOG SPAWNED] round=15 expected_proposer=3 timeout_s=600 spawned_at=11:41:35"}
{"time":"2026-07-22 11:41:41,743","level":"INFO","node":2,"msg":"Proposal received: round=15 origin=3 hash=31eecfad206e..."}
{"time":"2026-07-22 11:41:41,759","level":"INFO","node":2,"msg":"Consensus vote recorded: node 3 decision=True reason=zkp_ok round=15 new=True satisfied=False"}
{"time":"2026-07-22 11:41:51,497","level":"INFO","node":2,"msg":"Consensus vote recorded: node 0 decision=True reason=zkp_ok round=15 new=True satisfied=False"}
{"time":"2026-07-22 11:42:07,557","level":"INFO","node":2,"msg":"Consensus vote recorded: node 1 decision=True reason=zkp_ok round=15 new=True satisfied=True"}
{"time":"2026-07-22 11:42:13,862","level":"INFO","node":2,"msg":"Received update from node 1, round 15"}
{"time":"2026-07-22 11:42:23,511","level":"INFO","node":2,"msg":"ZKP ACCEPTED from node 1"}
{"time":"2026-07-22 11:42:23,511","level":"INFO","node":2,"msg":"fc_in col7 delta self-cosine for node 3: 0.1000 (delta_norm=0.1891)"}
{"time":"2026-07-22 11:42:23,523","level":"INFO","node":2,"msg":"Per-class agreement with node 3: class0=0.981 class1=0.982 gap=0.001"}
{"time":"2026-07-22 11:42:23,523","level":"INFO","node":2,"msg":"Per-class rolling gap for node 3: mean=0.007 over last 3 round(s)"}
{"time":"2026-07-22 11:42:23,524","level":"INFO","node":2,"msg":"Trust score for node 3: S=0.851 (Z=1.00 A=0.98 P=0.54 R=1.00) advisory only"}
{"time":"2026-07-22 11:42:23,536","level":"INFO","node":2,"msg":"Sent consensus vote to node 0"}
{"time":"2026-07-22 11:42:23,547","level":"INFO","node":2,"msg":"Sent consensus vote to node 1"}
{"time":"2026-07-22 11:42:23,560","level":"INFO","node":2,"msg":"Sent consensus vote to node 3"}
{"time":"2026-07-22 11:42:23,584","level":"WARNING","node":2,"msg":"[ATTACK SIMULATION] stale_update active on node 2 — resent previous round's update unchanged"}
{"time":"2026-07-22 11:42:29,687","level":"INFO","node":2,"msg":"Forwarded to http://127.0.0.1:8003"}
{"time":"2026-07-22 11:42:29,796","level":"INFO","node":2,"msg":"Synced weights from master for round 15"}
{"time":"2026-07-22 11:42:29,802","level":"INFO","node":2,"msg":"Sent commit vote to node 3"}
{"time":"2026-07-22 11:42:36,045","level":"INFO","node":2,"msg":"Proposal received: round=16 origin=0 hash=e7e9a582fc16..."}
{"time":"2026-07-22 11:42:36,073","level":"INFO","node":2,"msg":"Consensus vote recorded: node 0 decision=True reason=zkp_ok round=16 new=True satisfied=False"}
{"time":"2026-07-22 11:42:45,885","level":"INFO","node":2,"msg":"Consensus vote recorded: node 1 decision=True reason=zkp_ok round=16 new=True satisfied=False"}
{"time":"2026-07-22 11:42:52,192","level":"INFO","node":2,"msg":"Received update from node 1, round 16"}
{"time":"2026-07-22 11:43:01,960","level":"INFO","node":2,"msg":"ZKP ACCEPTED from node 1"}
{"time":"2026-07-22 11:43:01,960","level":"INFO","node":2,"msg":"fc_in col7 delta self-cosine for node 0: 0.0109 (delta_norm=0.2063)"}
{"time":"2026-07-22 11:43:01,978","level":"INFO","node":2,"msg":"Per-class agreement with node 0: class0=0.980 class1=0.972 gap=0.008"}
{"time":"2026-07-22 11:43:01,978","level":"INFO","node":2,"msg":"Per-class rolling gap for node 0: mean=0.048 over last 4 round(s)"}
{"time":"2026-07-22 11:43:01,978","level":"INFO","node":2,"msg":"Trust score for node 0: S=0.853 (Z=1.00 A=0.98 P=0.55 R=1.00) advisory only"}
{"time":"2026-07-22 11:43:01,989","level":"INFO","node":2,"msg":"Sent consensus vote to node 0"}
{"time":"2026-07-22 11:43:02,013","level":"INFO","node":2,"msg":"Sent consensus vote to node 1"}
{"time":"2026-07-22 11:43:02,041","level":"INFO","node":2,"msg":"Sent consensus vote to node 3"}
{"time":"2026-07-22 11:43:02,068","level":"WARNING","node":2,"msg":"[ATTACK SIMULATION] stale_update active on node 2 — resent previous round's update unchanged"}
{"time":"2026-07-22 11:43:08,208","level":"INFO","node":2,"msg":"Forwarded to http://127.0.0.1:8003"}
{"time":"2026-07-22 11:43:17,923","level":"INFO","node":2,"msg":"Prediction agreement with node 3 round=16: A=0.958"}
{"time":"2026-07-22 11:43:17,923","level":"INFO","node":2,"msg":"Consensus vote recorded: node 3 decision=True reason=zkp_ok round=16 new=True satisfied=True"}
{"time":"2026-07-22 11:43:24,255","level":"INFO","node":2,"msg":"Synced weights from master for round 16"}
{"time":"2026-07-22 11:43:24,276","level":"INFO","node":2,"msg":"Sent commit vote to node 0"}
{"time":"2026-07-22 11:43:30,725","level":"INFO","node":2,"msg":"Proposal received: round=17 origin=1 hash=8598eedaddfc..."}
{"time":"2026-07-22 11:43:30,747","level":"INFO","node":2,"msg":"Consensus vote recorded: node 1 decision=True reason=zkp_ok round=17 new=True satisfied=False"}
{"time":"2026-07-22 11:43:30,754","level":"INFO","node":2,"msg":"Received update from node 1, round 17"}
{"time":"2026-07-22 11:43:40,547","level":"INFO","node":2,"msg":"ZKP ACCEPTED from node 1"}
{"time":"2026-07-22 11:43:40,547","level":"INFO","node":2,"msg":"fc_in col7 delta self-cosine for node 1: -0.2206 (delta_norm=0.2649)"}
{"time":"2026-07-22 11:43:40,553","level":"INFO","node":2,"msg":"Per-class agreement with node 1: class0=0.965 class1=0.972 gap=0.007"}
{"time":"2026-07-22 11:43:40,553","level":"INFO","node":2,"msg":"Per-class rolling gap for node 1: mean=0.040 over last 4 round(s)"}
{"time":"2026-07-22 11:43:40,556","level":"INFO","node":2,"msg":"Trust score for node 1: S=0.844 (Z=1.00 A=0.97 P=0.55 R=1.00) advisory only"}
{"time":"2026-07-22 11:43:40,565","level":"INFO","node":2,"msg":"Sent consensus vote to node 0"}
{"time":"2026-07-22 11:43:40,602","level":"INFO","node":2,"msg":"Sent consensus vote to node 1"}
{"time":"2026-07-22 11:43:40,609","level":"INFO","node":2,"msg":"Sent consensus vote to node 3"}
{"time":"2026-07-22 11:43:40,634","level":"WARNING","node":2,"msg":"[ATTACK SIMULATION] stale_update active on node 2 — resent previous round's update unchanged"}
{"time":"2026-07-22 11:43:46,728","level":"INFO","node":2,"msg":"Forwarded to http://127.0.0.1:8003"}
{"time":"2026-07-22 11:43:56,598","level":"INFO","node":2,"msg":"Prediction agreement with node 3 round=17: A=0.947"}
{"time":"2026-07-22 11:43:56,599","level":"INFO","node":2,"msg":"Consensus vote recorded: node 3 decision=True reason=zkp_ok round=17 new=True satisfied=True"}
{"time":"2026-07-22 11:44:12,609","level":"INFO","node":2,"msg":"Prediction agreement with node 0 round=17: A=0.942"}
{"time":"2026-07-22 11:44:12,609","level":"INFO","node":2,"msg":"Consensus vote recorded: node 0 decision=True reason=zkp_ok round=17 new=True satisfied=True"}
{"time":"2026-07-22 11:44:18,826","level":"INFO","node":2,"msg":"Synced weights from master for round 17"}
{"time":"2026-07-22 11:44:18,855","level":"INFO","node":2,"msg":"Sent commit vote to node 1"}
{"time":"2026-07-22 11:44:18,887","level":"INFO","node":2,"msg":"My turn — starting round 19 as proposer."}
{"time":"2026-07-22 11:44:18,888","level":"INFO","node":2,"msg":"Starting round 19"}
{"time":"2026-07-22 11:44:18,947","level":"WARNING","node":2,"msg":"[ATTACK SIMULATION] stale_update active on node 2 — resent previous round's update unchanged"}
{"time":"2026-07-22 11:44:18,947","level":"WARNING","node":2,"msg":"[STALE-UPDATE CHECK] node 2 slack unchanged from last round (262119) — possible replayed/stale update, advisory only"}
{"time":"2026-07-22 11:44:25,221","level":"INFO","node":2,"msg":"Sent proposal to node 0"}
{"time":"2026-07-22 11:44:25,240","level":"INFO","node":2,"msg":"Sent proposal to node 1"}
{"time":"2026-07-22 11:44:25,252","level":"INFO","node":2,"msg":"Sent proposal to node 3"}
{"time":"2026-07-22 11:44:25,260","level":"INFO","node":2,"msg":"Sent consensus vote to node 0"}
{"time":"2026-07-22 11:44:25,264","level":"INFO","node":2,"msg":"Sent consensus vote to node 1"}
{"time":"2026-07-22 11:44:25,269","level":"INFO","node":2,"msg":"Sent consensus vote to node 3"}
{"time":"2026-07-22 11:44:25,280","level":"INFO","node":2,"msg":"Forwarded to http://127.0.0.1:8003"}
{"time":"2026-07-22 11:44:34,984","level":"INFO","node":2,"msg":"Consensus vote recorded: node 3 decision=True reason=zkp_ok round=18 new=True satisfied=False"}
{"time":"2026-07-22 11:44:50,908","level":"INFO","node":2,"msg":"Consensus vote recorded: node 0 decision=True reason=zkp_ok round=18 new=True satisfied=True"}
{"time":"2026-07-22 11:45:06,847","level":"INFO","node":2,"msg":"Consensus vote recorded: node 1 decision=True reason=zkp_ok round=18 new=True satisfied=True"}
{"time":"2026-07-22 11:45:13,219","level":"INFO","node":2,"msg":"Received update from node 1, round 18"}
{"time":"2026-07-22 11:45:13,219","level":"INFO","node":2,"msg":"Round 19 complete — aggregating"}
{"time":"2026-07-22 11:45:13,250","level":"INFO","node":2,"msg":"[BACKDOOR PROBE] Round 19 clean — worst case flip_rate=1.000 jump=0.127 (feature=0, value=-4.0)"}
{"time":"2026-07-22 11:45:13,275","level":"INFO","node":2,"msg":"Commit vote recorded: node 0 decision=True round=18 satisfied=False"}
{"time":"2026-07-22 11:45:13,277","level":"INFO","node":2,"msg":"Broadcast weights to node 0"}
{"time":"2026-07-22 11:45:13,303","level":"INFO","node":2,"msg":"Commit vote recorded: node 1 decision=True round=18 satisfied=True"}
{"time":"2026-07-22 11:45:13,303","level":"INFO","node":2,"msg":"Round 19 COMMITTED — model hash agreed by [2, 0, 1]"}
{"time":"2026-07-22 11:45:13,305","level":"INFO","node":2,"msg":"Commit certificate saved to C:\Users\mousu\OneDrive\Desktop\Set A\securefedhe\dashboard\certificates\round_18.json"}
{"time":"2026-07-22 11:45:13,306","level":"INFO","node":2,"msg":"Broadcast weights to node 1"}
{"time":"2026-07-22 11:45:13,318","level":"INFO","node":2,"msg":"Commit vote recorded: node 3 decision=True round=18 satisfied=True"}
{"time":"2026-07-22 11:45:13,320","level":"INFO","node":2,"msg":"Broadcast weights to node 3"}
{"time":"2026-07-22 11:45:13,323","level":"INFO","node":2,"msg":"Checkpoint saved to C:\Users\mousu\OneDrive\Desktop\Set A\securefedhe\dashboard\model_latest.pt"}
{"time":"2026-07-22 11:45:13,323","level":"INFO","node":2,"msg":"Round 19 complete | accuracy=0.7727 | duration=54.43s"}
{"time":"2026-07-22 11:45:13,323","level":"INFO","node":2,"msg":"Round 20 belongs to node 3 — waiting for their proposal."}
{"time":"2026-07-22 11:45:13,326","level":"INFO","node":2,"msg":"Notified next proposer to node 3"}
{"time":"2026-07-22 11:45:13,326","level":"INFO","node":2,"msg":"[WATCHDOG SPAWNED] round=19 expected_proposer=3 timeout_s=600 spawned_at=11:45:13"}
{"time":"2026-07-22 11:45:19,610","level":"INFO","node":2,"msg":"Proposal received: round=19 origin=3 hash=5d63ba25d1e7..."}
{"time":"2026-07-22 11:45:19,626","level":"INFO","node":2,"msg":"Consensus vote recorded: node 3 decision=True reason=zkp_ok round=19 new=True satisfied=False"}
{"time":"2026-07-22 11:45:29,456","level":"INFO","node":2,"msg":"Consensus vote recorded: node 0 decision=True reason=zkp_ok round=19 new=True satisfied=False"}
{"time":"2026-07-22 11:45:45,239","level":"INFO","node":2,"msg":"Consensus vote recorded: node 1 decision=True reason=zkp_ok round=19 new=True satisfied=True"}
{"time":"2026-07-22 11:45:51,546","level":"INFO","node":2,"msg":"Received update from node 1, round 19"}
{"time":"2026-07-22 11:46:01,143","level":"INFO","node":2,"msg":"ZKP ACCEPTED from node 1"}
{"time":"2026-07-22 11:46:01,143","level":"INFO","node":2,"msg":"fc_in col7 delta self-cosine for node 3: -0.0728 (delta_norm=0.1730)"}
{"time":"2026-07-22 11:46:01,151","level":"INFO","node":2,"msg":"Per-class agreement with node 3: class0=0.986 class1=0.977 gap=0.010"}
{"time":"2026-07-22 11:46:01,153","level":"INFO","node":2,"msg":"Per-class rolling gap for node 3: mean=0.008 over last 4 round(s)"}
{"time":"2026-07-22 11:46:01,157","level":"INFO","node":2,"msg":"Trust score for node 3: S=0.858 (Z=1.00 A=0.98 P=0.55 R=1.00) advisory only"}
{"time":"2026-07-22 11:46:01,196","level":"INFO","node":2,"msg":"Sent consensus vote to node 0"}
{"time":"2026-07-22 11:46:01,208","level":"INFO","node":2,"msg":"Sent consensus vote to node 1"}
{"time":"2026-07-22 11:46:01,222","level":"INFO","node":2,"msg":"Sent consensus vote to node 3"}
{"time":"2026-07-22 11:46:01,260","level":"WARNING","node":2,"msg":"[ATTACK SIMULATION] stale_update active on node 2 — resent previous round's update unchanged"}
{"time":"2026-07-22 11:46:07,339","level":"INFO","node":2,"msg":"Forwarded to http://127.0.0.1:8003"}
{"time":"2026-07-22 11:46:07,498","level":"INFO","node":2,"msg":"Synced weights from master for round 19"}
{"time":"2026-07-22 11:46:07,498","level":"INFO","node":2,"msg":"Training complete after 20 rounds"}
{"time":"2026-07-22 11:46:07,505","level":"INFO","node":2,"msg":"Sent commit vote to node 3"}
{"time":"2026-07-22 11:47:57,645","level":"INFO","node":2,"msg":"Watchdog fired but training already complete — ignoring, not excluding node 3."}
{"time":"2026-07-22 11:53:19,580","level":"INFO","node":2,"msg":"Starting node 2: Rural Health Centre"}
{"time":"2026-07-22 11:53:19,580","level":"INFO","node":2,"msg":"[CONFIG DEBUG] attack_simulation loaded: enabled=True target_node=2 type=stale_update config_path=config_dev.json"}
{"time":"2026-07-22 11:53:19,663","level":"WARNING","node":2,"msg":"DEV MODE: running without TLS"}
{"time":"2026-07-22 11:53:19,663","level":"INFO","node":2,"msg":"Listening on 127.0.0.1:8002 | TLS=False"}
{"time":"2026-07-22 11:53:21,869","level":"INFO","node":2,"msg":"Key exchange complete with node 1"}
{"time":"2026-07-22 11:53:21,884","level":"INFO","node":2,"msg":"Consensus pubkey received from node 1"}
{"time":"2026-07-22 11:53:24,680","level":"INFO","node":2,"msg":"Sent public key to node 0"}
{"time":"2026-07-22 11:53:24,683","level":"INFO","node":2,"msg":"Sent consensus pubkey to node 0"}
{"time":"2026-07-22 11:53:24,708","level":"INFO","node":2,"msg":"Sent consensus pubkey to node 1"}
{"time":"2026-07-22 11:53:24,708","level":"INFO","node":2,"msg":"Sent public key to node 1"}
{"time":"2026-07-22 11:53:24,708","level":"INFO","node":2,"msg":"Sent consensus pubkey to node 3"}
{"time":"2026-07-22 11:53:24,722","level":"INFO","node":2,"msg":"Sent public key to node 3"}
{"time":"2026-07-22 11:53:28,985","level":"INFO","node":2,"msg":"Key exchange complete with node 3"}
{"time":"2026-07-22 11:53:28,987","level":"INFO","node":2,"msg":"Consensus pubkey received from node 3"}
{"time":"2026-07-22 11:53:32,052","level":"INFO","node":2,"msg":"Key exchange complete with node 0"}
{"time":"2026-07-22 11:53:32,088","level":"INFO","node":2,"msg":"Consensus pubkey received from node 0"}
{"time":"2026-07-22 11:53:39,653","level":"INFO","node":2,"msg":"Proposal received: round=0 origin=0 hash=f5ab9095955b..."}
{"time":"2026-07-22 11:53:39,680","level":"INFO","node":2,"msg":"Consensus vote recorded: node 0 decision=True reason=zkp_ok round=0 new=True satisfied=False"}
{"time":"2026-07-22 11:53:49,401","level":"INFO","node":2,"msg":"Consensus vote recorded: node 1 decision=True reason=zkp_ok round=0 new=True satisfied=False"}
{"time":"2026-07-22 11:53:56,634","level":"INFO","node":2,"msg":"Received update from node 1, round 0"}
{"time":"2026-07-22 11:54:06,258","level":"INFO","node":2,"msg":"ZKP ACCEPTED from node 1"}
{"time":"2026-07-22 11:54:06,279","level":"INFO","node":2,"msg":"Trust score for node 0: S=0.429 (Z=1.00 A=0.50 P=0.50 R=1.00) advisory only"}
{"time":"2026-07-22 11:54:06,294","level":"INFO","node":2,"msg":"Sent consensus vote to node 0"}
{"time":"2026-07-22 11:54:06,311","level":"INFO","node":2,"msg":"Sent consensus vote to node 1"}
{"time":"2026-07-22 11:54:06,330","level":"INFO","node":2,"msg":"Sent consensus vote to node 3"}
{"time":"2026-07-22 11:54:07,461","level":"WARNING","node":2,"msg":"[ATTACK SIMULATION] stale_update active on node 2 — no cached update yet, caching this real first update"}
{"time":"2026-07-22 11:54:07,463","level":"WARNING","node":2,"msg":"ZKP norm violation (clipping applied): slack=-213989, retry=0"}
{"time":"2026-07-22 11:54:13,408","level":"INFO","node":2,"msg":"Forwarded to http://127.0.0.1:8003"}
{"time":"2026-07-22 11:54:23,080","level":"INFO","node":2,"msg":"Prediction agreement with node 3 round=0: A=0.580"}
{"time":"2026-07-22 11:54:23,082","level":"INFO","node":2,"msg":"Consensus vote recorded: node 3 decision=True reason=zkp_ok round=0 new=True satisfied=True"}
{"time":"2026-07-22 11:54:30,241","level":"INFO","node":2,"msg":"Synced weights from master for round 0"}
{"time":"2026-07-22 11:54:30,255","level":"INFO","node":2,"msg":"Sent commit vote to node 0"}
{"time":"2026-07-22 11:54:36,631","level":"INFO","node":2,"msg":"Proposal received: round=1 origin=1 hash=6425984a14c8..."}
{"time":"2026-07-22 11:54:36,649","level":"INFO","node":2,"msg":"Consensus vote recorded: node 1 decision=True reason=zkp_ok round=1 new=True satisfied=False"}
{"time":"2026-07-22 11:54:36,663","level":"INFO","node":2,"msg":"Received update from node 1, round 1"}
{"time":"2026-07-22 11:54:46,374","level":"INFO","node":2,"msg":"ZKP ACCEPTED from node 1"}
{"time":"2026-07-22 11:54:46,378","level":"INFO","node":2,"msg":"Trust score for node 1: S=0.429 (Z=1.00 A=0.50 P=0.50 R=1.00) advisory only"}
{"time":"2026-07-22 11:54:46,407","level":"INFO","node":2,"msg":"Sent consensus vote to node 0"}
{"time":"2026-07-22 11:54:46,420","level":"INFO","node":2,"msg":"Sent consensus vote to node 1"}
{"time":"2026-07-22 11:54:46,433","level":"INFO","node":2,"msg":"Sent consensus vote to node 3"}
{"time":"2026-07-22 11:54:46,460","level":"WARNING","node":2,"msg":"[ATTACK SIMULATION] stale_update active on node 2 — resent previous round's update unchanged"}
{"time":"2026-07-22 11:54:46,461","level":"WARNING","node":2,"msg":"ZKP norm violation (clipping applied): slack=-213989, retry=0"}
{"time":"2026-07-22 11:54:52,458","level":"INFO","node":2,"msg":"Forwarded to http://127.0.0.1:8003"}
{"time":"2026-07-22 11:55:02,210","level":"INFO","node":2,"msg":"Prediction agreement with node 3 round=1: A=0.991"}
{"time":"2026-07-22 11:55:02,211","level":"INFO","node":2,"msg":"Consensus vote recorded: node 3 decision=True reason=zkp_ok round=1 new=True satisfied=True"}
{"time":"2026-07-22 11:55:18,135","level":"INFO","node":2,"msg":"Prediction agreement with node 0 round=1: A=0.989"}
{"time":"2026-07-22 11:55:18,135","level":"INFO","node":2,"msg":"Consensus vote recorded: node 0 decision=True reason=zkp_ok round=1 new=True satisfied=True"}
{"time":"2026-07-22 11:55:24,511","level":"INFO","node":2,"msg":"Synced weights from master for round 1"}
{"time":"2026-07-22 11:55:24,541","level":"INFO","node":2,"msg":"Sent commit vote to node 1"}
{"time":"2026-07-22 11:55:24,575","level":"INFO","node":2,"msg":"My turn — starting round 3 as proposer."}
{"time":"2026-07-22 11:55:24,575","level":"INFO","node":2,"msg":"Starting round 3"}
{"time":"2026-07-22 11:55:24,638","level":"WARNING","node":2,"msg":"[ATTACK SIMULATION] stale_update active on node 2 — resent previous round's update unchanged"}
{"time":"2026-07-22 11:55:24,638","level":"WARNING","node":2,"msg":"ZKP norm violation (clipping applied): slack=-213989, retry=0"}
{"time":"2026-07-22 11:55:30,505","level":"INFO","node":2,"msg":"Sent proposal to node 0"}
{"time":"2026-07-22 11:55:30,522","level":"INFO","node":2,"msg":"Sent proposal to node 1"}
{"time":"2026-07-22 11:55:30,531","level":"INFO","node":2,"msg":"Sent proposal to node 3"}
{"time":"2026-07-22 11:55:30,541","level":"INFO","node":2,"msg":"Sent consensus vote to node 0"}
{"time":"2026-07-22 11:55:30,547","level":"INFO","node":2,"msg":"Sent consensus vote to node 1"}
{"time":"2026-07-22 11:55:30,552","level":"INFO","node":2,"msg":"Sent consensus vote to node 3"}
{"time":"2026-07-22 11:55:30,560","level":"INFO","node":2,"msg":"Forwarded to http://127.0.0.1:8003"}
{"time":"2026-07-22 11:55:40,413","level":"INFO","node":2,"msg":"Consensus vote recorded: node 3 decision=True reason=zkp_ok round=2 new=True satisfied=False"}
{"time":"2026-07-22 11:55:56,462","level":"INFO","node":2,"msg":"Consensus vote recorded: node 0 decision=True reason=zkp_ok round=2 new=True satisfied=True"}
{"time":"2026-07-22 11:56:12,367","level":"INFO","node":2,"msg":"Consensus vote recorded: node 1 decision=True reason=zkp_ok round=2 new=True satisfied=True"}
{"time":"2026-07-22 11:56:18,557","level":"INFO","node":2,"msg":"Received update from node 1, round 2"}
{"time":"2026-07-22 11:56:18,557","level":"INFO","node":2,"msg":"Round 3 complete — aggregating"}
{"time":"2026-07-22 11:56:18,565","level":"INFO","node":2,"msg":"Round 3 accuracy gate skipped (warm-up period, candidate_acc=0.6818)"}
{"time":"2026-07-22 11:56:18,604","level":"INFO","node":2,"msg":"Commit vote recorded: node 0 decision=True round=2 satisfied=False"}
{"time":"2026-07-22 11:56:18,608","level":"INFO","node":2,"msg":"Broadcast weights to node 0"}
{"time":"2026-07-22 11:56:18,625","level":"INFO","node":2,"msg":"Commit vote recorded: node 1 decision=True round=2 satisfied=True"}
{"time":"2026-07-22 11:56:18,625","level":"INFO","node":2,"msg":"Round 3 COMMITTED — model hash agreed by [2, 0, 1]"}
{"time":"2026-07-22 11:56:18,629","level":"INFO","node":2,"msg":"Commit certificate saved to C:\Users\mousu\OneDrive\Desktop\Set A\securefedhe\dashboard\certificates\round_2.json"}
{"time":"2026-07-22 11:56:18,633","level":"INFO","node":2,"msg":"Broadcast weights to node 1"}
{"time":"2026-07-22 11:56:18,664","level":"INFO","node":2,"msg":"Commit vote recorded: node 3 decision=True round=2 satisfied=True"}
{"time":"2026-07-22 11:56:18,667","level":"INFO","node":2,"msg":"Broadcast weights to node 3"}
{"time":"2026-07-22 11:56:18,677","level":"INFO","node":2,"msg":"Checkpoint saved to C:\Users\mousu\OneDrive\Desktop\Set A\securefedhe\dashboard\model_latest.pt"}
{"time":"2026-07-22 11:56:18,677","level":"INFO","node":2,"msg":"Round 3 complete | accuracy=0.6818 | duration=54.10s"}
{"time":"2026-07-22 11:56:18,677","level":"INFO","node":2,"msg":"Round 4 belongs to node 3 — waiting for their proposal."}
{"time":"2026-07-22 11:56:18,684","level":"INFO","node":2,"msg":"Notified next proposer to node 3"}
{"time":"2026-07-22 11:56:18,684","level":"INFO","node":2,"msg":"[WATCHDOG SPAWNED] round=3 expected_proposer=3 timeout_s=600 spawned_at=11:56:18"}
{"time":"2026-07-22 11:56:25,046","level":"INFO","node":2,"msg":"Proposal received: round=3 origin=3 hash=8bbf54e52d2c..."}
{"time":"2026-07-22 11:56:25,060","level":"INFO","node":2,"msg":"Consensus vote recorded: node 3 decision=True reason=zkp_ok round=3 new=True satisfied=False"}
{"time":"2026-07-22 11:56:34,817","level":"INFO","node":2,"msg":"Consensus vote recorded: node 0 decision=True reason=zkp_ok round=3 new=True satisfied=False"}
{"time":"2026-07-22 11:56:50,834","level":"INFO","node":2,"msg":"Consensus vote recorded: node 1 decision=True reason=zkp_ok round=3 new=True satisfied=True"}
{"time":"2026-07-22 11:56:57,085","level":"INFO","node":2,"msg":"Received update from node 1, round 3"}
{"time":"2026-07-22 11:57:06,801","level":"INFO","node":2,"msg":"ZKP ACCEPTED from node 1"}
{"time":"2026-07-22 11:57:06,807","level":"INFO","node":2,"msg":"Trust score for node 3: S=0.431 (Z=1.00 A=0.50 P=0.52 R=1.00) advisory only"}
{"time":"2026-07-22 11:57:06,818","level":"INFO","node":2,"msg":"Sent consensus vote to node 0"}
{"time":"2026-07-22 11:57:06,828","level":"INFO","node":2,"msg":"Sent consensus vote to node 1"}
{"time":"2026-07-22 11:57:06,854","level":"INFO","node":2,"msg":"Sent consensus vote to node 3"}
{"time":"2026-07-22 11:57:06,899","level":"WARNING","node":2,"msg":"[ATTACK SIMULATION] stale_update active on node 2 — resent previous round's update unchanged"}
{"time":"2026-07-22 11:57:06,900","level":"WARNING","node":2,"msg":"ZKP norm violation (clipping applied): slack=-213989, retry=0"}
{"time":"2026-07-22 11:57:12,886","level":"INFO","node":2,"msg":"Forwarded to http://127.0.0.1:8003"}
{"time":"2026-07-22 11:57:13,000","level":"INFO","node":2,"msg":"Synced weights from master for round 3"}
{"time":"2026-07-22 11:57:13,006","level":"INFO","node":2,"msg":"Sent commit vote to node 3"}
{"time":"2026-07-22 11:57:19,467","level":"INFO","node":2,"msg":"Proposal received: round=4 origin=0 hash=33beab521e04..."}
{"time":"2026-07-22 11:57:19,480","level":"INFO","node":2,"msg":"Consensus vote recorded: node 0 decision=True reason=zkp_ok round=4 new=True satisfied=False"}
{"time":"2026-07-22 11:57:29,342","level":"INFO","node":2,"msg":"Consensus vote recorded: node 1 decision=True reason=zkp_ok round=4 new=True satisfied=False"}
{"time":"2026-07-22 11:57:35,604","level":"INFO","node":2,"msg":"Received update from node 1, round 4"}
{"time":"2026-07-22 11:57:45,282","level":"INFO","node":2,"msg":"ZKP ACCEPTED from node 1"}
{"time":"2026-07-22 11:57:45,286","level":"INFO","node":2,"msg":"Per-class agreement with node 0: class0=0.855 class1=0.779 gap=0.077"}
{"time":"2026-07-22 11:57:45,286","level":"INFO","node":2,"msg":"Per-class rolling gap for node 0: mean=0.077 over last 1 round(s)"}
{"time":"2026-07-22 11:57:45,286","level":"INFO","node":2,"msg":"Trust score for node 0: S=0.712 (Z=1.00 A=0.83 P=0.50 R=1.00) advisory only"}
{"time":"2026-07-22 11:57:45,310","level":"INFO","node":2,"msg":"Sent consensus vote to node 0"}
{"time":"2026-07-22 11:57:45,333","level":"INFO","node":2,"msg":"Sent consensus vote to node 1"}
{"time":"2026-07-22 11:57:45,348","level":"INFO","node":2,"msg":"Sent consensus vote to node 3"}
{"time":"2026-07-22 11:57:45,387","level":"WARNING","node":2,"msg":"[ATTACK SIMULATION] stale_update active on node 2 — resent previous round's update unchanged"}
{"time":"2026-07-22 11:57:45,387","level":"WARNING","node":2,"msg":"ZKP norm violation (clipping applied): slack=-213989, retry=0"}
{"time":"2026-07-22 11:57:51,402","level":"INFO","node":2,"msg":"Forwarded to http://127.0.0.1:8003"}
{"time":"2026-07-22 11:58:01,094","level":"INFO","node":2,"msg":"Prediction agreement with node 3 round=4: A=0.968"}
{"time":"2026-07-22 11:58:01,095","level":"INFO","node":2,"msg":"Consensus vote recorded: node 3 decision=True reason=zkp_ok round=4 new=True satisfied=True"}
{"time":"2026-07-22 11:58:07,463","level":"INFO","node":2,"msg":"Synced weights from master for round 4"}
{"time":"2026-07-22 11:58:07,483","level":"INFO","node":2,"msg":"Sent commit vote to node 0"}
{"time":"2026-07-22 11:58:14,436","level":"INFO","node":2,"msg":"Proposal received: round=5 origin=1 hash=6439c2179693..."}
{"time":"2026-07-22 11:58:14,453","level":"INFO","node":2,"msg":"Consensus vote recorded: node 1 decision=True reason=zkp_ok round=5 new=True satisfied=False"}
{"time":"2026-07-22 11:58:14,459","level":"INFO","node":2,"msg":"Received update from node 1, round 5"}
{"time":"2026-07-22 11:58:24,150","level":"INFO","node":2,"msg":"ZKP ACCEPTED from node 1"}
{"time":"2026-07-22 11:58:24,150","level":"INFO","node":2,"msg":"Per-class agreement with node 1: class0=0.745 class1=0.916 gap=0.171"}
{"time":"2026-07-22 11:58:24,150","level":"INFO","node":2,"msg":"Per-class rolling gap for node 1: mean=0.171 over last 1 round(s)"}
{"time":"2026-07-22 11:58:24,150","level":"INFO","node":2,"msg":"Trust score for node 1: S=0.690 (Z=1.00 A=0.80 P=0.52 R=1.00) advisory only"}
{"time":"2026-07-22 11:58:24,191","level":"INFO","node":2,"msg":"Sent consensus vote to node 0"}
{"time":"2026-07-22 11:58:24,212","level":"INFO","node":2,"msg":"Sent consensus vote to node 1"}
{"time":"2026-07-22 11:58:24,235","level":"INFO","node":2,"msg":"Sent consensus vote to node 3"}
{"time":"2026-07-22 11:58:24,264","level":"WARNING","node":2,"msg":"[ATTACK SIMULATION] stale_update active on node 2 — resent previous round's update unchanged"}
{"time":"2026-07-22 11:58:24,264","level":"WARNING","node":2,"msg":"ZKP norm violation (clipping applied): slack=-213989, retry=0"}
{"time":"2026-07-22 11:58:30,172","level":"INFO","node":2,"msg":"Forwarded to http://127.0.0.1:8003"}
{"time":"2026-07-22 11:58:39,740","level":"INFO","node":2,"msg":"Prediction agreement with node 3 round=5: A=0.960"}
{"time":"2026-07-22 11:58:39,741","level":"INFO","node":2,"msg":"Consensus vote recorded: node 3 decision=True reason=zkp_ok round=5 new=True satisfied=True"}
{"time":"2026-07-22 11:58:55,690","level":"INFO","node":2,"msg":"Prediction agreement with node 0 round=5: A=0.951"}
{"time":"2026-07-22 11:58:55,691","level":"INFO","node":2,"msg":"Consensus vote recorded: node 0 decision=True reason=zkp_ok round=5 new=True satisfied=True"}
{"time":"2026-07-22 11:59:02,078","level":"INFO","node":2,"msg":"Synced weights from master for round 5"}
{"time":"2026-07-22 11:59:02,122","level":"INFO","node":2,"msg":"Sent commit vote to node 1"}
{"time":"2026-07-22 11:59:02,161","level":"INFO","node":2,"msg":"My turn — starting round 7 as proposer."}
{"time":"2026-07-22 11:59:02,162","level":"INFO","node":2,"msg":"Starting round 7"}
{"time":"2026-07-22 11:59:02,196","level":"WARNING","node":2,"msg":"[ATTACK SIMULATION] stale_update active on node 2 — resent previous round's update unchanged"}
{"time":"2026-07-22 11:59:02,196","level":"WARNING","node":2,"msg":"ZKP norm violation (clipping applied): slack=-213989, retry=0"}
{"time":"2026-07-22 11:59:02,196","level":"WARNING","node":2,"msg":"[STALE-UPDATE CHECK] node 2 slack unchanged from last round (90000170533) — possible replayed/stale update, advisory only"}
{"time":"2026-07-22 11:59:08,324","level":"INFO","node":2,"msg":"Sent proposal to node 0"}
{"time":"2026-07-22 11:59:08,343","level":"INFO","node":2,"msg":"Sent proposal to node 1"}
{"time":"2026-07-22 11:59:08,350","level":"INFO","node":2,"msg":"Sent proposal to node 3"}
{"time":"2026-07-22 11:59:08,362","level":"INFO","node":2,"msg":"Sent consensus vote to node 0"}
{"time":"2026-07-22 11:59:08,367","level":"INFO","node":2,"msg":"Sent consensus vote to node 1"}
{"time":"2026-07-22 11:59:08,372","level":"INFO","node":2,"msg":"Sent consensus vote to node 3"}
{"time":"2026-07-22 11:59:08,379","level":"INFO","node":2,"msg":"Forwarded to http://127.0.0.1:8003"}
{"time":"2026-07-22 11:59:18,183","level":"INFO","node":2,"msg":"Consensus vote recorded: node 3 decision=False reason=stale_update_replay round=6 new=True satisfied=False"}
{"time":"2026-07-22 11:59:33,823","level":"INFO","node":2,"msg":"Consensus vote recorded: node 0 decision=False reason=stale_update_replay round=6 new=True satisfied=False"}
{"time":"2026-07-22 11:59:49,733","level":"INFO","node":2,"msg":"Consensus vote recorded: node 1 decision=False reason=stale_update_replay round=6 new=True satisfied=False"}
{"time":"2026-07-22 11:59:55,989","level":"INFO","node":2,"msg":"Received update from node 1, round 6"}
{"time":"2026-07-22 11:59:55,989","level":"INFO","node":2,"msg":"Round 7 complete — aggregating"}
{"time":"2026-07-22 11:59:55,989","level":"WARNING","node":2,"msg":"Round 7 REJECTED — quorum not satisfied (attempt 1/3). Retrying round."}
{"time":"2026-07-22 11:59:56,503","level":"INFO","node":2,"msg":"Starting round 7"}
{"time":"2026-07-22 11:59:56,537","level":"WARNING","node":2,"msg":"[ATTACK SIMULATION] stale_update active on node 2 — resent previous round's update unchanged"}
{"time":"2026-07-22 11:59:56,537","level":"WARNING","node":2,"msg":"ZKP norm violation (clipping applied): slack=-213989, retry=0"}
{"time":"2026-07-22 11:59:56,537","level":"WARNING","node":2,"msg":"[STALE-UPDATE CHECK] node 2 slack unchanged from last round (90000170533) — possible replayed/stale update, advisory only"}
{"time":"2026-07-22 12:00:02,697","level":"INFO","node":2,"msg":"Sent proposal to node 0"}
{"time":"2026-07-22 12:00:02,697","level":"INFO","node":2,"msg":"Sent proposal to node 1"}
{"time":"2026-07-22 12:00:02,706","level":"INFO","node":2,"msg":"Sent proposal to node 3"}
{"time":"2026-07-22 12:00:02,711","level":"INFO","node":2,"msg":"Sent consensus vote to node 0"}
{"time":"2026-07-22 12:00:02,719","level":"INFO","node":2,"msg":"Sent consensus vote to node 1"}
{"time":"2026-07-22 12:00:02,724","level":"INFO","node":2,"msg":"Sent consensus vote to node 3"}
{"time":"2026-07-22 12:00:02,729","level":"INFO","node":2,"msg":"Forwarded to http://127.0.0.1:8003"}
{"time":"2026-07-22 12:00:12,623","level":"INFO","node":2,"msg":"Consensus vote recorded: node 3 decision=False reason=stale_update_replay round=6 new=False satisfied=False"}
{"time":"2026-07-22 12:00:28,309","level":"INFO","node":2,"msg":"Consensus vote recorded: node 0 decision=False reason=stale_update_replay round=6 new=False satisfied=False"}
{"time":"2026-07-22 12:00:44,125","level":"INFO","node":2,"msg":"Consensus vote recorded: node 1 decision=False reason=stale_update_replay round=6 new=False satisfied=False"}
{"time":"2026-07-22 12:00:50,259","level":"INFO","node":2,"msg":"Received update from node 1, round 6"}
{"time":"2026-07-22 12:00:50,259","level":"INFO","node":2,"msg":"Round 7 complete — aggregating"}
{"time":"2026-07-22 12:00:50,260","level":"WARNING","node":2,"msg":"Round 7 REJECTED — quorum not satisfied (attempt 2/3). Retrying round."}
{"time":"2026-07-22 12:00:50,770","level":"INFO","node":2,"msg":"Starting round 7"}
{"time":"2026-07-22 12:00:50,802","level":"WARNING","node":2,"msg":"[ATTACK SIMULATION] stale_update active on node 2 — resent previous round's update unchanged"}
{"time":"2026-07-22 12:00:50,802","level":"WARNING","node":2,"msg":"ZKP norm violation (clipping applied): slack=-213989, retry=0"}
{"time":"2026-07-22 12:00:50,802","level":"WARNING","node":2,"msg":"[STALE-UPDATE CHECK] node 2 slack unchanged from last round (90000170533) — possible replayed/stale update, advisory only"}
{"time":"2026-07-22 12:00:56,854","level":"INFO","node":2,"msg":"Sent proposal to node 0"}
{"time":"2026-07-22 12:00:56,854","level":"INFO","node":2,"msg":"Sent proposal to node 1"}
{"time":"2026-07-22 12:00:56,873","level":"INFO","node":2,"msg":"Sent proposal to node 3"}
{"time":"2026-07-22 12:00:56,883","level":"INFO","node":2,"msg":"Sent consensus vote to node 0"}
{"time":"2026-07-22 12:00:56,887","level":"INFO","node":2,"msg":"Sent consensus vote to node 1"}
{"time":"2026-07-22 12:00:56,890","level":"INFO","node":2,"msg":"Sent consensus vote to node 3"}
{"time":"2026-07-22 12:00:56,894","level":"INFO","node":2,"msg":"Forwarded to http://127.0.0.1:8003"}
{"time":"2026-07-22 12:01:06,553","level":"INFO","node":2,"msg":"Consensus vote recorded: node 3 decision=False reason=stale_update_replay round=6 new=False satisfied=False"}
{"time":"2026-07-22 12:01:22,841","level":"INFO","node":2,"msg":"Consensus vote recorded: node 0 decision=False reason=stale_update_replay round=6 new=False satisfied=False"}
{"time":"2026-07-22 12:01:38,604","level":"INFO","node":2,"msg":"Consensus vote recorded: node 1 decision=False reason=stale_update_replay round=6 new=False satisfied=False"}
{"time":"2026-07-22 12:01:44,652","level":"INFO","node":2,"msg":"Received update from node 1, round 6"}
{"time":"2026-07-22 12:01:44,652","level":"INFO","node":2,"msg":"Round 7 complete — aggregating"}
{"time":"2026-07-22 12:01:44,652","level":"WARNING","node":2,"msg":"Round 7 REJECTED — quorum not satisfied (attempt 3/3). Retrying round."}
{"time":"2026-07-22 12:01:45,162","level":"INFO","node":2,"msg":"Starting round 7"}
{"time":"2026-07-22 12:01:45,201","level":"WARNING","node":2,"msg":"[ATTACK SIMULATION] stale_update active on node 2 — resent previous round's update unchanged"}
{"time":"2026-07-22 12:01:45,201","level":"WARNING","node":2,"msg":"ZKP norm violation (clipping applied): slack=-213989, retry=0"}
{"time":"2026-07-22 12:01:45,201","level":"WARNING","node":2,"msg":"[STALE-UPDATE CHECK] node 2 slack unchanged from last round (90000170533) — possible replayed/stale update, advisory only"}
{"time":"2026-07-22 12:01:51,057","level":"INFO","node":2,"msg":"Sent proposal to node 0"}
{"time":"2026-07-22 12:01:51,057","level":"INFO","node":2,"msg":"Sent proposal to node 1"}
{"time":"2026-07-22 12:01:51,064","level":"INFO","node":2,"msg":"Sent proposal to node 3"}
{"time":"2026-07-22 12:01:51,075","level":"INFO","node":2,"msg":"Sent consensus vote to node 0"}
{"time":"2026-07-22 12:01:51,081","level":"INFO","node":2,"msg":"Sent consensus vote to node 1"}
{"time":"2026-07-22 12:01:51,087","level":"INFO","node":2,"msg":"Sent consensus vote to node 3"}
{"time":"2026-07-22 12:01:51,095","level":"INFO","node":2,"msg":"Forwarded to http://127.0.0.1:8003"}
{"time":"2026-07-22 12:02:00,832","level":"INFO","node":2,"msg":"Consensus vote recorded: node 3 decision=False reason=stale_update_replay round=6 new=False satisfied=False"}
{"time":"2026-07-22 12:02:16,667","level":"INFO","node":2,"msg":"Consensus vote recorded: node 0 decision=False reason=stale_update_replay round=6 new=False satisfied=False"}
{"time":"2026-07-22 12:02:36,744","level":"INFO","node":2,"msg":"Consensus vote recorded: node 1 decision=False reason=stale_update_replay round=6 new=False satisfied=False"}
{"time":"2026-07-22 12:02:43,350","level":"INFO","node":2,"msg":"Received update from node 1, round 6"}
{"time":"2026-07-22 12:02:43,350","level":"INFO","node":2,"msg":"Round 7 complete — aggregating"}
{"time":"2026-07-22 12:02:43,350","level":"ERROR","node":2,"msg":"Round 7 REJECTED — quorum not satisfied after 3 retries. Skipping round, model NOT updated."}
{"time":"2026-07-22 12:02:43,384","level":"WARNING","node":2,"msg":"Node 2 accused by node 0, but only 1/3 distinct accusers so far (3f+1 quorum) — NOT excluding yet (avoids a single compromised node unilaterally removing an honest peer)."}
{"time":"2026-07-22 12:02:43,408","level":"INFO","node":2,"msg":"Sent skip notice to node 0"}
{"time":"2026-07-22 12:02:43,455","level":"WARNING","node":2,"msg":"Node 2 accused by node 1, but only 2/3 distinct accusers so far (3f+1 quorum) — NOT excluding yet (avoids a single compromised node unilaterally removing an honest peer)."}
{"time":"2026-07-22 12:02:43,483","level":"INFO","node":2,"msg":"Sent skip notice to node 1"}
{"time":"2026-07-22 12:02:53,515","level":"WARNING","node":2,"msg":"Sent skip notice to node 3 FAILED (hard timeout or exception) — consecutive failure streak 1/3"}
{"time":"2026-07-22 12:02:53,554","level":"ERROR","node":2,"msg":"Node 2 accused by 3 independent peers ([0, 1, 3]) — quorum-corroborated, excluding."}
{"time":"2026-07-22 12:02:53,554","level":"ERROR","node":2,"msg":"Node 2 EXCLUDED from proposing and quorum. Quorum requirement adjusted to 3 of 3 remaining trusted nodes."}
{"time":"2026-07-22 12:02:53,555","level":"ERROR","node":2,"msg":"*** THIS NODE HAS BEEN EXCLUDED from the consensus ring. No further rounds will be routed to it. This is expected behavior, not a crash or hang — it is now safe to close this process. ***"}
{"time":"2026-07-22 12:02:53,579","level":"INFO","node":2,"msg":"Sent exclusion notice for node 2 to node 0"}
{"time":"2026-07-22 12:02:53,579","level":"INFO","node":2,"msg":"Sent exclusion notice for node 2 to node 1"}
{"time":"2026-07-22 12:03:03,613","level":"INFO","node":2,"msg":"Sent exclusion notice for node 2 to node 3"}
{"time":"2026-07-22 12:03:05,608","level":"INFO","node":2,"msg":"Notified next proposer to node 3"}
{"time":"2026-07-22 12:03:05,608","level":"INFO","node":2,"msg":"[WATCHDOG SPAWNED] round=7 expected_proposer=3 timeout_s=600 spawned_at=12:03:05"}
{"time":"2026-07-22 12:14:20,587","level":"INFO","node":2,"msg":"Starting node 2: Rural Health Centre"}
{"time":"2026-07-22 12:14:20,587","level":"INFO","node":2,"msg":"[CONFIG DEBUG] attack_simulation loaded: enabled=True target_node=2 type=stale_update config_path=config_dev.json"}
{"time":"2026-07-22 12:14:20,643","level":"WARNING","node":2,"msg":"DEV MODE: running without TLS"}
{"time":"2026-07-22 12:14:20,643","level":"INFO","node":2,"msg":"Listening on 127.0.0.1:8002 | TLS=False"}
{"time":"2026-07-22 12:14:20,876","level":"INFO","node":2,"msg":"Consensus pubkey received from node 1"}
{"time":"2026-07-22 12:14:20,907","level":"INFO","node":2,"msg":"Key exchange complete with node 1"}
{"time":"2026-07-22 12:14:25,661","level":"INFO","node":2,"msg":"Sent consensus pubkey to node 0"}
{"time":"2026-07-22 12:14:25,661","level":"INFO","node":2,"msg":"Sent public key to node 0"}
{"time":"2026-07-22 12:14:25,676","level":"INFO","node":2,"msg":"Sent public key to node 1"}
{"time":"2026-07-22 12:14:25,677","level":"INFO","node":2,"msg":"Sent consensus pubkey to node 1"}
{"time":"2026-07-22 12:14:25,683","level":"INFO","node":2,"msg":"Sent public key to node 3"}
{"time":"2026-07-22 12:14:25,686","level":"INFO","node":2,"msg":"Sent consensus pubkey to node 3"}
{"time":"2026-07-22 12:14:28,652","level":"INFO","node":2,"msg":"Consensus pubkey received from node 3"}
{"time":"2026-07-22 12:14:28,666","level":"INFO","node":2,"msg":"Key exchange complete with node 3"}
{"time":"2026-07-22 12:14:29,008","level":"INFO","node":2,"msg":"Key exchange complete with node 0"}
{"time":"2026-07-22 12:14:29,051","level":"INFO","node":2,"msg":"Consensus pubkey received from node 0"}
{"time":"2026-07-22 12:14:36,447","level":"INFO","node":2,"msg":"Proposal received: round=0 origin=0 hash=5bce39cf9d1f..."}
{"time":"2026-07-22 12:14:36,479","level":"INFO","node":2,"msg":"Consensus vote recorded: node 0 decision=True reason=zkp_ok round=0 new=True satisfied=False"}
{"time":"2026-07-22 12:14:46,131","level":"INFO","node":2,"msg":"Consensus vote recorded: node 1 decision=True reason=zkp_ok round=0 new=True satisfied=False"}
{"time":"2026-07-22 12:14:53,468","level":"INFO","node":2,"msg":"Received update from node 1, round 0"}
{"time":"2026-07-22 12:15:03,107","level":"INFO","node":2,"msg":"ZKP ACCEPTED from node 1"}
{"time":"2026-07-22 12:15:03,113","level":"INFO","node":2,"msg":"Trust score for node 0: S=0.429 (Z=1.00 A=0.50 P=0.50 R=1.00) advisory only"}
{"time":"2026-07-22 12:15:03,120","level":"INFO","node":2,"msg":"Sent consensus vote to node 0"}
{"time":"2026-07-22 12:15:03,124","level":"INFO","node":2,"msg":"Sent consensus vote to node 1"}
{"time":"2026-07-22 12:15:03,128","level":"INFO","node":2,"msg":"Sent consensus vote to node 3"}
{"time":"2026-07-22 12:15:04,280","level":"WARNING","node":2,"msg":"[ATTACK SIMULATION] stale_update active on node 2 — no cached update yet, caching this real first update"}
{"time":"2026-07-22 12:15:10,259","level":"INFO","node":2,"msg":"Forwarded to http://127.0.0.1:8003"}
{"time":"2026-07-22 12:15:19,993","level":"INFO","node":2,"msg":"Prediction agreement with node 3 round=0: A=0.729"}
{"time":"2026-07-22 12:15:19,993","level":"INFO","node":2,"msg":"Consensus vote recorded: node 3 decision=True reason=zkp_ok round=0 new=True satisfied=True"}
{"time":"2026-07-22 12:15:27,180","level":"INFO","node":2,"msg":"Synced weights from master for round 0"}
{"time":"2026-07-22 12:15:27,205","level":"INFO","node":2,"msg":"Sent commit vote to node 0"}
{"time":"2026-07-22 12:15:33,559","level":"INFO","node":2,"msg":"Proposal received: round=1 origin=1 hash=2bd0a0c2187a..."}
{"time":"2026-07-22 12:15:33,586","level":"INFO","node":2,"msg":"Consensus vote recorded: node 1 decision=True reason=zkp_ok round=1 new=True satisfied=False"}
{"time":"2026-07-22 12:15:33,594","level":"INFO","node":2,"msg":"Received update from node 1, round 1"}
{"time":"2026-07-22 12:15:43,325","level":"INFO","node":2,"msg":"ZKP ACCEPTED from node 1"}
{"time":"2026-07-22 12:15:43,329","level":"INFO","node":2,"msg":"Trust score for node 1: S=0.429 (Z=1.00 A=0.50 P=0.50 R=1.00) advisory only"}
{"time":"2026-07-22 12:15:43,354","level":"INFO","node":2,"msg":"Sent consensus vote to node 0"}
{"time":"2026-07-22 12:15:43,363","level":"INFO","node":2,"msg":"Sent consensus vote to node 1"}
{"time":"2026-07-22 12:15:43,384","level":"INFO","node":2,"msg":"Sent consensus vote to node 3"}
{"time":"2026-07-22 12:15:43,411","level":"WARNING","node":2,"msg":"[ATTACK SIMULATION] stale_update active on node 2 — resent previous round's update unchanged"}
{"time":"2026-07-22 12:15:49,304","level":"INFO","node":2,"msg":"Forwarded to http://127.0.0.1:8003"}
{"time":"2026-07-22 12:15:59,133","level":"INFO","node":2,"msg":"Prediction agreement with node 3 round=1: A=0.987"}
{"time":"2026-07-22 12:15:59,134","level":"INFO","node":2,"msg":"Consensus vote recorded: node 3 decision=True reason=zkp_ok round=1 new=True satisfied=True"}
{"time":"2026-07-22 12:16:14,957","level":"INFO","node":2,"msg":"Prediction agreement with node 0 round=1: A=0.983"}
{"time":"2026-07-22 12:16:14,958","level":"INFO","node":2,"msg":"Consensus vote recorded: node 0 decision=True reason=zkp_ok round=1 new=True satisfied=True"}
{"time":"2026-07-22 12:16:21,156","level":"INFO","node":2,"msg":"Synced weights from master for round 1"}
{"time":"2026-07-22 12:16:21,173","level":"INFO","node":2,"msg":"Sent commit vote to node 1"}
{"time":"2026-07-22 12:16:21,212","level":"INFO","node":2,"msg":"My turn — starting round 3 as proposer."}
{"time":"2026-07-22 12:16:21,213","level":"INFO","node":2,"msg":"Starting round 3"}
{"time":"2026-07-22 12:16:21,269","level":"WARNING","node":2,"msg":"[ATTACK SIMULATION] stale_update active on node 2 — resent previous round's update unchanged"}
{"time":"2026-07-22 12:16:27,370","level":"INFO","node":2,"msg":"Sent proposal to node 0"}
{"time":"2026-07-22 12:16:27,388","level":"INFO","node":2,"msg":"Sent proposal to node 1"}
{"time":"2026-07-22 12:16:27,398","level":"INFO","node":2,"msg":"Sent proposal to node 3"}
{"time":"2026-07-22 12:16:27,405","level":"INFO","node":2,"msg":"Sent consensus vote to node 0"}
{"time":"2026-07-22 12:16:27,411","level":"INFO","node":2,"msg":"Sent consensus vote to node 1"}
{"time":"2026-07-22 12:16:27,416","level":"INFO","node":2,"msg":"Sent consensus vote to node 3"}
{"time":"2026-07-22 12:16:27,427","level":"INFO","node":2,"msg":"Forwarded to http://127.0.0.1:8003"}
{"time":"2026-07-22 12:16:37,125","level":"INFO","node":2,"msg":"Consensus vote recorded: node 3 decision=True reason=zkp_ok round=2 new=True satisfied=False"}
{"time":"2026-07-22 12:16:52,855","level":"INFO","node":2,"msg":"Consensus vote recorded: node 0 decision=True reason=zkp_ok round=2 new=True satisfied=True"}
{"time":"2026-07-22 12:17:08,601","level":"INFO","node":2,"msg":"Consensus vote recorded: node 1 decision=True reason=zkp_ok round=2 new=True satisfied=True"}
{"time":"2026-07-22 12:17:14,718","level":"INFO","node":2,"msg":"Received update from node 1, round 2"}
{"time":"2026-07-22 12:17:14,718","level":"INFO","node":2,"msg":"Round 3 complete — aggregating"}
{"time":"2026-07-22 12:17:14,718","level":"INFO","node":2,"msg":"Round 3 accuracy gate skipped (warm-up period, candidate_acc=0.6818)"}
{"time":"2026-07-22 12:17:14,754","level":"INFO","node":2,"msg":"Commit vote recorded: node 0 decision=True round=2 satisfied=False"}
{"time":"2026-07-22 12:17:14,756","level":"INFO","node":2,"msg":"Broadcast weights to node 0"}
{"time":"2026-07-22 12:17:14,769","level":"INFO","node":2,"msg":"Commit vote recorded: node 1 decision=True round=2 satisfied=True"}
{"time":"2026-07-22 12:17:14,770","level":"INFO","node":2,"msg":"Round 3 COMMITTED — model hash agreed by [2, 0, 1]"}
{"time":"2026-07-22 12:17:14,772","level":"INFO","node":2,"msg":"Commit certificate saved to C:\Users\mousu\OneDrive\Desktop\Set A\securefedhe\dashboard\certificates\round_2.json"}
{"time":"2026-07-22 12:17:14,777","level":"INFO","node":2,"msg":"Broadcast weights to node 1"}
{"time":"2026-07-22 12:17:14,805","level":"INFO","node":2,"msg":"Commit vote recorded: node 3 decision=True round=2 satisfied=True"}
{"time":"2026-07-22 12:17:14,807","level":"INFO","node":2,"msg":"Broadcast weights to node 3"}
{"time":"2026-07-22 12:17:14,816","level":"INFO","node":2,"msg":"Checkpoint saved to C:\Users\mousu\OneDrive\Desktop\Set A\securefedhe\dashboard\model_latest.pt"}
{"time":"2026-07-22 12:17:14,817","level":"INFO","node":2,"msg":"Round 3 complete | accuracy=0.6818 | duration=53.60s"}
{"time":"2026-07-22 12:17:14,817","level":"INFO","node":2,"msg":"Round 4 belongs to node 3 — waiting for their proposal."}
{"time":"2026-07-22 12:17:14,822","level":"INFO","node":2,"msg":"Notified next proposer to node 3"}
{"time":"2026-07-22 12:17:14,823","level":"INFO","node":2,"msg":"[WATCHDOG SPAWNED] round=3 expected_proposer=3 timeout_s=600 spawned_at=12:17:14"}
{"time":"2026-07-22 12:17:21,072","level":"INFO","node":2,"msg":"Proposal received: round=3 origin=3 hash=2a01a0c969f2..."}
{"time":"2026-07-22 12:17:21,093","level":"INFO","node":2,"msg":"Consensus vote recorded: node 3 decision=True reason=zkp_ok round=3 new=True satisfied=False"}
{"time":"2026-07-22 12:17:30,780","level":"INFO","node":2,"msg":"Consensus vote recorded: node 0 decision=True reason=zkp_ok round=3 new=True satisfied=False"}
{"time":"2026-07-22 12:17:46,661","level":"INFO","node":2,"msg":"Consensus vote recorded: node 1 decision=True reason=zkp_ok round=3 new=True satisfied=True"}
{"time":"2026-07-22 12:17:52,749","level":"INFO","node":2,"msg":"Received update from node 1, round 3"}
{"time":"2026-07-22 12:18:02,468","level":"INFO","node":2,"msg":"ZKP ACCEPTED from node 1"}
{"time":"2026-07-22 12:18:02,477","level":"INFO","node":2,"msg":"Trust score for node 3: S=0.431 (Z=1.00 A=0.50 P=0.52 R=1.00) advisory only"}
{"time":"2026-07-22 12:18:02,487","level":"INFO","node":2,"msg":"Sent consensus vote to node 0"}
{"time":"2026-07-22 12:18:02,509","level":"INFO","node":2,"msg":"Sent consensus vote to node 1"}
{"time":"2026-07-22 12:18:02,520","level":"INFO","node":2,"msg":"Sent consensus vote to node 3"}
{"time":"2026-07-22 12:18:02,547","level":"WARNING","node":2,"msg":"[ATTACK SIMULATION] stale_update active on node 2 — resent previous round's update unchanged"}
{"time":"2026-07-22 12:18:08,439","level":"INFO","node":2,"msg":"Forwarded to http://127.0.0.1:8003"}
{"time":"2026-07-22 12:18:08,526","level":"INFO","node":2,"msg":"Synced weights from master for round 3"}
{"time":"2026-07-22 12:18:08,532","level":"INFO","node":2,"msg":"Sent commit vote to node 3"}
{"time":"2026-07-22 12:18:14,799","level":"INFO","node":2,"msg":"Proposal received: round=4 origin=0 hash=33c31c9212f0..."}
{"time":"2026-07-22 12:18:14,829","level":"INFO","node":2,"msg":"Consensus vote recorded: node 0 decision=True reason=zkp_ok round=4 new=True satisfied=False"}
{"time":"2026-07-22 12:18:24,596","level":"INFO","node":2,"msg":"Consensus vote recorded: node 1 decision=True reason=zkp_ok round=4 new=True satisfied=False"}
{"time":"2026-07-22 12:18:30,756","level":"INFO","node":2,"msg":"Received update from node 1, round 4"}
{"time":"2026-07-22 12:18:40,348","level":"INFO","node":2,"msg":"ZKP ACCEPTED from node 1"}
{"time":"2026-07-22 12:18:40,353","level":"INFO","node":2,"msg":"Per-class agreement with node 0: class0=0.677 class1=0.559 gap=0.118"}
{"time":"2026-07-22 12:18:40,353","level":"INFO","node":2,"msg":"Per-class rolling gap for node 0: mean=0.118 over last 1 round(s)"}
{"time":"2026-07-22 12:18:40,354","level":"INFO","node":2,"msg":"Trust score for node 0: S=0.551 (Z=1.00 A=0.64 P=0.52 R=1.00) advisory only"}
{"time":"2026-07-22 12:18:40,366","level":"INFO","node":2,"msg":"Sent consensus vote to node 0"}
{"time":"2026-07-22 12:18:40,377","level":"INFO","node":2,"msg":"Sent consensus vote to node 1"}
{"time":"2026-07-22 12:18:40,408","level":"INFO","node":2,"msg":"Sent consensus vote to node 3"}
{"time":"2026-07-22 12:18:40,435","level":"WARNING","node":2,"msg":"[ATTACK SIMULATION] stale_update active on node 2 — resent previous round's update unchanged"}
{"time":"2026-07-22 12:18:46,389","level":"INFO","node":2,"msg":"Forwarded to http://127.0.0.1:8003"}
{"time":"2026-07-22 12:18:56,143","level":"INFO","node":2,"msg":"Prediction agreement with node 3 round=4: A=0.967"}
{"time":"2026-07-22 12:18:56,143","level":"INFO","node":2,"msg":"Consensus vote recorded: node 3 decision=True reason=zkp_ok round=4 new=True satisfied=True"}
{"time":"2026-07-22 12:19:02,304","level":"INFO","node":2,"msg":"Synced weights from master for round 4"}
{"time":"2026-07-22 12:19:02,328","level":"INFO","node":2,"msg":"Sent commit vote to node 0"}
{"time":"2026-07-22 12:19:08,765","level":"INFO","node":2,"msg":"Proposal received: round=5 origin=1 hash=e10188e43509..."}
{"time":"2026-07-22 12:19:08,779","level":"INFO","node":2,"msg":"Consensus vote recorded: node 1 decision=True reason=zkp_ok round=5 new=True satisfied=False"}
{"time":"2026-07-22 12:19:08,786","level":"INFO","node":2,"msg":"Received update from node 1, round 5"}
{"time":"2026-07-22 12:19:18,533","level":"INFO","node":2,"msg":"ZKP ACCEPTED from node 1"}
{"time":"2026-07-22 12:19:18,537","level":"INFO","node":2,"msg":"Per-class agreement with node 1: class0=0.780 class1=0.929 gap=0.150"}
{"time":"2026-07-22 12:19:18,537","level":"INFO","node":2,"msg":"Per-class rolling gap for node 1: mean=0.150 over last 1 round(s)"}
{"time":"2026-07-22 12:19:18,541","level":"INFO","node":2,"msg":"Trust score for node 1: S=0.735 (Z=1.00 A=0.83 P=0.61 R=1.00) advisory only"}
{"time":"2026-07-22 12:19:18,569","level":"INFO","node":2,"msg":"Sent consensus vote to node 0"}
{"time":"2026-07-22 12:19:18,591","level":"INFO","node":2,"msg":"Sent consensus vote to node 1"}
{"time":"2026-07-22 12:19:18,601","level":"INFO","node":2,"msg":"Sent consensus vote to node 3"}
{"time":"2026-07-22 12:19:18,627","level":"WARNING","node":2,"msg":"[ATTACK SIMULATION] stale_update active on node 2 — resent previous round's update unchanged"}
{"time":"2026-07-22 12:19:24,469","level":"INFO","node":2,"msg":"Forwarded to http://127.0.0.1:8003"}
{"time":"2026-07-22 12:19:34,317","level":"INFO","node":2,"msg":"Prediction agreement with node 3 round=5: A=0.952"}
{"time":"2026-07-22 12:19:34,318","level":"INFO","node":2,"msg":"Consensus vote recorded: node 3 decision=True reason=zkp_ok round=5 new=True satisfied=True"}
{"time":"2026-07-22 12:19:50,138","level":"INFO","node":2,"msg":"Prediction agreement with node 0 round=5: A=0.945"}
{"time":"2026-07-22 12:19:50,138","level":"INFO","node":2,"msg":"Consensus vote recorded: node 0 decision=True reason=zkp_ok round=5 new=True satisfied=True"}
{"time":"2026-07-22 12:19:56,342","level":"INFO","node":2,"msg":"Synced weights from master for round 5"}
{"time":"2026-07-22 12:19:56,369","level":"INFO","node":2,"msg":"Sent commit vote to node 1"}
{"time":"2026-07-22 12:19:56,407","level":"INFO","node":2,"msg":"My turn — starting round 7 as proposer."}
{"time":"2026-07-22 12:19:56,407","level":"INFO","node":2,"msg":"Starting round 7"}
{"time":"2026-07-22 12:19:56,441","level":"WARNING","node":2,"msg":"[ATTACK SIMULATION] stale_update active on node 2 — resent previous round's update unchanged"}
{"time":"2026-07-22 12:19:56,441","level":"WARNING","node":2,"msg":"[STALE-UPDATE CHECK] node 2 slack unchanged from last round (238939) — possible replayed/stale update, advisory only"}
{"time":"2026-07-22 12:20:02,484","level":"INFO","node":2,"msg":"Sent proposal to node 0"}
{"time":"2026-07-22 12:20:02,484","level":"INFO","node":2,"msg":"Sent proposal to node 1"}
{"time":"2026-07-22 12:20:02,502","level":"INFO","node":2,"msg":"Sent proposal to node 3"}
{"time":"2026-07-22 12:20:02,508","level":"INFO","node":2,"msg":"Sent consensus vote to node 0"}
{"time":"2026-07-22 12:20:02,516","level":"INFO","node":2,"msg":"Sent consensus vote to node 1"}
{"time":"2026-07-22 12:20:02,520","level":"INFO","node":2,"msg":"Sent consensus vote to node 3"}
{"time":"2026-07-22 12:20:02,527","level":"INFO","node":2,"msg":"Forwarded to http://127.0.0.1:8003"}
{"time":"2026-07-22 12:20:12,396","level":"INFO","node":2,"msg":"Consensus vote recorded: node 3 decision=True reason=zkp_ok round=6 new=True satisfied=False"}
{"time":"2026-07-22 12:20:28,029","level":"INFO","node":2,"msg":"Consensus vote recorded: node 0 decision=True reason=zkp_ok round=6 new=True satisfied=True"}
{"time":"2026-07-22 12:20:43,838","level":"INFO","node":2,"msg":"Consensus vote recorded: node 1 decision=True reason=zkp_ok round=6 new=True satisfied=True"}
{"time":"2026-07-22 12:20:49,989","level":"INFO","node":2,"msg":"Received update from node 1, round 6"}
{"time":"2026-07-22 12:20:49,989","level":"INFO","node":2,"msg":"Round 7 complete — aggregating"}
{"time":"2026-07-22 12:20:50,014","level":"INFO","node":2,"msg":"[BACKDOOR PROBE] Round 7 clean — worst case flip_rate=1.000 jump=0.100 (feature=0, value=-6.0)"}
{"time":"2026-07-22 12:20:50,047","level":"INFO","node":2,"msg":"Commit vote recorded: node 0 decision=True round=6 satisfied=False"}
{"time":"2026-07-22 12:20:50,049","level":"INFO","node":2,"msg":"Broadcast weights to node 0"}
{"time":"2026-07-22 12:20:50,064","level":"INFO","node":2,"msg":"Commit vote recorded: node 1 decision=True round=6 satisfied=True"}
{"time":"2026-07-22 12:20:50,064","level":"INFO","node":2,"msg":"Round 7 COMMITTED — model hash agreed by [2, 0, 1]"}
{"time":"2026-07-22 12:20:50,067","level":"INFO","node":2,"msg":"Commit certificate saved to C:\Users\mousu\OneDrive\Desktop\Set A\securefedhe\dashboard\certificates\round_6.json"}
{"time":"2026-07-22 12:20:50,071","level":"INFO","node":2,"msg":"Broadcast weights to node 1"}
{"time":"2026-07-22 12:20:50,107","level":"INFO","node":2,"msg":"Commit vote recorded: node 3 decision=True round=6 satisfied=True"}
{"time":"2026-07-22 12:20:50,110","level":"INFO","node":2,"msg":"Broadcast weights to node 3"}
{"time":"2026-07-22 12:20:50,112","level":"INFO","node":2,"msg":"Checkpoint saved to C:\Users\mousu\OneDrive\Desktop\Set A\securefedhe\dashboard\model_latest.pt"}
{"time":"2026-07-22 12:20:50,112","level":"INFO","node":2,"msg":"Round 7 complete | accuracy=0.7273 | duration=53.70s"}
{"time":"2026-07-22 12:20:50,112","level":"INFO","node":2,"msg":"Round 8 belongs to node 3 — waiting for their proposal."}
{"time":"2026-07-22 12:20:50,115","level":"INFO","node":2,"msg":"Notified next proposer to node 3"}
{"time":"2026-07-22 12:20:50,115","level":"INFO","node":2,"msg":"[WATCHDOG SPAWNED] round=7 expected_proposer=3 timeout_s=600 spawned_at=12:20:50"}
{"time":"2026-07-22 12:20:56,219","level":"INFO","node":2,"msg":"Proposal received: round=7 origin=3 hash=6969e02097c6..."}
{"time":"2026-07-22 12:20:56,230","level":"INFO","node":2,"msg":"Consensus vote recorded: node 3 decision=True reason=zkp_ok round=7 new=True satisfied=False"}
{"time":"2026-07-22 12:21:05,878","level":"INFO","node":2,"msg":"Consensus vote recorded: node 0 decision=True reason=zkp_ok round=7 new=True satisfied=False"}
{"time":"2026-07-22 12:21:21,782","level":"INFO","node":2,"msg":"Consensus vote recorded: node 1 decision=True reason=zkp_ok round=7 new=True satisfied=True"}
{"time":"2026-07-22 12:21:27,931","level":"INFO","node":2,"msg":"Received update from node 1, round 7"}
{"time":"2026-07-22 12:21:37,742","level":"INFO","node":2,"msg":"ZKP ACCEPTED from node 1"}
{"time":"2026-07-22 12:21:37,762","level":"INFO","node":2,"msg":"Per-class agreement with node 3: class0=0.951 class1=0.941 gap=0.010"}
{"time":"2026-07-22 12:21:37,762","level":"INFO","node":2,"msg":"Per-class rolling gap for node 3: mean=0.010 over last 1 round(s)"}
{"time":"2026-07-22 12:21:37,764","level":"INFO","node":2,"msg":"Trust score for node 3: S=0.837 (Z=1.00 A=0.95 P=0.59 R=1.00) advisory only"}
{"time":"2026-07-22 12:21:37,776","level":"INFO","node":2,"msg":"Sent consensus vote to node 0"}
{"time":"2026-07-22 12:21:37,797","level":"INFO","node":2,"msg":"Sent consensus vote to node 1"}
{"time":"2026-07-22 12:21:37,807","level":"INFO","node":2,"msg":"Sent consensus vote to node 3"}
{"time":"2026-07-22 12:21:37,833","level":"WARNING","node":2,"msg":"[ATTACK SIMULATION] stale_update active on node 2 — resent previous round's update unchanged"}
{"time":"2026-07-22 12:21:43,787","level":"INFO","node":2,"msg":"Forwarded to http://127.0.0.1:8003"}
{"time":"2026-07-22 12:21:43,890","level":"INFO","node":2,"msg":"Synced weights from master for round 7"}
{"time":"2026-07-22 12:21:43,896","level":"INFO","node":2,"msg":"Sent commit vote to node 3"}
{"time":"2026-07-22 12:21:50,058","level":"INFO","node":2,"msg":"Proposal received: round=8 origin=0 hash=7ea264b920c5..."}
{"time":"2026-07-22 12:21:50,075","level":"INFO","node":2,"msg":"Consensus vote recorded: node 0 decision=True reason=zkp_ok round=8 new=True satisfied=False"}
{"time":"2026-07-22 12:21:59,931","level":"INFO","node":2,"msg":"Consensus vote recorded: node 1 decision=True reason=zkp_ok round=8 new=True satisfied=False"}
{"time":"2026-07-22 12:22:06,092","level":"INFO","node":2,"msg":"Received update from node 1, round 8"}
{"time":"2026-07-22 12:22:15,721","level":"INFO","node":2,"msg":"ZKP ACCEPTED from node 1"}
{"time":"2026-07-22 12:22:15,721","level":"INFO","node":2,"msg":"fc_in col7 delta self-cosine for node 0: 0.6536 (delta_norm=0.4284)"}
{"time":"2026-07-22 12:22:15,741","level":"INFO","node":2,"msg":"Per-class agreement with node 0: class0=0.955 class1=0.924 gap=0.032"}
{"time":"2026-07-22 12:22:15,741","level":"INFO","node":2,"msg":"Per-class rolling gap for node 0: mean=0.075 over last 2 round(s)"}
{"time":"2026-07-22 12:22:15,745","level":"INFO","node":2,"msg":"Trust score for node 0: S=0.869 (Z=1.00 A=0.95 P=0.72 R=1.00) advisory only"}
{"time":"2026-07-22 12:22:15,772","level":"INFO","node":2,"msg":"Sent consensus vote to node 0"}
{"time":"2026-07-22 12:22:15,787","level":"INFO","node":2,"msg":"Sent consensus vote to node 1"}
{"time":"2026-07-22 12:22:15,803","level":"INFO","node":2,"msg":"Sent consensus vote to node 3"}
{"time":"2026-07-22 12:22:15,836","level":"WARNING","node":2,"msg":"[ATTACK SIMULATION] stale_update active on node 2 — resent previous round's update unchanged"}
{"time":"2026-07-22 12:22:21,784","level":"INFO","node":2,"msg":"Forwarded to http://127.0.0.1:8003"}
{"time":"2026-07-22 12:22:31,550","level":"INFO","node":2,"msg":"Prediction agreement with node 3 round=8: A=0.958"}
{"time":"2026-07-22 12:22:31,550","level":"INFO","node":2,"msg":"Consensus vote recorded: node 3 decision=True reason=zkp_ok round=8 new=True satisfied=True"}
{"time":"2026-07-22 12:22:37,644","level":"INFO","node":2,"msg":"Synced weights from master for round 8"}
{"time":"2026-07-22 12:22:37,656","level":"INFO","node":2,"msg":"Sent commit vote to node 0"}
{"time":"2026-07-22 12:22:44,011","level":"INFO","node":2,"msg":"Proposal received: round=9 origin=1 hash=1312f459acc5..."}
{"time":"2026-07-22 12:22:44,034","level":"INFO","node":2,"msg":"Consensus vote recorded: node 1 decision=True reason=zkp_ok round=9 new=True satisfied=False"}
{"time":"2026-07-22 12:22:44,042","level":"INFO","node":2,"msg":"Received update from node 1, round 9"}
{"time":"2026-07-22 12:22:53,784","level":"INFO","node":2,"msg":"ZKP ACCEPTED from node 1"}
{"time":"2026-07-22 12:22:53,784","level":"INFO","node":2,"msg":"fc_in col7 delta self-cosine for node 1: 0.5644 (delta_norm=0.4242)"}
{"time":"2026-07-22 12:22:53,788","level":"INFO","node":2,"msg":"Per-class agreement with node 1: class0=0.968 class1=0.937 gap=0.031"}
{"time":"2026-07-22 12:22:53,788","level":"INFO","node":2,"msg":"Per-class rolling gap for node 1: mean=0.090 over last 2 round(s)"}
{"time":"2026-07-22 12:22:53,788","level":"INFO","node":2,"msg":"Trust score for node 1: S=0.866 (Z=1.00 A=0.96 P=0.66 R=1.00) advisory only"}
{"time":"2026-07-22 12:22:53,802","level":"INFO","node":2,"msg":"Sent consensus vote to node 0"}
{"time":"2026-07-22 12:22:53,812","level":"INFO","node":2,"msg":"Sent consensus vote to node 1"}
{"time":"2026-07-22 12:22:53,842","level":"INFO","node":2,"msg":"Sent consensus vote to node 3"}
{"time":"2026-07-22 12:22:53,865","level":"WARNING","node":2,"msg":"[ATTACK SIMULATION] stale_update active on node 2 — resent previous round's update unchanged"}
{"time":"2026-07-22 12:22:59,842","level":"INFO","node":2,"msg":"Forwarded to http://127.0.0.1:8003"}
{"time":"2026-07-22 12:23:09,717","level":"INFO","node":2,"msg":"Prediction agreement with node 3 round=9: A=0.948"}
{"time":"2026-07-22 12:23:09,717","level":"INFO","node":2,"msg":"Consensus vote recorded: node 3 decision=True reason=zkp_ok round=9 new=True satisfied=True"}
{"time":"2026-07-22 12:23:25,570","level":"INFO","node":2,"msg":"Prediction agreement with node 0 round=9: A=0.945"}
{"time":"2026-07-22 12:23:25,570","level":"INFO","node":2,"msg":"Consensus vote recorded: node 0 decision=True reason=zkp_ok round=9 new=True satisfied=True"}
{"time":"2026-07-22 12:23:31,482","level":"INFO","node":2,"msg":"Synced weights from master for round 9"}
{"time":"2026-07-22 12:23:31,490","level":"INFO","node":2,"msg":"Sent commit vote to node 1"}
{"time":"2026-07-22 12:23:31,513","level":"INFO","node":2,"msg":"My turn — starting round 11 as proposer."}
{"time":"2026-07-22 12:23:31,513","level":"INFO","node":2,"msg":"Starting round 11"}
{"time":"2026-07-22 12:23:31,551","level":"WARNING","node":2,"msg":"[ATTACK SIMULATION] stale_update active on node 2 — resent previous round's update unchanged"}
{"time":"2026-07-22 12:23:31,551","level":"WARNING","node":2,"msg":"[STALE-UPDATE CHECK] node 2 slack unchanged from last round (238939) — possible replayed/stale update, advisory only"}
{"time":"2026-07-22 12:23:37,539","level":"INFO","node":2,"msg":"Sent proposal to node 0"}
{"time":"2026-07-22 12:23:37,557","level":"INFO","node":2,"msg":"Sent proposal to node 1"}
{"time":"2026-07-22 12:23:37,581","level":"INFO","node":2,"msg":"Sent proposal to node 3"}
{"time":"2026-07-22 12:23:37,588","level":"INFO","node":2,"msg":"Sent consensus vote to node 0"}
{"time":"2026-07-22 12:23:37,593","level":"INFO","node":2,"msg":"Sent consensus vote to node 1"}
{"time":"2026-07-22 12:23:37,598","level":"INFO","node":2,"msg":"Sent consensus vote to node 3"}
{"time":"2026-07-22 12:23:37,607","level":"INFO","node":2,"msg":"Forwarded to http://127.0.0.1:8003"}
{"time":"2026-07-22 12:23:47,498","level":"INFO","node":2,"msg":"Consensus vote recorded: node 3 decision=True reason=zkp_ok round=10 new=True satisfied=False"}
{"time":"2026-07-22 12:24:03,333","level":"INFO","node":2,"msg":"Consensus vote recorded: node 0 decision=True reason=zkp_ok round=10 new=True satisfied=True"}
{"time":"2026-07-22 12:24:19,165","level":"INFO","node":2,"msg":"Consensus vote recorded: node 1 decision=True reason=zkp_ok round=10 new=True satisfied=True"}
{"time":"2026-07-22 12:24:25,442","level":"INFO","node":2,"msg":"Received update from node 1, round 10"}
{"time":"2026-07-22 12:24:25,442","level":"INFO","node":2,"msg":"Round 11 complete — aggregating"}
{"time":"2026-07-22 12:24:25,470","level":"INFO","node":2,"msg":"[BACKDOOR PROBE] Round 11 clean — worst case flip_rate=1.000 jump=0.291 (feature=1, value=-4.0)"}
{"time":"2026-07-22 12:24:25,499","level":"INFO","node":2,"msg":"Commit vote recorded: node 0 decision=True round=10 satisfied=False"}
{"time":"2026-07-22 12:24:25,503","level":"INFO","node":2,"msg":"Broadcast weights to node 0"}
{"time":"2026-07-22 12:24:25,517","level":"INFO","node":2,"msg":"Commit vote recorded: node 1 decision=True round=10 satisfied=True"}
{"time":"2026-07-22 12:24:25,518","level":"INFO","node":2,"msg":"Round 11 COMMITTED — model hash agreed by [2, 0, 1]"}
{"time":"2026-07-22 12:24:25,519","level":"INFO","node":2,"msg":"Commit certificate saved to C:\Users\mousu\OneDrive\Desktop\Set A\securefedhe\dashboard\certificates\round_10.json"}
{"time":"2026-07-22 12:24:25,522","level":"INFO","node":2,"msg":"Broadcast weights to node 1"}
{"time":"2026-07-22 12:24:25,567","level":"INFO","node":2,"msg":"Commit vote recorded: node 3 decision=True round=10 satisfied=True"}
{"time":"2026-07-22 12:24:25,569","level":"INFO","node":2,"msg":"Broadcast weights to node 3"}
{"time":"2026-07-22 12:24:25,571","level":"INFO","node":2,"msg":"Checkpoint saved to C:\Users\mousu\OneDrive\Desktop\Set A\securefedhe\dashboard\model_latest.pt"}
{"time":"2026-07-22 12:24:25,571","level":"INFO","node":2,"msg":"Round 11 complete | accuracy=0.8455 | duration=54.06s"}
{"time":"2026-07-22 12:24:25,571","level":"INFO","node":2,"msg":"Round 12 belongs to node 3 — waiting for their proposal."}
{"time":"2026-07-22 12:24:25,576","level":"INFO","node":2,"msg":"Notified next proposer to node 3"}
{"time":"2026-07-22 12:24:25,577","level":"INFO","node":2,"msg":"[WATCHDOG SPAWNED] round=11 expected_proposer=3 timeout_s=600 spawned_at=12:24:25"}
{"time":"2026-07-22 12:24:31,735","level":"INFO","node":2,"msg":"Proposal received: round=11 origin=3 hash=aace6db95f50..."}
{"time":"2026-07-22 12:24:31,750","level":"INFO","node":2,"msg":"Consensus vote recorded: node 3 decision=True reason=zkp_ok round=11 new=True satisfied=False"}
{"time":"2026-07-22 12:24:41,489","level":"INFO","node":2,"msg":"Consensus vote recorded: node 0 decision=True reason=zkp_ok round=11 new=True satisfied=False"}
{"time":"2026-07-22 12:24:57,195","level":"INFO","node":2,"msg":"Consensus vote recorded: node 1 decision=True reason=zkp_ok round=11 new=True satisfied=True"}
{"time":"2026-07-22 12:25:03,453","level":"INFO","node":2,"msg":"Received update from node 1, round 11"}
{"time":"2026-07-22 12:25:13,240","level":"INFO","node":2,"msg":"ZKP ACCEPTED from node 1"}
{"time":"2026-07-22 12:25:13,240","level":"INFO","node":2,"msg":"fc_in col7 delta self-cosine for node 3: 0.7846 (delta_norm=0.2889)"}
{"time":"2026-07-22 12:25:13,255","level":"INFO","node":2,"msg":"Per-class agreement with node 3: class0=0.977 class1=0.961 gap=0.016"}
{"time":"2026-07-22 12:25:13,255","level":"INFO","node":2,"msg":"Per-class rolling gap for node 3: mean=0.013 over last 2 round(s)"}
{"time":"2026-07-22 12:25:13,258","level":"INFO","node":2,"msg":"Trust score for node 3: S=0.843 (Z=1.00 A=0.97 P=0.54 R=1.00) advisory only"}
{"time":"2026-07-22 12:25:13,286","level":"INFO","node":2,"msg":"Sent consensus vote to node 0"}
{"time":"2026-07-22 12:25:13,307","level":"INFO","node":2,"msg":"Sent consensus vote to node 1"}
{"time":"2026-07-22 12:25:13,329","level":"INFO","node":2,"msg":"Sent consensus vote to node 3"}
{"time":"2026-07-22 12:25:13,354","level":"WARNING","node":2,"msg":"[ATTACK SIMULATION] stale_update active on node 2 — resent previous round's update unchanged"}
{"time":"2026-07-22 12:25:19,327","level":"INFO","node":2,"msg":"Forwarded to http://127.0.0.1:8003"}
{"time":"2026-07-22 12:25:19,437","level":"INFO","node":2,"msg":"Synced weights from master for round 11"}
{"time":"2026-07-22 12:25:19,443","level":"INFO","node":2,"msg":"Sent commit vote to node 3"}
{"time":"2026-07-22 12:25:25,503","level":"INFO","node":2,"msg":"Proposal received: round=12 origin=0 hash=ba99fb05f4e3..."}
{"time":"2026-07-22 12:25:25,520","level":"INFO","node":2,"msg":"Consensus vote recorded: node 0 decision=True reason=zkp_ok round=12 new=True satisfied=False"}
{"time":"2026-07-22 12:25:35,202","level":"INFO","node":2,"msg":"Consensus vote recorded: node 1 decision=True reason=zkp_ok round=12 new=True satisfied=False"}
{"time":"2026-07-22 12:25:41,336","level":"INFO","node":2,"msg":"Received update from node 1, round 12"}
{"time":"2026-07-22 12:25:50,903","level":"INFO","node":2,"msg":"ZKP ACCEPTED from node 1"}
{"time":"2026-07-22 12:25:50,903","level":"INFO","node":2,"msg":"fc_in col7 delta self-cosine for node 0: 0.4483 (delta_norm=0.2509)"}
{"time":"2026-07-22 12:25:50,918","level":"INFO","node":2,"msg":"Per-class agreement with node 0: class0=0.976 class1=0.972 gap=0.004"}
{"time":"2026-07-22 12:25:50,918","level":"INFO","node":2,"msg":"Per-class rolling gap for node 0: mean=0.051 over last 3 round(s)"}
{"time":"2026-07-22 12:25:50,919","level":"INFO","node":2,"msg":"Trust score for node 0: S=0.810 (Z=1.00 A=0.97 P=0.41 R=1.00) advisory only"}
{"time":"2026-07-22 12:25:50,950","level":"INFO","node":2,"msg":"Sent consensus vote to node 0"}
{"time":"2026-07-22 12:25:50,973","level":"INFO","node":2,"msg":"Sent consensus vote to node 1"}
{"time":"2026-07-22 12:25:50,985","level":"INFO","node":2,"msg":"Sent consensus vote to node 3"}
{"time":"2026-07-22 12:25:51,007","level":"WARNING","node":2,"msg":"[ATTACK SIMULATION] stale_update active on node 2 — resent previous round's update unchanged"}
{"time":"2026-07-22 12:25:56,941","level":"INFO","node":2,"msg":"Forwarded to http://127.0.0.1:8003"}
{"time":"2026-07-22 12:26:06,765","level":"INFO","node":2,"msg":"Prediction agreement with node 3 round=12: A=0.953"}
{"time":"2026-07-22 12:26:06,765","level":"INFO","node":2,"msg":"Consensus vote recorded: node 3 decision=True reason=zkp_ok round=12 new=True satisfied=True"}
{"time":"2026-07-22 12:26:12,705","level":"INFO","node":2,"msg":"Synced weights from master for round 12"}
{"time":"2026-07-22 12:26:12,717","level":"INFO","node":2,"msg":"Sent commit vote to node 0"}
{"time":"2026-07-22 12:26:19,074","level":"INFO","node":2,"msg":"Proposal received: round=13 origin=1 hash=4b6393d0fd7e..."}
{"time":"2026-07-22 12:26:19,099","level":"INFO","node":2,"msg":"Consensus vote recorded: node 1 decision=True reason=zkp_ok round=13 new=True satisfied=False"}
{"time":"2026-07-22 12:26:19,107","level":"INFO","node":2,"msg":"Received update from node 1, round 13"}
{"time":"2026-07-22 12:26:28,879","level":"INFO","node":2,"msg":"ZKP ACCEPTED from node 1"}
{"time":"2026-07-22 12:26:28,879","level":"INFO","node":2,"msg":"fc_in col7 delta self-cosine for node 1: 0.3181 (delta_norm=0.2643)"}
{"time":"2026-07-22 12:26:28,879","level":"INFO","node":2,"msg":"Per-class agreement with node 1: class0=0.971 class1=0.956 gap=0.015"}
{"time":"2026-07-22 12:26:28,879","level":"INFO","node":2,"msg":"Per-class rolling gap for node 1: mean=0.065 over last 3 round(s)"}
{"time":"2026-07-22 12:26:28,891","level":"INFO","node":2,"msg":"Trust score for node 1: S=0.823 (Z=1.00 A=0.97 P=0.48 R=1.00) advisory only"}
{"time":"2026-07-22 12:26:28,923","level":"INFO","node":2,"msg":"Sent consensus vote to node 0"}
{"time":"2026-07-22 12:26:28,946","level":"INFO","node":2,"msg":"Sent consensus vote to node 1"}
{"time":"2026-07-22 12:26:28,957","level":"INFO","node":2,"msg":"Sent consensus vote to node 3"}
{"time":"2026-07-22 12:26:28,981","level":"WARNING","node":2,"msg":"[ATTACK SIMULATION] stale_update active on node 2 — resent previous round's update unchanged"}
{"time":"2026-07-22 12:26:34,937","level":"INFO","node":2,"msg":"Forwarded to http://127.0.0.1:8003"}
{"time":"2026-07-22 12:26:44,733","level":"INFO","node":2,"msg":"Prediction agreement with node 3 round=13: A=0.936"}
{"time":"2026-07-22 12:26:44,734","level":"INFO","node":2,"msg":"Consensus vote recorded: node 3 decision=True reason=zkp_ok round=13 new=True satisfied=True"}
{"time":"2026-07-22 12:27:00,368","level":"INFO","node":2,"msg":"Prediction agreement with node 0 round=13: A=0.936"}
{"time":"2026-07-22 12:27:00,368","level":"INFO","node":2,"msg":"Consensus vote recorded: node 0 decision=True reason=zkp_ok round=13 new=True satisfied=True"}
{"time":"2026-07-22 12:27:06,326","level":"INFO","node":2,"msg":"Synced weights from master for round 13"}
{"time":"2026-07-22 12:27:06,340","level":"INFO","node":2,"msg":"Sent commit vote to node 1"}
{"time":"2026-07-22 12:27:06,395","level":"INFO","node":2,"msg":"My turn — starting round 15 as proposer."}
{"time":"2026-07-22 12:27:06,396","level":"INFO","node":2,"msg":"Starting round 15"}
{"time":"2026-07-22 12:27:06,454","level":"WARNING","node":2,"msg":"[ATTACK SIMULATION] stale_update active on node 2 — resent previous round's update unchanged"}
{"time":"2026-07-22 12:27:06,454","level":"WARNING","node":2,"msg":"[STALE-UPDATE CHECK] node 2 slack unchanged from last round (238939) — possible replayed/stale update, advisory only"}
{"time":"2026-07-22 12:27:12,480","level":"INFO","node":2,"msg":"Sent proposal to node 0"}
{"time":"2026-07-22 12:27:12,500","level":"INFO","node":2,"msg":"Sent proposal to node 1"}
{"time":"2026-07-22 12:27:12,523","level":"INFO","node":2,"msg":"Sent proposal to node 3"}
{"time":"2026-07-22 12:27:12,526","level":"INFO","node":2,"msg":"Sent consensus vote to node 0"}
{"time":"2026-07-22 12:27:12,537","level":"INFO","node":2,"msg":"Sent consensus vote to node 1"}
{"time":"2026-07-22 12:27:12,542","level":"INFO","node":2,"msg":"Sent consensus vote to node 3"}
{"time":"2026-07-22 12:27:12,552","level":"INFO","node":2,"msg":"Forwarded to http://127.0.0.1:8003"}
{"time":"2026-07-22 12:27:22,389","level":"INFO","node":2,"msg":"Consensus vote recorded: node 3 decision=True reason=zkp_ok round=14 new=True satisfied=False"}
{"time":"2026-07-22 12:27:38,076","level":"INFO","node":2,"msg":"Consensus vote recorded: node 0 decision=True reason=zkp_ok round=14 new=True satisfied=True"}
{"time":"2026-07-22 12:27:53,875","level":"INFO","node":2,"msg":"Consensus vote recorded: node 1 decision=True reason=zkp_ok round=14 new=True satisfied=True"}
{"time":"2026-07-22 12:27:59,994","level":"INFO","node":2,"msg":"Received update from node 1, round 14"}
{"time":"2026-07-22 12:27:59,994","level":"INFO","node":2,"msg":"Round 15 complete — aggregating"}
{"time":"2026-07-22 12:28:00,032","level":"INFO","node":2,"msg":"[BACKDOOR PROBE] Round 15 clean — worst case flip_rate=1.000 jump=0.218 (feature=1, value=-4.0)"}
{"time":"2026-07-22 12:28:00,075","level":"INFO","node":2,"msg":"Commit vote recorded: node 0 decision=True round=14 satisfied=False"}
{"time":"2026-07-22 12:28:00,077","level":"INFO","node":2,"msg":"Broadcast weights to node 0"}
{"time":"2026-07-22 12:28:00,104","level":"INFO","node":2,"msg":"Commit vote recorded: node 1 decision=True round=14 satisfied=True"}
{"time":"2026-07-22 12:28:00,104","level":"INFO","node":2,"msg":"Round 15 COMMITTED — model hash agreed by [2, 0, 1]"}
{"time":"2026-07-22 12:28:00,105","level":"INFO","node":2,"msg":"Commit certificate saved to C:\Users\mousu\OneDrive\Desktop\Set A\securefedhe\dashboard\certificates\round_14.json"}
{"time":"2026-07-22 12:28:00,107","level":"INFO","node":2,"msg":"Broadcast weights to node 1"}
{"time":"2026-07-22 12:28:00,146","level":"INFO","node":2,"msg":"Commit vote recorded: node 3 decision=True round=14 satisfied=True"}
{"time":"2026-07-22 12:28:00,147","level":"INFO","node":2,"msg":"Broadcast weights to node 3"}
{"time":"2026-07-22 12:28:00,149","level":"INFO","node":2,"msg":"Checkpoint saved to C:\Users\mousu\OneDrive\Desktop\Set A\securefedhe\dashboard\model_latest.pt"}
{"time":"2026-07-22 12:28:00,149","level":"INFO","node":2,"msg":"Round 15 complete | accuracy=0.8091 | duration=53.75s"}
{"time":"2026-07-22 12:28:00,149","level":"INFO","node":2,"msg":"Round 16 belongs to node 3 — waiting for their proposal."}
{"time":"2026-07-22 12:28:00,153","level":"INFO","node":2,"msg":"Notified next proposer to node 3"}
{"time":"2026-07-22 12:28:00,153","level":"INFO","node":2,"msg":"[WATCHDOG SPAWNED] round=15 expected_proposer=3 timeout_s=600 spawned_at=12:28:00"}
{"time":"2026-07-22 12:28:06,045","level":"INFO","node":2,"msg":"Proposal received: round=15 origin=3 hash=461e4190ec79..."}
{"time":"2026-07-22 12:28:06,065","level":"INFO","node":2,"msg":"Consensus vote recorded: node 3 decision=True reason=zkp_ok round=15 new=True satisfied=False"}
{"time":"2026-07-22 12:28:15,967","level":"INFO","node":2,"msg":"Consensus vote recorded: node 0 decision=True reason=zkp_ok round=15 new=True satisfied=False"}
{"time":"2026-07-22 12:28:31,749","level":"INFO","node":2,"msg":"Consensus vote recorded: node 1 decision=True reason=zkp_ok round=15 new=True satisfied=True"}
{"time":"2026-07-22 12:28:37,970","level":"INFO","node":2,"msg":"Received update from node 1, round 15"}
{"time":"2026-07-22 12:28:47,659","level":"INFO","node":2,"msg":"ZKP ACCEPTED from node 1"}
{"time":"2026-07-22 12:28:47,659","level":"INFO","node":2,"msg":"fc_in col7 delta self-cosine for node 3: 0.2525 (delta_norm=0.1707)"}
{"time":"2026-07-22 12:28:47,659","level":"INFO","node":2,"msg":"Per-class agreement with node 3: class0=0.983 class1=0.975 gap=0.009"}
{"time":"2026-07-22 12:28:47,659","level":"INFO","node":2,"msg":"Per-class rolling gap for node 3: mean=0.012 over last 3 round(s)"}
{"time":"2026-07-22 12:28:47,668","level":"INFO","node":2,"msg":"Trust score for node 3: S=0.835 (Z=1.00 A=0.98 P=0.48 R=1.00) advisory only"}
{"time":"2026-07-22 12:28:47,680","level":"INFO","node":2,"msg":"Sent consensus vote to node 0"}
{"time":"2026-07-22 12:28:47,705","level":"INFO","node":2,"msg":"Sent consensus vote to node 1"}
{"time":"2026-07-22 12:28:47,718","level":"INFO","node":2,"msg":"Sent consensus vote to node 3"}
{"time":"2026-07-22 12:28:47,744","level":"WARNING","node":2,"msg":"[ATTACK SIMULATION] stale_update active on node 2 — resent previous round's update unchanged"}
{"time":"2026-07-22 12:28:53,683","level":"INFO","node":2,"msg":"Forwarded to http://127.0.0.1:8003"}
{"time":"2026-07-22 12:28:53,818","level":"INFO","node":2,"msg":"Synced weights from master for round 15"}
{"time":"2026-07-22 12:28:53,823","level":"INFO","node":2,"msg":"Sent commit vote to node 3"}
{"time":"2026-07-22 12:28:59,908","level":"INFO","node":2,"msg":"Proposal received: round=16 origin=0 hash=28017c4ca85a..."}
{"time":"2026-07-22 12:28:59,939","level":"INFO","node":2,"msg":"Consensus vote recorded: node 0 decision=True reason=zkp_ok round=16 new=True satisfied=False"}
{"time":"2026-07-22 12:29:09,547","level":"INFO","node":2,"msg":"Consensus vote recorded: node 1 decision=True reason=zkp_ok round=16 new=True satisfied=False"}
{"time":"2026-07-22 12:29:15,699","level":"INFO","node":2,"msg":"Received update from node 1, round 16"}
{"time":"2026-07-22 12:29:25,365","level":"INFO","node":2,"msg":"ZKP ACCEPTED from node 1"}
{"time":"2026-07-22 12:29:25,365","level":"INFO","node":2,"msg":"fc_in col7 delta self-cosine for node 0: 0.1087 (delta_norm=0.2206)"}
{"time":"2026-07-22 12:29:25,379","level":"INFO","node":2,"msg":"Per-class agreement with node 0: class0=0.980 class1=0.965 gap=0.014"}
{"time":"2026-07-22 12:29:25,379","level":"INFO","node":2,"msg":"Per-class rolling gap for node 0: mean=0.042 over last 4 round(s)"}
{"time":"2026-07-22 12:29:25,380","level":"INFO","node":2,"msg":"Trust score for node 0: S=0.841 (Z=1.00 A=0.98 P=0.52 R=1.00) advisory only"}
{"time":"2026-07-22 12:29:25,392","level":"INFO","node":2,"msg":"Sent consensus vote to node 0"}
{"time":"2026-07-22 12:29:25,419","level":"INFO","node":2,"msg":"Sent consensus vote to node 1"}
{"time":"2026-07-22 12:29:25,436","level":"INFO","node":2,"msg":"Sent consensus vote to node 3"}
{"time":"2026-07-22 12:29:25,473","level":"WARNING","node":2,"msg":"[ATTACK SIMULATION] stale_update active on node 2 — resent previous round's update unchanged"}
{"time":"2026-07-22 12:29:31,436","level":"INFO","node":2,"msg":"Forwarded to http://127.0.0.1:8003"}
{"time":"2026-07-22 12:29:41,174","level":"INFO","node":2,"msg":"Prediction agreement with node 3 round=16: A=0.946"}
{"time":"2026-07-22 12:29:41,174","level":"INFO","node":2,"msg":"Consensus vote recorded: node 3 decision=True reason=zkp_ok round=16 new=True satisfied=True"}
{"time":"2026-07-22 12:29:47,147","level":"INFO","node":2,"msg":"Synced weights from master for round 16"}
{"time":"2026-07-22 12:29:47,158","level":"INFO","node":2,"msg":"Sent commit vote to node 0"}
{"time":"2026-07-22 12:29:53,496","level":"INFO","node":2,"msg":"Proposal received: round=17 origin=1 hash=5e8a20f673ac..."}
{"time":"2026-07-22 12:29:53,512","level":"INFO","node":2,"msg":"Consensus vote recorded: node 1 decision=True reason=zkp_ok round=17 new=True satisfied=False"}
{"time":"2026-07-22 12:29:53,521","level":"INFO","node":2,"msg":"Received update from node 1, round 17"}
{"time":"2026-07-22 12:30:03,216","level":"INFO","node":2,"msg":"ZKP ACCEPTED from node 1"}
{"time":"2026-07-22 12:30:03,216","level":"INFO","node":2,"msg":"fc_in col7 delta self-cosine for node 1: -0.0439 (delta_norm=0.2041)"}
{"time":"2026-07-22 12:30:03,226","level":"INFO","node":2,"msg":"Per-class agreement with node 1: class0=0.973 class1=0.973 gap=0.000"}
{"time":"2026-07-22 12:30:03,226","level":"INFO","node":2,"msg":"Per-class rolling gap for node 1: mean=0.049 over last 4 round(s)"}
{"time":"2026-07-22 12:30:03,231","level":"INFO","node":2,"msg":"Trust score for node 1: S=0.849 (Z=1.00 A=0.97 P=0.55 R=1.00) advisory only"}
{"time":"2026-07-22 12:30:03,270","level":"INFO","node":2,"msg":"Sent consensus vote to node 0"}
{"time":"2026-07-22 12:30:03,310","level":"INFO","node":2,"msg":"Sent consensus vote to node 1"}
{"time":"2026-07-22 12:30:03,336","level":"INFO","node":2,"msg":"Sent consensus vote to node 3"}
{"time":"2026-07-22 12:30:03,382","level":"WARNING","node":2,"msg":"[ATTACK SIMULATION] stale_update active on node 2 — resent previous round's update unchanged"}
{"time":"2026-07-22 12:30:09,328","level":"INFO","node":2,"msg":"Forwarded to http://127.0.0.1:8003"}
{"time":"2026-07-22 12:30:19,152","level":"INFO","node":2,"msg":"Prediction agreement with node 3 round=17: A=0.933"}
{"time":"2026-07-22 12:30:19,152","level":"INFO","node":2,"msg":"Consensus vote recorded: node 3 decision=True reason=zkp_ok round=17 new=True satisfied=True"}
{"time":"2026-07-22 12:30:35,151","level":"INFO","node":2,"msg":"Prediction agreement with node 0 round=17: A=0.933"}
{"time":"2026-07-22 12:30:35,152","level":"INFO","node":2,"msg":"Consensus vote recorded: node 0 decision=True reason=zkp_ok round=17 new=True satisfied=True"}
{"time":"2026-07-22 12:30:41,137","level":"INFO","node":2,"msg":"Synced weights from master for round 17"}
{"time":"2026-07-22 12:30:41,163","level":"INFO","node":2,"msg":"Sent commit vote to node 1"}
{"time":"2026-07-22 12:30:41,197","level":"INFO","node":2,"msg":"My turn — starting round 19 as proposer."}
{"time":"2026-07-22 12:30:41,197","level":"INFO","node":2,"msg":"Starting round 19"}
{"time":"2026-07-22 12:30:41,234","level":"WARNING","node":2,"msg":"[ATTACK SIMULATION] stale_update active on node 2 — resent previous round's update unchanged"}
{"time":"2026-07-22 12:30:41,234","level":"WARNING","node":2,"msg":"[STALE-UPDATE CHECK] node 2 slack unchanged from last round (238939) — possible replayed/stale update, advisory only"}
{"time":"2026-07-22 12:30:47,451","level":"INFO","node":2,"msg":"Sent proposal to node 0"}
{"time":"2026-07-22 12:30:47,469","level":"INFO","node":2,"msg":"Sent proposal to node 1"}
{"time":"2026-07-22 12:30:47,488","level":"INFO","node":2,"msg":"Sent proposal to node 3"}
{"time":"2026-07-22 12:30:47,500","level":"INFO","node":2,"msg":"Sent consensus vote to node 0"}
{"time":"2026-07-22 12:30:47,507","level":"INFO","node":2,"msg":"Sent consensus vote to node 1"}
{"time":"2026-07-22 12:30:47,515","level":"INFO","node":2,"msg":"Sent consensus vote to node 3"}
{"time":"2026-07-22 12:30:47,529","level":"INFO","node":2,"msg":"Forwarded to http://127.0.0.1:8003"}
{"time":"2026-07-22 12:30:57,396","level":"INFO","node":2,"msg":"Consensus vote recorded: node 3 decision=True reason=zkp_ok round=18 new=True satisfied=False"}
{"time":"2026-07-22 12:31:13,230","level":"INFO","node":2,"msg":"Consensus vote recorded: node 0 decision=True reason=zkp_ok round=18 new=True satisfied=True"}
{"time":"2026-07-22 12:31:29,071","level":"INFO","node":2,"msg":"Consensus vote recorded: node 1 decision=True reason=zkp_ok round=18 new=True satisfied=True"}
{"time":"2026-07-22 12:31:35,269","level":"INFO","node":2,"msg":"Received update from node 1, round 18"}
{"time":"2026-07-22 12:31:35,269","level":"INFO","node":2,"msg":"Round 19 complete — aggregating"}
{"time":"2026-07-22 12:31:35,295","level":"WARNING","node":2,"msg":"[BACKDOOR PROBE] Round 19 SUSPICIOUS: feature=1 value=-4.0 forces class=0 flip_rate=1.000 jump=0.300 (thresholds: flip>0.7, jump>0.3)"}
{"time":"2026-07-22 12:31:35,325","level":"INFO","node":2,"msg":"Commit vote recorded: node 0 decision=True round=18 satisfied=False"}
{"time":"2026-07-22 12:31:35,329","level":"INFO","node":2,"msg":"Broadcast weights to node 0"}
{"time":"2026-07-22 12:31:35,341","level":"INFO","node":2,"msg":"Commit vote recorded: node 1 decision=True round=18 satisfied=True"}
{"time":"2026-07-22 12:31:35,341","level":"INFO","node":2,"msg":"Round 19 COMMITTED — model hash agreed by [2, 0, 1]"}
{"time":"2026-07-22 12:31:35,346","level":"INFO","node":2,"msg":"Commit certificate saved to C:\Users\mousu\OneDrive\Desktop\Set A\securefedhe\dashboard\certificates\round_18.json"}
{"time":"2026-07-22 12:31:35,349","level":"INFO","node":2,"msg":"Broadcast weights to node 1"}
{"time":"2026-07-22 12:31:35,372","level":"INFO","node":2,"msg":"Commit vote recorded: node 3 decision=True round=18 satisfied=True"}
{"time":"2026-07-22 12:31:35,374","level":"INFO","node":2,"msg":"Broadcast weights to node 3"}
{"time":"2026-07-22 12:31:35,376","level":"INFO","node":2,"msg":"Checkpoint saved to C:\Users\mousu\OneDrive\Desktop\Set A\securefedhe\dashboard\model_latest.pt"}
{"time":"2026-07-22 12:31:35,376","level":"INFO","node":2,"msg":"Round 19 complete | accuracy=0.8364 | duration=54.18s"}
{"time":"2026-07-22 12:31:35,376","level":"INFO","node":2,"msg":"Round 20 belongs to node 3 — waiting for their proposal."}
{"time":"2026-07-22 12:31:35,379","level":"INFO","node":2,"msg":"Notified next proposer to node 3"}
{"time":"2026-07-22 12:31:35,380","level":"INFO","node":2,"msg":"[WATCHDOG SPAWNED] round=19 expected_proposer=3 timeout_s=600 spawned_at=12:31:35"}
{"time":"2026-07-22 12:31:41,403","level":"INFO","node":2,"msg":"Proposal received: round=19 origin=3 hash=4a78dc69d4e0..."}
{"time":"2026-07-22 12:31:41,419","level":"INFO","node":2,"msg":"Consensus vote recorded: node 3 decision=True reason=zkp_ok round=19 new=True satisfied=False"}
{"time":"2026-07-22 12:31:51,258","level":"INFO","node":2,"msg":"Consensus vote recorded: node 0 decision=True reason=zkp_ok round=19 new=True satisfied=False"}
{"time":"2026-07-22 12:32:06,955","level":"INFO","node":2,"msg":"Consensus vote recorded: node 1 decision=True reason=zkp_ok round=19 new=True satisfied=True"}
{"time":"2026-07-22 12:32:13,098","level":"INFO","node":2,"msg":"Received update from node 1, round 19"}
{"time":"2026-07-22 12:32:22,718","level":"INFO","node":2,"msg":"ZKP ACCEPTED from node 1"}
{"time":"2026-07-22 12:32:22,718","level":"INFO","node":2,"msg":"fc_in col7 delta self-cosine for node 3: 0.0965 (delta_norm=0.1437)"}
{"time":"2026-07-22 12:32:22,721","level":"INFO","node":2,"msg":"Per-class agreement with node 3: class0=0.982 class1=0.965 gap=0.018"}
{"time":"2026-07-22 12:32:22,721","level":"INFO","node":2,"msg":"Per-class rolling gap for node 3: mean=0.013 over last 4 round(s)"}
{"time":"2026-07-22 12:32:22,724","level":"INFO","node":2,"msg":"Trust score for node 3: S=0.847 (Z=1.00 A=0.98 P=0.54 R=1.00) advisory only"}
{"time":"2026-07-22 12:32:22,742","level":"INFO","node":2,"msg":"Sent consensus vote to node 0"}
{"time":"2026-07-22 12:32:22,781","level":"INFO","node":2,"msg":"Sent consensus vote to node 1"}
{"time":"2026-07-22 12:32:22,808","level":"INFO","node":2,"msg":"Sent consensus vote to node 3"}
{"time":"2026-07-22 12:32:22,859","level":"WARNING","node":2,"msg":"[ATTACK SIMULATION] stale_update active on node 2 — resent previous round's update unchanged"}
{"time":"2026-07-22 12:32:28,864","level":"INFO","node":2,"msg":"Forwarded to http://127.0.0.1:8003"}
{"time":"2026-07-22 12:32:28,977","level":"INFO","node":2,"msg":"Synced weights from master for round 19"}
{"time":"2026-07-22 12:32:28,977","level":"INFO","node":2,"msg":"Training complete after 20 rounds"}
{"time":"2026-07-22 12:32:28,987","level":"INFO","node":2,"msg":"Sent commit vote to node 3"}
{"time":"2026-07-22 13:10:33,027","level":"INFO","node":2,"msg":"Starting node 2: Rural Health Centre"}
{"time":"2026-07-22 13:10:33,027","level":"INFO","node":2,"msg":"[CONFIG DEBUG] attack_simulation loaded: enabled=True target_node=2 type=gradient_norm config_path=config_dev.json"}
{"time":"2026-07-22 13:10:33,529","level":"WARNING","node":2,"msg":"DEV MODE: running without TLS"}
{"time":"2026-07-22 13:10:33,529","level":"INFO","node":2,"msg":"Listening on 127.0.0.1:8002 | TLS=False"}
{"time":"2026-07-22 13:10:38,555","level":"INFO","node":2,"msg":"Sent public key to node 0"}
{"time":"2026-07-22 13:10:38,562","level":"INFO","node":2,"msg":"Sent consensus pubkey to node 0"}
{"time":"2026-07-22 13:10:38,569","level":"INFO","node":2,"msg":"Sent public key to node 1"}
{"time":"2026-07-22 13:10:38,579","level":"INFO","node":2,"msg":"Sent consensus pubkey to node 1"}
{"time":"2026-07-22 13:10:38,587","level":"INFO","node":2,"msg":"Sent public key to node 3"}
{"time":"2026-07-22 13:10:38,596","level":"INFO","node":2,"msg":"Sent consensus pubkey to node 3"}
{"time":"2026-07-22 13:10:38,820","level":"INFO","node":2,"msg":"Consensus pubkey received from node 1"}
{"time":"2026-07-22 13:10:38,826","level":"INFO","node":2,"msg":"Key exchange complete with node 1"}
{"time":"2026-07-22 13:10:39,876","level":"INFO","node":2,"msg":"Key exchange complete with node 3"}
{"time":"2026-07-22 13:10:39,890","level":"INFO","node":2,"msg":"Consensus pubkey received from node 3"}
{"time":"2026-07-22 13:10:51,804","level":"INFO","node":2,"msg":"Key exchange complete with node 0"}
{"time":"2026-07-22 13:10:51,853","level":"INFO","node":2,"msg":"Consensus pubkey received from node 0"}
{"time":"2026-07-22 13:11:12,819","level":"INFO","node":2,"msg":"Proposal received: round=0 origin=0 hash=7b7bfae17a05..."}
{"time":"2026-07-22 13:11:12,886","level":"INFO","node":2,"msg":"Consensus vote recorded: node 0 decision=True reason=zkp_ok round=0 new=True satisfied=False"}
{"time":"2026-07-22 13:11:42,346","level":"INFO","node":2,"msg":"Consensus vote recorded: node 1 decision=True reason=zkp_ok round=0 new=True satisfied=False"}
{"time":"2026-07-22 13:12:04,569","level":"INFO","node":2,"msg":"Received update from node 1, round 0"}
{"time":"2026-07-22 13:12:32,501","level":"INFO","node":2,"msg":"ZKP ACCEPTED from node 1"}
{"time":"2026-07-22 13:12:32,518","level":"INFO","node":2,"msg":"Trust score for node 0: S=0.429 (Z=1.00 A=0.50 P=0.50 R=1.00) advisory only"}
{"time":"2026-07-22 13:12:32,532","level":"INFO","node":2,"msg":"Sent consensus vote to node 0"}
{"time":"2026-07-22 13:12:32,532","level":"INFO","node":2,"msg":"Sent consensus vote to node 1"}
{"time":"2026-07-22 13:12:32,556","level":"INFO","node":2,"msg":"Sent consensus vote to node 3"}
{"time":"2026-07-22 13:12:35,571","level":"WARNING","node":2,"msg":"[ATTACK SIMULATION] gradient_norm active on node 2 — scaled trainable DELTA by 20.0x before DP/ZKP"}
{"time":"2026-07-22 13:12:35,581","level":"WARNING","node":2,"msg":"ZKP norm violation (clipping applied): slack=-42313, retry=0"}
{"time":"2026-07-22 13:12:54,933","level":"INFO","node":2,"msg":"Forwarded to http://127.0.0.1:8003"}
{"time":"2026-07-22 13:13:14,089","level":"INFO","node":2,"msg":"Prediction agreement with node 3 round=0: A=0.847"}
{"time":"2026-07-22 13:13:14,089","level":"INFO","node":2,"msg":"Consensus vote recorded: node 3 decision=True reason=zkp_ok round=0 new=True satisfied=True"}
{"time":"2026-07-22 13:13:39,035","level":"INFO","node":2,"msg":"Synced weights from master for round 0"}
{"time":"2026-07-22 13:13:39,050","level":"INFO","node":2,"msg":"Sent commit vote to node 0"}
{"time":"2026-07-22 13:13:59,860","level":"INFO","node":2,"msg":"Proposal received: round=1 origin=1 hash=e5a261f9c3da..."}
{"time":"2026-07-22 13:13:59,901","level":"INFO","node":2,"msg":"Consensus vote recorded: node 1 decision=True reason=zkp_ok round=1 new=True satisfied=False"}
{"time":"2026-07-22 13:13:59,919","level":"INFO","node":2,"msg":"Received update from node 1, round 1"}
{"time":"2026-07-22 13:14:27,340","level":"INFO","node":2,"msg":"ZKP ACCEPTED from node 1"}
{"time":"2026-07-22 13:14:27,351","level":"INFO","node":2,"msg":"Trust score for node 1: S=0.429 (Z=1.00 A=0.50 P=0.50 R=1.00) advisory only"}
{"time":"2026-07-22 13:14:27,358","level":"WARNING","node":2,"msg":"Sent consensus vote to node 0 FAILED (hard timeout or exception) — consecutive failure streak 1/3"}
{"time":"2026-07-22 13:14:27,360","level":"WARNING","node":2,"msg":"Sent consensus vote to node 1 FAILED (hard timeout or exception) — consecutive failure streak 1/3"}
{"time":"2026-07-22 13:14:27,362","level":"WARNING","node":2,"msg":"Sent consensus vote to node 3 FAILED (hard timeout or exception) — consecutive failure streak 1/3"}
{"time":"2026-07-22 13:14:27,472","level":"WARNING","node":2,"msg":"[ATTACK SIMULATION] gradient_norm active on node 2 — scaled trainable DELTA by 20.0x before DP/ZKP"}
{"time":"2026-07-22 13:14:45,284","level":"INFO","node":2,"msg":"Forwarded to http://127.0.0.1:8003"}
{"time":"2026-07-22 13:16:40,048","level":"INFO","node":2,"msg":"Proposal for round=1 origin=1 changed hash after 160.21s — treating as a legitimate round retry, not equivocation."}
{"time":"2026-07-22 13:16:40,051","level":"INFO","node":2,"msg":"Proposal received: round=1 origin=1 hash=7d74707f3281..."}
{"time":"2026-07-22 13:16:40,083","level":"INFO","node":2,"msg":"Consensus vote recorded: node 1 decision=True reason=zkp_ok round=1 new=True satisfied=False"}
{"time":"2026-07-22 13:16:40,101","level":"INFO","node":2,"msg":"Received update from node 1, round 1"}
{"time":"2026-07-22 13:17:08,640","level":"INFO","node":2,"msg":"ZKP ACCEPTED from node 1"}
{"time":"2026-07-22 13:17:08,651","level":"INFO","node":2,"msg":"Per-class agreement with node 1: class0=nan class1=nan gap=nan"}
{"time":"2026-07-22 13:17:08,652","level":"INFO","node":2,"msg":"Per-class rolling gap for node 1: mean=nan over last 1 round(s)"}
{"time":"2026-07-22 13:17:08,652","level":"INFO","node":2,"msg":"Trust score for node 1: S=nan (Z=1.00 A=nan P=0.50 R=1.00) advisory only"}
{"time":"2026-07-22 13:17:08,658","level":"WARNING","node":2,"msg":"Sent consensus vote to node 0 FAILED (hard timeout or exception) — consecutive failure streak 2/3"}
{"time":"2026-07-22 13:17:08,660","level":"WARNING","node":2,"msg":"Sent consensus vote to node 1 FAILED (hard timeout or exception) — consecutive failure streak 2/3"}
{"time":"2026-07-22 13:17:08,663","level":"WARNING","node":2,"msg":"Sent consensus vote to node 3 FAILED (hard timeout or exception) — consecutive failure streak 2/3"}
{"time":"2026-07-22 13:17:08,764","level":"WARNING","node":2,"msg":"[ATTACK SIMULATION] gradient_norm active on node 2 — scaled trainable DELTA by 20.0x before DP/ZKP"}
{"time":"2026-07-22 13:17:08,767","level":"WARNING","node":2,"msg":"ZKP norm violation (clipping applied): slack=-289260, retry=0"}
{"time":"2026-07-22 13:17:27,958","level":"INFO","node":2,"msg":"Forwarded to http://127.0.0.1:8003"}
{"time":"2026-07-22 13:19:26,229","level":"INFO","node":2,"msg":"Proposal for round=1 origin=1 changed hash after 166.18s — treating as a legitimate round retry, not equivocation."}
{"time":"2026-07-22 13:19:26,231","level":"INFO","node":2,"msg":"Proposal received: round=1 origin=1 hash=ced1e6f227f7..."}
{"time":"2026-07-22 13:19:26,260","level":"INFO","node":2,"msg":"Consensus vote recorded: node 1 decision=True reason=zkp_ok round=1 new=True satisfied=False"}
{"time":"2026-07-22 13:19:26,283","level":"INFO","node":2,"msg":"Received update from node 1, round 1"}
{"time":"2026-07-22 13:19:55,242","level":"INFO","node":2,"msg":"ZKP ACCEPTED from node 1"}
{"time":"2026-07-22 13:19:55,244","level":"INFO","node":2,"msg":"fc_in col7 delta self-cosine for node 1: -0.2740 (delta_norm=0.2068)"}
{"time":"2026-07-22 13:19:55,255","level":"INFO","node":2,"msg":"Per-class agreement with node 1: class0=nan class1=nan gap=nan"}
{"time":"2026-07-22 13:19:55,255","level":"INFO","node":2,"msg":"Per-class rolling gap for node 1: mean=nan over last 2 round(s)"}
{"time":"2026-07-22 13:19:55,256","level":"INFO","node":2,"msg":"Trust score for node 1: S=nan (Z=1.00 A=nan P=0.50 R=1.00) advisory only"}
{"time":"2026-07-22 13:19:55,262","level":"WARNING","node":2,"msg":"Sent consensus vote to node 0 FAILED (hard timeout or exception) — consecutive failure streak 3/3"}
{"time":"2026-07-22 13:19:55,262","level":"ERROR","node":2,"msg":"Node 0 EXCLUDED from proposing and quorum. Quorum requirement adjusted to 3 of 3 remaining trusted nodes."}
{"time":"2026-07-22 13:19:55,268","level":"INFO","node":2,"msg":"Sent exclusion notice for node 0 to node 1"}
{"time":"2026-07-22 13:19:55,275","level":"INFO","node":2,"msg":"Sent exclusion notice for node 0 to node 3"}
{"time":"2026-07-22 13:19:55,277","level":"WARNING","node":2,"msg":"Sent consensus vote to node 1 FAILED (hard timeout or exception) — consecutive failure streak 3/3"}
{"time":"2026-07-22 13:19:55,277","level":"ERROR","node":2,"msg":"Node 1 EXCLUDED from proposing and quorum. Quorum requirement adjusted to 2 of 2 remaining trusted nodes."}
{"time":"2026-07-22 13:19:55,284","level":"INFO","node":2,"msg":"Sent exclusion notice for node 1 to node 0"}
{"time":"2026-07-22 13:19:55,287","level":"INFO","node":2,"msg":"Sent exclusion notice for node 1 to node 3"}
{"time":"2026-07-22 13:19:55,288","level":"WARNING","node":2,"msg":"Sent consensus vote to node 3 FAILED (hard timeout or exception) — consecutive failure streak 3/3"}
{"time":"2026-07-22 13:19:55,289","level":"ERROR","node":2,"msg":"Node 3 EXCLUDED from proposing and quorum. Quorum requirement adjusted to 1 of 1 remaining trusted nodes."}
{"time":"2026-07-22 13:19:55,293","level":"INFO","node":2,"msg":"Sent exclusion notice for node 3 to node 0"}
{"time":"2026-07-22 13:19:55,297","level":"INFO","node":2,"msg":"Sent exclusion notice for node 3 to node 1"}
{"time":"2026-07-22 13:19:55,404","level":"WARNING","node":2,"msg":"[ATTACK SIMULATION] gradient_norm active on node 2 — scaled trainable DELTA by 20.0x before DP/ZKP"}
{"time":"2026-07-22 13:20:14,498","level":"INFO","node":2,"msg":"Forwarded to http://127.0.0.1:8003"}
{"time":"2026-07-22 13:20:44,421","level":"INFO","node":2,"msg":"Prediction agreement with node 3 round=1: A=nan"}
{"time":"2026-07-22 13:20:44,421","level":"INFO","node":2,"msg":"Consensus vote recorded: node 3 decision=True reason=zkp_ok round=1 new=True satisfied=True"}
{"time":"2026-07-22 13:21:03,589","level":"INFO","node":2,"msg":"Received update from node 3, round 1"}
{"time":"2026-07-22 13:21:32,605","level":"INFO","node":2,"msg":"ZKP ACCEPTED from node 3"}
{"time":"2026-07-22 13:21:32,605","level":"WARNING","node":2,"msg":"[STALE-UPDATE CHECK] node 2 observed node 1 resending identical slack (23413352131) as last round — REJECTING as replayed/stale update"}
{"time":"2026-07-22 13:21:32,606","level":"INFO","node":2,"msg":"fc_in col7 delta self-cosine for node 1: -0.1839 (delta_norm=0.3330)"}
{"time":"2026-07-22 13:21:32,616","level":"INFO","node":2,"msg":"Per-class agreement with node 1: class0=nan class1=nan gap=nan"}
{"time":"2026-07-22 13:21:32,618","level":"INFO","node":2,"msg":"Per-class rolling gap for node 1: mean=nan over last 3 round(s)"}
{"time":"2026-07-22 13:21:32,618","level":"INFO","node":2,"msg":"Trust score for node 1: S=nan (Z=1.00 A=nan P=0.50 R=1.00) advisory only"}
{"time":"2026-07-22 13:21:32,619","level":"WARNING","node":2,"msg":"Update round=1 from node 1 REJECTED on stale-update replay: identical slack to previous round"}
{"time":"2026-07-22 13:21:32,726","level":"WARNING","node":2,"msg":"[ATTACK SIMULATION] gradient_norm active on node 2 — scaled trainable DELTA by 20.0x before DP/ZKP"}
{"time":"2026-07-22 13:21:51,635","level":"INFO","node":2,"msg":"Forwarded to http://127.0.0.1:8003"}
{"time":"2026-07-22 13:22:20,510","level":"INFO","node":2,"msg":"Prediction agreement with node 3 round=1: A=0.687"}
{"time":"2026-07-22 13:22:20,511","level":"INFO","node":2,"msg":"Consensus vote recorded: node 3 decision=False reason=stale_update_replay round=1 new=False satisfied=True"}
{"time":"2026-07-22 13:22:39,871","level":"INFO","node":2,"msg":"Received update from node 3, round 1"}
{"time":"2026-07-22 13:23:08,775","level":"INFO","node":2,"msg":"ZKP ACCEPTED from node 3"}
{"time":"2026-07-22 13:23:08,776","level":"WARNING","node":2,"msg":"[STALE-UPDATE CHECK] node 2 observed node 1 resending identical slack (23413352131) as last round — REJECTING as replayed/stale update"}
{"time":"2026-07-22 13:23:08,777","level":"INFO","node":2,"msg":"fc_in col7 delta self-cosine for node 1: 0.0736 (delta_norm=0.1696)"}
{"time":"2026-07-22 13:23:08,788","level":"INFO","node":2,"msg":"Per-class agreement with node 1: class0=0.934 class1=0.924 gap=0.010"}
{"time":"2026-07-22 13:23:08,788","level":"INFO","node":2,"msg":"Per-class rolling gap for node 1: mean=nan over last 4 round(s)"}
{"time":"2026-07-22 13:23:08,789","level":"INFO","node":2,"msg":"Trust score for node 1: S=0.758 (Z=1.00 A=0.93 P=0.50 R=0.80) advisory only"}
{"time":"2026-07-22 13:23:08,789","level":"WARNING","node":2,"msg":"Update round=1 from node 1 REJECTED on stale-update replay: identical slack to previous round"}
{"time":"2026-07-22 13:23:08,907","level":"WARNING","node":2,"msg":"[ATTACK SIMULATION] gradient_norm active on node 2 — scaled trainable DELTA by 20.0x before DP/ZKP"}
{"time":"2026-07-22 13:23:27,668","level":"INFO","node":2,"msg":"Forwarded to http://127.0.0.1:8003"}
{"time":"2026-07-22 13:23:56,012","level":"INFO","node":2,"msg":"Prediction agreement with node 3 round=1: A=0.676"}
{"time":"2026-07-22 13:23:56,013","level":"INFO","node":2,"msg":"Consensus vote recorded: node 3 decision=False reason=stale_update_replay round=1 new=False satisfied=True"}
{"time":"2026-07-22 13:24:14,506","level":"INFO","node":2,"msg":"Received update from node 3, round 1"}
{"time":"2026-07-22 13:24:42,985","level":"INFO","node":2,"msg":"ZKP ACCEPTED from node 3"}
{"time":"2026-07-22 13:24:42,986","level":"WARNING","node":2,"msg":"[STALE-UPDATE CHECK] node 2 observed node 1 resending identical slack (23413352131) as last round — REJECTING as replayed/stale update"}
{"time":"2026-07-22 13:24:42,986","level":"INFO","node":2,"msg":"fc_in col7 delta self-cosine for node 1: -0.3186 (delta_norm=0.1112)"}
{"time":"2026-07-22 13:24:42,996","level":"INFO","node":2,"msg":"Per-class agreement with node 1: class0=0.965 class1=0.985 gap=0.020"}
{"time":"2026-07-22 13:24:42,996","level":"INFO","node":2,"msg":"Per-class rolling gap for node 1: mean=nan over last 4 round(s)"}
{"time":"2026-07-22 13:24:42,996","level":"INFO","node":2,"msg":"Trust score for node 1: S=0.749 (Z=1.00 A=0.97 P=0.50 R=0.60) advisory only"}
{"time":"2026-07-22 13:24:42,997","level":"WARNING","node":2,"msg":"Update round=1 from node 1 REJECTED on stale-update replay: identical slack to previous round"}
{"time":"2026-07-22 13:24:43,111","level":"WARNING","node":2,"msg":"[ATTACK SIMULATION] gradient_norm active on node 2 — scaled trainable DELTA by 20.0x before DP/ZKP"}
{"time":"2026-07-22 13:24:43,112","level":"WARNING","node":2,"msg":"ZKP norm violation (clipping applied): slack=-40671, retry=0"}
{"time":"2026-07-22 13:25:01,574","level":"INFO","node":2,"msg":"Forwarded to http://127.0.0.1:8003"}
{"time":"2026-07-22 13:25:30,250","level":"INFO","node":2,"msg":"Prediction agreement with node 3 round=1: A=0.672"}
{"time":"2026-07-22 13:25:30,251","level":"INFO","node":2,"msg":"Consensus vote recorded: node 3 decision=False reason=stale_update_replay round=1 new=False satisfied=True"}
{"time":"2026-07-22 13:25:49,266","level":"INFO","node":2,"msg":"Received update from node 3, round 1"}
{"time":"2026-07-22 13:26:18,003","level":"INFO","node":2,"msg":"ZKP ACCEPTED from node 3"}
{"time":"2026-07-22 13:26:18,004","level":"WARNING","node":2,"msg":"[STALE-UPDATE CHECK] node 2 observed node 1 resending identical slack (23413352131) as last round — REJECTING as replayed/stale update"}
{"time":"2026-07-22 13:26:18,005","level":"INFO","node":2,"msg":"fc_in col7 delta self-cosine for node 1: -0.0847 (delta_norm=0.0918)"}
{"time":"2026-07-22 13:26:18,015","level":"INFO","node":2,"msg":"Per-class agreement with node 1: class0=0.985 class1=0.991 gap=0.006"}
{"time":"2026-07-22 13:26:18,015","level":"INFO","node":2,"msg":"Per-class rolling gap for node 1: mean=nan over last 4 round(s)"}
{"time":"2026-07-22 13:26:18,015","level":"INFO","node":2,"msg":"Trust score for node 1: S=0.719 (Z=1.00 A=0.99 P=0.50 R=0.40) advisory only"}
{"time":"2026-07-22 13:26:18,016","level":"WARNING","node":2,"msg":"Update round=1 from node 1 REJECTED on stale-update replay: identical slack to previous round"}
{"time":"2026-07-22 13:26:18,121","level":"WARNING","node":2,"msg":"[ATTACK SIMULATION] gradient_norm active on node 2 — scaled trainable DELTA by 20.0x before DP/ZKP"}
{"time":"2026-07-22 13:26:18,122","level":"WARNING","node":2,"msg":"ZKP norm violation (clipping applied): slack=-90253, retry=0"}
{"time":"2026-07-22 13:26:36,942","level":"INFO","node":2,"msg":"Forwarded to http://127.0.0.1:8003"}
{"time":"2026-07-22 13:27:05,910","level":"INFO","node":2,"msg":"Prediction agreement with node 3 round=1: A=0.635"}
{"time":"2026-07-22 13:27:05,910","level":"INFO","node":2,"msg":"Consensus vote recorded: node 3 decision=False reason=stale_update_replay round=1 new=False satisfied=True"}
{"time":"2026-07-22 13:27:25,779","level":"INFO","node":2,"msg":"Received update from node 3, round 1"}
{"time":"2026-07-22 13:27:54,826","level":"INFO","node":2,"msg":"ZKP ACCEPTED from node 3"}
{"time":"2026-07-22 13:27:54,827","level":"WARNING","node":2,"msg":"[STALE-UPDATE CHECK] node 2 observed node 1 resending identical slack (23413352131) as last round — REJECTING as replayed/stale update"}
{"time":"2026-07-22 13:27:54,828","level":"INFO","node":2,"msg":"fc_in col7 delta self-cosine for node 1: 0.1252 (delta_norm=0.0546)"}
{"time":"2026-07-22 13:27:54,838","level":"INFO","node":2,"msg":"Per-class agreement with node 1: class0=0.992 class1=0.997 gap=0.005"}
{"time":"2026-07-22 13:27:54,838","level":"INFO","node":2,"msg":"Per-class rolling gap for node 1: mean=0.010 over last 4 round(s)"}
{"time":"2026-07-22 13:27:54,838","level":"INFO","node":2,"msg":"Trust score for node 1: S=0.682 (Z=1.00 A=0.99 P=0.50 R=0.20) advisory only"}
{"time":"2026-07-22 13:27:54,839","level":"WARNING","node":2,"msg":"Update round=1 from node 1 REJECTED on stale-update replay: identical slack to previous round"}
{"time":"2026-07-22 13:27:54,940","level":"WARNING","node":2,"msg":"[ATTACK SIMULATION] gradient_norm active on node 2 — scaled trainable DELTA by 20.0x before DP/ZKP"}
{"time":"2026-07-22 13:28:14,837","level":"INFO","node":2,"msg":"Forwarded to http://127.0.0.1:8003"}
{"time":"2026-07-22 13:28:43,865","level":"INFO","node":2,"msg":"Prediction agreement with node 3 round=1: A=0.662"}
{"time":"2026-07-22 13:28:43,866","level":"INFO","node":2,"msg":"Consensus vote recorded: node 3 decision=False reason=stale_update_replay round=1 new=False satisfied=True"}
{"time":"2026-07-22 13:29:03,449","level":"INFO","node":2,"msg":"Received update from node 3, round 1"}
{"time":"2026-07-22 13:29:33,497","level":"INFO","node":2,"msg":"ZKP ACCEPTED from node 3"}
{"time":"2026-07-22 13:29:33,497","level":"WARNING","node":2,"msg":"[STALE-UPDATE CHECK] node 2 observed node 1 resending identical slack (23413352131) as last round — REJECTING as replayed/stale update"}
{"time":"2026-07-22 13:29:33,499","level":"INFO","node":2,"msg":"fc_in col7 delta self-cosine for node 1: 0.0493 (delta_norm=0.0604)"}
{"time":"2026-07-22 13:29:33,510","level":"INFO","node":2,"msg":"Per-class agreement with node 1: class0=0.994 class1=0.998 gap=0.004"}
{"time":"2026-07-22 13:29:33,511","level":"INFO","node":2,"msg":"Per-class rolling gap for node 1: mean=0.009 over last 4 round(s)"}
{"time":"2026-07-22 13:29:33,511","level":"INFO","node":2,"msg":"Trust score for node 1: S=0.640 (Z=1.00 A=1.00 P=0.50 R=0.00) advisory only"}
{"time":"2026-07-22 13:29:33,511","level":"WARNING","node":2,"msg":"Update round=1 from node 1 REJECTED on stale-update replay: identical slack to previous round"}
{"time":"2026-07-22 13:29:33,621","level":"WARNING","node":2,"msg":"[ATTACK SIMULATION] gradient_norm active on node 2 — scaled trainable DELTA by 20.0x before DP/ZKP"}
{"time":"2026-07-22 13:29:52,373","level":"INFO","node":2,"msg":"Forwarded to http://127.0.0.1:8003"}
{"time":"2026-07-22 13:30:22,198","level":"INFO","node":2,"msg":"Prediction agreement with node 3 round=1: A=0.679"}
{"time":"2026-07-22 13:30:22,199","level":"INFO","node":2,"msg":"Consensus vote recorded: node 3 decision=False reason=stale_update_replay round=1 new=False satisfied=True"}
{"time":"2026-07-22 13:30:41,489","level":"INFO","node":2,"msg":"Received update from node 3, round 1"}
{"time":"2026-07-22 13:30:54,635","level":"INFO","node":2,"msg":"ZKP ACCEPTED from node 3"}
{"time":"2026-07-22 13:30:54,636","level":"WARNING","node":2,"msg":"[STALE-UPDATE CHECK] node 2 observed node 1 resending identical slack (23413352131) as last round — REJECTING as replayed/stale update"}
{"time":"2026-07-22 13:30:54,636","level":"INFO","node":2,"msg":"fc_in col7 delta self-cosine for node 1: 0.0403 (delta_norm=0.0544)"}
{"time":"2026-07-22 13:30:54,640","level":"INFO","node":2,"msg":"Per-class agreement with node 1: class0=0.994 class1=0.997 gap=0.003"}
{"time":"2026-07-22 13:30:54,640","level":"INFO","node":2,"msg":"Per-class rolling gap for node 1: mean=0.005 over last 4 round(s)"}
{"time":"2026-07-22 13:30:54,640","level":"INFO","node":2,"msg":"Trust score for node 1: S=0.640 (Z=1.00 A=0.99 P=0.50 R=0.00) advisory only"}
{"time":"2026-07-22 13:30:54,642","level":"WARNING","node":2,"msg":"Update round=1 from node 1 REJECTED on stale-update replay: identical slack to previous round"}
{"time":"2026-07-22 13:30:54,708","level":"WARNING","node":2,"msg":"[ATTACK SIMULATION] gradient_norm active on node 2 — scaled trainable DELTA by 20.0x before DP/ZKP"}
{"time":"2026-07-22 13:31:01,558","level":"INFO","node":2,"msg":"Forwarded to http://127.0.0.1:8003"}
{"time":"2026-07-22 13:31:29,397","level":"INFO","node":2,"msg":"Prediction agreement with node 3 round=1: A=0.650"}
{"time":"2026-07-22 13:31:29,397","level":"INFO","node":2,"msg":"Consensus vote recorded: node 3 decision=False reason=stale_update_replay round=1 new=False satisfied=True"}
{"time":"2026-07-22 13:31:48,446","level":"INFO","node":2,"msg":"Received update from node 3, round 1"}
{"time":"2026-07-22 13:32:17,221","level":"INFO","node":2,"msg":"ZKP ACCEPTED from node 3"}
{"time":"2026-07-22 13:32:17,222","level":"WARNING","node":2,"msg":"[STALE-UPDATE CHECK] node 2 observed node 1 resending identical slack (23413352131) as last round — REJECTING as replayed/stale update"}
{"time":"2026-07-22 13:32:17,222","level":"INFO","node":2,"msg":"fc_in col7 delta self-cosine for node 1: 0.0747 (delta_norm=0.0393)"}
{"time":"2026-07-22 13:32:17,226","level":"INFO","node":2,"msg":"Per-class agreement with node 1: class0=0.981 class1=0.996 gap=0.015"}
{"time":"2026-07-22 13:32:17,226","level":"INFO","node":2,"msg":"Per-class rolling gap for node 1: mean=0.007 over last 4 round(s)"}
{"time":"2026-07-22 13:32:17,227","level":"INFO","node":2,"msg":"Trust score for node 1: S=0.634 (Z=1.00 A=0.99 P=0.50 R=0.00) advisory only"}
{"time":"2026-07-22 13:32:17,227","level":"WARNING","node":2,"msg":"Update round=1 from node 1 REJECTED on stale-update replay: identical slack to previous round"}
{"time":"2026-07-22 13:32:17,293","level":"WARNING","node":2,"msg":"[ATTACK SIMULATION] gradient_norm active on node 2 — scaled trainable DELTA by 20.0x before DP/ZKP"}
{"time":"2026-07-22 13:32:24,500","level":"INFO","node":2,"msg":"Forwarded to http://127.0.0.1:8003"}
{"time":"2026-07-22 13:32:39,152","level":"INFO","node":2,"msg":"Prediction agreement with node 3 round=1: A=0.668"}
{"time":"2026-07-22 13:32:39,153","level":"INFO","node":2,"msg":"Consensus vote recorded: node 3 decision=False reason=stale_update_replay round=1 new=False satisfied=True"}
{"time":"2026-07-22 13:32:47,368","level":"INFO","node":2,"msg":"Received update from node 3, round 1"}
{"time":"2026-07-22 13:33:19,072","level":"INFO","node":2,"msg":"ZKP ACCEPTED from node 3"}
{"time":"2026-07-22 13:33:19,072","level":"WARNING","node":2,"msg":"[STALE-UPDATE CHECK] node 2 observed node 1 resending identical slack (23413352131) as last round — REJECTING as replayed/stale update"}
{"time":"2026-07-22 13:33:19,074","level":"INFO","node":2,"msg":"fc_in col7 delta self-cosine for node 1: -0.1208 (delta_norm=0.0420)"}
{"time":"2026-07-22 13:33:19,086","level":"INFO","node":2,"msg":"Per-class agreement with node 1: class0=0.992 class1=0.996 gap=0.003"}
{"time":"2026-07-22 13:33:19,086","level":"INFO","node":2,"msg":"Per-class rolling gap for node 1: mean=0.006 over last 4 round(s)"}
{"time":"2026-07-22 13:33:19,086","level":"INFO","node":2,"msg":"Trust score for node 1: S=0.639 (Z=1.00 A=0.99 P=0.50 R=0.00) advisory only"}
{"time":"2026-07-22 13:33:19,086","level":"WARNING","node":2,"msg":"Update round=1 from node 1 REJECTED on stale-update replay: identical slack to previous round"}
{"time":"2026-07-22 13:33:19,240","level":"WARNING","node":2,"msg":"[ATTACK SIMULATION] gradient_norm active on node 2 — scaled trainable DELTA by 20.0x before DP/ZKP"}
{"time":"2026-07-22 13:33:28,181","level":"INFO","node":2,"msg":"Forwarded to http://127.0.0.1:8003"}
